quantity,band,aqvar,node,roi,r,ci_lo,ci_hi,p,n,q4,level
auc_degree,theta,total,1,7Networks_LH_Vis_1,-0.0152980047015723,-0.329231306156736,0.301680622842462,0.926354020088414,41,0.962621354468766,node
auc_degree,theta,social,1,7Networks_LH_Vis_1,0.158866777741071,-0.164922594348078,0.451745045560515,0.33404573506109,41,0.799798909022216,node
auc_degree,theta,switching,1,7Networks_LH_Vis_1,0.0335366474498944,-0.285001571511942,0.345404186668064,0.839385887391895,41,0.940850115538168,node
auc_degree,theta,detail,1,7Networks_LH_Vis_1,-0.127469891946953,-0.425864252549654,0.195932910152034,0.439337806181007,41,0.800222432686834,node
auc_degree,theta,communication,1,7Networks_LH_Vis_1,-0.0269475247564529,-0.339582662660409,0.291049594944697,0.870643341650228,41,0.944740647322588,node
auc_degree,theta,imagination,1,7Networks_LH_Vis_1,-0.158619338252099,-0.451542987622147,0.165169515797929,0.334808871995834,41,0.799798909022216,node
auc_degree,theta,total,2,7Networks_LH_Vis_2,-0.00288211114897917,-0.318115282604103,0.312924909823678,0.986106983857306,41,0.993233999560351,node
auc_degree,theta,social,2,7Networks_LH_Vis_2,-0.121711951852742,-0.421064335840472,0.201550623515836,0.460446536380044,41,0.808702445059974,node
auc_degree,theta,switching,2,7Networks_LH_Vis_2,0.0945398435318594,-0.227777076123432,0.398184672486209,0.566998954290145,41,0.87854921226196,node
auc_degree,theta,detail,2,7Networks_LH_Vis_2,0.0941822539535874,-0.228119130884076,0.39788103226568,0.568473019698915,41,0.87854921226196,node
auc_degree,theta,communication,2,7Networks_LH_Vis_2,-0.0287380186219861,-0.341166946867796,0.289408647661416,0.862128361490902,41,0.944740647322588,node
auc_degree,theta,imagination,2,7Networks_LH_Vis_2,-0.0455678400598557,-0.355972242402486,0.273892554776558,0.782966335320451,41,0.940850115538168,node
auc_degree,theta,total,3,7Networks_LH_Vis_3,-0.0613789633356328,-0.369740854982813,0.259162549152684,0.710495578497367,41,0.925926119481022,node
auc_degree,theta,social,3,7Networks_LH_Vis_3,0.0340226692028987,-0.284554455215501,0.345832640999248,0.837089288247924,41,0.940850115538168,node
auc_degree,theta,switching,3,7Networks_LH_Vis_3,0.0416304866582517,-0.277537522989459,0.352522436078377,0.80132500698247,41,0.940850115538168,node
auc_degree,theta,detail,3,7Networks_LH_Vis_3,-0.0272626737679579,-0.33986164492835,0.290760903593586,0.869143529165081,41,0.944740647322588,node
auc_degree,theta,communication,3,7Networks_LH_Vis_3,-0.0678790413375382,-0.375362228858822,0.253063364511092,0.681375626816758,41,0.925926119481022,node
auc_degree,theta,imagination,3,7Networks_LH_Vis_3,-0.22823904418803,-0.507233323952323,0.0940568749559311,0.162262441544724,41,0.679213549561107,node
auc_degree,theta,total,4,7Networks_LH_Vis_4,-0.155407015036729,-0.448917089704427,0.168371433924632,0.344813687380618,41,0.799798909022216,node
auc_degree,theta,social,4,7Networks_LH_Vis_4,-0.285770857669614,-0.551560674714059,0.0327000697386714,0.0778063270741472,41,0.566874668683072,node
auc_degree,theta,switching,4,7Networks_LH_Vis_4,-0.013641764464011,-0.327753476935604,0.303185688751787,0.934308961690273,41,0.962621354468766,node
auc_degree,theta,detail,4,7Networks_LH_Vis_4,0.236308795878573,-0.0855957414334743,0.513541241366105,0.147522606760173,41,0.679213549561107,node
auc_degree,theta,communication,4,7Networks_LH_Vis_4,-0.234709442155031,-0.512293444000188,0.0872763609305268,0.150362961757432,41,0.679213549561107,node
auc_degree,theta,imagination,4,7Networks_LH_Vis_4,-0.131603513731113,-0.429299784124665,0.191886824868971,0.424518700856706,41,0.799798909022216,node
auc_degree,theta,total,5,7Networks_LH_Vis_5,-0.380234813570982,-0.621227033510856,-0.073534482007056,0.0169511442377074,41,0.464780129953596,node
auc_degree,theta,social,5,7Networks_LH_Vis_5,-0.349225691106621,-0.598770495884459,-0.0378768275275662,0.0293256365797907,41,0.464780129953596,node
auc_degree,theta,switching,5,7Networks_LH_Vis_5,-0.21364853548115,-0.495751904339523,0.109237735982491,0.191564873478627,41,0.720778208058139,node
auc_degree,theta,detail,5,7Networks_LH_Vis_5,0.133608390803632,-0.189920436325809,0.430962978757446,0.417433357532661,41,0.799798909022216,node
auc_degree,theta,communication,5,7Networks_LH_Vis_5,-0.226031571010026,-0.505502576058635,0.0963633285714033,0.166473909206154,41,0.679213549561107,node
auc_degree,theta,imagination,5,7Networks_LH_Vis_5,-0.45248762420024,-0.672060061056272,-0.159776453288227,0.00382549102612534,41,0.195100042332392,node
auc_degree,theta,total,6,7Networks_LH_Vis_6,-0.0837300477143122,-0.388976252969218,0.238082234058442,0.612314248305571,41,0.897268870046276,node
auc_degree,theta,social,6,7Networks_LH_Vis_6,-0.129712176522455,-0.427728926245729,0.193739475442204,0.431264117610018,41,0.799798909022216,node
auc_degree,theta,switching,6,7Networks_LH_Vis_6,0.0397252465018579,-0.279297988600123,0.350850075112417,0.810247127860531,41,0.940850115538168,node
auc_degree,theta,detail,6,7Networks_LH_Vis_6,0.123577936770418,-0.199732408431376,0.422621691064957,0.453546910929997,41,0.808702445059974,node
auc_degree,theta,communication,6,7Networks_LH_Vis_6,-0.0679587306390895,-0.375431005399654,0.252988431421909,0.681021330658243,41,0.925926119481022,node
auc_degree,theta,imagination,6,7Networks_LH_Vis_6,-0.251406273934235,-0.525262626787757,0.0696403565460197,0.122620984444472,41,0.679213549561107,node
auc_degree,theta,total,7,7Networks_LH_Vis_7,-0.00140355732178137,-0.316785723743845,0.314258069275803,0.993233999560351,41,0.993233999560351,node
auc_degree,theta,social,7,7Networks_LH_Vis_7,0.0192108303229265,-0.298118656723265,0.332716542380314,0.907590050009564,41,0.962621354468766,node
auc_degree,theta,switching,7,7Networks_LH_Vis_7,0.0599090916734587,-0.260538231104644,0.368466548601398,0.717138857245105,41,0.925926119481022,node
auc_degree,theta,detail,7,7Networks_LH_Vis_7,0.0343717840667384,-0.284233201019259,0.34614032431284,0.835440435316364,41,0.940850115538168,node
auc_degree,theta,communication,7,7Networks_LH_Vis_7,-0.0523292257757309,-0.361876718879631,0.267611780807182,0.751713865648913,41,0.940850115538168,node
auc_degree,theta,imagination,7,7Networks_LH_Vis_7,-0.108779196115399,-0.410221901695875,0.21409136362954,0.50977756582741,41,0.838666317974126,node
auc_degree,theta,total,8,7Networks_LH_Vis_8,-0.241318140012382,-0.517441901185925,0.0803199835285681,0.138880845770284,41,0.679213549561107,node
auc_degree,theta,social,8,7Networks_LH_Vis_8,-0.204495516771078,-0.488498612311514,0.118684832286186,0.211748947105535,41,0.720778208058139,node
auc_degree,theta,switching,8,7Networks_LH_Vis_8,-0.186973557730036,-0.474503014108063,0.136607999446894,0.254392308726402,41,0.720778208058139,node
auc_degree,theta,detail,8,7Networks_LH_Vis_8,0.140230260414388,-0.18340719307242,0.436441993133828,0.394511741021848,41,0.799798909022216,node
auc_degree,theta,communication,8,7Networks_LH_Vis_8,-0.196132089301941,-0.481836535489027,0.127266113035274,0.231439624959594,41,0.720778208058139,node
auc_degree,theta,imagination,8,7Networks_LH_Vis_8,-0.250557395081516,-0.524606319780781,0.0705418519603659,0.123931559383298,41,0.679213549561107,node
auc_degree,theta,total,9,7Networks_LH_Vis_9,-0.170859765082873,-0.461502574680468,0.15290586022359,0.298351646172593,41,0.793221453428515,node
auc_degree,theta,social,9,7Networks_LH_Vis_9,-0.230934080484143,-0.509343294432228,0.0912362984083994,0.157225959457757,41,0.679213549561107,node
auc_degree,theta,switching,9,7Networks_LH_Vis_9,-0.0418321633987568,-0.352699345542454,0.277351045631963,0.800381998899048,41,0.940850115538168,node
auc_degree,theta,detail,9,7Networks_LH_Vis_9,0.188830966450567,-0.134718046224436,0.475993532655758,0.249618967447475,41,0.720778208058139,node
auc_degree,theta,communication,9,7Networks_LH_Vis_9,-0.173730541191313,-0.463827861703126,0.15001512728593,0.290184423084771,41,0.793221453428515,node
auc_degree,theta,imagination,9,7Networks_LH_Vis_9,-0.251067477998244,-0.525000727240415,0.0700002151598583,0.123142797385706,41,0.679213549561107,node
auc_degree,theta,total,10,7Networks_LH_SomMot_1,0.0541941491855229,-0.265874622427573,0.363500931722843,0.743159751386774,41,0.97006452300739,node
auc_degree,theta,social,10,7Networks_LH_SomMot_1,0.190763792486237,-0.132748851658057,0.477542821903679,0.244715914303801,41,0.97006452300739,node
auc_degree,theta,switching,10,7Networks_LH_SomMot_1,0.0798057733614115,-0.2418054687406,0.385618166075173,0.629136084108325,41,0.97006452300739,node
auc_degree,theta,detail,10,7Networks_LH_SomMot_1,-0.129771968372213,-0.427778614181425,0.193680941905246,0.431049963490474,41,0.97006452300739,node
auc_degree,theta,communication,10,7Networks_LH_SomMot_1,0.0636387624984387,-0.257045018523569,0.371697729507928,0.700323277882439,41,0.97006452300739,node
auc_degree,theta,imagination,10,7Networks_LH_SomMot_1,-0.127877958635506,-0.426203787734944,0.195533974236364,0.437862338075383,41,0.97006452300739,node
auc_degree,theta,total,11,7Networks_LH_SomMot_2,0.280684461147774,-0.0382231206417492,0.54770126101696,0.083482258678015,41,0.97006452300739,node
auc_degree,theta,social,11,7Networks_LH_SomMot_2,0.323508926329125,0.00889435551806228,0.57984417614348,0.0445407096760008,41,0.97006452300739,node
auc_degree,theta,switching,11,7Networks_LH_SomMot_2,0.341964486439003,0.0296401248604981,0.593454681193154,0.0331062636326912,41,0.97006452300739,node
auc_degree,theta,detail,11,7Networks_LH_SomMot_2,-0.208039613848645,-0.491311789384517,0.115033795256177,0.203765738891205,41,0.97006452300739,node
auc_degree,theta,communication,11,7Networks_LH_SomMot_2,0.176692605524144,-0.147026658160259,0.466222908509673,0.281910196316582,41,0.97006452300739,node
auc_degree,theta,imagination,11,7Networks_LH_SomMot_2,0.0921261472229001,-0.230084371165586,0.396133837232622,0.57698265367774,41,0.97006452300739,node
auc_degree,theta,total,12,7Networks_LH_SomMot_3,0.0181254711867689,-0.299107579222058,0.331750647692871,0.912790374850036,41,0.97006452300739,node
auc_degree,theta,social,12,7Networks_LH_SomMot_3,0.285139216849536,-0.0333869946811731,0.551082021587438,0.0784943303320216,41,0.97006452300739,node
auc_degree,theta,switching,12,7Networks_LH_SomMot_3,-0.0492737992742455,-0.359211596316743,0.270453393172338,0.76579162366317,41,0.97006452300739,node
auc_degree,theta,detail,12,7Networks_LH_SomMot_3,-0.270101188512629,-0.53963438839918,0.049652830375481,0.0963180724734191,41,0.97006452300739,node
auc_degree,theta,communication,12,7Networks_LH_SomMot_3,0.111011277750365,-0.211934513500621,0.412099316225157,0.501078562471341,41,0.97006452300739,node
auc_degree,theta,imagination,12,7Networks_LH_SomMot_3,-0.0923197105800945,-0.396298413347796,0.22989947402803,0.576179102190993,41,0.97006452300739,node
auc_degree,theta,total,13,7Networks_LH_SomMot_4,-0.126958089358653,-0.425438284232937,0.196433109523795,0.441192220710756,41,0.97006452300739,node
auc_degree,theta,social,13,7Networks_LH_SomMot_4,-0.183186028769003,-0.471458510384691,0.140454606155171,0.264313442829185,41,0.97006452300739,node
auc_degree,theta,switching,13,7Networks_LH_SomMot_4,0.103371034904252,-0.219304222109433,0.405662452097484,0.531164259090383,41,0.97006452300739,node
auc_degree,theta,detail,13,7Networks_LH_SomMot_4,-0.277165509793094,-0.545024513609804,0.0420327960692597,0.087593584358605,41,0.97006452300739,node
auc_degree,theta,communication,13,7Networks_LH_SomMot_4,-0.121985642261402,-0.421292868980618,0.201284079019024,0.459431036473561,41,0.97006452300739,node
auc_degree,theta,imagination,13,7Networks_LH_SomMot_4,0.217120526253215,-0.105638868727226,0.4984930194044,0.18427575089577,41,0.97006452300739,node
auc_degree,theta,total,14,7Networks_LH_SomMot_5,-0.0368002535571732,-0.348278738614181,0.281996550998305,0.823990441265263,41,0.97006452300739,node
auc_degree,theta,social,14,7Networks_LH_SomMot_5,0.0465822014281093,-0.272952030181489,0.356859630908085,0.778254963514478,41,0.97006452300739,node
auc_degree,theta,switching,14,7Networks_LH_SomMot_5,0.0840078816963204,-0.237818274433773,0.389213694467301,0.611130542502921,41,0.97006452300739,node
auc_degree,theta,detail,14,7Networks_LH_SomMot_5,-0.166554875086043,-0.458008175735074,0.157230317847617,0.310871914120122,41,0.97006452300739,node
auc_degree,theta,communication,14,7Networks_LH_SomMot_5,-0.0860659242314184,-0.390971269492763,0.235861524266122,0.602392771084167,41,0.97006452300739,node
auc_degree,theta,imagination,14,7Networks_LH_SomMot_5,0.003087690832183,-0.312739447332614,0.318300047732603,0.98511610785818,41,0.992345873042593,node
auc_degree,theta,total,15,7Networks_LH_SomMot_6,0.104030631878536,-0.218669429792806,0.40621934412824,0.528532708712174,41,0.97006452300739,node
auc_degree,theta,social,15,7Networks_LH_SomMot_6,0.139874539607644,-0.183757802272029,0.436148222791556,0.395724180679769,41,0.97006452300739,node
auc_degree,theta,switching,15,7Networks_LH_SomMot_6,0.279979142847284,-0.0389874535721513,0.547165186850565,0.0842940649716934,41,0.97006452300739,node
auc_degree,theta,detail,15,7Networks_LH_SomMot_6,-0.192483651145728,-0.478919905713902,0.130994481697059,0.24040794716319,41,0.97006452300739,node
auc_degree,theta,communication,15,7Networks_LH_SomMot_6,0.00158779777896122,-0.314092014077898,0.316951465778417,0.992345873042593,41,0.992345873042593,node
auc_degree,theta,imagination,15,7Networks_LH_SomMot_6,0.0180983872118346,-0.299132248012412,0.331726536413231,0.91292019009064,41,0.97006452300739,node
auc_degree,theta,total,16,7Networks_LH_DorsAttn_Post_1,-0.134686346835526,-0.431856389076213,0.188862100256758,0.413651602925164,41,0.886763726129063,node
auc_degree,theta,social,16,7Networks_LH_DorsAttn_Post_1,-0.116914694944836,-0.417052416265574,0.206214865072164,0.478440272057054,41,0.886961313902346,node
auc_degree,theta,switching,16,7Networks_LH_DorsAttn_Post_1,-0.0174230683092963,-0.331125206960199,0.299747208998043,0.91615774901593,41,0.970049381310985,node
auc_degree,theta,detail,16,7Networks_LH_DorsAttn_Post_1,0.0478902200328375,-0.271738321733996,0.358003092043994,0.772191190843278,41,0.94306271136212,node
auc_degree,theta,communication,16,7Networks_LH_DorsAttn_Post_1,-0.145505656290009,-0.440791252921911,0.178197920256684,0.376785258350781,41,0.886763726129063,node
auc_degree,theta,imagination,16,7Networks_LH_DorsAttn_Post_1,-0.17551276300302,-0.465269427388975,0.148217726794931,0.285187387008409,41,0.886763726129063,node
auc_degree,theta,total,17,7Networks_LH_DorsAttn_Post_2,0.0239558396146246,-0.293787238379368,0.336931563097923,0.884902447977171,41,0.959532774915004,node
auc_degree,theta,social,17,7Networks_LH_DorsAttn_Post_2,-0.0633981751811245,-0.371489522896857,0.257270605921598,0.701403850564081,41,0.94306271136212,node
auc_degree,theta,switching,17,7Networks_LH_DorsAttn_Post_2,0.139873641761567,-0.18375868711214,0.436147481229723,0.395727243628391,41,0.886763726129063,node
auc_degree,theta,detail,17,7Networks_LH_DorsAttn_Post_2,0.0546407177029716,-0.265458339406578,0.363889581618897,0.741115871125072,41,0.94306271136212,node
auc_degree,theta,communication,17,7Networks_LH_DorsAttn_Post_2,-0.00473675893535473,-0.319781284797192,0.311250878452643,0.977168665197993,41,0.977168665197993,node
auc_degree,theta,imagination,17,7Networks_LH_DorsAttn_Post_2,-0.0825984847736029,-0.388008781516976,0.239156798615642,0.617145252568519,41,0.94306271136212,node
auc_degree,theta,total,18,7Networks_LH_DorsAttn_Post_3,-0.138512478792057,-0.435022787183717,0.1850995297796,0.40038654332984,41,0.886763726129063,node
auc_degree,theta,social,18,7Networks_LH_DorsAttn_Post_3,-0.139696492936836,-0.436001160074112,0.183933259544935,0.396331844932204,41,0.886763726129063,node
auc_degree,theta,switching,18,7Networks_LH_DorsAttn_Post_3,-0.156765721580815,-0.450028376697272,0.167017961682409,0.340559885519047,41,0.886763726129063,node
auc_degree,theta,detail,18,7Networks_LH_DorsAttn_Post_3,0.305810608818129,-0.0107490217179989,0.566656330817625,0.0583194508020359,41,0.886763726129063,node
auc_degree,theta,communication,18,7Networks_LH_DorsAttn_Post_3,-0.160971375831205,-0.453462436828717,0.162820760450086,0.327598405228398,41,0.886763726129063,node
auc_degree,theta,imagination,18,7Networks_LH_DorsAttn_Post_3,-0.291255738167389,-0.555709733596064,0.0267224504607197,0.0720281595143662,41,0.886763726129063,node
auc_degree,theta,total,19,7Networks_LH_DorsAttn_Post_4,-0.0485318146370434,-0.358563629947154,0.271142615176305,0.769221701949419,41,0.94306271136212,node
auc_degree,theta,social,19,7Networks_LH_DorsAttn_Post_4,-0.0413527646571125,-0.352278783854284,0.277794275094634,0.80262404463868,41,0.94306271136212,node
auc_degree,theta,switching,19,7Networks_LH_DorsAttn_Post_4,0.00505684282054359,-0.310961767640846,0.320068614354115,0.975626295942757,41,0.977168665197993,node
auc_degree,theta,detail,19,7Networks_LH_DorsAttn_Post_4,0.0350672892498952,-0.283592986437254,0.346753089910384,0.832157670032368,41,0.94306271136212,node
auc_degree,theta,communication,19,7Networks_LH_DorsAttn_Post_4,-0.0357501505733371,-0.347354457071407,0.282964134075625,0.82893731161112,41,0.94306271136212,node
auc_degree,theta,imagination,19,7Networks_LH_DorsAttn_Post_4,-0.12817699943095,-0.426452553689174,0.19524155670975,0.436782818204424,41,0.886763726129063,node
auc_degree,theta,total,20,7Networks_LH_DorsAttn_Post_5,0.285571192613424,-0.0329172429295605,0.551409388807536,0.0780232977925753,41,0.886763726129063,node
auc_degree,theta,social,20,7Networks_LH_DorsAttn_Post_5,0.140660999068243,-0.182982533768139,0.436797632089506,0.39304649827405,41,0.886763726129063,node
auc_degree,theta,switching,20,7Networks_LH_DorsAttn_Post_5,0.223773552166931,-0.0987190176091836,0.503729868434149,0.170862744440088,41,0.886763726129063,node
auc_degree,theta,detail,20,7Networks_LH_DorsAttn_Post_5,0.206156601935309,-0.116974712783068,0.489817857629246,0.207980728017555,41,0.886763726129063,node
auc_degree,theta,communication,20,7Networks_LH_DorsAttn_Post_5,0.123105229310646,-0.200193225093381,0.422227335303415,0.455289473925282,41,0.886961313902346,node
auc_degree,theta,imagination,20,7Networks_LH_DorsAttn_Post_5,0.0725922406946265,-0.24862483866916,0.379424182504396,0.660539060077732,41,0.94306271136212,node
auc_degree,theta,total,21,7Networks_LH_DorsAttn_Post_6,0.130509092453926,-0.192959141279479,0.428391027560356,0.428414698069222,41,0.886763726129063,node
auc_degree,theta,social,21,7Networks_LH_DorsAttn_Post_6,0.078621147789275,-0.242927548374162,0.384602861696553,0.634251109250002,41,0.94306271136212,node
auc_degree,theta,switching,21,7Networks_LH_DorsAttn_Post_6,0.206101737263542,-0.117031227647544,0.489774304462556,0.208104440576705,41,0.886763726129063,node
auc_degree,theta,detail,21,7Networks_LH_DorsAttn_Post_6,0.129826501795513,-0.193627554123754,0.427823930714438,0.430854694843366,41,0.886763726129063,node
auc_degree,theta,communication,21,7Networks_LH_DorsAttn_Post_6,-0.0705882778745855,-0.377698561161616,0.250513665483088,0.669368683748083,41,0.94306271136212,node
auc_degree,theta,imagination,21,7Networks_LH_DorsAttn_Post_6,-0.0338865626602937,-0.345712668864151,0.284679680566634,0.83773229932723,41,0.94306271136212,node
auc_degree,theta,total,22,7Networks_LH_DorsAttn_PrCv_1,-0.186813289655901,-0.474374326142226,0.136770965330085,0.254807014259067,41,0.886763726129063,node
auc_degree,theta,social,22,7Networks_LH_DorsAttn_PrCv_1,-0.335634491358789,-0.588802620990338,-0.0224941730082304,0.0367200027444059,41,0.886763726129063,node
auc_degree,theta,switching,22,7Networks_LH_DorsAttn_PrCv_1,-0.033145658157483,-0.345059414174172,0.285361161997471,0.841234382698631,41,0.94306271136212,node
auc_degree,theta,detail,22,7Networks_LH_DorsAttn_PrCv_1,-0.0307462665771832,-0.342941797231378,0.287565906032348,0.852596105950016,41,0.94306271136212,node
auc_degree,theta,communication,22,7Networks_LH_DorsAttn_PrCv_1,-0.211191162400474,-0.493808420770698,0.111779802926363,0.196845271946041,41,0.886763726129063,node
auc_degree,theta,imagination,22,7Networks_LH_DorsAttn_PrCv_1,0.210611263487385,-0.112379072364863,0.493349379050173,0.198106114471573,41,0.886763726129063,node
auc_degree,theta,total,23,7Networks_LH_DorsAttn_FEF_1,0.213916351013643,-0.108960434670474,0.495963543278979,0.190995489221819,41,0.886763726129063,node
auc_degree,theta,social,23,7Networks_LH_DorsAttn_FEF_1,0.18088094968443,-0.142790867101004,0.469602264717245,0.270474935953351,41,0.886763726129063,node
auc_degree,theta,switching,23,7Networks_LH_DorsAttn_FEF_1,0.285158240533749,-0.0333663103506348,0.551096440162741,0.0784735400456603,41,0.886763726129063,node
auc_degree,theta,detail,23,7Networks_LH_DorsAttn_FEF_1,-0.251926511552372,-0.525664685288969,0.0690876134556938,0.121822941877897,41,0.886763726129063,node
auc_degree,theta,communication,23,7Networks_LH_DorsAttn_FEF_1,0.229002659086962,-0.0932582142881973,0.507831505361232,0.160823700400187,41,0.886763726129063,node
auc_degree,theta,imagination,23,7Networks_LH_DorsAttn_FEF_1,0.155480393222773,-0.16829836959499,0.448977128973276,0.344583130424814,41,0.886763726129063,node
auc_degree,theta,total,24,7Networks_LH_SalVentAttn_ParOper_1,0.0263335091042036,-0.291611895946289,0.339038953876965,0.873566754778295,41,0.994339751347641,node
auc_degree,theta,social,24,7Networks_LH_SalVentAttn_ParOper_1,-0.0539016467336463,-0.363246307607081,0.266147223190429,0.744499435629988,41,0.994339751347641,node
auc_degree,theta,switching,24,7Networks_LH_SalVentAttn_ParOper_1,0.0810489266641477,-0.240627025855134,0.386682836868223,0.623786635224378,41,0.994339751347641,node
auc_degree,theta,detail,24,7Networks_LH_SalVentAttn_ParOper_1,0.177611734511616,-0.146098132741542,0.466965230068512,0.279374216840067,41,0.838122650520202,node
auc_degree,theta,communication,24,7Networks_LH_SalVentAttn_ParOper_1,-0.0415243487890516,-0.352429323736444,0.277635652111996,0.801821402214317,41,0.994339751347641,node
auc_degree,theta,imagination,24,7Networks_LH_SalVentAttn_ParOper_1,-0.129438356843762,-0.427501354919661,0.194007503198686,0.43224560212234,41,0.927454979332476,node
auc_degree,theta,total,25,7Networks_LH_SalVentAttn_FrOperIns_1,-0.0838032307736455,-0.389038800351865,0.238012710195683,0.612002359131898,41,0.994339751347641,node
auc_degree,theta,social,25,7Networks_LH_SalVentAttn_FrOperIns_1,0.0961017171941761,-0.226282122048708,0.399510127489734,0.56058123590934,41,0.990009713343449,node
auc_degree,theta,switching,25,7Networks_LH_SalVentAttn_FrOperIns_1,-0.139953803020907,-0.436213687574162,0.183679684981047,0.395453832368346,41,0.927454979332476,node
auc_degree,theta,detail,25,7Networks_LH_SalVentAttn_FrOperIns_1,-0.1290455043025,-0.427174789480132,0.194391961674301,0.433655914102525,41,0.927454979332476,node
auc_degree,theta,communication,25,7Networks_LH_SalVentAttn_FrOperIns_1,0.0115823890961488,-0.305054891381369,0.325913792086735,0.944208858986596,41,0.994339751347641,node
auc_degree,theta,imagination,25,7Networks_LH_SalVentAttn_FrOperIns_1,-0.104009262685449,-0.406201305820741,0.218689999662674,0.528617864084784,41,0.990009713343449,node
auc_degree,theta,total,26,7Networks_LH_SalVentAttn_FrOperIns_2,0.0651333494489319,-0.25564283137298,0.372990465757351,0.693623592529724,41,0.994339751347641,node
auc_degree,theta,social,26,7Networks_LH_SalVentAttn_FrOperIns_2,-0.0257605812470546,-0.338531439731789,0.292136371613234,0.876296037532648,41,0.994339751347641,node
auc_degree,theta,switching,26,7Networks_LH_SalVentAttn_FrOperIns_2,0.115722135564059,-0.207372083513873,0.41605326693352,0.482969816375877,41,0.958290358406531,node
auc_degree,theta,detail,26,7Networks_LH_SalVentAttn_FrOperIns_2,-0.113243577756317,-0.413974360859958,0.209774301307247,0.492454767514467,41,0.958290358406531,node
auc_degree,theta,communication,26,7Networks_LH_SalVentAttn_FrOperIns_2,0.0579678254325474,-0.262353108651681,0.366781787480375,0.725944131916335,41,0.994339751347641,node
auc_degree,theta,imagination,26,7Networks_LH_SalVentAttn_FrOperIns_2,0.206586384734442,-0.11653193076922,0.49015898269357,0.207013393605884,41,0.827644192816349,node
auc_degree,theta,total,27,7Networks_LH_SalVentAttn_PFCl_1,0.0735500380843003,-0.247721207045139,0.380248192855945,0.656334785140827,41,0.994339751347641,node
auc_degree,theta,social,27,7Networks_LH_SalVentAttn_PFCl_1,-0.032169397663087,-0.344198184682365,0.286258631557526,0.845853531939689,41,0.994339751347641,node
auc_degree,theta,switching,27,7Networks_LH_SalVentAttn_PFCl_1,0.00715751630178272,-0.309062914333099,0.32195288790443,0.965506327770029,41,0.994339751347641,node
auc_degree,theta,detail,27,7Networks_LH_SalVentAttn_PFCl_1,0.089974823896783,-0.232137810583378,0.394303371161709,0.585947463062155,41,0.994339751347641,node
auc_degree,theta,communication,27,7Networks_LH_SalVentAttn_PFCl_1,-0.0699212723708133,-0.37712372614552,0.251141806968424,0.672317385354698,41,0.994339751347641,node
auc_degree,theta,imagination,27,7Networks_LH_SalVentAttn_PFCl_1,0.286284305130585,-0.0321414612052391,0.551949632784009,0.0772505402012346,41,0.618004321609877,node
auc_degree,theta,total,28,7Networks_LH_SalVentAttn_Med_1,0.417628017547288,0.11760211125038,0.647790464827966,0.00816097076272452,41,0.355174916482114,node
auc_degree,theta,social,28,7Networks_LH_SalVentAttn_Med_1,0.262547062379938,-0.0577602213282508,0.533845987137283,0.106369084038612,41,0.765857405078003,node
auc_degree,theta,switching,28,7Networks_LH_SalVentAttn_Med_1,0.297440761320755,-0.0199544001613718,0.560372668680814,0.0659225073360356,41,0.593302566024321,node
auc_degree,theta,detail,28,7Networks_LH_SalVentAttn_Med_1,-0.0953281655698141,-0.398853825821866,0.227022720179005,0.563755531209464,41,0.990009713343449,node
auc_degree,theta,communication,28,7Networks_LH_SalVentAttn_Med_1,0.345326868288713,0.0334489562273632,0.595918959096937,0.0313086926153506,41,0.450845173661048,node
auc_degree,theta,imagination,28,7Networks_LH_SalVentAttn_Med_1,0.408309578901823,0.106508732278523,0.641222766660679,0.00986596990228094,41,0.355174916482114,node
auc_degree,theta,total,29,7Networks_LH_SalVentAttn_Med_2,0.236678560921129,-0.085206927134109,0.513829561014058,0.146871559966267,41,0.809433562537804,node
auc_degree,theta,social,29,7Networks_LH_SalVentAttn_Med_2,0.194468862256033,-0.128966912527093,0.480507705340527,0.235499368551995,41,0.827644192816349,node
auc_degree,theta,switching,29,7Networks_LH_SalVentAttn_Med_2,0.350983621018129,0.0398773058394331,0.600054151764383,0.0284660165499442,41,0.450845173661048,node
auc_degree,theta,detail,29,7Networks_LH_SalVentAttn_Med_2,-0.0695335277095761,-0.376789453351961,0.251506834891333,0.674033756565527,41,0.994339751347641,node
auc_degree,theta,communication,29,7Networks_LH_SalVentAttn_Med_2,0.120484386266662,-0.202745549343697,0.420038843428501,0.465016063812261,41,0.95660447412808,node
auc_degree,theta,imagination,29,7Networks_LH_SalVentAttn_Med_2,0.00117417314824993,-0.314464785335737,0.3165793436681,0.994339751347641,41,0.994339751347641,node
auc_degree,theta,total,30,7Networks_LH_SalVentAttn_Med_3,0.186004795419717,-0.137592802076603,0.473724954651338,0.256905923634292,41,0.827644192816349,node
auc_degree,theta,social,30,7Networks_LH_SalVentAttn_Med_3,0.138053762208123,-0.185551127066429,0.434643552880206,0.401963834706404,41,0.927454979332476,node
auc_degree,theta,switching,30,7Networks_LH_SalVentAttn_Med_3,0.101755095567935,-0.220858239165055,0.404297179377621,0.537638069303632,41,0.990009713343449,node
auc_degree,theta,detail,30,7Networks_LH_SalVentAttn_Med_3,-0.235551852098913,-0.512950828652794,0.0863913751549533,0.148861951894915,41,0.809433562537804,node
auc_degree,theta,communication,30,7Networks_LH_SalVentAttn_Med_3,0.348100344466483,0.0365975212235293,0.597948084287406,0.0298870815492826,41,0.450845173661048,node
auc_degree,theta,imagination,30,7Networks_LH_SalVentAttn_Med_3,0.218097811178296,-0.10462434382686,0.499263566344511,0.182260020005242,41,0.809433562537804,node
auc_degree,theta,total,31,7Networks_LH_Limbic_OFC_1,-0.240578338853421,-0.516866556510478,0.0811002656370215,0.140133008524145,41,0.467110028413817,node
auc_degree,theta,social,31,7Networks_LH_Limbic_OFC_1,-0.378036988238258,-0.619648314562631,-0.0709810976781327,0.0176520820040349,41,0.343070751860171,node
auc_degree,theta,switching,31,7Networks_LH_Limbic_OFC_1,-0.0535767997317784,-0.362963473313274,0.266449907814829,0.745988129473661,41,0.966588015830607,node
auc_degree,theta,detail,31,7Networks_LH_Limbic_OFC_1,-0.199345137006374,-0.484399874217705,0.123975087810873,0.223732536808238,41,0.560206499171463,node
auc_degree,theta,communication,31,7Networks_LH_Limbic_OFC_1,0.01857340909491,-0.298699524188603,0.332149361207542,0.910643705612878,41,0.966588015830607,node
auc_degree,theta,imagination,31,7Networks_LH_Limbic_OFC_1,0.0517189203987823,-0.268179823094923,0.361344778766239,0.754519661738284,41,0.966588015830607,node
auc_degree,theta,total,32,7Networks_LH_Limbic_TempPole_1,-0.361801964180983,-0.607925666276848,-0.0522434442699789,0.0236220430789378,41,0.343070751860171,node
auc_degree,theta,social,32,7Networks_LH_Limbic_TempPole_1,-0.199197569846042,-0.484282253684403,0.124126392281433,0.224082599668585,41,0.560206499171463,node
auc_degree,theta,switching,32,7Networks_LH_Limbic_TempPole_1,-0.207120068215914,-0.490582454419286,0.115981926660921,0.205816567596167,41,0.560206499171463,node
auc_degree,theta,detail,32,7Networks_LH_Limbic_TempPole_1,-0.147688851410039,-0.442587124198097,0.176036768418,0.369589362082503,41,0.661431771231772,node
auc_degree,theta,communication,32,7Networks_LH_Limbic_TempPole_1,-0.169969336874688,-0.460780528388235,0.153801354083738,0.300914479908554,41,0.644816742661187,node
auc_degree,theta,imagination,32,7Networks_LH_Limbic_TempPole_1,-0.314390899848677,-0.573066641528281,0.00125616460032327,0.0512673290164808,41,0.343070751860171,node
auc_degree,theta,total,33,7Networks_LH_Limbic_TempPole_2,-0.297632652238543,-0.56051707058292,0.0197439544930031,0.0657398366430593,41,0.343070751860171,node
auc_degree,theta,social,33,7Networks_LH_Limbic_TempPole_2,-0.283726896198285,-0.550011141076824,0.0349218402172927,0.0800498421007066,41,0.343070751860171,node
auc_degree,theta,switching,33,7Networks_LH_Limbic_TempPole_2,-0.0834911545788338,-0.38877205852809,0.238309159443244,0.613332823930992,41,0.966588015830607,node
auc_degree,theta,detail,33,7Networks_LH_Limbic_TempPole_2,0.0620067408221657,-0.25857460315753,0.370284753859288,0.707664636673744,41,0.966588015830607,node
auc_degree,theta,communication,33,7Networks_LH_Limbic_TempPole_2,-0.263951255717411,-0.534923887317348,0.0562563747422733,0.104442869141706,41,0.391660759281397,node
auc_degree,theta,imagination,33,7Networks_LH_Limbic_TempPole_2,-0.289702002255021,-0.554535739848202,0.0284180791555716,0.0736296395167535,41,0.343070751860171,node
auc_degree,theta,total,34,7Networks_LH_Cont_Par_1,-0.0076997805010051,-0.322438886370299,0.308572337893981,0.962894778759509,41,0.991950050807488,node
auc_degree,theta,social,34,7Networks_LH_Cont_Par_1,-0.0770222031099378,-0.383231282730455,0.244440708562125,0.641181710334137,41,0.911629153299695,node
auc_degree,theta,switching,34,7Networks_LH_Cont_Par_1,-0.00166991107730551,-0.317025328393516,0.314017999462747,0.991950050807488,41,0.991950050807488,node
auc_degree,theta,detail,34,7Networks_LH_Cont_Par_1,0.141482584067102,-0.1821722094259,0.437475716371434,0.390260496874548,41,0.845564409894855,node
auc_degree,theta,communication,34,7Networks_LH_Cont_Par_1,0.0224523625589965,-0.295161081027489,0.335597371609927,0.892082192666866,41,0.966422375389105,node
auc_degree,theta,imagination,34,7Networks_LH_Cont_Par_1,-0.128146143302298,-0.426426887191089,0.19527173208592,0.436894138979245,41,0.860422104192118,node
auc_degree,theta,total,35,7Networks_LH_Cont_PFCl_1,0.125726852325338,-0.197635743718477,0.424412995550378,0.445670926664032,41,0.860422104192118,node
auc_degree,theta,social,35,7Networks_LH_Cont_PFCl_1,-0.00727142823431392,-0.322054994017487,0.308959874264884,0.964957696594836,41,0.991950050807488,node
auc_degree,theta,switching,35,7Networks_LH_Cont_PFCl_1,0.110170372130624,-0.212747446217169,0.411392326523457,0.504346910977273,41,0.878577020801874,node
auc_degree,theta,detail,35,7Networks_LH_Cont_PFCl_1,0.0298497014030875,-0.288388873624767,0.342149705759819,0.856849232732308,41,0.941327326100282,node
auc_degree,theta,communication,35,7Networks_LH_Cont_PFCl_1,0.149885120265371,-0.173859521514819,0.444391366079305,0.362433657477985,41,0.822328622494356,node
auc_degree,theta,imagination,35,7Networks_LH_Cont_PFCl_1,0.0944519759839382,-0.227861133800985,0.398110067636432,0.567361001453874,41,0.903146083946983,node
auc_degree,theta,total,36,7Networks_LH_Cont_pCun_1,-0.0487161136123017,-0.358724603944679,0.270971452321288,0.768369309650233,41,0.922385107126411,node
auc_degree,theta,social,36,7Networks_LH_Cont_pCun_1,-0.0947386663031697,-0.398353470188157,0.2275868564217,0.566180122227885,41,0.903146083946983,node
auc_degree,theta,switching,36,7Networks_LH_Cont_pCun_1,0.0411249643066168,-0.278004840939546,0.352078897631675,0.80368996573387,41,0.922385107126411,node
auc_degree,theta,detail,36,7Networks_LH_Cont_pCun_1,0.173443239477474,-0.150304675713412,0.463595331330732,0.290995221529282,41,0.821342370303531,node
auc_degree,theta,communication,36,7Networks_LH_Cont_pCun_1,-0.0771217556613736,-0.383316718612459,0.24434654275645,0.640749316955361,41,0.911629153299695,node
auc_degree,theta,imagination,36,7Networks_LH_Cont_pCun_1,-0.237222649494809,-0.514253693436817,0.0846346303328504,0.145917415086967,41,0.821342370303531,node
auc_degree,theta,total,37,7Networks_LH_Cont_Cing_1,0.374409589058926,0.0667756497453588,0.617038435976741,0.0188621544001753,41,0.43072370480358,node
auc_degree,theta,social,37,7Networks_LH_Cont_Cing_1,0.363366304543801,0.0540394880142374,0.609059903399603,0.0229820081370392,41,0.43072370480358,node
auc_degree,theta,switching,37,7Networks_LH_Cont_Cing_1,0.373903005317481,0.0661892072479365,0.616673528631113,0.0190365535111776,41,0.43072370480358,node
auc_degree,theta,detail,37,7Networks_LH_Cont_Cing_1,-0.101702488964513,-0.404252710507315,0.220908802382992,0.537849459697533,41,0.895685399714957,node
auc_degree,theta,communication,37,7Networks_LH_Cont_Cing_1,0.203623877742175,-0.119581435276966,0.4878058307593,0.213745095247932,41,0.821342370303531,node
auc_degree,theta,imagination,37,7Networks_LH_Cont_Cing_1,0.150681774268891,-0.173068984336671,0.445045229914499,0.359858770874886,41,0.822328622494356,node
auc_degree,theta,total,38,7Networks_LH_Default_Temp_1,-0.206220537475223,-0.489868609727749,0.11690885158086,0.207836626372181,41,0.896133912386539,node
auc_degree,theta,social,38,7Networks_LH_Default_Temp_1,-0.0397124450864485,-0.35083883170922,0.279309810017874,0.810307157464801,41,0.941001860281704,node
auc_degree,theta,switching,38,7Networks_LH_Default_Temp_1,-0.163294745629486,-0.455355830852711,0.160497024309862,0.320571473241766,41,0.920468696171364,node
auc_degree,theta,detail,38,7Networks_LH_Default_Temp_1,-0.202948214193702,-0.48726856476065,0.120276087473548,0.215301366505147,41,0.896133912386539,node
auc_degree,theta,communication,38,7Networks_LH_Default_Temp_1,0.0450517777520971,-0.274370817801896,0.355520563335956,0.78536621710244,41,0.932751129008233,node
auc_degree,theta,imagination,38,7Networks_LH_Default_Temp_1,-0.248160416020376,-0.522751345671505,0.0730845759220674,0.127688790341018,41,0.866745470862641,node
auc_degree,theta,total,39,7Networks_LH_Default_Temp_2,0.000168737959343706,-0.315370508761202,0.315674387461279,0.999186571136478,41,0.999186571136478,node
auc_degree,theta,social,39,7Networks_LH_Default_Temp_2,-0.0787656863177298,-0.384726780676262,0.242790687274388,0.633626110680381,41,0.920468696171364,node
auc_degree,theta,switching,39,7Networks_LH_Default_Temp_2,0.115794341668435,-0.207302042911048,0.416113783236605,0.482694931751379,41,0.920468696171364,node
auc_degree,theta,detail,39,7Networks_LH_Default_Temp_2,0.065652331508092,-0.255155618442705,0.373439077546757,0.691302516249294,41,0.920468696171364,node
auc_degree,theta,communication,39,7Networks_LH_Default_Temp_2,-0.0658441492123761,-0.373604849707337,0.254975501483911,0.690445339996927,41,0.920468696171364,node
auc_degree,theta,imagination,39,7Networks_LH_Default_Temp_2,-0.0493466948386632,-0.35927523903064,0.270385663536911,0.765454875156678,41,0.932751129008233,node
auc_degree,theta,total,40,7Networks_LH_Default_Par_1,-0.128620781664581,-0.426821643949927,0.194807497522147,0.435183502696485,41,0.920468696171364,node
auc_degree,theta,social,40,7Networks_LH_Default_Par_1,-0.252610557377237,-0.526193154665158,0.0683605270179772,0.120779550759532,41,0.866745470862641,node
auc_degree,theta,switching,40,7Networks_LH_Default_Par_1,0.0455209464134207,-0.273936020197828,0.35593120513421,0.78318432681697,41,0.932751129008233,node
auc_degree,theta,detail,40,7Networks_LH_Default_Par_1,0.0321270260704717,-0.286297570823884,0.344160793764514,0.846054128170166,41,0.945093144787637,node
auc_degree,theta,communication,40,7Networks_LH_Default_Par_1,-0.0561531320119113,-0.365205040826895,0.264047607245413,0.734206842823613,41,0.920468696171364,node
auc_degree,theta,imagination,40,7Networks_LH_Default_Par_1,-0.111169804824101,-0.412232556937173,0.211781209779185,0.500463622949837,41,0.920468696171364,node
auc_degree,theta,total,41,7Networks_LH_Default_Par_2,-0.248887377221556,-0.523314201247096,0.0723138538568751,0.126540427576589,41,0.866745470862641,node
auc_degree,theta,social,41,7Networks_LH_Default_Par_2,-0.177648710342564,-0.466995084546003,0.146060766961843,0.279272508568345,41,0.920468696171364,node
auc_degree,theta,switching,41,7Networks_LH_Default_Par_2,-0.152733465282599,-0.446727737410396,0.171031124132842,0.353278332678367,41,0.920468696171364,node
auc_degree,theta,detail,41,7Networks_LH_Default_Par_2,0.083085609564224,-0.238694307563833,0.388425349337566,0.615063597324769,41,0.920468696171364,node
auc_degree,theta,communication,41,7Networks_LH_Default_Par_2,-0.181852609642984,-0.470385039267664,0.141806502604057,0.267866270921267,41,0.920468696171364,node
auc_degree,theta,imagination,41,7Networks_LH_Default_Par_2,-0.312556121917519,-0.571698539798802,0.00329087539708939,0.052714674836059,41,0.866745470862641,node
auc_degree,theta,total,42,7Networks_LH_Default_PFC_1,-0.154998805622101,-0.448583037493587,0.168777832389336,0.346098017934624,41,0.920468696171364,node
auc_degree,theta,social,42,7Networks_LH_Default_PFC_1,-0.145254340698313,-0.440584371758705,0.178446498089513,0.377618886966426,41,0.920468696171364,node
auc_degree,theta,switching,42,7Networks_LH_Default_PFC_1,-0.126180412784027,-0.424790778325079,0.197192833126237,0.444018188302947,41,0.920468696171364,node
auc_degree,theta,detail,42,7Networks_LH_Default_PFC_1,-0.104465718070037,-0.40658656081401,0.21825055580045,0.526800365501456,41,0.920468696171364,node
auc_degree,theta,communication,42,7Networks_LH_Default_PFC_1,-0.0604348768075002,-0.368922511674619,0.26004628783582,0.714760114702504,41,0.920468696171364,node
auc_degree,theta,imagination,42,7Networks_LH_Default_PFC_1,0.0642426542373294,-0.256478623680077,0.372220206824073,0.697613526298532,41,0.920468696171364,node
auc_degree,theta,total,43,7Networks_LH_Default_PFC_2,-0.283791428872551,-0.550060091544305,0.0348517418131865,0.079978247108003,41,0.866745470862641,node
auc_degree,theta,social,43,7Networks_LH_Default_PFC_2,-0.249642569417257,-0.523898661420915,0.0715127949349173,0.125355650748313,41,0.866745470862641,node
auc_degree,theta,switching,43,7Networks_LH_Default_PFC_2,-0.188975525578853,-0.476109468160116,0.134570855405693,0.24925000007408,41,0.920468696171364,node
auc_degree,theta,detail,43,7Networks_LH_Default_PFC_2,-0.148585577887684,-0.443324076395124,0.175148190949769,0.366657612203016,41,0.920468696171364,node
auc_degree,theta,communication,43,7Networks_LH_Default_PFC_2,-0.193839893804673,-0.480004850435174,0.129609593956992,0.237047121006896,41,0.920468696171364,node
auc_degree,theta,imagination,43,7Networks_LH_Default_PFC_2,0.0734478262535044,-0.247817665198879,0.380160281377167,0.656782952256672,41,0.920468696171364,node
auc_degree,theta,total,44,7Networks_LH_Default_PFC_3,-0.312047506979579,-0.571319035911394,0.00385445071335968,0.0531216328186434,41,0.866745470862641,node
auc_degree,theta,social,44,7Networks_LH_Default_PFC_3,-0.307266591450477,-0.567746320296766,0.00914219618754939,0.0570712167136027,41,0.866745470862641,node
auc_degree,theta,switching,44,7Networks_LH_Default_PFC_3,-0.227138008936461,-0.506370349176891,0.0952077119190548,0.164353281070652,41,0.87904292515477,node
auc_degree,theta,detail,44,7Networks_LH_Default_PFC_3,-0.103192876897603,-0.405511996324472,0.219475633498597,0.53187613552183,41,0.920468696171364,node
auc_degree,theta,communication,44,7Networks_LH_Default_PFC_3,-0.209268285048735,-0.49228568677661,0.1137660091428,0.201047796192015,41,0.896133912386539,node
auc_degree,theta,imagination,44,7Networks_LH_Default_PFC_3,0.0738808992660891,-0.247408926915972,0.380532725591262,0.654884875316275,41,0.920468696171364,node
auc_degree,theta,total,45,7Networks_LH_Default_PFC_4,-0.101094729526687,-0.403738861845496,0.221492829044493,0.540294531360767,41,0.920468696171364,node
auc_degree,theta,social,45,7Networks_LH_Default_PFC_4,-0.0584842603510144,-0.367230182203624,0.261870518044889,0.723598218698686,41,0.920468696171364,node
auc_degree,theta,switching,45,7Networks_LH_Default_PFC_4,-0.331714969130934,-0.585913640260268,-0.0180853939551757,0.0391147402563458,41,0.866745470862641,node
auc_degree,theta,detail,45,7Networks_LH_Default_PFC_4,0.154365812374009,-0.169407799843159,0.448064874445047,0.348095344657493,41,0.920468696171364,node
auc_degree,theta,communication,45,7Networks_LH_Default_PFC_4,-0.0561299171916248,-0.365184858493593,0.2640692716526,0.734312738847016,41,0.920468696171364,node
auc_degree,theta,imagination,45,7Networks_LH_Default_PFC_4,0.0582465788972754,-0.262092643060481,0.367023833055993,0.724677582457904,41,0.920468696171364,node
auc_degree,theta,total,46,7Networks_LH_Default_PFC_5,-0.100757957931293,-0.403454045837385,0.221816350223847,0.541651685433396,41,0.920468696171364,node
auc_degree,theta,social,46,7Networks_LH_Default_PFC_5,-0.12430705688496,-0.423229736894823,0.199021348555968,0.450866211470668,41,0.920468696171364,node
auc_degree,theta,switching,46,7Networks_LH_Default_PFC_5,0.00596121523499092,-0.310144591081159,0.32088012887625,0.971268940541077,41,0.98494878477405,node
auc_degree,theta,detail,46,7Networks_LH_Default_PFC_5,-0.117918066736554,-0.41789249901343,0.205240527065104,0.474646606145546,41,0.920468696171364,node
auc_degree,theta,communication,46,7Networks_LH_Default_PFC_5,-0.0567188617830867,-0.365696781114198,0.263519560119396,0.731627729501154,41,0.920468696171364,node
auc_degree,theta,imagination,46,7Networks_LH_Default_PFC_5,0.0539794826583546,-0.266074688173143,0.363314068486596,0.744142868403828,41,0.920468696171364,node
auc_degree,theta,total,47,7Networks_LH_Default_PFC_6,0.304521512020624,-0.0121703085008523,0.565690514166463,0.0594426688721083,41,0.866745470862641,node
auc_degree,theta,social,47,7Networks_LH_Default_PFC_6,0.115214926133508,-0.207863988109708,0.415628097142572,0.484903029708931,41,0.920468696171364,node
auc_degree,theta,switching,47,7Networks_LH_Default_PFC_6,0.215283454812746,-0.107544125894587,0.497043363540709,0.188107587188406,41,0.87904292515477,node
auc_degree,theta,detail,47,7Networks_LH_Default_PFC_6,-0.0531640839790268,-0.362604052155609,0.266834375407849,0.747880815639233,41,0.920468696171364,node
auc_degree,theta,communication,47,7Networks_LH_Default_PFC_6,0.267212943610152,-0.0527575942184167,0.53742425563627,0.100071195185517,41,0.866745470862641,node
auc_degree,theta,imagination,47,7Networks_LH_Default_PFC_6,0.384702018331248,0.0787368026038369,0.624429851756822,0.0155984068438516,41,0.866745470862641,node
auc_degree,theta,total,48,7Networks_LH_Default_PFC_7,0.333877287546651,0.0205161178178307,0.587508229929995,0.0377783701067606,41,0.866745470862641,node
auc_degree,theta,social,48,7Networks_LH_Default_PFC_7,0.214746381110514,-0.108100686332519,0.496619254690217,0.189238407498596,41,0.87904292515477,node
auc_degree,theta,switching,48,7Networks_LH_Default_PFC_7,0.245216080712881,-0.0762022321113796,0.520469219223493,0.132419446937348,41,0.866745470862641,node
auc_degree,theta,detail,48,7Networks_LH_Default_PFC_7,-0.153100940482846,-0.447028869300226,0.17066583340254,0.352107473808918,41,0.920468696171364,node
auc_degree,theta,communication,48,7Networks_LH_Default_PFC_7,0.272362681195069,-0.0472174821504642,0.541362330650356,0.0934555101750241,41,0.866745470862641,node
auc_degree,theta,imagination,48,7Networks_LH_Default_PFC_7,0.421395974640018,0.122109136104249,0.65043646772073,0.00754707542347408,41,0.866745470862641,node
auc_degree,theta,total,49,7Networks_LH_Default_pCunPCC_1,0.0667585543829459,-0.254116568245569,0.374394824254117,0.686364381773715,41,0.920468696171364,node
auc_degree,theta,social,49,7Networks_LH_Default_pCunPCC_1,0.164943635442179,-0.158845694088186,0.456697967077177,0.31564223400235,41,0.920468696171364,node
auc_degree,theta,switching,49,7Networks_LH_Default_pCunPCC_1,0.071266892360799,-0.24987431385364,0.378283158120477,0.66637366888549,41,0.920468696171364,node
auc_degree,theta,detail,49,7Networks_LH_Default_pCunPCC_1,0.0634033683646463,-0.257265736887003,0.37149401745578,0.701380519800824,41,0.920468696171364,node
auc_degree,theta,communication,49,7Networks_LH_Default_pCunPCC_1,0.00952972220498707,-0.306915580456029,0.32407772808986,0.954084737569245,41,0.982790146051454,node
auc_degree,theta,imagination,49,7Networks_LH_Default_pCunPCC_1,-0.229348629421282,-0.508102434408786,0.0928962292327444,0.160174901886981,41,0.87904292515477,node
auc_degree,theta,total,50,7Networks_LH_Default_pCunPCC_2,0.152305727757191,-0.17145620688649,0.446377138932835,0.354644169735218,41,0.920468696171364,node
auc_degree,theta,social,50,7Networks_LH_Default_pCunPCC_2,0.156876217978972,-0.166907837280001,0.450118711856413,0.340215369756047,41,0.920468696171364,node
auc_degree,theta,switching,50,7Networks_LH_Default_pCunPCC_2,0.23431704084243,-0.0876884209743675,0.511987117861769,0.15106590865814,41,0.87904292515477,node
auc_degree,theta,detail,50,7Networks_LH_Default_pCunPCC_2,-0.0405174693387078,-0.351545704976201,0.278566225244124,0.806534257062239,41,0.941001860281704,node
auc_degree,theta,communication,50,7Networks_LH_Default_pCunPCC_2,0.164124932787026,-0.159665834949012,0.456031738910854,0.318083690419387,41,0.920468696171364,node
auc_degree,theta,imagination,50,7Networks_LH_Default_pCunPCC_2,-0.181970336228886,-0.470479849616653,0.141687193240924,0.267551334206129,41,0.920468696171364,node
auc_degree,theta,total,51,7Networks_RH_Vis_1,-0.00649205222017455,-0.32135624605832,0.309664717553092,0.968711690566243,41,0.988085924377568,node
auc_degree,theta,social,51,7Networks_RH_Vis_1,-0.0541878071470747,-0.363495411452605,0.265880533500525,0.743188790530758,41,0.940850115538168,node
auc_degree,theta,switching,51,7Networks_RH_Vis_1,0.0506044169766337,-0.26921657448554,0.360372860991119,0.759651440641411,41,0.940850115538168,node
auc_degree,theta,detail,51,7Networks_RH_Vis_1,-0.0363263895862932,-0.347861727141403,0.282433257774786,0.826221922029325,41,0.940850115538168,node
auc_degree,theta,communication,51,7Networks_RH_Vis_1,-0.0205904629756136,-0.333943371424996,0.296860623505605,0.90098526623963,41,0.962621354468766,node
auc_degree,theta,imagination,51,7Networks_RH_Vis_1,0.0684136408789817,-0.252560598505323,0.375823554790011,0.679000107612582,41,0.925926119481022,node
auc_degree,theta,total,52,7Networks_RH_Vis_2,-0.199019730713958,-0.484140490745537,0.124308715420573,0.224504973134102,41,0.720778208058139,node
auc_degree,theta,social,52,7Networks_RH_Vis_2,-0.154251549342604,-0.447971318640845,0.169521488498254,0.348456633625381,41,0.799798909022216,node
auc_degree,theta,switching,52,7Networks_RH_Vis_2,-0.0171320961880133,-0.330866035826246,0.300012093706573,0.917553118072865,41,0.962621354468766,node
auc_degree,theta,detail,52,7Networks_RH_Vis_2,-0.0758387742953467,-0.382215263996756,0.245559638302102,0.646330686602883,41,0.925926119481022,node
auc_degree,theta,communication,52,7Networks_RH_Vis_2,-0.136860159054625,-0.433656273377364,0.186725565189665,0.406084734575867,41,0.799798909022216,node
auc_degree,theta,imagination,52,7Networks_RH_Vis_2,-0.19472684142416,-0.480713903103283,0.128703230212494,0.234866526269734,41,0.720778208058139,node
auc_degree,theta,total,53,7Networks_RH_Vis_3,-0.350774090682356,-0.599901218171357,-0.0396387348030213,0.0285673707339604,41,0.464780129953596,node
auc_degree,theta,social,53,7Networks_RH_Vis_3,-0.331105933455483,-0.585464154712171,-0.0174014280653481,0.0394980081531534,41,0.487532208004103,node
auc_degree,theta,switching,53,7Networks_RH_Vis_3,-0.138999504529605,-0.435425310385095,0.184619913061102,0.39871582103627,41,0.799798909022216,node
auc_degree,theta,detail,53,7Networks_RH_Vis_3,-0.149684425385782,-0.444226593723859,0.174058609652379,0.363084068956474,41,0.799798909022216,node
auc_degree,theta,communication,53,7Networks_RH_Vis_3,-0.16914811284224,-0.460114258188302,0.15462677888073,0.303290555722667,41,0.793221453428515,node
auc_degree,theta,imagination,53,7Networks_RH_Vis_3,-0.151248572310183,-0.445510245549545,0.172506284163305,0.358033532105102,41,0.799798909022216,node
auc_degree,theta,total,54,7Networks_RH_Vis_4,-0.302146180966748,-0.563908990914147,0.014785869957975,0.0615573601317304,41,0.523237561119709,node
auc_degree,theta,social,54,7Networks_RH_Vis_4,-0.089729981978825,-0.394094892813093,0.23237133050543,0.586971661428621,41,0.880457492142931,node
auc_degree,theta,switching,54,7Networks_RH_Vis_4,-0.325726744331056,-0.581487359127801,-0.0113731538044228,0.043017547765068,41,0.487532208004103,node
auc_degree,theta,detail,54,7Networks_RH_Vis_4,0.0603354833092484,-0.260139296681449,0.368836328595742,0.715209585218767,41,0.925926119481022,node
auc_degree,theta,communication,54,7Networks_RH_Vis_4,-0.119449418663506,-0.419173650078043,0.20375225081402,0.468887362328192,41,0.808702445059974,node
auc_degree,theta,imagination,54,7Networks_RH_Vis_4,-0.453024507971363,-0.672430192266484,-0.160434457783996,0.00377876834036353,41,0.195100042332392,node
auc_degree,theta,total,55,7Networks_RH_Vis_5,-0.304676046135145,-0.5658063319736,0.0119999952188862,0.0593071191735277,41,0.523237561119709,node
auc_degree,theta,social,55,7Networks_RH_Vis_5,-0.307530871113478,-0.567944069583556,0.00885036127012269,0.056846947734522,41,0.523237561119709,node
auc_degree,theta,switching,55,7Networks_RH_Vis_5,-0.0623101853204987,-0.370547578772658,0.258290326557897,0.706297648737892,41,0.925926119481022,node
auc_degree,theta,detail,55,7Networks_RH_Vis_5,0.102027380184076,-0.220596503113736,0.404527321336776,0.536544581266928,41,0.855117926394167,node
auc_degree,theta,communication,55,7Networks_RH_Vis_5,-0.280464197776611,-0.54753387431948,0.0384618537289639,0.0837351225793737,41,0.569398833539741,node
auc_degree,theta,imagination,55,7Networks_RH_Vis_5,-0.344209968676687,-0.595100910417488,-0.0321827515823413,0.0318966755850507,41,0.464780129953596,node
auc_degree,theta,total,56,7Networks_RH_Vis_6,-0.191676706840802,-0.478273964198942,0.131817870799087,0.242422788282152,41,0.720778208058139,node
auc_degree,theta,social,56,7Networks_RH_Vis_6,-0.146761254130053,-0.441824382221128,0.176955381373313,0.372636693213083,41,0.799798909022216,node
auc_degree,theta,switching,56,7Networks_RH_Vis_6,0.0634043289552075,-0.257264836252947,0.371494848819171,0.70137620430586,41,0.925926119481022,node
auc_degree,theta,detail,56,7Networks_RH_Vis_6,-0.0829195831244379,-0.388283384803681,0.238851954500914,0.615772753953327,41,0.897268870046276,node
auc_degree,theta,communication,56,7Networks_RH_Vis_6,-0.138914572105251,-0.435355122890841,0.184703564524367,0.39900688822026,41,0.799798909022216,node
auc_degree,theta,imagination,56,7Networks_RH_Vis_6,-0.286637472482575,-0.552217104835435,0.0317571149584075,0.0768700538732497,41,0.566874668683072,node
auc_degree,theta,total,57,7Networks_RH_Vis_7,-0.231314931853889,-0.509641197027565,0.0908372889155241,0.156523490107301,41,0.679213549561107,node
auc_degree,theta,social,57,7Networks_RH_Vis_7,-0.111274405400663,-0.412320465816869,0.211680047012223,0.500058078956043,41,0.836162689401908,node
auc_degree,theta,switching,57,7Networks_RH_Vis_7,-0.198224399884113,-0.483506316383332,0.12512383251978,0.22640058175429,41,0.720778208058139,node
auc_degree,theta,detail,57,7Networks_RH_Vis_7,0.104839891421288,-0.217890229783676,0.406902288455324,0.525312779771065,41,0.85050640534363,node
auc_degree,theta,communication,57,7Networks_RH_Vis_7,-0.161052363546144,-0.453528480943461,0.162739820342999,0.327351861283358,41,0.799798909022216,node
auc_degree,theta,imagination,57,7Networks_RH_Vis_7,-0.346120350005898,-0.596499811597207,-0.034349117780407,0.0308964100436717,41,0.464780129953596,node
auc_degree,theta,total,58,7Networks_RH_Vis_8,-0.0913822241612695,-0.395501139136,0.230794770860542,0.580075649714047,41,0.880457492142931,node
auc_degree,theta,social,58,7Networks_RH_Vis_8,-0.117637099495157,-0.417657308171062,0.20551342876357,0.475707320623514,41,0.808702445059974,node
auc_degree,theta,switching,58,7Networks_RH_Vis_8,-0.0381106977372364,-0.34943131886871,0.280788174760318,0.817826556535935,41,0.940850115538168,node
auc_degree,theta,detail,58,7Networks_RH_Vis_8,0.208773104224578,-0.114277080703298,0.491893270480668,0.202140118327616,41,0.720778208058139,node
auc_degree,theta,communication,58,7Networks_RH_Vis_8,-0.204659735478048,-0.488629093805561,0.118515851292863,0.211374319386135,41,0.720778208058139,node
auc_degree,theta,imagination,58,7Networks_RH_Vis_8,-0.130783974091263,-0.428619333178935,0.192689884279277,0.42743428437806,41,0.799798909022216,node
auc_degree,theta,total,59,7Networks_RH_SomMot_1,0.0305868776862468,-0.287712245309128,0.342801013828038,0.853351918415522,41,0.97006452300739,node
auc_degree,theta,social,59,7Networks_RH_SomMot_1,0.0837461018926218,-0.23806698288099,0.388989974238556,0.612245823362467,41,0.97006452300739,node
auc_degree,theta,switching,59,7Networks_RH_SomMot_1,0.0725816408498142,-0.248634835939787,0.379415060542911,0.660585646174551,41,0.97006452300739,node
auc_degree,theta,detail,59,7Networks_RH_SomMot_1,-0.142680829132822,-0.438464068932128,0.180989598842589,0.386217936413749,41,0.97006452300739,node
auc_degree,theta,communication,59,7Networks_RH_SomMot_1,-0.0253789928949459,-0.338193318019158,0.292485583196966,0.878114612319165,41,0.97006452300739,node
auc_degree,theta,imagination,59,7Networks_RH_SomMot_1,0.104128727666555,-0.218574999636785,0.406302146384948,0.528141886912157,41,0.97006452300739,node
auc_degree,theta,total,60,7Networks_RH_SomMot_2,0.203826254408028,-0.119373309473,0.48796671230926,0.213280474699003,41,0.97006452300739,node
auc_degree,theta,social,60,7Networks_RH_SomMot_2,0.117774442004098,-0.205380035134829,0.417772279267243,0.47518866613983,41,0.97006452300739,node
auc_degree,theta,switching,60,7Networks_RH_SomMot_2,0.170277426850357,-0.153491571545246,0.461030401441011,0.300026148162525,41,0.97006452300739,node
auc_degree,theta,detail,60,7Networks_RH_SomMot_2,0.117729288239465,-0.205423891960531,0.417734481557997,0.475359150084171,41,0.97006452300739,node
auc_degree,theta,communication,60,7Networks_RH_SomMot_2,-0.0461356227357834,-0.356469021767179,0.273366177066352,0.780328221281911,41,0.97006452300739,node
auc_degree,theta,imagination,60,7Networks_RH_SomMot_2,0.220555253891598,-0.102070287435604,0.501199190542039,0.177260731445462,41,0.97006452300739,node
auc_degree,theta,total,61,7Networks_RH_SomMot_3,0.0927665816570999,-0.229472521407377,0.396678288280302,0.574325915384858,41,0.97006452300739,node
auc_degree,theta,social,61,7Networks_RH_SomMot_3,0.104629665123596,-0.21809268689737,0.406724908294109,0.526148314169983,41,0.97006452300739,node
auc_degree,theta,switching,61,7Networks_RH_SomMot_3,-0.0159645876906092,-0.329825650766974,0.301074436422105,0.923154361969963,41,0.97006452300739,node
auc_degree,theta,detail,61,7Networks_RH_SomMot_3,0.0183308926521244,-0.298920462190933,0.331933509076512,0.911805849375773,41,0.97006452300739,node
auc_degree,theta,communication,61,7Networks_RH_SomMot_3,0.058635306739405,-0.26172934012146,0.367361301142789,0.722912557477718,41,0.97006452300739,node
auc_degree,theta,imagination,61,7Networks_RH_SomMot_3,0.102546490331518,-0.220097375018875,0.404965980454818,0.53446282508042,41,0.97006452300739,node
auc_degree,theta,total,62,7Networks_RH_SomMot_4,-0.0272055317966162,-0.339811064696571,0.290813252631213,0.869415437786308,41,0.97006452300739,node
auc_degree,theta,social,62,7Networks_RH_SomMot_4,0.108733690485358,-0.214135302786604,0.410183600099792,0.509955697762235,41,0.97006452300739,node
auc_degree,theta,switching,62,7Networks_RH_SomMot_4,-0.110196874912325,-0.411414614216939,0.212721831876936,0.504243738344888,41,0.97006452300739,node
auc_degree,theta,detail,62,7Networks_RH_SomMot_4,-0.0268982617389435,-0.339539048132737,0.291094716957912,0.870877827671502,41,0.97006452300739,node
auc_degree,theta,communication,62,7Networks_RH_SomMot_4,0.068542063681717,-0.252439797007412,0.375934352935008,0.678429908667902,41,0.97006452300739,node
auc_degree,theta,imagination,62,7Networks_RH_SomMot_4,-0.171263291520257,-0.461829666643388,0.152499862971264,0.297194830875224,41,0.97006452300739,node
auc_degree,theta,total,63,7Networks_RH_SomMot_5,0.0365970990986423,-0.282183791642482,0.348099972994504,0.824946953347151,41,0.97006452300739,node
auc_degree,theta,social,63,7Networks_RH_SomMot_5,0.148587353167049,-0.175146431280025,0.443325534968917,0.366651821946091,41,0.97006452300739,node
auc_degree,theta,switching,63,7Networks_RH_SomMot_5,-0.169013841086341,-0.460005290511448,0.154761694490597,0.303680182861917,41,0.97006452300739,node
auc_degree,theta,detail,63,7Networks_RH_SomMot_5,-0.00370574109822607,-0.318855377391865,0.31218173188578,0.982137298390545,41,0.992345873042593,node
auc_degree,theta,communication,63,7Networks_RH_SomMot_5,0.103817107943344,-0.218874953896194,0.406039092281633,0.529383893742537,41,0.97006452300739,node
auc_degree,theta,imagination,63,7Networks_RH_SomMot_5,0.0158152750307285,-0.301210242697944,0.329692540915377,0.923870974292753,41,0.97006452300739,node
auc_degree,theta,total,64,7Networks_RH_SomMot_6,0.039128124232849,-0.279849295927164,0.350325530841598,0.813048343604641,41,0.97006452300739,node
auc_degree,theta,social,64,7Networks_RH_SomMot_6,0.0241577785440595,-0.293602611188229,0.337110668804615,0.883938780567154,41,0.97006452300739,node
auc_degree,theta,switching,64,7Networks_RH_SomMot_6,-0.0254485590447389,-0.338254965925487,0.292421925870496,0.877783027528499,41,0.97006452300739,node
auc_degree,theta,detail,64,7Networks_RH_SomMot_6,0.0668368839682138,-0.254042966942143,0.374462474130497,0.686015204951507,41,0.97006452300739,node
auc_degree,theta,communication,64,7Networks_RH_SomMot_6,-0.0645588197946123,-0.372493670301471,0.256182001627058,0.696196315286025,41,0.97006452300739,node
auc_degree,theta,imagination,64,7Networks_RH_SomMot_6,0.13494844181273,-0.188604662051242,0.432073525385761,0.412735052423878,41,0.97006452300739,node
auc_degree,theta,total,65,7Networks_RH_SomMot_7,0.104257118836704,-0.218451397040326,0.406410513352832,0.527630579185277,41,0.97006452300739,node
auc_degree,theta,social,65,7Networks_RH_SomMot_7,0.0686864329975822,-0.252303983401192,0.376058898611174,0.677789117707347,41,0.97006452300739,node
auc_degree,theta,switching,65,7Networks_RH_SomMot_7,0.0769043755636432,-0.244552152676142,0.383130156498152,0.641693629599004,41,0.97006452300739,node
auc_degree,theta,detail,65,7Networks_RH_SomMot_7,0.0187558344064576,-0.298533308159645,0.332311707493254,0.909769640428734,41,0.97006452300739,node
auc_degree,theta,communication,65,7Networks_RH_SomMot_7,0.0465851173591377,-0.272949325624376,0.356862181030013,0.778241431153687,41,0.97006452300739,node
auc_degree,theta,imagination,65,7Networks_RH_SomMot_7,0.082941278282727,-0.238831355279979,0.388301936545927,0.615680066833291,41,0.97006452300739,node
auc_degree,theta,total,66,7Networks_RH_SomMot_8,0.0536984668646789,-0.266336548699188,0.363069411821913,0.745430452130294,41,0.97006452300739,node
auc_degree,theta,social,66,7Networks_RH_SomMot_8,0.06657649674427,-0.254287621812958,0.374237576290113,0.687176204351633,41,0.97006452300739,node
auc_degree,theta,switching,66,7Networks_RH_SomMot_8,0.253412714608282,-0.0675074629556839,0.526812603606869,0.119564558886928,41,0.97006452300739,node
auc_degree,theta,detail,66,7Networks_RH_SomMot_8,-0.117015255623832,-0.417136634797446,0.206117243121799,0.478059345687209,41,0.97006452300739,node
auc_degree,theta,communication,66,7Networks_RH_SomMot_8,-0.102110296970803,-0.40459739712769,0.220516789371951,0.536211802792913,41,0.97006452300739,node
auc_degree,theta,imagination,66,7Networks_RH_SomMot_8,0.0132896565686594,-0.303505454174861,0.32743910001958,0.936000977116081,41,0.970667679972232,node
auc_degree,theta,total,67,7Networks_RH_DorsAttn_Post_1,-0.162800739696333,-0.454953469432615,0.160991408766792,0.322057607320602,41,0.886763726129063,node
auc_degree,theta,social,67,7Networks_RH_DorsAttn_Post_1,-0.208351929111243,-0.491559410992259,0.114711637126077,0.203072449042819,41,0.886763726129063,node
auc_degree,theta,switching,67,7Networks_RH_DorsAttn_Post_1,-0.0216464385126857,-0.334881673828701,0.295896975521622,0.895934355672063,41,0.959929666791496,node
auc_degree,theta,detail,67,7Networks_RH_DorsAttn_Post_1,-0.0305827183550514,-0.342797339828388,0.287716063905267,0.853371643443316,41,0.94306271136212,node
auc_degree,theta,communication,67,7Networks_RH_DorsAttn_Post_1,-0.0480815232413053,-0.358170250100291,0.271560726513516,0.771305446343161,41,0.94306271136212,node
auc_degree,theta,imagination,67,7Networks_RH_DorsAttn_Post_1,-0.136964747848084,-0.433742811673089,0.186622692678729,0.405722679365423,41,0.886763726129063,node
auc_degree,theta,total,68,7Networks_RH_DorsAttn_Post_2,0.0447998515105987,-0.274604234174045,0.355300014388988,0.786538480266451,41,0.94306271136212,node
auc_degree,theta,social,68,7Networks_RH_DorsAttn_Post_2,0.0518749068115101,-0.268034659756816,0.361480755174131,0.753802238224121,41,0.94306271136212,node
auc_degree,theta,switching,68,7Networks_RH_DorsAttn_Post_2,-0.120346382160415,-0.419923508727028,0.202879823891764,0.465531281666528,41,0.886961313902346,node
auc_degree,theta,detail,68,7Networks_RH_DorsAttn_Post_2,0.126355285573382,-0.197022031186437,0.424936406827455,0.443381863064532,41,0.886763726129063,node
auc_degree,theta,communication,68,7Networks_RH_DorsAttn_Post_2,-0.0424063445737804,-0.353202891690859,0.276820005936069,0.79769875144884,41,0.94306271136212,node
auc_degree,theta,imagination,68,7Networks_RH_DorsAttn_Post_2,0.138803233600719,-0.184813216706114,0.435263108158643,0.399388635885907,41,0.886763726129063,node
auc_degree,theta,total,69,7Networks_RH_DorsAttn_Post_3,0.208374982812066,-0.114687854175843,0.491577687485111,0.203021338875213,41,0.886763726129063,node
auc_degree,theta,social,69,7Networks_RH_DorsAttn_Post_3,0.0555953278433165,-0.264568068818837,0.364720020668223,0.736752642214889,41,0.94306271136212,node
auc_degree,theta,switching,69,7Networks_RH_DorsAttn_Post_3,0.146705379564444,-0.17701069675719,0.44177842422068,0.372820726909483,41,0.886763726129063,node
auc_degree,theta,detail,69,7Networks_RH_DorsAttn_Post_3,0.0819684248983216,-0.239754780111165,0.387469796725055,0.619842098581475,41,0.94306271136212,node
auc_degree,theta,communication,69,7Networks_RH_DorsAttn_Post_3,0.18125062285246,-0.142416435872919,0.469900128939503,0.269480494714978,41,0.886763726129063,node
auc_degree,theta,imagination,69,7Networks_RH_DorsAttn_Post_3,0.136697670246537,-0.186885373511679,0.43352181690249,0.406647589115077,41,0.886763726129063,node
auc_degree,theta,total,70,7Networks_RH_DorsAttn_Post_4,0.137087660688752,-0.186501787744301,0.433844504555649,0.40529742816384,41,0.886763726129063,node
auc_degree,theta,social,70,7Networks_RH_DorsAttn_Post_4,-0.111848351790503,-0.41280272463195,0.211124840794191,0.497835826304206,41,0.891754529678994,node
auc_degree,theta,switching,70,7Networks_RH_DorsAttn_Post_4,0.0521678188257883,-0.267762032107716,0.361736056728204,0.752455607839357,41,0.94306271136212,node
auc_degree,theta,detail,70,7Networks_RH_DorsAttn_Post_4,0.443093421334931,0.148304863735394,0.665565831116812,0.00472839799090715,41,0.425555819181643,node
auc_degree,theta,communication,70,7Networks_RH_DorsAttn_Post_4,-0.0446947274665304,-0.355207973271233,0.274701623270771,0.787027780830956,41,0.94306271136212,node
auc_degree,theta,imagination,70,7Networks_RH_DorsAttn_Post_4,0.0609075762842858,-0.259603871329466,0.369332311933158,0.712623805600597,41,0.94306271136212,node
auc_degree,theta,total,71,7Networks_RH_DorsAttn_Post_5,0.0586907617115359,-0.261677504803693,0.367409436897955,0.722660878210727,41,0.94306271136212,node
auc_degree,theta,social,71,7Networks_RH_DorsAttn_Post_5,-0.0116932380225338,-0.326012876502262,0.304954340870093,0.943675758698726,41,0.97621630210213,node
auc_degree,theta,switching,71,7Networks_RH_DorsAttn_Post_5,-0.0364687326704385,-0.347987005367286,0.282302090150208,0.825551469563653,41,0.94306271136212,node
auc_degree,theta,detail,71,7Networks_RH_DorsAttn_Post_5,0.0893580880805909,-0.232725956237462,0.393778172130921,0.588528849877665,41,0.94306271136212,node
auc_degree,theta,communication,71,7Networks_RH_DorsAttn_Post_5,0.0297004189075543,-0.288525856116802,0.342017775530618,0.857557789734963,41,0.94306271136212,node
auc_degree,theta,imagination,71,7Networks_RH_DorsAttn_Post_5,0.133440703604967,-0.190085003886145,0.430823947135381,0.418023399145104,41,0.886763726129063,node
auc_degree,theta,total,72,7Networks_RH_DorsAttn_PrCv_1,0.166483672751314,-0.157301739593123,0.457950302998976,0.311081751085438,41,0.886763726129063,node
auc_degree,theta,social,72,7Networks_RH_DorsAttn_PrCv_1,0.148452497529685,-0.175280095274314,0.443214732808938,0.367091823159767,41,0.886763726129063,node
auc_degree,theta,switching,72,7Networks_RH_DorsAttn_PrCv_1,-0.00548577373466453,-0.3204535617352,0.310574250716665,0.973559569938913,41,0.977168665197993,node
auc_degree,theta,detail,72,7Networks_RH_DorsAttn_PrCv_1,0.0293471655790225,-0.288849951561956,0.34170553453845,0.859234914796598,41,0.94306271136212,node
auc_degree,theta,communication,72,7Networks_RH_DorsAttn_PrCv_1,0.186845320529734,-0.136738396677642,0.474400046458124,0.254724095975546,41,0.886763726129063,node
auc_degree,theta,imagination,72,7Networks_RH_DorsAttn_PrCv_1,0.115740168122874,-0.207354592071925,0.416068380361946,0.482901159791277,41,0.886961313902346,node
auc_degree,theta,total,73,7Networks_RH_DorsAttn_FEF_1,0.16377557341596,-0.160015672024869,0.455747344304488,0.319129117336221,41,0.886763726129063,node
auc_degree,theta,social,73,7Networks_RH_DorsAttn_FEF_1,0.156821601685792,-0.166962270712354,0.450074061634955,0.340385630650636,41,0.886763726129063,node
auc_degree,theta,switching,73,7Networks_RH_DorsAttn_FEF_1,-0.0124217182033445,-0.326663870557143,0.304293364425013,0.940172927148728,41,0.97621630210213,node
auc_degree,theta,detail,73,7Networks_RH_DorsAttn_FEF_1,0.109918599887626,-0.212990756273797,0.411180578986073,0.505327566818097,41,0.891754529678994,node
auc_degree,theta,communication,73,7Networks_RH_DorsAttn_FEF_1,0.106675049886631,-0.216121711661754,0.408449751684653,0.518046784213196,41,0.896619434215148,node
auc_degree,theta,imagination,73,7Networks_RH_DorsAttn_FEF_1,0.0898137453748139,-0.232291444680589,0.394166219315059,0.586621181258332,41,0.94306271136212,node
auc_degree,theta,total,74,7Networks_RH_SalVentAttn_TempOccPar_1,-0.127849582306937,-0.426180179700394,0.195561719088202,0.437964851351447,41,0.927454979332476,node
auc_degree,theta,social,74,7Networks_RH_SalVentAttn_TempOccPar_1,-0.138212910216518,-0.43477513707093,0.185394464525153,0.401416201803044,41,0.927454979332476,node
auc_degree,theta,switching,74,7Networks_RH_SalVentAttn_TempOccPar_1,-0.0277618149835151,-0.340303391773384,0.290303548195351,0.866769012494666,41,0.994339751347641,node
auc_degree,theta,detail,74,7Networks_RH_SalVentAttn_TempOccPar_1,0.0127215164976652,-0.304021257966896,0.326931693683478,0.9387316925021,41,0.994339751347641,node
auc_degree,theta,communication,74,7Networks_RH_SalVentAttn_TempOccPar_1,-0.152104795117728,-0.44621241171778,0.171655850822364,0.355286883106552,41,0.927454979332476,node
auc_degree,theta,imagination,74,7Networks_RH_SalVentAttn_TempOccPar_1,-0.0397631063079531,-0.350883326618701,0.279263026542061,0.810069598351487,41,0.994339751347641,node
auc_degree,theta,total,75,7Networks_RH_SalVentAttn_TempOccPar_2,-0.0106209496055265,-0.325054101369725,0.305926712317837,0.948833643237203,41,0.994339751347641,node
auc_degree,theta,social,75,7Networks_RH_SalVentAttn_TempOccPar_2,0.0654542805633579,-0.255341565059637,0.373267897883887,0.692187945220662,41,0.994339751347641,node
auc_degree,theta,switching,75,7Networks_RH_SalVentAttn_TempOccPar_2,-0.0239121027623048,-0.336892768584438,0.293827222653389,0.885111185007339,41,0.994339751347641,node
auc_degree,theta,detail,75,7Networks_RH_SalVentAttn_TempOccPar_2,0.0635412319901303,-0.25713647250071,0.371613329389644,0.700761255975894,41,0.994339751347641,node
auc_degree,theta,communication,75,7Networks_RH_SalVentAttn_TempOccPar_2,-0.187123293980354,-0.474623234394336,0.136455726843593,0.254005262098517,41,0.827644192816349,node
auc_degree,theta,imagination,75,7Networks_RH_SalVentAttn_TempOccPar_2,0.0348654514371178,-0.283778808003491,0.34657529078552,0.83311005246146,41,0.994339751347641,node
auc_degree,theta,total,76,7Networks_RH_SalVentAttn_FrOperIns_1,0.0234115869278877,-0.294284715567678,0.336448736213172,0.887500470996074,41,0.994339751347641,node
auc_degree,theta,social,76,7Networks_RH_SalVentAttn_FrOperIns_1,0.0112082858544647,-0.305394186467306,0.325579341820622,0.946008190843842,41,0.994339751347641,node
auc_degree,theta,switching,76,7Networks_RH_SalVentAttn_FrOperIns_1,-0.21385949928878,-0.495918619489935,0.109019304232908,0.191116257821426,41,0.809433562537804,node
auc_degree,theta,detail,76,7Networks_RH_SalVentAttn_FrOperIns_1,-0.00178908433262419,-0.317132520404229,0.313910573219731,0.991375586674299,41,0.994339751347641,node
auc_degree,theta,communication,76,7Networks_RH_SalVentAttn_FrOperIns_1,0.199661509558613,-0.123650652078096,0.484652008797319,0.222983293306646,41,0.827644192816349,node
auc_degree,theta,imagination,76,7Networks_RH_SalVentAttn_FrOperIns_1,0.136669525876382,-0.186913051860097,0.433498526615305,0.406745125383475,41,0.927454979332476,node
auc_degree,theta,total,77,7Networks_RH_SalVentAttn_Med_1,0.131167266470676,-0.192314353505932,0.428937616910809,0.426069298790965,41,0.927454979332476,node
auc_degree,theta,social,77,7Networks_RH_SalVentAttn_Med_1,0.129030754917182,-0.194406393974917,0.427162527284482,0.433708912950933,41,0.927454979332476,node
auc_degree,theta,switching,77,7Networks_RH_SalVentAttn_Med_1,0.229911504070237,-0.0923071174245443,0.508543103172504,0.159123399664082,41,0.809433562537804,node
auc_degree,theta,detail,77,7Networks_RH_SalVentAttn_Med_1,0.00602204314198726,-0.310089611179376,0.320934694588955,0.970975893809691,41,0.994339751347641,node
auc_degree,theta,communication,77,7Networks_RH_SalVentAttn_Med_1,-0.0478647540084815,-0.357980838690351,0.271761961327782,0.772309121449192,41,0.994339751347641,node
auc_degree,theta,imagination,77,7Networks_RH_SalVentAttn_Med_1,-0.00423876590806017,-0.31933413638606,0.311700566681809,0.979568475396182,41,0.994339751347641,node
auc_degree,theta,total,78,7Networks_RH_SalVentAttn_Med_2,0.229773819101303,-0.0924512411178935,0.508435324512329,0.159380144140935,41,0.809433562537804,node
auc_degree,theta,social,78,7Networks_RH_SalVentAttn_Med_2,0.218983661671982,-0.103704156791238,0.499961637127678,0.180446469873396,41,0.809433562537804,node
auc_degree,theta,switching,78,7Networks_RH_SalVentAttn_Med_2,0.0527305465532825,-0.267238129882002,0.362226398896745,0.749870558773305,41,0.994339751347641,node
auc_degree,theta,detail,78,7Networks_RH_SalVentAttn_Med_2,-0.183158551272602,-0.471436398200959,0.140482476593178,0.264386339371889,41,0.827644192816349,node
auc_degree,theta,communication,78,7Networks_RH_SalVentAttn_Med_2,0.302031195041254,-0.0149123750802612,0.563822688393845,0.0616612242710317,41,0.593302566024321,node
auc_degree,theta,imagination,78,7Networks_RH_SalVentAttn_Med_2,0.307819038007035,-0.00853208707364785,0.568159658416143,0.0566032096244607,41,0.593302566024321,node
auc_degree,theta,total,79,7Networks_RH_Limbic_OFC_1,0.100225006411854,-0.222328187463173,0.403003195753457,0.543802751957991,41,0.906337919929986,node
auc_degree,theta,social,79,7Networks_RH_Limbic_OFC_1,0.0294218541705403,-0.288781433920772,0.341771557612914,0.8588802680815,41,0.966588015830607,node
auc_degree,theta,switching,79,7Networks_RH_Limbic_OFC_1,0.0112780069712501,-0.305330958594218,0.32564167883082,0.945672831503524,41,0.966588015830607,node
auc_degree,theta,detail,79,7Networks_RH_Limbic_OFC_1,-0.146102052719909,-0.441282076587206,0.177607855389114,0.374811337031338,41,0.661431771231772,node
auc_degree,theta,communication,79,7Networks_RH_Limbic_OFC_1,0.183830295795036,-0.13980097876248,0.471976872636547,0.262608039362802,41,0.606018552375696,node
auc_degree,theta,imagination,79,7Networks_RH_Limbic_OFC_1,0.289858942353627,-0.0282468898012634,0.554654370749523,0.0734666206284229,41,0.343070751860171,node
auc_degree,theta,total,80,7Networks_RH_Limbic_TempPole_1,-0.0438931353292018,-0.354505943054119,0.275444019430391,0.790761435440243,41,0.966588015830607,node
auc_degree,theta,social,80,7Networks_RH_Limbic_TempPole_1,0.0069329355898319,-0.309266039102044,0.321751561258538,0.966588015830607,41,0.966588015830607,node
auc_degree,theta,switching,80,7Networks_RH_Limbic_TempPole_1,-0.148599979076652,-0.443335908401566,0.175133916327465,0.366610642815365,41,0.661431771231772,node
auc_degree,theta,detail,80,7Networks_RH_Limbic_TempPole_1,-0.0250320371284962,-0.337885813785786,0.292803027109422,0.879768670740834,41,0.966588015830607,node
auc_degree,theta,communication,80,7Networks_RH_Limbic_TempPole_1,0.0189397433579751,-0.298365720833532,0.332475355313676,0.908888572579425,41,0.966588015830607,node
auc_degree,theta,imagination,80,7Networks_RH_Limbic_TempPole_1,0.0534898518967193,-0.266530913009465,0.362887760834529,0.746386744539135,41,0.966588015830607,node
auc_degree,theta,total,81,7Networks_RH_Cont_Par_1,-0.0590379137367784,-0.367710732531476,0.261352970066069,0.721086002976301,41,0.922385107126411,node
auc_degree,theta,social,81,7Networks_RH_Cont_Par_1,-0.0525682959635418,-0.3620850367189,0.267389205372137,0.75061562785366,41,0.922385107126411,node
auc_degree,theta,switching,81,7Networks_RH_Cont_Par_1,-0.16193110032211,-0.454244869506797,0.161861319866954,0.324684226564796,41,0.821342370303531,node
auc_degree,theta,detail,81,7Networks_RH_Cont_Par_1,0.101240432626846,-0.221352836681327,0.403862068357219,0.539707869059012,41,0.895685399714957,node
auc_degree,theta,communication,81,7Networks_RH_Cont_Par_1,-0.0739680925076702,-0.380607700036855,0.247326619302726,0.654502981856192,41,0.911629153299695,node
auc_degree,theta,imagination,81,7Networks_RH_Cont_Par_1,0.0544061475832375,-0.265677016272537,0.363685447977783,0.742189247653333,41,0.922385107126411,node
auc_degree,theta,total,82,7Networks_RH_Cont_Par_2,-0.201149915068245,-0.485837565340852,0.122123384476359,0.219481511608551,41,0.821342370303531,node
auc_degree,theta,social,82,7Networks_RH_Cont_Par_2,-0.241995068435698,-0.517968130989232,0.0796056689348674,0.137742354677525,41,0.821342370303531,node
auc_degree,theta,switching,82,7Networks_RH_Cont_Par_2,-0.196684383783262,-0.482277499038051,0.126700921249779,0.230102143197489,41,0.821342370303531,node
auc_degree,theta,detail,82,7Networks_RH_Cont_Par_2,0.15709846772608,-0.166686311287996,0.450300391606148,0.339523067999265,41,0.822328622494356,node
auc_degree,theta,communication,82,7Networks_RH_Cont_Par_2,-0.0859301471837483,-0.390855383923733,0.235990699143588,0.602967570297001,41,0.911629153299695,node
auc_degree,theta,imagination,82,7Networks_RH_Cont_Par_2,-0.184773759271295,-0.47273560205983,0.138843298787187,0.260123822433019,41,0.821342370303531,node
auc_degree,theta,total,83,7Networks_RH_Cont_PFCl_1,-0.306251392444115,-0.566986410202042,0.0102627444564735,0.057939287782231,41,0.567819564061711,node
auc_degree,theta,social,83,7Networks_RH_Cont_PFCl_1,-0.170162670766804,-0.460937335144996,0.153606965505685,0.300356834180159,41,0.821342370303531,node
auc_degree,theta,switching,83,7Networks_RH_Cont_PFCl_1,-0.366450302276584,-0.611293040234576,-0.0575861463156055,0.0217624637326662,41,0.43072370480358,node
auc_degree,theta,detail,83,7Networks_RH_Cont_PFCl_1,0.0741052525332712,-0.247197135269079,0.380725631029777,0.653902416730929,41,0.911629153299695,node
auc_degree,theta,communication,83,7Networks_RH_Cont_PFCl_1,-0.242130505597928,-0.518073391896003,0.0794627120328832,0.137515400396602,41,0.821342370303531,node
auc_degree,theta,imagination,83,7Networks_RH_Cont_PFCl_1,-0.135695222420026,-0.432692017540825,0.187870905928148,0.410129884604244,41,0.860422104192118,node
auc_degree,theta,total,84,7Networks_RH_Cont_PFCl_2,-0.0419774734899032,-0.352826796792643,0.277216671939643,0.799702725019344,41,0.922385107126411,node
auc_degree,theta,social,84,7Networks_RH_Cont_PFCl_2,0.0404357990005552,-0.278641679939153,0.351474008293191,0.806916825577214,41,0.922385107126411,node
auc_degree,theta,switching,84,7Networks_RH_Cont_PFCl_2,-0.161355214447367,-0.453775422280908,0.162437108846814,0.326430942043711,41,0.821342370303531,node
auc_degree,theta,detail,84,7Networks_RH_Cont_PFCl_2,0.11800059967278,-0.205160353798198,0.417961577687217,0.47433526256745,41,0.860422104192118,node
auc_degree,theta,communication,84,7Networks_RH_Cont_PFCl_2,-0.00593290951955909,-0.320854736503425,0.31017017475947,0.971405308452948,41,0.991950050807488,node
auc_degree,theta,imagination,84,7Networks_RH_Cont_PFCl_2,-0.147870727133135,-0.442736626416379,0.175856588130999,0.368993612657724,41,0.822328622494356,node
auc_degree,theta,total,85,7Networks_RH_Cont_PFCl_3,-0.0644132701523852,-0.372367785585801,0.25631856174585,0.696848615069751,41,0.922385107126411,node
auc_degree,theta,social,85,7Networks_RH_Cont_PFCl_3,0.0767321168583595,-0.244715063800939,0.382982301169547,0.642442327024215,41,0.911629153299695,node
auc_degree,theta,switching,85,7Networks_RH_Cont_PFCl_3,-0.271817288888186,-0.540945819714034,0.0478051501331924,0.0941397966279713,41,0.815878237442418,node
auc_degree,theta,detail,85,7Networks_RH_Cont_PFCl_3,-0.0317675514120308,-0.343843534631752,0.286627883796652,0.847756342172629,41,0.941327326100282,node
auc_degree,theta,communication,85,7Networks_RH_Cont_PFCl_3,0.0525951869278774,-0.267364167625355,0.36210846667987,0.750492126724827,41,0.922385107126411,node
auc_degree,theta,imagination,85,7Networks_RH_Cont_PFCl_3,0.00844075833531062,-0.307901716743573,0.323102711626185,0.959326845520694,41,0.991950050807488,node
auc_degree,theta,total,86,7Networks_RH_Cont_PFCl_4,0.17309823737098,-0.150652302377698,0.463316047773992,0.291970785410206,41,0.821342370303531,node
auc_degree,theta,social,86,7Networks_RH_Cont_PFCl_4,0.21135550818725,-0.111609924719937,0.493938486482038,0.19648897069498,41,0.821342370303531,node
auc_degree,theta,switching,86,7Networks_RH_Cont_PFCl_4,0.06294262578273,-0.257697657417811,0.371095201097469,0.703451488365846,41,0.922385107126411,node
auc_degree,theta,detail,86,7Networks_RH_Cont_PFCl_4,-0.127241911147164,-0.425674522683527,0.196155743124617,0.440163318562972,41,0.860422104192118,node
auc_degree,theta,communication,86,7Networks_RH_Cont_PFCl_4,0.213018987375162,-0.109889384241263,0.495254277331617,0.192908024439279,41,0.821342370303531,node
auc_degree,theta,imagination,86,7Networks_RH_Cont_PFCl_4,0.122916708024013,-0.200376964300892,0.422070030006873,0.455985435139563,41,0.860422104192118,node
auc_degree,theta,total,87,7Networks_RH_Cont_Cing_1,0.328166123560172,0.0141040544942535,0.58329229038358,0.0413912446294726,41,0.538086180183144,node
auc_degree,theta,social,87,7Networks_RH_Cont_Cing_1,0.30590496581133,-0.010644938656764,0.566726996788591,0.0582379040063293,41,0.567819564061711,node
auc_degree,theta,switching,87,7Networks_RH_Cont_Cing_1,0.35277724485494,0.0419209766276249,0.601362550998854,0.0276104938976654,41,0.43072370480358,node
auc_degree,theta,detail,87,7Networks_RH_Cont_Cing_1,-0.0876441618962389,-0.392317584817765,0.234359193420435,0.595728898370725,41,0.911629153299695,node
auc_degree,theta,communication,87,7Networks_RH_Cont_Cing_1,0.17448472255838,-0.149254783860634,0.464438075440899,0.288062979252658,41,0.821342370303531,node
auc_degree,theta,imagination,87,7Networks_RH_Cont_Cing_1,0.118723553512127,-0.204457884239347,0.418566529608448,0.471612627667545,41,0.860422104192118,node
auc_degree,theta,total,88,7Networks_RH_Cont_PFCmp_1,0.184184015943613,-0.139441999545273,0.472261382940696,0.261674831210298,41,0.821342370303531,node
auc_degree,theta,social,88,7Networks_RH_Cont_PFCmp_1,0.212140421230096,-0.110798328485201,0.494559504010036,0.19479352796845,41,0.821342370303531,node
auc_degree,theta,switching,88,7Networks_RH_Cont_PFCmp_1,0.00325980415418638,-0.312584157797886,0.318454716490549,0.984286553646898,41,0.991950050807488,node
auc_degree,theta,detail,88,7Networks_RH_Cont_PFCmp_1,-0.0551398913224758,-0.364323886471192,0.264992877558109,0.738833296804462,41,0.922385107126411,node
auc_degree,theta,communication,88,7Networks_RH_Cont_PFCmp_1,0.167358602893698,-0.156423878375376,0.458661268514832,0.30850949860309,41,0.821342370303531,node
auc_degree,theta,imagination,88,7Networks_RH_Cont_PFCmp_1,0.209026536797052,-0.114015536643385,0.492094122741073,0.201580553067148,41,0.821342370303531,node
auc_degree,theta,total,89,7Networks_RH_Cont_pCun_1,0.20996408689855,-0.113047589465834,0.49283689502503,0.199519909728527,41,0.821342370303531,node
auc_degree,theta,social,89,7Networks_RH_Cont_pCun_1,0.0439275443634878,-0.275412159257035,0.354536085501978,0.7906010698438,41,0.922385107126411,node
auc_degree,theta,switching,89,7Networks_RH_Cont_pCun_1,0.181501962929005,-0.14216180788793,0.470102608719249,0.268805751441381,41,0.821342370303531,node
auc_degree,theta,detail,89,7Networks_RH_Cont_pCun_1,0.251209301398622,-0.0698495848779577,0.525110367349169,0.122924159295051,41,0.821342370303531,node
auc_degree,theta,communication,89,7Networks_RH_Cont_pCun_1,0.109522748284252,-0.213373222146536,0.410847590897474,0.506871358154927,41,0.878577020801874,node
auc_degree,theta,imagination,89,7Networks_RH_Cont_pCun_1,-0.0385088172531224,-0.349781292030498,0.280420863657238,0.815956056304133,41,0.922385107126411,node
auc_degree,theta,total,90,7Networks_RH_Default_Par_1,-0.0841342722378476,-0.389321696486019,0.237698179797575,0.610592380271042,41,0.920468696171364,node
auc_degree,theta,social,90,7Networks_RH_Default_Par_1,0.0016870446344462,-0.314002555272881,0.317040739901193,0.991867459758231,41,0.998803595840456,node
auc_degree,theta,switching,90,7Networks_RH_Default_Par_1,-0.12254040946897,-0.421755986360805,0.200743649581573,0.457376324832978,41,0.920468696171364,node
auc_degree,theta,detail,90,7Networks_RH_Default_Par_1,0.130340216332059,-0.193124537697743,0.42825074699105,0.429017645956769,41,0.920468696171364,node
auc_degree,theta,communication,90,7Networks_RH_Default_Par_1,-0.142292727332173,-0.438144027913835,0.181372739276009,0.387524596489893,41,0.920468696171364,node
auc_degree,theta,imagination,90,7Networks_RH_Default_Par_1,-0.145103861023977,-0.440460482971025,0.178595318707443,0.378118558073387,41,0.920468696171364,node
auc_degree,theta,total,91,7Networks_RH_Default_Temp_1,-0.180392926990995,-0.469208939658883,0.143285029287056,0.27179143328947,41,0.920468696171364,node
auc_degree,theta,social,91,7Networks_RH_Default_Temp_1,-0.0564133738770496,-0.365431268144741,0.263804723645789,0.733020063510567,41,0.920468696171364,node
auc_degree,theta,switching,91,7Networks_RH_Default_Temp_1,-0.220634506891237,-0.501261568082721,0.101987847766671,0.177101150314466,41,0.87904292515477,node
auc_degree,theta,detail,91,7Networks_RH_Default_Temp_1,-0.142441108096791,-0.438266396241678,0.181226266963888,0.38702472374513,41,0.920468696171364,node
auc_degree,theta,communication,91,7Networks_RH_Default_Temp_1,-0.025096424330121,-0.337942884716334,0.292744121939589,0.879461676399607,41,0.945093144787637,node
auc_degree,theta,imagination,91,7Networks_RH_Default_Temp_1,-0.0319670560887293,-0.344019618931624,0.286444572897789,0.846811546605951,41,0.945093144787637,node
auc_degree,theta,total,92,7Networks_RH_Default_Temp_2,-0.0185166111179105,-0.332098811026317,0.298751271489085,0.910915866335382,41,0.971643590757741,node
auc_degree,theta,social,92,7Networks_RH_Default_Temp_2,0.00827622250286079,-0.308050656867795,0.322955334441291,0.960119048252277,41,0.982790146051454,node
auc_degree,theta,switching,92,7Networks_RH_Default_Temp_2,-0.216712954710157,-0.498171535422489,0.106061772561118,0.185121058693947,41,0.87904292515477,node
auc_degree,theta,detail,92,7Networks_RH_Default_Temp_2,0.0286388931447959,-0.289499542851236,0.341079283975818,0.862599376159599,41,0.945093144787637,node
auc_degree,theta,communication,92,7Networks_RH_Default_Temp_2,0.0980340450554405,-0.224430481950079,0.401148207880795,0.552688336345293,41,0.920468696171364,node
auc_degree,theta,imagination,92,7Networks_RH_Default_Temp_2,0.0722905329243099,-0.248909368374127,0.379164517022341,0.661865551813428,41,0.920468696171364,node
auc_degree,theta,total,93,7Networks_RH_Default_Temp_3,-0.0940641444189107,-0.39778072723733,0.228232091892499,0.568960279615475,41,0.920468696171364,node
auc_degree,theta,social,93,7Networks_RH_Default_Temp_3,0.00782010383641216,-0.308463460773824,0.322546702378299,0.962315351342049,41,0.982790146051454,node
auc_degree,theta,switching,93,7Networks_RH_Default_Temp_3,-0.0263026667244352,-0.339011637542871,0.291640134872726,0.873713643594421,41,0.945093144787637,node
auc_degree,theta,detail,93,7Networks_RH_Default_Temp_3,-0.201866002330704,-0.486407575854599,0.12138805440085,0.217810325927284,41,0.896133912386539,node
auc_degree,theta,communication,93,7Networks_RH_Default_Temp_3,-0.110854947046614,-0.411967908931969,0.21208567765761,0.501685357771027,41,0.920468696171364,node
auc_degree,theta,imagination,93,7Networks_RH_Default_Temp_3,0.0954134041857994,-0.226941131023014,0.398926159766289,0.563405344957408,41,0.920468696171364,node
auc_degree,theta,total,94,7Networks_RH_Default_PFCv_1,0.0358894049215727,-0.282835860005421,0.347477061046506,0.82828092770477,41,0.945093144787637,node
auc_degree,theta,social,94,7Networks_RH_Default_PFCv_1,0.172304107374672,-0.151452169479268,0.462672970382235,0.294224346879793,41,0.920468696171364,node
auc_degree,theta,switching,94,7Networks_RH_Default_PFCv_1,-0.255003674782206,-0.528040330323403,0.0658141472864921,0.117181992124514,41,0.866745470862641,node
auc_degree,theta,detail,94,7Networks_RH_Default_PFCv_1,0.0822713599509714,-0.239467298925244,0.387728968621307,0.618544830400834,41,0.920468696171364,node
auc_degree,theta,communication,94,7Networks_RH_Default_PFCv_1,-0.0134219059980387,-0.327557186095726,0.303385360734092,0.935365434259862,41,0.982790146051454,node
auc_degree,theta,imagination,94,7Networks_RH_Default_PFCv_1,0.129646236089597,-0.193804025495898,0.427674126655587,0.431500362437167,41,0.920468696171364,node
auc_degree,theta,total,95,7Networks_RH_Default_PFCv_2,0.077989309615947,-0.243525675051781,0.384061030657515,0.6369861709439,41,0.920468696171364,node
auc_degree,theta,social,95,7Networks_RH_Default_PFCv_2,0.0597822706486719,-0.260656864462427,0.368356546649979,0.717713012382026,41,0.920468696171364,node
auc_degree,theta,switching,95,7Networks_RH_Default_PFCv_2,-0.131260517781149,-0.42901504106903,0.192222976187893,0.425737580239498,41,0.920468696171364,node
auc_degree,theta,detail,95,7Networks_RH_Default_PFCv_2,0.273907041824955,-0.0455522105385848,0.542541028427563,0.0915385959931261,41,0.866745470862641,node
auc_degree,theta,communication,95,7Networks_RH_Default_PFCv_2,-0.0307494829078087,-0.342944637974925,0.287562952878714,0.85258085563837,41,0.945093144787637,node
auc_degree,theta,imagination,95,7Networks_RH_Default_PFCv_2,0.0440034183117086,-0.275341903218346,0.354602549094584,0.790247484298642,41,0.932751129008233,node
auc_degree,theta,total,96,7Networks_RH_Default_PFCdPFCm_1,-0.0273905888085098,-0.33997486464592,0.290643710862699,0.868534902513531,41,0.945093144787637,node
auc_degree,theta,social,96,7Networks_RH_Default_PFCdPFCm_1,-0.105247064661395,-0.407245779438124,0.21749802514466,0.523696342626197,41,0.920468696171364,node
auc_degree,theta,switching,96,7Networks_RH_Default_PFCdPFCm_1,-0.0725417051110391,-0.379380692308643,0.248672500818859,0.660761174238182,41,0.920468696171364,node
auc_degree,theta,detail,96,7Networks_RH_Default_PFCdPFCm_1,-0.0758717125103629,-0.382243552734841,0.245528506863519,0.646187154450252,41,0.920468696171364,node
auc_degree,theta,communication,96,7Networks_RH_Default_PFCdPFCm_1,0.0541363354557991,-0.265928506605404,0.363450608390659,0.743424483838603,41,0.920468696171364,node
auc_degree,theta,imagination,96,7Networks_RH_Default_PFCdPFCm_1,0.218165299442435,-0.104554259083068,0.499316761513509,0.182121400926375,41,0.87904292515477,node
auc_degree,theta,total,97,7Networks_RH_Default_PFCdPFCm_2,-0.0450168337846864,-0.355489973688264,0.274403196566868,0.785528790556352,41,0.932751129008233,node
auc_degree,theta,social,97,7Networks_RH_Default_PFCdPFCm_2,0.0712234959905706,-0.249915207806449,0.378245781357002,0.666565043607947,41,0.920468696171364,node
auc_degree,theta,switching,97,7Networks_RH_Default_PFCdPFCm_2,-0.283481508520709,-0.54982498856057,0.0351883631452715,0.0803225404346879,41,0.866745470862641,node
auc_degree,theta,detail,97,7Networks_RH_Default_PFCdPFCm_2,0.01188581363912,-0.30477963969677,0.326184997451701,0.942749671905133,41,0.982790146051454,node
auc_degree,theta,communication,97,7Networks_RH_Default_PFCdPFCm_2,0.0676101466587326,-0.253316181942391,0.375130131989419,0.682571621178418,41,0.920468696171364,node
auc_degree,theta,imagination,97,7Networks_RH_Default_PFCdPFCm_2,0.0279561692965669,-0.290125425021649,0.340475360706987,0.865844739912374,41,0.945093144787637,node
auc_degree,theta,total,98,7Networks_RH_Default_PFCdPFCm_3,0.172300218111782,-0.151456085796641,0.462669820149484,0.294235411166565,41,0.920468696171364,node
auc_degree,theta,social,98,7Networks_RH_Default_PFCdPFCm_3,0.228056181050768,-0.0942480689720389,0.507090037326099,0.162608354952052,41,0.87904292515477,node
auc_degree,theta,switching,98,7Networks_RH_Default_PFCdPFCm_3,-0.0732199327789726,-0.379964252289579,0.248032707233811,0.657782620455978,41,0.920468696171364,node
auc_degree,theta,detail,98,7Networks_RH_Default_PFCdPFCm_3,-0.0315636965532834,-0.343663588156183,0.286815167695358,0.848721955638358,41,0.945093144787637,node
auc_degree,theta,communication,98,7Networks_RH_Default_PFCdPFCm_3,0.089661532671826,-0.23243660793388,0.39403660389585,0.587258133891407,41,0.920468696171364,node
auc_degree,theta,imagination,98,7Networks_RH_Default_PFCdPFCm_3,0.317058795096173,0.00170711751446722,0.575053387797311,0.0492198652095713,41,0.866745470862641,node
auc_degree,theta,total,99,7Networks_RH_Default_pCunPCC_1,-0.0852268404423205,-0.390254957590983,0.236659625494808,0.605948731743584,41,0.920468696171364,node
auc_degree,theta,social,99,7Networks_RH_Default_pCunPCC_1,-0.0686898481173469,-0.376061844659545,0.252300770517381,0.677773962218306,41,0.920468696171364,node
auc_degree,theta,switching,99,7Networks_RH_Default_pCunPCC_1,0.110767526186309,-0.212170202624112,0.41189441989865,0.50202484306025,41,0.920468696171364,node
auc_degree,theta,detail,99,7Networks_RH_Default_pCunPCC_1,0.0169877259059266,-0.300143502168504,0.330737426522688,0.918245542491984,41,0.972259986167983,node
auc_degree,theta,communication,99,7Networks_RH_Default_pCunPCC_1,-0.101775040649534,-0.404314038773921,0.220839068352002,0.537557933958139,41,0.920468696171364,node
auc_degree,theta,imagination,99,7Networks_RH_Default_pCunPCC_1,-0.270293519898394,-0.539781431744639,0.0494458610615708,0.0960720367260218,41,0.866745470862641,node
auc_degree,theta,total,100,7Networks_RH_Default_pCunPCC_2,0.188705394281461,-0.134845892839913,0.475892816471036,0.249939770034737,41,0.920468696171364,node
auc_degree,theta,social,100,7Networks_RH_Default_pCunPCC_2,0.0791889583536126,-0.242389824463727,0.385089606224685,0.631797283977985,41,0.920468696171364,node
auc_degree,theta,switching,100,7Networks_RH_Default_pCunPCC_2,0.274358478931966,-0.045065093961317,0.542885377746875,0.0909840185284787,41,0.866745470862641,node
auc_degree,theta,detail,100,7Networks_RH_Default_pCunPCC_2,0.116682757886107,-0.206439999608509,0.416858151715454,0.479319461422801,41,0.920468696171364,node
auc_degree,theta,communication,100,7Networks_RH_Default_pCunPCC_2,0.0943205669971423,-0.227986836029262,0.397998485981575,0.567902653653265,41,0.920468696171364,node
auc_degree,theta,imagination,100,7Networks_RH_Default_pCunPCC_2,-0.10657794856682,-0.4083679162447,0.216215340030962,0.518429987561852,41,0.920468696171364,node
auc_degree,alpha,total,1,7Networks_LH_Vis_1,0.106340215068967,-0.216444545633295,0.408167537773183,0.519368778236379,41,0.999063632919788,node
auc_degree,alpha,social,1,7Networks_LH_Vis_1,0.109663517510375,-0.213237224373805,0.41096601437138,0.506322096675777,41,0.999063632919788,node
auc_degree,alpha,switching,1,7Networks_LH_Vis_1,0.00921846418805579,-0.307197516682108,0.323799107792222,0.955582901927595,41,0.999063632919788,node
auc_degree,alpha,detail,1,7Networks_LH_Vis_1,0.170465251595424,-0.153302683711368,0.461182712055944,0.299485406784961,41,0.999063632919788,node
auc_degree,alpha,communication,1,7Networks_LH_Vis_1,-0.0319371720000038,-0.343993244411922,0.286472032782054,0.84695305546487,41,0.999063632919788,node
auc_degree,alpha,imagination,1,7Networks_LH_Vis_1,0.00809620127303301,-0.308213596827725,0.322794069270891,0.960985852893099,41,0.999063632919788,node
auc_degree,alpha,total,2,7Networks_LH_Vis_2,0.0248519217013972,-0.292967794401483,0.337726152523714,0.880627542268795,41,0.999063632919788,node
auc_degree,alpha,social,2,7Networks_LH_Vis_2,0.115699433935407,-0.207394103623546,0.416034240033472,0.483056257053933,41,0.999063632919788,node
auc_degree,alpha,switching,2,7Networks_LH_Vis_2,-0.0795438951480133,-0.385393782450325,0.242053594369742,0.630265375532305,41,0.999063632919788,node
auc_degree,alpha,detail,2,7Networks_LH_Vis_2,-0.097252628953489,-0.400486016214049,0.225179549163774,0.555873852118641,41,0.999063632919788,node
auc_degree,alpha,communication,2,7Networks_LH_Vis_2,0.176316414173924,-0.147406530914426,0.465918965242955,0.282952453852326,41,0.999063632919788,node
auc_degree,alpha,imagination,2,7Networks_LH_Vis_2,-0.0674158074989337,-0.374962363827805,0.253498874251931,0.68343648245977,41,0.999063632919788,node
auc_degree,alpha,total,3,7Networks_LH_Vis_3,-0.0958769327780475,-0.399319446494873,0.226497369017514,0.56150279033104,41,0.999063632919788,node
auc_degree,alpha,social,3,7Networks_LH_Vis_3,-0.0668213614379,-0.374449068252333,0.254057552766744,0.686084396024418,41,0.999063632919788,node
auc_degree,alpha,switching,3,7Networks_LH_Vis_3,-0.229247247943057,-0.508023048380965,0.0930023124120118,0.160364825855835,41,0.999063632919788,node
auc_degree,alpha,detail,3,7Networks_LH_Vis_3,0.0939086812500242,-0.228380765022328,0.397648688406636,0.569601933079145,41,0.999063632919788,node
auc_degree,alpha,communication,3,7Networks_LH_Vis_3,-0.0369573319843983,-0.348416944133913,0.281851760435953,0.823251040665269,41,0.999063632919788,node
auc_degree,alpha,imagination,3,7Networks_LH_Vis_3,0.000711657363754669,-0.314881503551184,0.316163121070616,0.99656934913277,41,0.999063632919788,node
auc_degree,alpha,total,4,7Networks_LH_Vis_4,0.0263908715679633,-0.291559374063524,0.33908975699228,0.873293573473426,41,0.999063632919788,node
auc_degree,alpha,social,4,7Networks_LH_Vis_4,0.00476003972447941,-0.311229852412636,0.319802185206835,0.977056480611847,41,0.999063632919788,node
auc_degree,alpha,switching,4,7Networks_LH_Vis_4,0.0163863379024952,-0.300690767016433,0.330201566947609,0.921130535605676,41,0.999063632919788,node
auc_degree,alpha,detail,4,7Networks_LH_Vis_4,-0.107153785679646,-0.408853151648287,0.215660011650255,0.516159543440609,41,0.999063632919788,node
auc_degree,alpha,communication,4,7Networks_LH_Vis_4,0.249958143946345,-0.0711779311576577,0.524142815143551,0.124863027288951,41,0.999063632919788,node
auc_degree,alpha,imagination,4,7Networks_LH_Vis_4,-0.0992733883106917,-0.402197809242972,0.223241662768021,0.547653717714178,41,0.999063632919788,node
auc_degree,alpha,total,5,7Networks_LH_Vis_5,0.0420012107994535,-0.2771947199725,0.352847615653178,0.799591775185223,41,0.999063632919788,node
auc_degree,alpha,social,5,7Networks_LH_Vis_5,-0.0666117133452479,-0.374267995173574,0.254254535367467,0.687019141178797,41,0.999063632919788,node
auc_degree,alpha,switching,5,7Networks_LH_Vis_5,0.20898927782711,-0.114053990950063,0.492064595875597,0.201662750860892,41,0.999063632919788,node
auc_degree,alpha,detail,5,7Networks_LH_Vis_5,-0.219953995392763,-0.500725863892104,0.102695577520802,0.178474750419005,41,0.999063632919788,node
auc_degree,alpha,communication,5,7Networks_LH_Vis_5,0.159935133843335,-0.16385600881925,0.452617115400654,0.330763139761533,41,0.999063632919788,node
auc_degree,alpha,imagination,5,7Networks_LH_Vis_5,0.0683963138562597,-0.252576896482583,0.375808605043107,0.679077053318753,41,0.999063632919788,node
auc_degree,alpha,total,6,7Networks_LH_Vis_6,0.0827974219493892,-0.238967939261969,0.388178918966182,0.616294766591217,41,0.999063632919788,node
auc_degree,alpha,social,6,7Networks_LH_Vis_6,-0.00411297240108583,-0.319221164075062,0.311814135965342,0.980174698580469,41,0.999063632919788,node
auc_degree,alpha,switching,6,7Networks_LH_Vis_6,-0.024249378810578,-0.337191904366998,0.293518855775694,0.883501711556075,41,0.999063632919788,node
auc_degree,alpha,detail,6,7Networks_LH_Vis_6,-0.00168866825443956,-0.317042200326707,0.314001091733014,0.991859633222053,41,0.999063632919788,node
auc_degree,alpha,communication,6,7Networks_LH_Vis_6,0.189229520829185,-0.134312201599543,0.476313146567602,0.248602597631912,41,0.999063632919788,node
auc_degree,alpha,imagination,6,7Networks_LH_Vis_6,0.119894744397193,-0.203319171184965,0.419545992102527,0.467219528553239,41,0.999063632919788,node
auc_degree,alpha,total,7,7Networks_LH_Vis_7,-0.0655308253463038,-0.373334059660186,0.25526970129621,0.691845687548031,41,0.999063632919788,node
auc_degree,alpha,social,7,7Networks_LH_Vis_7,0.0855410617542871,-0.236360802259644,0.390523246364433,0.604616035472905,41,0.999063632919788,node
auc_degree,alpha,switching,7,7Networks_LH_Vis_7,-0.264901493815638,-0.535652818001259,0.0552378748800774,0.103154516150435,41,0.999063632919788,node
auc_degree,alpha,detail,7,7Networks_LH_Vis_7,-0.0988172196846667,-0.401811572038762,0.223679346461447,0.549504293072661,41,0.999063632919788,node
auc_degree,alpha,communication,7,7Networks_LH_Vis_7,0.116446177994902,-0.20666960556473,0.416659970193142,0.480217120284289,41,0.999063632919788,node
auc_degree,alpha,imagination,7,7Networks_LH_Vis_7,-0.00732697930538352,-0.322104785125695,0.308909622348403,0.964690153122921,41,0.999063632919788,node
auc_degree,alpha,total,8,7Networks_LH_Vis_8,0.101066338226052,-0.221520106019024,0.403714852889476,0.540408882335413,41,0.999063632919788,node
auc_degree,alpha,social,8,7Networks_LH_Vis_8,-0.0769779188118733,-0.383193276314287,0.244482594707498,0.641374090868352,41,0.999063632919788,node
auc_degree,alpha,switching,8,7Networks_LH_Vis_8,0.0597932968945499,-0.260646550463911,0.368366110932081,0.717663087331914,41,0.999063632919788,node
auc_degree,alpha,detail,8,7Networks_LH_Vis_8,-0.0846569425882982,-0.389768234593868,0.237201440781528,0.608369029981531,41,0.999063632919788,node
auc_degree,alpha,communication,8,7Networks_LH_Vis_8,0.234202510233817,-0.0878086686270962,0.51189769679363,0.151271530421695,41,0.999063632919788,node
auc_degree,alpha,imagination,8,7Networks_LH_Vis_8,0.246793414420292,-0.0745328284870514,0.521692284886831,0.129869226464557,41,0.999063632919788,node
auc_degree,alpha,total,9,7Networks_LH_Vis_9,-0.00206796384598586,-0.31738333090421,0.313659151510752,0.990031289906652,41,0.999063632919788,node
auc_degree,alpha,social,9,7Networks_LH_Vis_9,-0.0461607199105667,-0.356490976399205,0.273342905660327,0.780211666864305,41,0.999063632919788,node
auc_degree,alpha,switching,9,7Networks_LH_Vis_9,-0.104162980866989,-0.406331058203514,0.218542024982237,0.5280054525679,41,0.999063632919788,node
auc_degree,alpha,detail,9,7Networks_LH_Vis_9,-0.0516972174552994,-0.361325858842118,0.268200019034477,0.754619495530292,41,0.999063632919788,node
auc_degree,alpha,communication,9,7Networks_LH_Vis_9,0.222417548581654,-0.100131939991234,0.502664173514116,0.173537958276617,41,0.999063632919788,node
auc_degree,alpha,imagination,9,7Networks_LH_Vis_9,0.0133155576468898,-0.303481934642088,0.327462227974929,0.935876502824231,41,0.999063632919788,node
auc_degree,alpha,total,10,7Networks_LH_SomMot_1,0.282520866698809,-0.0362313091915974,0.549095985486108,0.0813970633840331,41,0.683735332425878,node
auc_degree,alpha,social,10,7Networks_LH_SomMot_1,0.320907517629691,0.00599174694747379,0.577914129260075,0.0463825906737714,41,0.556591088085257,node
auc_degree,alpha,switching,10,7Networks_LH_SomMot_1,0.0963398211633194,-0.22605408632236,0.399712078617369,0.559605841709183,41,0.972525514045378,node
auc_degree,alpha,detail,10,7Networks_LH_SomMot_1,0.00622431016441035,-0.309906774936255,0.321116123317669,0.970001472094964,41,0.998883527276068,node
auc_degree,alpha,communication,10,7Networks_LH_SomMot_1,0.208576448454984,-0.114479999882162,0.491737394626055,0.202575070752382,41,0.972525514045378,node
auc_degree,alpha,imagination,10,7Networks_LH_SomMot_1,0.124325409236683,-0.199003446396903,0.423245038267326,0.450798847956588,41,0.972525514045378,node
auc_degree,alpha,total,11,7Networks_LH_SomMot_2,0.231075904093929,-0.0910877250603387,0.509454236901306,0.156964102715713,41,0.966736631896946,node
auc_degree,alpha,social,11,7Networks_LH_SomMot_2,0.260414980622707,-0.0600408375245952,0.532207650883129,0.109345247506091,41,0.796244494400248,node
auc_degree,alpha,switching,11,7Networks_LH_SomMot_2,0.147458617294072,-0.176264825197957,0.442397847766968,0.370344335087271,41,0.972525514045378,node
auc_degree,alpha,detail,11,7Networks_LH_SomMot_2,0.0131950442769178,-0.30359136380028,0.327354614281205,0.936455673537631,41,0.998883527276068,node
auc_degree,alpha,communication,11,7Networks_LH_SomMot_2,0.119469462624282,-0.203732760764391,0.419190411233863,0.468812225882172,41,0.972525514045378,node
auc_degree,alpha,imagination,11,7Networks_LH_SomMot_2,0.056655476421085,-0.263578732999456,0.365641694243868,0.731916553918813,41,0.975888738558418,node
auc_degree,alpha,total,12,7Networks_LH_SomMot_3,0.154157753605067,-0.169614806304571,0.447894516153714,0.34875337761431,41,0.972525514045378,node
auc_degree,alpha,social,12,7Networks_LH_SomMot_3,0.0887574544243172,-0.233298519831269,0.393266494241413,0.591047669344072,41,0.972525514045378,node
auc_degree,alpha,switching,12,7Networks_LH_SomMot_3,0.0849397571674474,-0.236932587338902,0.390009794553945,0.607167428943052,41,0.972525514045378,node
auc_degree,alpha,detail,12,7Networks_LH_SomMot_3,0.0854335994732779,-0.23646300531905,0.390431498634443,0.605071669763215,41,0.972525514045378,node
auc_degree,alpha,communication,12,7Networks_LH_SomMot_3,0.0610895136746573,-0.259433553693849,0.369490008068547,0.711802135965248,41,0.972525514045378,node
auc_degree,alpha,imagination,12,7Networks_LH_SomMot_3,0.11489628283176,-0.208172932927533,0.415360926295817,0.486119581230379,41,0.972525514045378,node
auc_degree,alpha,total,13,7Networks_LH_SomMot_4,-0.336734062192696,-0.589611926635713,-0.0237331899878349,0.036070133557357,41,0.541645899032354,node
auc_degree,alpha,social,13,7Networks_LH_SomMot_4,-0.222531953418823,-0.502754118175204,0.100012783191135,0.173311100728478,41,0.966736631896946,node
auc_degree,alpha,switching,13,7Networks_LH_SomMot_4,-0.0872322807515048,-0.391966355528672,0.234751413126165,0.597464895043266,41,0.972525514045378,node
auc_degree,alpha,detail,13,7Networks_LH_SomMot_4,-0.379822747128044,-0.620931191172977,-0.0730554459608132,0.0170807484017166,41,0.478260955248065,node
auc_degree,alpha,communication,13,7Networks_LH_SomMot_4,-0.126369403319867,-0.424948162963949,0.197008241229432,0.443330513362944,41,0.972525514045378,node
auc_degree,alpha,imagination,13,7Networks_LH_SomMot_4,-0.083859491996535,-0.38908688323127,0.237959259825174,0.611762632720818,41,0.972525514045378,node
auc_degree,alpha,total,14,7Networks_LH_SomMot_5,-0.457891221244251,-0.675780338219784,-0.166410986064841,0.00337741038427674,41,0.258354735630976,node
auc_degree,alpha,social,14,7Networks_LH_SomMot_5,-0.290179573813574,-0.554896702369159,0.0278970888418336,0.0731344498088242,41,0.682588198215692,node
auc_degree,alpha,switching,14,7Networks_LH_SomMot_5,-0.352086839144823,-0.600859076812143,-0.0411340142361185,0.0279372521430131,41,0.541645899032354,node
auc_degree,alpha,detail,14,7Networks_LH_SomMot_5,0.0811758241957571,-0.240506680410784,0.386791469609482,0.623241641191832,41,0.972525514045378,node
auc_degree,alpha,communication,14,7Networks_LH_SomMot_5,-0.332397229861141,-0.586416982289184,-0.0188519425967997,0.0386889927880253,41,0.541645899032354,node
auc_degree,alpha,imagination,14,7Networks_LH_SomMot_5,-0.431056277847699,-0.65719499898447,-0.133720929161871,0.00615130322930894,41,0.258354735630976,node
auc_degree,alpha,total,15,7Networks_LH_SomMot_6,-0.0359920271096198,-0.347567406079975,0.282741322333268,0.827797285278561,41,0.998883527276068,node
auc_degree,alpha,social,15,7Networks_LH_SomMot_6,-0.0597594264583288,-0.368336731150217,0.26067823278502,0.717816450843017,41,0.972525514045378,node
auc_degree,alpha,switching,15,7Networks_LH_SomMot_6,-0.150491053864829,-0.444888722304886,0.173258278348491,0.360474198224826,41,0.972525514045378,node
auc_degree,alpha,detail,15,7Networks_LH_SomMot_6,-0.0217961957076934,-0.335014692481454,0.295760259758726,0.895218364242168,41,0.998883527276068,node
auc_degree,alpha,communication,15,7Networks_LH_SomMot_6,0.163282653698222,-0.160509127446357,0.455345983555828,0.32060779840246,41,0.972525514045378,node
auc_degree,alpha,imagination,15,7Networks_LH_SomMot_6,0.00860119869442833,-0.307756468966472,0.323246405739258,0.958554398642258,41,0.998883527276068,node
auc_degree,alpha,total,16,7Networks_LH_DorsAttn_Post_1,-0.00759115915322143,-0.322341548941787,0.308670619105507,0.963417870390479,41,0.971382884588094,node
auc_degree,alpha,social,16,7Networks_LH_DorsAttn_Post_1,0.0530689840823708,-0.26692295179485,0.36252121959775,0.748317144335205,41,0.926665713966803,node
auc_degree,alpha,switching,16,7Networks_LH_DorsAttn_Post_1,-0.109468293070809,-0.410801777194484,0.213425828212835,0.507083915148657,41,0.926665713966803,node
auc_degree,alpha,detail,16,7Networks_LH_DorsAttn_Post_1,0.0850881175114572,-0.236791531083852,0.390136496546375,0.606537493414017,41,0.926665713966803,node
auc_degree,alpha,communication,16,7Networks_LH_DorsAttn_Post_1,0.0646189201059446,-0.25612560953181,0.372545647272211,0.695927030677252,41,0.926665713966803,node
auc_degree,alpha,imagination,16,7Networks_LH_DorsAttn_Post_1,-0.158413173429094,-0.451374611436361,0.165375218000223,0.335445534123878,41,0.860923545448491,node
auc_degree,alpha,total,17,7Networks_LH_DorsAttn_Post_2,-0.441343785562691,-0.664352571631543,-0.146177050054792,0.00491556789079658,41,0.327468489098967,node
auc_degree,alpha,social,17,7Networks_LH_DorsAttn_Post_2,-0.222469526194937,-0.502705038874122,0.100077804562831,0.173434863605451,41,0.670945364374664,node
auc_degree,alpha,switching,17,7Networks_LH_DorsAttn_Post_2,-0.31574837571434,-0.574077915936179,-0.000250917329070088,0.0502171632524976,41,0.473336706240516,node
auc_degree,alpha,detail,17,7Networks_LH_DorsAttn_Post_2,-0.254158088392046,-0.527387942544618,0.0667143651616318,0.118443823530405,41,0.561049690407182,node
auc_degree,alpha,communication,17,7Networks_LH_DorsAttn_Post_2,-0.155548437154932,-0.449032801297585,0.168230613524032,0.344369418179396,41,0.860923545448491,node
auc_degree,alpha,imagination,17,7Networks_LH_DorsAttn_Post_2,-0.28477841552147,-0.550808530232524,0.0337792400088512,0.078889451040086,41,0.473336706240516,node
auc_degree,alpha,total,18,7Networks_LH_DorsAttn_Post_3,-0.213370075830435,-0.49553181844051,0.109526005134562,0.192158155794059,41,0.670945364374664,node
auc_degree,alpha,social,18,7Networks_LH_DorsAttn_Post_3,-0.193172393887664,-0.479470984191494,0.130291349815291,0.238697213533311,41,0.730914458557876,node
auc_degree,alpha,switching,18,7Networks_LH_DorsAttn_Post_3,-0.0309251727536762,-0.343099802960521,0.287401629699071,0.851747898284601,41,0.958216385570177,node
auc_degree,alpha,detail,18,7Networks_LH_DorsAttn_Post_3,-0.0716169654589883,-0.37858463519757,0.249544385542475,0.664830635213689,41,0.926665713966803,node
auc_degree,alpha,communication,18,7Networks_LH_DorsAttn_Post_3,-0.185762414274375,-0.473530216460883,0.137839096436839,0.257537397817287,41,0.730914458557876,node
auc_degree,alpha,imagination,18,7Networks_LH_DorsAttn_Post_3,-0.107258110253358,-0.408941043636019,0.215559380301761,0.51574873610016,41,0.926665713966803,node
auc_degree,alpha,total,19,7Networks_LH_DorsAttn_Post_4,-0.304502430998098,-0.565676212905924,0.0121913365737702,0.0594594228809317,41,0.473336706240516,node
auc_degree,alpha,social,19,7Networks_LH_DorsAttn_Post_4,-0.0260698644959569,-0.338805433346355,0.291853268024172,0.874822513480141,41,0.961630715574663,node
auc_degree,alpha,switching,19,7Networks_LH_DorsAttn_Post_4,-0.241825199510427,-0.517836098117644,0.0797849506207159,0.138027398021251,41,0.621123291095631,node
auc_degree,alpha,detail,19,7Networks_LH_DorsAttn_Post_4,-0.186554883814407,-0.47416681213213,0.137033684062622,0.25547660738948,41,0.730914458557876,node
auc_degree,alpha,communication,19,7Networks_LH_DorsAttn_Post_4,-0.233548369206385,-0.51138685342032,0.0884952827035679,0.152449857455046,41,0.653356531950198,node
auc_degree,alpha,imagination,19,7Networks_LH_DorsAttn_Post_4,-0.196282674645461,-0.481956780349933,0.127112032010812,0.231074431350476,41,0.730914458557876,node
auc_degree,alpha,total,20,7Networks_LH_DorsAttn_Post_5,-0.0385909669514553,-0.349853496190927,0.280345059472855,0.815570213964205,41,0.951330871577965,node
auc_degree,alpha,social,20,7Networks_LH_DorsAttn_Post_5,-0.0199578370391011,-0.333380944835441,0.297437627255722,0.904013078779314,41,0.961630715574663,node
auc_degree,alpha,switching,20,7Networks_LH_DorsAttn_Post_5,0.0344529697278102,-0.284158484022224,0.34621186557568,0.835057098385102,41,0.951330871577965,node
auc_degree,alpha,detail,20,7Networks_LH_DorsAttn_Post_5,-0.00593756400144683,-0.320858911957672,0.310165967910244,0.971382884588094,41,0.971382884588094,node
auc_degree,alpha,communication,20,7Networks_LH_DorsAttn_Post_5,-0.0754469674008474,-0.381878719545939,0.245929902377881,0.64803899813271,41,0.926665713966803,node
auc_degree,alpha,imagination,20,7Networks_LH_DorsAttn_Post_5,-0.0605865188846589,-0.369053988738858,0.259904375198573,0.714074551975398,41,0.926665713966803,node
auc_degree,alpha,total,21,7Networks_LH_DorsAttn_Post_6,-0.114589784137299,-0.415103889340442,0.208470041966657,0.48729125728501,41,0.926665713966803,node
auc_degree,alpha,social,21,7Networks_LH_DorsAttn_Post_6,-0.0582798438836554,-0.367052714721813,0.262061557336292,0.724526487203506,41,0.926665713966803,node
auc_degree,alpha,switching,21,7Networks_LH_DorsAttn_Post_6,-0.12799615433919,-0.426302117729021,0.195418403248407,0.43743548270616,41,0.926665713966803,node
auc_degree,alpha,detail,21,7Networks_LH_DorsAttn_Post_6,-0.0725693403483544,-0.37940447496405,0.248646437103272,0.660639708202681,41,0.926665713966803,node
auc_degree,alpha,communication,21,7Networks_LH_DorsAttn_Post_6,0.0687865709590862,-0.252209772452826,0.376145279905737,0.677344781190173,41,0.926665713966803,node
auc_degree,alpha,imagination,21,7Networks_LH_DorsAttn_Post_6,-0.134951292194642,-0.432075886635829,0.188601862069026,0.412725090937773,41,0.926665713966803,node
auc_degree,alpha,total,22,7Networks_LH_DorsAttn_PrCv_1,-0.409641268936208,-0.642163445257077,-0.108089489423046,0.00960509976498443,41,0.327468489098967,node
auc_degree,alpha,social,22,7Networks_LH_DorsAttn_PrCv_1,-0.300306747197132,-0.562527720392666,0.0168083603542904,0.0632356222897282,41,0.473336706240516,node
auc_degree,alpha,switching,22,7Networks_LH_DorsAttn_PrCv_1,-0.225812782437339,-0.505330914418442,0.0965917389333159,0.166895570015754,41,0.670945364374664,node
auc_degree,alpha,detail,22,7Networks_LH_DorsAttn_PrCv_1,-0.262990193895861,-0.534186243191443,0.0572857984431679,0.105758321286522,41,0.52879160643261,node
auc_degree,alpha,communication,22,7Networks_LH_DorsAttn_PrCv_1,-0.209161225308022,-0.492200854815169,0.113876519001014,0.201283609312399,41,0.670945364374664,node
auc_degree,alpha,imagination,22,7Networks_LH_DorsAttn_PrCv_1,-0.086074094726,-0.39097824269304,0.235853750699612,0.602358189623472,41,0.926665713966803,node
auc_degree,alpha,total,23,7Networks_LH_DorsAttn_FEF_1,-0.290993484122859,-0.555511649934445,0.0270087829092731,0.0722965364369462,41,0.473336706240516,node
auc_degree,alpha,social,23,7Networks_LH_DorsAttn_FEF_1,-0.343061575022511,-0.594259252146644,-0.0308818863228165,0.0325106693458216,41,0.417994320160564,node
auc_degree,alpha,switching,23,7Networks_LH_DorsAttn_FEF_1,-0.124239294408346,-0.423173238086281,0.199087446914765,0.451114985422601,41,0.926665713966803,node
auc_degree,alpha,detail,23,7Networks_LH_DorsAttn_FEF_1,-0.0158876803114373,-0.32975709062525,0.30114438859207,0.92352346440108,41,0.961630715574663,node
auc_degree,alpha,communication,23,7Networks_LH_DorsAttn_FEF_1,-0.211890093832211,-0.494361478095165,0.111057212573323,0.195333123614453,41,0.670945364374664,node
auc_degree,alpha,imagination,23,7Networks_LH_DorsAttn_FEF_1,-0.0600403126599462,-0.368580357894619,0.260415471663225,0.716544943498271,41,0.926665713966803,node
auc_degree,alpha,total,24,7Networks_LH_SalVentAttn_ParOper_1,-0.162013824344084,-0.454312290651751,0.161778591649971,0.32443379694306,41,0.986457546208029,node
auc_degree,alpha,social,24,7Networks_LH_SalVentAttn_ParOper_1,-0.0176689554293145,-0.331344183639209,0.29952332901799,0.914978779874611,41,0.986457546208029,node
auc_degree,alpha,switching,24,7Networks_LH_SalVentAttn_ParOper_1,-0.17413987956924,-0.464159094580143,0.149602491911122,0.289031743705494,41,0.986457546208029,node
auc_degree,alpha,detail,24,7Networks_LH_SalVentAttn_ParOper_1,-0.173214818580391,-0.463410428182698,0.150534843247793,0.291640892845992,41,0.986457546208029,node
auc_degree,alpha,communication,24,7Networks_LH_SalVentAttn_ParOper_1,0.00280938008082456,-0.312990517958262,0.318049909684228,0.986457546208029,41,0.986457546208029,node
auc_degree,alpha,imagination,24,7Networks_LH_SalVentAttn_ParOper_1,-0.0878314173081936,-0.392477236426429,0.234180842108614,0.594940384201633,41,0.986457546208029,node
auc_degree,alpha,total,25,7Networks_LH_SalVentAttn_FrOperIns_1,0.0748337144522258,-0.246509248457092,0.38135179973117,0.650716400893217,41,0.986457546208029,node
auc_degree,alpha,social,25,7Networks_LH_SalVentAttn_FrOperIns_1,0.00473272197758569,-0.311254524398766,0.319777660573082,0.977188118381522,41,0.986457546208029,node
auc_degree,alpha,switching,25,7Networks_LH_SalVentAttn_FrOperIns_1,0.126714764842671,-0.19667085854336,0.425235721208207,0.442075364125852,41,0.986457546208029,node
auc_degree,alpha,detail,25,7Networks_LH_SalVentAttn_FrOperIns_1,0.133463238615494,-0.190062889172433,0.430842632024773,0.41794407773299,41,0.986457546208029,node
auc_degree,alpha,communication,25,7Networks_LH_SalVentAttn_FrOperIns_1,-0.15351198829291,-0.447365628360586,0.170257123602199,0.350800577429645,41,0.986457546208029,node
auc_degree,alpha,imagination,25,7Networks_LH_SalVentAttn_FrOperIns_1,0.0962536900931925,-0.226136579413541,0.399639028775683,0.559958586962447,41,0.986457546208029,node
auc_degree,alpha,total,26,7Networks_LH_SalVentAttn_FrOperIns_2,-0.00414290782796969,-0.319248049218736,0.311787110389029,0.980030432973776,41,0.986457546208029,node
auc_degree,alpha,social,26,7Networks_LH_SalVentAttn_FrOperIns_2,0.047046003255704,-0.272521785542715,0.357265189791239,0.776103347760899,41,0.986457546208029,node
auc_degree,alpha,switching,26,7Networks_LH_SalVentAttn_FrOperIns_2,-0.00774157548032694,-0.322476337785596,0.3085345197605,0.962693509280775,41,0.986457546208029,node
auc_degree,alpha,detail,26,7Networks_LH_SalVentAttn_FrOperIns_2,-0.00893114723769627,-0.323541869724842,0.307457717898163,0.956965965490414,41,0.986457546208029,node
auc_degree,alpha,communication,26,7Networks_LH_SalVentAttn_FrOperIns_2,-0.115719824280094,-0.416051329790741,0.207374325426426,0.48297861665162,41,0.986457546208029,node
auc_degree,alpha,imagination,26,7Networks_LH_SalVentAttn_FrOperIns_2,0.0779569209146346,-0.243556329077878,0.384033250137016,0.637126501384977,41,0.986457546208029,node
auc_degree,alpha,total,27,7Networks_LH_SalVentAttn_PFCl_1,-0.032350054201884,-0.344357594391598,0.286092597363761,0.844998372681077,41,0.986457546208029,node
auc_degree,alpha,social,27,7Networks_LH_SalVentAttn_PFCl_1,0.0106819318656735,-0.305871430154513,0.325108645340907,0.948540251376347,41,0.986457546208029,node
auc_degree,alpha,switching,27,7Networks_LH_SalVentAttn_PFCl_1,-0.0333636894579423,-0.345251683518072,0.285160650989544,0.840203483465251,41,0.986457546208029,node
auc_degree,alpha,detail,27,7Networks_LH_SalVentAttn_PFCl_1,0.187218262816789,-0.136359141423781,0.47469947744388,0.25375998509082,41,0.986457546208029,node
auc_degree,alpha,communication,27,7Networks_LH_SalVentAttn_PFCl_1,-0.246040835994935,-0.521108875964726,0.0753295600869218,0.131081390916076,41,0.986457546208029,node
auc_degree,alpha,imagination,27,7Networks_LH_SalVentAttn_PFCl_1,-0.0429952635016569,-0.353719175572974,0.27627513318379,0.794949010954531,41,0.986457546208029,node
auc_degree,alpha,total,28,7Networks_LH_SalVentAttn_Med_1,0.245819403373417,-0.0755639058819371,0.520937169459886,0.131439644776688,41,0.986457546208029,node
auc_degree,alpha,social,28,7Networks_LH_SalVentAttn_Med_1,0.0614370596463667,-0.259108148934648,0.369791197804198,0.710233433553648,41,0.986457546208029,node
auc_degree,alpha,switching,28,7Networks_LH_SalVentAttn_Med_1,0.255985114962902,-0.0647686431595031,0.528797128292584,0.115730149082982,41,0.986457546208029,node
auc_degree,alpha,detail,28,7Networks_LH_SalVentAttn_Med_1,0.16761756756408,-0.156163948004868,0.458871630896465,0.307750749160565,41,0.986457546208029,node
auc_degree,alpha,communication,28,7Networks_LH_SalVentAttn_Med_1,-0.032812775667403,-0.34476581362596,0.285667241353124,0.842808826263346,41,0.986457546208029,node
auc_degree,alpha,imagination,28,7Networks_LH_SalVentAttn_Med_1,0.259632814669489,-0.060876656195785,0.531606107380866,0.110452749920241,41,0.986457546208029,node
auc_degree,alpha,total,29,7Networks_LH_SalVentAttn_Med_2,-0.134892906927626,-0.432027519596937,0.18865921393363,0.412929162438935,41,0.986457546208029,node
auc_degree,alpha,social,29,7Networks_LH_SalVentAttn_Med_2,0.0453590457208167,-0.274086074885692,0.355789514432266,0.783937069565551,41,0.986457546208029,node
auc_degree,alpha,switching,29,7Networks_LH_SalVentAttn_Med_2,-0.276316849575345,-0.544378148179569,0.0429501827012511,0.0886081546627962,41,0.986457546208029,node
auc_degree,alpha,detail,29,7Networks_LH_SalVentAttn_Med_2,-0.0216132543592024,-0.334852197018222,0.295927268110821,0.896093020635227,41,0.986457546208029,node
auc_degree,alpha,communication,29,7Networks_LH_SalVentAttn_Med_2,0.0390763911160347,-0.279897049856152,0.350280076502752,0.813291142147441,41,0.986457546208029,node
auc_degree,alpha,imagination,29,7Networks_LH_SalVentAttn_Med_2,-0.199233673251009,-0.484311031376202,0.1240893759049,0.223996919514314,41,0.986457546208029,node
auc_degree,alpha,total,30,7Networks_LH_SalVentAttn_Med_3,-0.163147555370974,-0.455235958774254,0.160644344344332,0.321013820312766,41,0.986457546208029,node
auc_degree,alpha,social,30,7Networks_LH_SalVentAttn_Med_3,-0.224438168507663,-0.504251885164148,0.0980260285682095,0.169562414848804,41,0.986457546208029,node
auc_degree,alpha,switching,30,7Networks_LH_SalVentAttn_Med_3,-0.0176515721964606,-0.331328703976518,0.299539157581862,0.915062122401313,41,0.986457546208029,node
auc_degree,alpha,detail,30,7Networks_LH_SalVentAttn_Med_3,0.131976508807698,-0.191521186898308,0.429609364233448,0.423195438284461,41,0.986457546208029,node
auc_degree,alpha,communication,30,7Networks_LH_SalVentAttn_Med_3,-0.32313788978927,-0.579569071124439,-0.00848003469682632,0.044799738985834,41,0.986457546208029,node
auc_degree,alpha,imagination,30,7Networks_LH_SalVentAttn_Med_3,0.00387092210086713,-0.312032639172887,0.319003758961557,0.981341216279513,41,0.986457546208029,node
auc_degree,alpha,total,31,7Networks_LH_Limbic_OFC_1,0.127650432077795,-0.195756422933498,0.426014482790952,0.438684680429017,41,0.973621173761604,node
auc_degree,alpha,social,31,7Networks_LH_Limbic_OFC_1,0.104194779959498,-0.218511412173125,0.406357898061712,0.527878808627592,41,0.973621173761604,node
auc_degree,alpha,switching,31,7Networks_LH_Limbic_OFC_1,0.142711105056048,-0.180959705825323,0.438489032262121,0.38611611207999,41,0.973621173761604,node
auc_degree,alpha,detail,31,7Networks_LH_Limbic_OFC_1,-0.00547298790272873,-0.320442088495073,0.310585803574708,0.973621173761604,41,0.973621173761604,node
auc_degree,alpha,communication,31,7Networks_LH_Limbic_OFC_1,-0.0493755732240673,-0.359300450999593,0.270358830816247,0.76532148025482,41,0.973621173761604,node
auc_degree,alpha,imagination,31,7Networks_LH_Limbic_OFC_1,0.172298887711406,-0.151457425449214,0.462668742547506,0.294239195989157,41,0.973621173761604,node
auc_degree,alpha,total,32,7Networks_LH_Limbic_TempPole_1,0.0143727040601638,-0.302521660914147,0.328405868910372,0.930797429170511,41,0.973621173761604,node
auc_degree,alpha,social,32,7Networks_LH_Limbic_TempPole_1,0.0115127000274816,-0.305118102375803,0.325851495655189,0.944544023476621,41,0.973621173761604,node
auc_degree,alpha,switching,32,7Networks_LH_Limbic_TempPole_1,0.0796396030135367,-0.241962917498044,0.385475791472279,0.629852560471288,41,0.973621173761604,node
auc_degree,alpha,detail,32,7Networks_LH_Limbic_TempPole_1,0.138022702973497,-0.185581699320263,0.434617871507674,0.402070760523694,41,0.973621173761604,node
auc_degree,alpha,communication,32,7Networks_LH_Limbic_TempPole_1,-0.194083602127142,-0.480199715475702,0.129360604470209,0.23644659284416,41,0.973621173761604,node
auc_degree,alpha,imagination,32,7Networks_LH_Limbic_TempPole_1,-0.030767117624335,-0.342960213295564,0.287546761019345,0.852497241130626,41,0.973621173761604,node
auc_degree,alpha,total,33,7Networks_LH_Limbic_TempPole_2,-0.0401049431080506,-0.351183519486699,0.278947315252516,0.808467106745755,41,0.973621173761604,node
auc_degree,alpha,social,33,7Networks_LH_Limbic_TempPole_2,-0.048760755964324,-0.358763593562564,0.270929988862225,0.768162876814949,41,0.973621173761604,node
auc_degree,alpha,switching,33,7Networks_LH_Limbic_TempPole_2,-0.0165576218707539,-0.330354208079435,0.300534919366341,0.92030874503101,41,0.973621173761604,node
auc_degree,alpha,detail,33,7Networks_LH_Limbic_TempPole_2,0.0552081612245679,-0.264929206675191,0.364383274088872,0.738521289568947,41,0.973621173761604,node
auc_degree,alpha,communication,33,7Networks_LH_Limbic_TempPole_2,-0.136131152191056,-0.433052930331442,0.187442412127279,0.408613471887476,41,0.973621173761604,node
auc_degree,alpha,imagination,33,7Networks_LH_Limbic_TempPole_2,0.0487235060768559,-0.270964586341367,0.358731060430313,0.76833512471275,41,0.973621173761604,node
auc_degree,alpha,total,34,7Networks_LH_Cont_Par_1,-0.0848922830156065,-0.389969248465677,0.23697772137352,0.6073690625296,41,0.9869747266106,node
auc_degree,alpha,social,34,7Networks_LH_Cont_Par_1,-0.00455388644436684,-0.31961709971696,0.311416028947495,0.978049899131524,41,0.994448534065379,node
auc_degree,alpha,switching,34,7Networks_LH_Cont_Par_1,-0.047909288107489,-0.358019754351738,0.27172062097459,0.77210289180416,41,0.994448534065379,node
auc_degree,alpha,detail,34,7Networks_LH_Cont_Par_1,-0.163945530846773,-0.45588570492134,0.159845492357919,0.318620265793967,41,0.9869747266106,node
auc_degree,alpha,communication,34,7Networks_LH_Cont_Par_1,-0.00261065556384042,-0.317871274693151,0.313169764978294,0.987415407153129,41,0.994448534065379,node
auc_degree,alpha,imagination,34,7Networks_LH_Cont_Par_1,-0.0092027398766744,-0.323785030843932,0.307211758224672,0.95565859109112,41,0.994448534065379,node
auc_degree,alpha,total,35,7Networks_LH_Cont_PFCl_1,-0.04578755330182,-0.356164500507257,0.273688886594041,0.781945186262327,41,0.994448534065379,node
auc_degree,alpha,social,35,7Networks_LH_Cont_PFCl_1,0.0643674290358785,-0.256361568944972,0.372328135626009,0.697054102571463,41,0.994448534065379,node
auc_degree,alpha,switching,35,7Networks_LH_Cont_PFCl_1,-0.0590913448969666,-0.367757100049404,0.261303013563962,0.720843709914711,41,0.994448534065379,node
auc_degree,alpha,detail,35,7Networks_LH_Cont_PFCl_1,-0.00687239210559579,-0.321697281838481,0.309320793459087,0.96687963235884,41,0.994448534065379,node
auc_degree,alpha,communication,35,7Networks_LH_Cont_PFCl_1,-0.138676878407982,-0.435158675512632,0.184937648374812,0.399822126569336,41,0.9869747266106,node
auc_degree,alpha,imagination,35,7Networks_LH_Cont_PFCl_1,-0.0073210681624582,-0.322099486978383,0.308914969696674,0.964718622018881,41,0.994448534065379,node
auc_degree,alpha,total,36,7Networks_LH_Cont_pCun_1,0.125021331056594,-0.198324436623201,0.423825141045087,0.448248456506879,41,0.9869747266106,node
auc_degree,alpha,social,36,7Networks_LH_Cont_pCun_1,-0.0316035091071396,-0.343698733239019,0.286778593337827,0.848533355600548,41,0.994448534065379,node
auc_degree,alpha,switching,36,7Networks_LH_Cont_pCun_1,0.00115160669407721,-0.314485120119299,0.316559038707432,0.994448534065379,41,0.994448534065379,node
auc_degree,alpha,detail,36,7Networks_LH_Cont_pCun_1,0.17058266252457,-0.153184596217323,0.461277914083201,0.29914770132844,41,0.9869747266106,node
auc_degree,alpha,communication,36,7Networks_LH_Cont_pCun_1,0.0260845544274223,-0.291839820154051,0.338818445817477,0.874752536272755,41,0.994448534065379,node
auc_degree,alpha,imagination,36,7Networks_LH_Cont_pCun_1,0.253583676523666,-0.0673255907065256,0.526944587794117,0.1193068013816,41,0.9869747266106,node
auc_degree,alpha,total,37,7Networks_LH_Cont_Cing_1,-0.0851676303883339,-0.390204396999177,0.236715927206083,0.606199998415814,41,0.9869747266106,node
auc_degree,alpha,social,37,7Networks_LH_Cont_Cing_1,0.0418547835161595,-0.277330128781439,0.352719186369534,0.800276248230575,41,0.994448534065379,node
auc_degree,alpha,switching,37,7Networks_LH_Cont_Cing_1,-0.209286851895787,-0.492300398221619,0.113746843145368,0.201006919946241,41,0.9869747266106,node
auc_degree,alpha,detail,37,7Networks_LH_Cont_Cing_1,0.111148145727848,-0.2118021561613,0.412214353403009,0.500547617723459,41,0.9869747266106,node
auc_degree,alpha,communication,37,7Networks_LH_Cont_Cing_1,-0.0441879835021464,-0.354764210267528,0.275170989484835,0.789387551973653,41,0.994448534065379,node
auc_degree,alpha,imagination,37,7Networks_LH_Cont_Cing_1,-0.185260832567434,-0.473127137351625,0.138348649052731,0.258847442036403,41,0.9869747266106,node
auc_degree,alpha,total,38,7Networks_LH_Default_Temp_1,-0.0687021501243036,-0.376072456917425,0.252289196949817,0.677719369874506,41,0.998638386757117,node
auc_degree,alpha,social,38,7Networks_LH_Default_Temp_1,-0.023445892225406,-0.336479174584598,0.294253363703055,0.887336678072893,41,0.998638386757117,node
auc_degree,alpha,switching,38,7Networks_LH_Default_Temp_1,-0.0925751391848877,-0.396515560135209,0.229655445868333,0.575119501368414,41,0.998638386757117,node
auc_degree,alpha,detail,38,7Networks_LH_Default_Temp_1,0.0520423838558107,-0.267878786889178,0.361626733531051,0.753032192980132,41,0.998638386757117,node
auc_degree,alpha,communication,38,7Networks_LH_Default_Temp_1,-0.145748414239763,-0.440991059713501,0.177957767605406,0.375981050229735,41,0.998638386757117,node
auc_degree,alpha,imagination,38,7Networks_LH_Default_Temp_1,0.0271591390775144,-0.290855752638096,0.339769998026404,0.86963620725491,41,0.998638386757117,node
auc_degree,alpha,total,39,7Networks_LH_Default_Temp_2,0.0734354413914259,-0.24782935246347,0.380149628891957,0.656837264074138,41,0.998638386757117,node
auc_degree,alpha,social,39,7Networks_LH_Default_Temp_2,0.0891616122620522,-0.23291327451423,0.393610815769955,0.589352268291953,41,0.998638386757117,node
auc_degree,alpha,switching,39,7Networks_LH_Default_Temp_2,-0.0321647242498677,-0.344194060665745,0.286262926450818,0.845875656412973,41,0.998638386757117,node
auc_degree,alpha,detail,39,7Networks_LH_Default_Temp_2,0.0318477470880235,-0.286554200398987,0.343914318565206,0.847376533709698,41,0.998638386757117,node
auc_degree,alpha,communication,39,7Networks_LH_Default_Temp_2,0.0161281134017162,-0.300925688009625,0.329971417009956,0.922369604049653,41,0.998638386757117,node
auc_degree,alpha,imagination,39,7Networks_LH_Default_Temp_2,0.113862197823433,-0.20917509981524,0.414493526303575,0.490078501326259,41,0.998638386757117,node
auc_degree,alpha,total,40,7Networks_LH_Default_Par_1,0.065680183801783,-0.255129466501073,0.373463149198205,0.691178029059196,41,0.998638386757117,node
auc_degree,alpha,social,40,7Networks_LH_Default_Par_1,0.130021184524602,-0.193436945674393,0.42798569719441,0.430157992959827,41,0.998638386757117,node
auc_degree,alpha,switching,40,7Networks_LH_Default_Par_1,-0.0375102694959855,-0.34890333871987,0.281341962336829,0.82064945040008,41,0.998638386757117,node
auc_degree,alpha,detail,40,7Networks_LH_Default_Par_1,-0.0623879660561454,-0.370614939702699,0.258217450113514,0.705947400116901,41,0.998638386757117,node
auc_degree,alpha,communication,40,7Networks_LH_Default_Par_1,0.15202308427319,-0.171737030000354,0.446145418394436,0.35554844899073,41,0.998638386757117,node
auc_degree,alpha,imagination,40,7Networks_LH_Default_Par_1,-0.0163115167068896,-0.330134884266205,0.300758839921753,0.921489540030595,41,0.998638386757117,node
auc_degree,alpha,total,41,7Networks_LH_Default_Par_2,0.117795391271885,-0.20535968714622,0.417789815311374,0.475109580365627,41,0.998638386757117,node
auc_degree,alpha,social,41,7Networks_LH_Default_Par_2,0.0965587790687912,-0.225844355875337,0.399897764759749,0.558709576806243,41,0.998638386757117,node
auc_degree,alpha,switching,41,7Networks_LH_Default_Par_2,0.0855750824162862,-0.236328445089932,0.390552290814321,0.604471820460398,41,0.998638386757117,node
auc_degree,alpha,detail,41,7Networks_LH_Default_Par_2,-0.0738046597793025,-0.380467166596108,0.247480890737687,0.655218863912261,41,0.998638386757117,node
auc_degree,alpha,communication,41,7Networks_LH_Default_Par_2,0.0930333941895129,-0.229217542413199,0.396905049924282,0.573220727936927,41,0.998638386757117,node
auc_degree,alpha,imagination,41,7Networks_LH_Default_Par_2,0.147346626904893,-0.176375743925855,0.442305770499148,0.370711900507446,41,0.998638386757117,node
auc_degree,alpha,total,42,7Networks_LH_Default_PFC_1,0.113420365245798,-0.209603087961108,0.414122746457766,0.491775081009822,41,0.998638386757117,node
auc_degree,alpha,social,42,7Networks_LH_Default_PFC_1,0.102655630892949,-0.219992414095475,0.405058188842912,0.534025643054167,41,0.998638386757117,node
auc_degree,alpha,switching,42,7Networks_LH_Default_PFC_1,0.115106051596136,-0.207969556104091,0.415536815623693,0.485318524983899,41,0.998638386757117,node
auc_degree,alpha,detail,42,7Networks_LH_Default_PFC_1,0.0815013192131112,-0.240197946419116,0.387070076252865,0.621844624020423,41,0.998638386757117,node
auc_degree,alpha,communication,42,7Networks_LH_Default_PFC_1,-0.104354444813676,-0.406492654467466,0.218357694106107,0.527243147468975,41,0.998638386757117,node
auc_degree,alpha,imagination,42,7Networks_LH_Default_PFC_1,0.108304156339963,-0.214549986405421,0.409822013462243,0.511638647644448,41,0.998638386757117,node
auc_degree,alpha,total,43,7Networks_LH_Default_PFC_2,0.0934694953520336,-0.228800687755194,0.39727560865108,0.571416400595287,41,0.998638386757117,node
auc_degree,alpha,social,43,7Networks_LH_Default_PFC_2,0.122890978766402,-0.200402039139998,0.42204855968932,0.456080463929242,41,0.998638386757117,node
auc_degree,alpha,switching,43,7Networks_LH_Default_PFC_2,0.0506838271215366,-0.269142728814521,0.360442133942393,0.759285454430818,41,0.998638386757117,node
auc_degree,alpha,detail,43,7Networks_LH_Default_PFC_2,0.177789621215564,-0.145918361569201,0.467108850668438,0.27888513070613,41,0.998638386757117,node
auc_degree,alpha,communication,43,7Networks_LH_Default_PFC_2,-0.156428387025757,-0.449752555271631,0.167354110599726,0.341612983052859,41,0.998638386757117,node
auc_degree,alpha,imagination,43,7Networks_LH_Default_PFC_2,0.0239309501375463,-0.293809992500484,0.336909486304466,0.885021233720031,41,0.998638386757117,node
auc_degree,alpha,total,44,7Networks_LH_Default_PFC_3,-0.0225354190688098,-0.335671109084711,0.295085220162793,0.891685335644507,41,0.998638386757117,node
auc_degree,alpha,social,44,7Networks_LH_Default_PFC_3,-0.11854039393399,-0.418413290851789,0.204635885636137,0.472301621890661,41,0.998638386757117,node
auc_degree,alpha,switching,44,7Networks_LH_Default_PFC_3,0.0052405562290993,-0.310795804929131,0.320233502115416,0.97474108613728,41,0.998638386757117,node
auc_degree,alpha,detail,44,7Networks_LH_Default_PFC_3,0.175525030731663,-0.148205347169639,0.465279344924972,0.285153184997654,41,0.998638386757117,node
auc_degree,alpha,communication,44,7Networks_LH_Default_PFC_3,-0.168527963346461,-0.459610905222205,0.155249801196828,0.305092756522185,41,0.998638386757117,node
auc_degree,alpha,imagination,44,7Networks_LH_Default_PFC_3,0.0705679440890421,-0.250532818488007,0.377681040708051,0.669458503546637,41,0.998638386757117,node
auc_degree,alpha,total,45,7Networks_LH_Default_PFC_4,0.179805750759799,-0.143879378559604,0.468735549236326,0.273380974944843,41,0.998638386757117,node
auc_degree,alpha,social,45,7Networks_LH_Default_PFC_4,0.206831268828183,-0.116279582453474,0.490353312036781,0.206463622507263,41,0.998638386757117,node
auc_degree,alpha,switching,45,7Networks_LH_Default_PFC_4,0.0616358461180432,-0.258921993890537,0.369963440689433,0.709336708578338,41,0.998638386757117,node
auc_degree,alpha,detail,45,7Networks_LH_Default_PFC_4,0.123699553380789,-0.199613827910938,0.422723131298701,0.453099174373902,41,0.998638386757117,node
auc_degree,alpha,communication,45,7Networks_LH_Default_PFC_4,-0.00402926506712209,-0.319145983443707,0.311889703877925,0.980578106479604,41,0.998638386757117,node
auc_degree,alpha,imagination,45,7Networks_LH_Default_PFC_4,0.0792099907992566,-0.242369902671592,0.385107632610255,0.631706465525524,41,0.998638386757117,node
auc_degree,alpha,total,46,7Networks_LH_Default_PFC_5,-0.0313527109123541,-0.343477323067981,0.287008977104154,0.849721575216269,41,0.998638386757117,node
auc_degree,alpha,social,46,7Networks_LH_Default_PFC_5,-0.0760889892385362,-0.382430144830795,0.245323131913193,0.645240662075473,41,0.998638386757117,node
auc_degree,alpha,switching,46,7Networks_LH_Default_PFC_5,-0.0133208524432084,-0.327466955832644,0.303477126642769,0.935851057503884,41,0.998638386757117,node
auc_degree,alpha,detail,46,7Networks_LH_Default_PFC_5,0.363839417013867,0.0545830703542284,0.609402739453933,0.0227913066615541,41,0.998638386757117,node
auc_degree,alpha,communication,46,7Networks_LH_Default_PFC_5,-0.383174611423779,-0.62333566451452,-0.0769561713059123,0.0160503003320058,41,0.998638386757117,node
auc_degree,alpha,imagination,46,7Networks_LH_Default_PFC_5,0.000588032078455366,-0.314992867056304,0.316051848864214,0.997165300672156,41,0.998638386757117,node
auc_degree,alpha,total,47,7Networks_LH_Default_PFC_6,-0.135541866342574,-0.432565029107057,0.188021616820048,0.41066410613634,41,0.998638386757117,node
auc_degree,alpha,social,47,7Networks_LH_Default_PFC_6,0.00287842362012115,-0.312928236286096,0.318111968211947,0.986124757614185,41,0.998638386757117,node
auc_degree,alpha,switching,47,7Networks_LH_Default_PFC_6,-0.0642942677477649,-0.372264852942076,0.256430204740438,0.697382099682878,41,0.998638386757117,node
auc_degree,alpha,detail,47,7Networks_LH_Default_PFC_6,-0.0361890237890348,-0.347740818949057,0.282559827582531,0.826869046110306,41,0.998638386757117,node
auc_degree,alpha,communication,47,7Networks_LH_Default_PFC_6,-0.143722655979783,-0.43932282149754,0.179960604291798,0.382723093968288,41,0.998638386757117,node
auc_degree,alpha,imagination,47,7Networks_LH_Default_PFC_6,-0.192008880302701,-0.478539899448546,0.131478981989992,0.241592017442584,41,0.998638386757117,node
auc_degree,alpha,total,48,7Networks_LH_Default_PFC_7,-0.122884103165105,-0.422042822143083,0.200408739790041,0.456105860176603,41,0.998638386757117,node
auc_degree,alpha,social,48,7Networks_LH_Default_PFC_7,-0.247992576007701,-0.522621360160761,0.0732624648919962,0.127955023730475,41,0.998638386757117,node
auc_degree,alpha,switching,48,7Networks_LH_Default_PFC_7,0.048492789011264,-0.271178856612394,0.358529541059953,0.769402231841039,41,0.998638386757117,node
auc_degree,alpha,detail,48,7Networks_LH_Default_PFC_7,0.250969553242751,-0.0701042122556811,0.524925018765014,0.123293930174484,41,0.998638386757117,node
auc_degree,alpha,communication,48,7Networks_LH_Default_PFC_7,-0.277705194631065,-0.545435388442747,0.0414491262394735,0.0869530814149082,41,0.998638386757117,node
auc_degree,alpha,imagination,48,7Networks_LH_Default_PFC_7,-0.128834849651343,-0.426999647132054,0.194598074356198,0.434413198230339,41,0.998638386757117,node
auc_degree,alpha,total,49,7Networks_LH_Default_pCunPCC_1,-0.0963748716985978,-0.399741804720143,0.226020514917513,0.559462323685685,41,0.998638386757117,node
auc_degree,alpha,social,49,7Networks_LH_Default_pCunPCC_1,-0.135902260146046,-0.432863439047327,0.187667415150517,0.409409289687055,41,0.998638386757117,node
auc_degree,alpha,switching,49,7Networks_LH_Default_pCunPCC_1,-0.138315213828861,-0.434859715408523,0.185293749935462,0.401064398963564,41,0.998638386757117,node
auc_degree,alpha,detail,49,7Networks_LH_Default_pCunPCC_1,-0.0319113485829097,-0.34397045328447,0.286495760976026,0.847075339808801,41,0.998638386757117,node
auc_degree,alpha,communication,49,7Networks_LH_Default_pCunPCC_1,-0.0340047441540206,-0.345816841413088,0.284570947847714,0.837173965987022,41,0.998638386757117,node
auc_degree,alpha,imagination,49,7Networks_LH_Default_pCunPCC_1,0.15398640397644,-0.16978526783996,0.447754199248667,0.34929587813955,41,0.998638386757117,node
auc_degree,alpha,total,50,7Networks_LH_Default_pCunPCC_2,-0.00291282046531363,-0.3181428841816,0.312897207126211,0.985958966311256,41,0.998638386757117,node
auc_degree,alpha,social,50,7Networks_LH_Default_pCunPCC_2,-0.0107509514469403,-0.325170375557962,0.305808859354481,0.948208199217963,41,0.998638386757117,node
auc_degree,alpha,switching,50,7Networks_LH_Default_pCunPCC_2,-0.167532138605311,-0.458802238787458,0.156249700492197,0.308000919399587,41,0.998638386757117,node
auc_degree,alpha,detail,50,7Networks_LH_Default_pCunPCC_2,0.15251106294576,-0.17125216116324,0.446545454827644,0.353988101846766,41,0.998638386757117,node
auc_degree,alpha,communication,50,7Networks_LH_Default_pCunPCC_2,0.0225967728913169,-0.295029179189781,0.335725576474098,0.891392194162165,41,0.998638386757117,node
auc_degree,alpha,imagination,50,7Networks_LH_Default_pCunPCC_2,0.0108920492053195,-0.305680936426116,0.32529656322274,0.947529406940443,41,0.998638386757117,node
auc_degree,alpha,total,51,7Networks_RH_Vis_1,-0.10647568887822,-0.408281728169059,0.216313935855444,0.518833699847178,41,0.999063632919788,node
auc_degree,alpha,social,51,7Networks_RH_Vis_1,-0.0141115118362632,-0.328172779106976,0.302758978375018,0.932052087011217,41,0.999063632919788,node
auc_degree,alpha,switching,51,7Networks_RH_Vis_1,0.0760994868902667,-0.245313208561177,0.382439159332177,0.645194946552089,41,0.999063632919788,node
auc_degree,alpha,detail,51,7Networks_RH_Vis_1,-0.250752733783414,-0.524757373910921,0.0703344519158324,0.123629053843793,41,0.999063632919788,node
auc_degree,alpha,communication,51,7Networks_RH_Vis_1,-0.0674161394829778,-0.374962650438549,0.253498562183388,0.683435004701851,41,0.999063632919788,node
auc_degree,alpha,imagination,51,7Networks_RH_Vis_1,-0.0543121229545818,-0.363603615107214,0.265764661034057,0.742619632946273,41,0.999063632919788,node
auc_degree,alpha,total,52,7Networks_RH_Vis_2,0.285713959169041,-0.0327619605919819,0.55151756458896,0.0778681091185639,41,0.999063632919788,node
auc_degree,alpha,social,52,7Networks_RH_Vis_2,0.131793913152834,-0.191700192182219,0.429457821422596,0.423842937496876,41,0.999063632919788,node
auc_degree,alpha,switching,52,7Networks_RH_Vis_2,0.181618993551177,-0.142043231710168,0.470196878323981,0.268491952858336,41,0.999063632919788,node
auc_degree,alpha,detail,52,7Networks_RH_Vis_2,0.0307578663384261,-0.287555255395782,0.342952042403412,0.852541105641982,41,0.999063632919788,node
auc_degree,alpha,communication,52,7Networks_RH_Vis_2,0.255423945969667,-0.065366528929332,0.528364458582584,0.116558616523997,41,0.999063632919788,node
auc_degree,alpha,imagination,52,7Networks_RH_Vis_2,0.230892194620816,-0.0912801749808285,0.509310527164707,0.157303356314958,41,0.999063632919788,node
auc_degree,alpha,total,53,7Networks_RH_Vis_3,-0.0564191338562887,-0.365436274861092,0.263799347400746,0.732993803222941,41,0.999063632919788,node
auc_degree,alpha,social,53,7Networks_RH_Vis_3,-0.0627591036109797,-0.370936313604588,0.257869663561874,0.704276981683755,41,0.999063632919788,node
auc_degree,alpha,switching,53,7Networks_RH_Vis_3,0.129486359951251,-0.193960518958911,0.427541252996649,0.432073449261132,41,0.999063632919788,node
auc_degree,alpha,detail,53,7Networks_RH_Vis_3,-0.186999454882892,-0.474523807189212,0.136581664720813,0.254325340198606,41,0.999063632919788,node
auc_degree,alpha,communication,53,7Networks_RH_Vis_3,-0.0285444808111927,-0.340995784159911,0.289586110890283,0.863048038932425,41,0.999063632919788,node
auc_degree,alpha,imagination,53,7Networks_RH_Vis_3,-0.00147922644170674,-0.31685379773538,0.314189871333658,0.992869237426731,41,0.999063632919788,node
auc_degree,alpha,total,54,7Networks_RH_Vis_4,0.099563043430761,-0.222963677573715,0.402443003787732,0.546480186760778,41,0.999063632919788,node
auc_degree,alpha,social,54,7Networks_RH_Vis_4,0.0982337120062009,-0.224239019622785,0.401317359876149,0.55187575493621,41,0.999063632919788,node
auc_degree,alpha,switching,54,7Networks_RH_Vis_4,0.201034611155168,-0.122241753691698,0.48574575997187,0.219751427432724,41,0.999063632919788,node
auc_degree,alpha,detail,54,7Networks_RH_Vis_4,-0.216081844038538,-0.497673575679181,0.106716394447853,0.18643540921005,41,0.999063632919788,node
auc_degree,alpha,communication,54,7Networks_RH_Vis_4,0.124519158097451,-0.198814437130295,0.423406567025868,0.450088013414885,41,0.999063632919788,node
auc_degree,alpha,imagination,54,7Networks_RH_Vis_4,0.0645449743225033,-0.256194992517941,0.37248169595162,0.696258356319158,41,0.999063632919788,node
auc_degree,alpha,total,55,7Networks_RH_Vis_5,0.0523022931623416,-0.267636853053262,0.361853248755121,0.751837618633873,41,0.999063632919788,node
auc_degree,alpha,social,55,7Networks_RH_Vis_5,-0.136286002171889,-0.433181110039016,0.187290173887636,0.408075586623504,41,0.999063632919788,node
auc_degree,alpha,switching,55,7Networks_RH_Vis_5,0.147626700866997,-0.176098334624562,0.442536032565467,0.369793072813667,41,0.999063632919788,node
auc_degree,alpha,detail,55,7Networks_RH_Vis_5,-0.191008678160032,-0.477738986929006,0.132499175729562,0.244099364895814,41,0.999063632919788,node
auc_degree,alpha,communication,55,7Networks_RH_Vis_5,0.234161001118557,-0.0878522474431597,0.511865286596544,0.151346103981011,41,0.999063632919788,node
auc_degree,alpha,imagination,55,7Networks_RH_Vis_5,0.1797161304729,-0.143970073126452,0.468663281394443,0.273624120444579,41,0.999063632919788,node
auc_degree,alpha,total,56,7Networks_RH_Vis_6,0.0348819749467214,-0.283763596567815,0.346589847202953,0.833032076559523,41,0.999063632919788,node
auc_degree,alpha,social,56,7Networks_RH_Vis_6,-0.00854489009103679,-0.323195976098375,0.307807447217607,0.958825494575286,41,0.999063632919788,node
auc_degree,alpha,switching,56,7Networks_RH_Vis_6,-0.0354549964879904,-0.347094558765047,0.283235977420168,0.830328916578959,41,0.999063632919788,node
auc_degree,alpha,detail,56,7Networks_RH_Vis_6,-0.0627678529401378,-0.370943888897166,0.257861463715006,0.704237619104018,41,0.999063632919788,node
auc_degree,alpha,communication,56,7Networks_RH_Vis_6,-0.00019424031520003,-0.315697348315149,0.315347542647418,0.999063632919788,41,0.999063632919788,node
auc_degree,alpha,imagination,56,7Networks_RH_Vis_6,0.290298348303705,-0.0277674890462909,0.55498646012061,0.0730117001083219,41,0.999063632919788,node
auc_degree,alpha,total,57,7Networks_RH_Vis_7,0.305681258669407,-0.0108916937899098,0.566559451487548,0.0584313877126785,41,0.999063632919788,node
auc_degree,alpha,social,57,7Networks_RH_Vis_7,0.320354013523251,0.00537484017576332,0.577503100159809,0.0467823106150861,41,0.999063632919788,node
auc_degree,alpha,switching,57,7Networks_RH_Vis_7,0.135569185454946,-0.187994770040912,0.432587651905268,0.410568910005268,41,0.999063632919788,node
auc_degree,alpha,detail,57,7Networks_RH_Vis_7,0.0416376282087245,-0.277530920073194,0.352528700977375,0.801291609489197,41,0.999063632919788,node
auc_degree,alpha,communication,57,7Networks_RH_Vis_7,0.191277080356052,-0.132225476102111,0.477953956963994,0.243424810161554,41,0.999063632919788,node
auc_degree,alpha,imagination,57,7Networks_RH_Vis_7,0.127141426190405,-0.196253948517564,0.425590888899151,0.440527442590293,41,0.999063632919788,node
auc_degree,alpha,total,58,7Networks_RH_Vis_8,0.000496730070893003,-0.315075107691274,0.315969664506461,0.997605434697914,41,0.999063632919788,node
auc_degree,alpha,social,58,7Networks_RH_Vis_8,-0.113214344576099,-0.413949822612462,0.209802610851165,0.492567205452471,41,0.999063632919788,node
auc_degree,alpha,switching,58,7Networks_RH_Vis_8,-0.0584561897492677,-0.367205813585448,0.261896753171262,0.723725666077669,41,0.999063632919788,node
auc_degree,alpha,detail,58,7Networks_RH_Vis_8,0.149196353610437,-0.174542663559486,0.443825799106612,0.364668731091238,41,0.999063632919788,node
auc_degree,alpha,communication,58,7Networks_RH_Vis_8,0.0401399287828158,-0.278914999531715,0.351214239458808,0.808303141255593,41,0.999063632919788,node
auc_degree,alpha,imagination,58,7Networks_RH_Vis_8,0.0149115788300043,-0.302031918816069,0.328886643769771,0.928209425208399,41,0.999063632919788,node
auc_degree,alpha,total,59,7Networks_RH_SomMot_1,-0.04299469016364,-0.353718673040368,0.276275663740778,0.79495168676406,41,0.998883527276068,node
auc_degree,alpha,social,59,7Networks_RH_SomMot_1,-0.124817599397457,-0.423655340875571,0.19852324940317,0.448994271027529,41,0.972525514045378,node
auc_degree,alpha,switching,59,7Networks_RH_SomMot_1,0.128135268409851,-0.195282366908948,0.426417841210574,0.436933376456586,41,0.972525514045378,node
auc_degree,alpha,detail,59,7Networks_RH_SomMot_1,-0.060748692014915,-0.369194582800555,0.259752591865353,0.713341623946447,41,0.972525514045378,node
auc_degree,alpha,communication,59,7Networks_RH_SomMot_1,0.00176469515396921,-0.313932558993519,0.317110583880377,0.991493152212571,41,0.998883527276068,node
auc_degree,alpha,imagination,59,7Networks_RH_SomMot_1,-0.0626852740975401,-0.370872389337393,0.257938854536593,0.704609165396727,41,0.972525514045378,node
auc_degree,alpha,total,60,7Networks_RH_SomMot_2,0.023199297697975,-0.294478713055199,0.336260361880149,0.888514162240565,41,0.998883527276068,node
auc_degree,alpha,social,60,7Networks_RH_SomMot_2,-0.0952136885000951,-0.398756674026484,0.227132288836332,0.564225996096511,41,0.972525514045378,node
auc_degree,alpha,switching,60,7Networks_RH_SomMot_2,0.144905044841045,-0.178791920209847,0.440296781847231,0.378779329997183,41,0.972525514045378,node
auc_degree,alpha,detail,60,7Networks_RH_SomMot_2,-0.00165658595841781,-0.317013342432695,0.314030010610555,0.99201428361809,41,0.998883527276068,node
auc_degree,alpha,communication,60,7Networks_RH_SomMot_2,0.0329572744439167,-0.28553438535374,0.34489326825941,0.842125312013514,41,0.998883527276068,node
auc_degree,alpha,imagination,60,7Networks_RH_SomMot_2,-0.00794805754196614,-0.322661346638315,0.308347670058738,0.961699200161403,41,0.998883527276068,node
auc_degree,alpha,total,61,7Networks_RH_SomMot_3,0.133175051622179,-0.190345676492177,0.430603662744856,0.418959113181227,41,0.972525514045378,node
auc_degree,alpha,social,61,7Networks_RH_SomMot_3,0.0834285699146645,-0.238368603016229,0.388718559188572,0.613599786460239,41,0.972525514045378,node
auc_degree,alpha,switching,61,7Networks_RH_SomMot_3,0.175935819275492,-0.147790753147251,0.465611394571302,0.284009455949993,41,0.972525514045378,node
auc_degree,alpha,detail,61,7Networks_RH_SomMot_3,0.0481357215732176,-0.271510407849893,0.358217604227877,0.771054556954046,41,0.998883527276068,node
auc_degree,alpha,communication,61,7Networks_RH_SomMot_3,0.0155609045888786,-0.301441573923721,0.329465744986582,0.925091937877151,41,0.998883527276068,node
auc_degree,alpha,imagination,61,7Networks_RH_SomMot_3,0.0191214866823484,-0.298200087715514,0.332637057546629,0.908017985329498,41,0.998883527276068,node
auc_degree,alpha,total,62,7Networks_RH_SomMot_4,0.158922378315466,-0.164867104593768,0.451790444597557,0.333874403450207,41,0.972525514045378,node
auc_degree,alpha,social,62,7Networks_RH_SomMot_4,0.220872086218946,-0.101740689099532,0.501448541815984,0.176623383562827,41,0.966736631896946,node
auc_degree,alpha,switching,62,7Networks_RH_SomMot_4,0.158216462333063,-0.165571461429084,0.451213936721527,0.336053698323282,41,0.972525514045378,node
auc_degree,alpha,detail,62,7Networks_RH_SomMot_4,-0.0690135743846901,-0.376341078467838,0.251996182478354,0.676337910427129,41,0.972525514045378,node
auc_degree,alpha,communication,62,7Networks_RH_SomMot_4,0.130372679476104,-0.193092744886091,0.428277714312076,0.428901704263435,41,0.972525514045378,node
auc_degree,alpha,imagination,62,7Networks_RH_SomMot_4,-0.0663937200340354,-0.374079689445158,0.254459330797899,0.687991581433776,41,0.972525514045378,node
auc_degree,alpha,total,63,7Networks_RH_SomMot_5,0.257339301244295,-0.0633249047158481,0.529840642623795,0.11374921348575,41,0.796244494400248,node
auc_degree,alpha,social,63,7Networks_RH_SomMot_5,0.305991866848068,-0.0105490740240611,0.566792075439855,0.0581628812788483,41,0.610710253427907,node
auc_degree,alpha,switching,63,7Networks_RH_SomMot_5,0.171085641217863,-0.152678614501754,0.461685675936595,0.297703757724213,41,0.972525514045378,node
auc_degree,alpha,detail,63,7Networks_RH_SomMot_5,0.123347582038577,-0.199956986534094,0.422429531987321,0.45439562697243,41,0.972525514045378,node
auc_degree,alpha,communication,63,7Networks_RH_SomMot_5,0.111782797587585,-0.211188265102514,0.412747651206347,0.498089389237851,41,0.972525514045378,node
auc_degree,alpha,imagination,63,7Networks_RH_SomMot_5,-0.101252234643631,-0.403872047659596,0.221341496654686,0.539660362538662,41,0.972525514045378,node
auc_degree,alpha,total,64,7Networks_RH_SomMot_6,-0.019315832081869,-0.332809951811694,0.298022948456939,0.907087148813833,41,0.998883527276068,node
auc_degree,alpha,social,64,7Networks_RH_SomMot_6,0.0260806211197411,-0.291843420905489,0.338814961670499,0.874771272952085,41,0.998883527276068,node
auc_degree,alpha,switching,64,7Networks_RH_SomMot_6,-0.0726533728310018,-0.379476790128853,0.248567180403498,0.660270410230922,41,0.972525514045378,node
auc_degree,alpha,detail,64,7Networks_RH_SomMot_6,0.0600391856749443,-0.260416526020775,0.368579380488466,0.716550043598132,41,0.972525514045378,node
auc_degree,alpha,communication,64,7Networks_RH_SomMot_6,0.0626900579995323,-0.257934371295815,0.370876531501521,0.704587639381644,41,0.972525514045378,node
auc_degree,alpha,imagination,64,7Networks_RH_SomMot_6,-0.174942854992126,-0.464808619419072,0.148792721249181,0.286779202890387,41,0.972525514045378,node
auc_degree,alpha,total,65,7Networks_RH_SomMot_7,0.0786943597522258,-0.242858226798572,0.384665630780174,0.633934502354866,41,0.972525514045378,node
auc_degree,alpha,social,65,7Networks_RH_SomMot_7,-0.0464921962010262,-0.356780914733701,0.273035508505092,0.778672694798811,41,0.998883527276068,node
auc_degree,alpha,switching,65,7Networks_RH_SomMot_7,0.0313633774038679,-0.286999179591692,0.343486740388132,0.849671033342588,41,0.998883527276068,node
auc_degree,alpha,detail,65,7Networks_RH_SomMot_7,0.111794788130178,-0.21117666434293,0.412757724870678,0.498043005028917,41,0.972525514045378,node
auc_degree,alpha,communication,65,7Networks_RH_SomMot_7,0.167824375016322,-0.155956337139197,0.459039601439178,0.307145668053482,41,0.972525514045378,node
auc_degree,alpha,imagination,65,7Networks_RH_SomMot_7,-0.0419112991564896,-0.35276875682022,0.27727786737659,0.800012048910849,41,0.998883527276068,node
auc_degree,alpha,total,66,7Networks_RH_SomMot_8,-0.100546095032169,-0.403274838117933,0.222019840904434,0.542506305752223,41,0.972525514045378,node
auc_degree,alpha,social,66,7Networks_RH_SomMot_8,-0.217185952944178,-0.498544619413569,0.10557096989546,0.184140310837514,41,0.966736631896946,node
auc_degree,alpha,switching,66,7Networks_RH_SomMot_8,-0.117363863142221,-0.417428550100769,0.205778773306986,0.476740043371223,41,0.972525514045378,node
auc_degree,alpha,detail,66,7Networks_RH_SomMot_8,0.114277067338292,-0.208773117176193,0.414841588282945,0.488488208853996,41,0.972525514045378,node
auc_degree,alpha,communication,66,7Networks_RH_SomMot_8,0.000231601514532528,-0.315313896399981,0.315730985522202,0.998883527276068,41,0.998883527276068,node
auc_degree,alpha,imagination,66,7Networks_RH_SomMot_8,-0.00907679047175047,-0.323672271547487,0.307325825757182,0.956264863857818,41,0.998883527276068,node
auc_degree,alpha,total,67,7Networks_RH_DorsAttn_Post_1,0.0677592851086447,-0.253175965913751,0.37525886584182,0.681908186006896,41,0.926665713966803,node
auc_degree,alpha,social,67,7Networks_RH_DorsAttn_Post_1,0.0945746810481844,-0.227743747805463,0.398214250527522,0.566855440087414,41,0.926665713966803,node
auc_degree,alpha,switching,67,7Networks_RH_DorsAttn_Post_1,0.306868846504553,-0.00958131063351713,0.567448647908231,0.0574100743259534,41,0.473336706240516,node
auc_degree,alpha,detail,67,7Networks_RH_DorsAttn_Post_1,-0.366272613845804,-0.611164480994541,-0.0573815892397729,0.0218312326065978,41,0.327468489098967,node
auc_degree,alpha,communication,67,7Networks_RH_DorsAttn_Post_1,0.216712454799915,-0.106062291205617,0.498171141056135,0.185122097198934,41,0.670945364374664,node
auc_degree,alpha,imagination,67,7Networks_RH_DorsAttn_Post_1,-0.113453623371547,-0.414150659694866,0.209570876256516,0.491647269036931,41,0.926665713966803,node
auc_degree,alpha,total,68,7Networks_RH_DorsAttn_Post_2,0.318188520002515,0.0029635958552201,0.575893762885597,0.0483729293155558,41,0.473336706240516,node
auc_degree,alpha,social,68,7Networks_RH_DorsAttn_Post_2,0.273570753419801,-0.0459149788918389,0.542284454086786,0.0919534065617236,41,0.506479118516694,node
auc_degree,alpha,switching,68,7Networks_RH_DorsAttn_Post_2,0.084008840807023,-0.237817363136402,0.389214514068867,0.611126457916671,41,0.926665713966803,node
auc_degree,alpha,detail,68,7Networks_RH_DorsAttn_Post_2,0.143464760511968,-0.180215389224094,0.439110294830772,0.38358647732052,41,0.885199563047355,node
auc_degree,alpha,communication,68,7Networks_RH_DorsAttn_Post_2,0.37535907370966,0.0678753856555741,0.617722097083957,0.0185388867060303,41,0.327468489098967,node
auc_degree,alpha,imagination,68,7Networks_RH_DorsAttn_Post_2,-0.0505344472833928,-0.360311820528046,0.269281638105257,0.759973960385645,41,0.926665713966803,node
auc_degree,alpha,total,69,7Networks_RH_DorsAttn_Post_3,-0.0894473150372397,-0.393854168198561,0.232640880168955,0.588155073345856,41,0.926665713966803,node
auc_degree,alpha,social,69,7Networks_RH_DorsAttn_Post_3,-0.163797130817912,-0.455764894747648,0.15999408750028,0.319064546378943,41,0.84458262276779,node
auc_degree,alpha,switching,69,7Networks_RH_DorsAttn_Post_3,-0.0162032354680179,-0.330038375538673,0.300857349313756,0.922009118401083,41,0.961630715574663,node
auc_degree,alpha,detail,69,7Networks_RH_DorsAttn_Post_3,0.101333037118266,-0.221263854850806,0.403940368990701,0.539335163210699,41,0.926665713966803,node
auc_degree,alpha,communication,69,7Networks_RH_DorsAttn_Post_3,0.0642933860635907,-0.256431031867094,0.37226409028986,0.697386052785289,41,0.926665713966803,node
auc_degree,alpha,imagination,69,7Networks_RH_DorsAttn_Post_3,-0.27060996731919,-0.540023329888818,0.0491052697389011,0.0956682779420422,41,0.506479118516694,node
auc_degree,alpha,total,70,7Networks_RH_DorsAttn_Post_4,0.0386863559017991,-0.280257033688371,0.349937332139778,0.81512224304247,41,0.951330871577965,node
auc_degree,alpha,social,70,7Networks_RH_DorsAttn_Post_4,-0.0634207332403942,-0.371509046178009,0.257249455776493,0.701302508765476,41,0.926665713966803,node
auc_degree,alpha,switching,70,7Networks_RH_DorsAttn_Post_4,0.0964234349504724,-0.225973999766243,0.399782989804601,0.559263504757079,41,0.926665713966803,node
auc_degree,alpha,detail,70,7Networks_RH_DorsAttn_Post_4,0.0488414411763842,-0.270855046073615,0.358834059452753,0.767789816469954,41,0.926665713966803,node
auc_degree,alpha,communication,70,7Networks_RH_DorsAttn_Post_4,0.0204606724831066,-0.296979021369907,0.333828001326125,0.901606345628486,41,0.961630715574663,node
auc_degree,alpha,imagination,70,7Networks_RH_DorsAttn_Post_4,0.0146269371539575,-0.302290628730697,0.328632711608923,0.929576358388841,41,0.961630715574663,node
auc_degree,alpha,total,71,7Networks_RH_DorsAttn_Post_5,0.0478836904284675,-0.271744383070039,0.357997386216579,0.772221428305669,41,0.926665713966803,node
auc_degree,alpha,social,71,7Networks_RH_DorsAttn_Post_5,0.0972376734774947,-0.225193881799972,0.400473339477632,0.555934903198476,41,0.926665713966803,node
auc_degree,alpha,switching,71,7Networks_RH_DorsAttn_Post_5,0.0563285579326364,-0.263883886784106,0.365357541958921,0.733406782059384,41,0.926665713966803,node
auc_degree,alpha,detail,71,7Networks_RH_DorsAttn_Post_5,0.0698186503476416,-0.251238425577549,0.377035263984053,0.672771488018046,41,0.926665713966803,node
auc_degree,alpha,communication,71,7Networks_RH_DorsAttn_Post_5,-0.014787366602031,-0.328775838174804,0.302144820656753,0.928805904169166,41,0.961630715574663,node
auc_degree,alpha,imagination,71,7Networks_RH_DorsAttn_Post_5,-0.143935092544877,-0.439497861510775,0.179750697344953,0.382012756550621,41,0.885199563047355,node
auc_degree,alpha,total,72,7Networks_RH_DorsAttn_PrCv_1,0.0924418775505907,-0.229782764743117,0.396402275047277,0.575672203713231,41,0.926665713966803,node
auc_degree,alpha,social,72,7Networks_RH_DorsAttn_PrCv_1,0.147968334472578,-0.175759881737439,0.442816853090411,0.368674127777478,41,0.885199563047355,node
auc_degree,alpha,switching,72,7Networks_RH_DorsAttn_PrCv_1,0.0998635772831738,-0.222675196483284,0.402697361307883,0.545263844885112,41,0.926665713966803,node
auc_degree,alpha,detail,72,7Networks_RH_DorsAttn_PrCv_1,-0.184866414894582,-0.472810092311432,0.13874921433866,0.259880696376134,41,0.730914458557876,node
auc_degree,alpha,communication,72,7Networks_RH_DorsAttn_PrCv_1,0.179512638788929,-0.144175983880116,0.468499175782884,0.274176732326988,41,0.747754724528148,node
auc_degree,alpha,imagination,72,7Networks_RH_DorsAttn_PrCv_1,-0.00987776509221565,-0.324389211482237,0.306600258860493,0.95240970266866,41,0.971382884588094,node
auc_degree,alpha,total,73,7Networks_RH_DorsAttn_FEF_1,-0.287681137697413,-0.553007207549373,0.03062076063352,0.0757542103635735,41,0.473336706240516,node
auc_degree,alpha,social,73,7Networks_RH_DorsAttn_FEF_1,-0.0756948229471624,-0.382091625725449,0.245695685635376,0.646958119626439,41,0.926665713966803,node
auc_degree,alpha,switching,73,7Networks_RH_DorsAttn_FEF_1,-0.116296929110597,-0.41653493063761,0.206814436564324,0.480783869362134,41,0.926665713966803,node
auc_degree,alpha,detail,73,7Networks_RH_DorsAttn_FEF_1,0.0352575617168596,-0.283417790566536,0.346920680602273,0.831260075557045,41,0.951330871577965,node
auc_degree,alpha,communication,73,7Networks_RH_DorsAttn_FEF_1,-0.372468425255185,-0.615639591557202,-0.0645296300740733,0.0195377765887304,41,0.327468489098967,node
auc_degree,alpha,imagination,73,7Networks_RH_DorsAttn_FEF_1,-0.373742991282024,-0.616558244073538,-0.0660040124865378,0.0190919207904343,41,0.327468489098967,node
auc_degree,alpha,total,74,7Networks_RH_SalVentAttn_TempOccPar_1,-0.162726616391664,-0.45489308666942,0.161065574850172,0.322280966187935,41,0.986457546208029,node
auc_degree,alpha,social,74,7Networks_RH_SalVentAttn_TempOccPar_1,-0.0974642562364281,-0.400665385778294,0.224976720408275,0.555010286019475,41,0.986457546208029,node
auc_degree,alpha,switching,74,7Networks_RH_SalVentAttn_TempOccPar_1,0.149802816289839,-0.173941169774563,0.444323796163143,0.362700303326988,41,0.986457546208029,node
auc_degree,alpha,detail,74,7Networks_RH_SalVentAttn_TempOccPar_1,-0.417744175820098,-0.647872118630771,-0.117740869046005,0.00814142472376197,41,0.586182580110862,node
auc_degree,alpha,communication,74,7Networks_RH_SalVentAttn_TempOccPar_1,0.0816418263564659,-0.2400646544306,0.387190325750427,0.621241973645253,41,0.986457546208029,node
auc_degree,alpha,imagination,74,7Networks_RH_SalVentAttn_TempOccPar_1,-0.19350964771932,-0.479740746199203,0.129946931406382,0.237862536894423,41,0.986457546208029,node
auc_degree,alpha,total,75,7Networks_RH_SalVentAttn_TempOccPar_2,-0.0373897915505728,-0.348797373911202,0.281453056098864,0.821216143166013,41,0.986457546208029,node
auc_degree,alpha,social,75,7Networks_RH_SalVentAttn_TempOccPar_2,-0.13949176459534,-0.435832039308965,0.184134984959137,0.397031239513209,41,0.986457546208029,node
auc_degree,alpha,switching,75,7Networks_RH_SalVentAttn_TempOccPar_2,-0.108134359528207,-0.40967905047313,0.214713880642253,0.512304691106183,41,0.986457546208029,node
auc_degree,alpha,detail,75,7Networks_RH_SalVentAttn_TempOccPar_2,0.00819345306568728,-0.308125575052141,0.32288119085901,0.960517578650083,41,0.986457546208029,node
auc_degree,alpha,communication,75,7Networks_RH_SalVentAttn_TempOccPar_2,0.244818215207702,-0.0766230368656272,0.520160535551912,0.133068545468836,41,0.986457546208029,node
auc_degree,alpha,imagination,75,7Networks_RH_SalVentAttn_TempOccPar_2,-0.0736629008377174,-0.380345258659949,0.247614690127434,0.655840054764749,41,0.986457546208029,node
auc_degree,alpha,total,76,7Networks_RH_SalVentAttn_FrOperIns_1,0.11642011807776,-0.206694895108188,0.416638138215608,0.480316053536952,41,0.986457546208029,node
auc_degree,alpha,social,76,7Networks_RH_SalVentAttn_FrOperIns_1,0.065765593087947,-0.255049268431761,0.373536962529738,0.690796337996142,41,0.986457546208029,node
auc_degree,alpha,switching,76,7Networks_RH_SalVentAttn_FrOperIns_1,0.0984396868115817,-0.224041482550771,0.401491834040494,0.551038092593802,41,0.986457546208029,node
auc_degree,alpha,detail,76,7Networks_RH_SalVentAttn_FrOperIns_1,0.103136429753756,-0.219529938905393,0.405464322870595,0.532101781338638,41,0.986457546208029,node
auc_degree,alpha,communication,76,7Networks_RH_SalVentAttn_FrOperIns_1,-0.0581764347826795,-0.366962929865997,0.262158189701629,0.724996222709059,41,0.986457546208029,node
auc_degree,alpha,imagination,76,7Networks_RH_SalVentAttn_FrOperIns_1,0.116443237803374,-0.206672458861006,0.416657507033211,0.480228281824758,41,0.986457546208029,node
auc_degree,alpha,total,77,7Networks_RH_SalVentAttn_Med_1,-0.028958752619916,-0.341362136298118,0.289206220366596,0.861079668528968,41,0.986457546208029,node
auc_degree,alpha,social,77,7Networks_RH_SalVentAttn_Med_1,0.0144703883170967,-0.302432895572983,0.328493033211753,0.930328237193064,41,0.986457546208029,node
auc_degree,alpha,switching,77,7Networks_RH_SalVentAttn_Med_1,-0.208016257189876,-0.491293269033722,0.115057885287937,0.203817653224226,41,0.986457546208029,node
auc_degree,alpha,detail,77,7Networks_RH_SalVentAttn_Med_1,0.175009817571617,-0.148725172374772,0.464862771194759,0.286591871425451,41,0.986457546208029,node
auc_degree,alpha,communication,77,7Networks_RH_SalVentAttn_Med_1,0.0543156631373766,-0.265761361159669,0.363606696336634,0.742603426829452,41,0.986457546208029,node
auc_degree,alpha,imagination,77,7Networks_RH_SalVentAttn_Med_1,-0.143272510787543,-0.438951844022761,0.180405291927869,0.384230834814556,41,0.986457546208029,node
auc_degree,alpha,total,78,7Networks_RH_SalVentAttn_Med_2,0.031763854150203,-0.286631280732035,0.343840271194034,0.847773853303086,41,0.986457546208029,node
auc_degree,alpha,social,78,7Networks_RH_SalVentAttn_Med_2,0.0146001642973937,-0.302314960092871,0.328608824895079,0.929704939844604,41,0.986457546208029,node
auc_degree,alpha,switching,78,7Networks_RH_SalVentAttn_Med_2,0.0637103430352515,-0.256977894078534,0.371759670021431,0.700001893523074,41,0.986457546208029,node
auc_degree,alpha,detail,78,7Networks_RH_SalVentAttn_Med_2,0.054689040796986,-0.265413286342955,0.363931630894366,0.740894807932287,41,0.986457546208029,node
auc_degree,alpha,communication,78,7Networks_RH_SalVentAttn_Med_2,-0.152379929014816,-0.446437965059163,0.171382474803369,0.354407003890509,41,0.986457546208029,node
auc_degree,alpha,imagination,78,7Networks_RH_SalVentAttn_Med_2,0.119537161379068,-0.203666930958302,0.419247020759197,0.468558498725395,41,0.986457546208029,node
auc_degree,alpha,total,79,7Networks_RH_Limbic_OFC_1,0.0706661495741988,-0.250440313459608,0.377765656692867,0.669024745457584,41,0.973621173761604,node
auc_degree,alpha,social,79,7Networks_RH_Limbic_OFC_1,-0.0127678692930537,-0.326973098189023,0.303979182083381,0.938508875557198,41,0.973621173761604,node
auc_degree,alpha,switching,79,7Networks_RH_Limbic_OFC_1,0.0474118831378099,-0.272182287758255,0.357585040975828,0.774407160968658,41,0.973621173761604,node
auc_degree,alpha,detail,79,7Networks_RH_Limbic_OFC_1,0.227364240040895,-0.0949713183070237,0.506547711361368,0.163922093672936,41,0.973621173761604,node
auc_degree,alpha,communication,79,7Networks_RH_Limbic_OFC_1,-0.169175818283231,-0.460136741331135,0.154598939084867,0.303210200284866,41,0.973621173761604,node
auc_degree,alpha,imagination,79,7Networks_RH_Limbic_OFC_1,0.114403814714819,-0.208650285114173,0.414947907655075,0.488002888850301,41,0.973621173761604,node
auc_degree,alpha,total,80,7Networks_RH_Limbic_TempPole_1,0.0891782833689697,-0.232897381358781,0.393625016854649,0.58928238090268,41,0.973621173761604,node
auc_degree,alpha,social,80,7Networks_RH_Limbic_TempPole_1,0.0112907610411348,-0.305319392030036,0.325653081831879,0.945611485283815,41,0.973621173761604,node
auc_degree,alpha,switching,80,7Networks_RH_Limbic_TempPole_1,0.148305132091097,-0.175426144882774,0.443093641854035,0.367573001418732,41,0.973621173761604,node
auc_degree,alpha,detail,80,7Networks_RH_Limbic_TempPole_1,0.051599610876267,-0.268290844554802,0.361240765431826,0.755068535500167,41,0.973621173761604,node
auc_degree,alpha,communication,80,7Networks_RH_Limbic_TempPole_1,-0.069177702949353,-0.376482628119087,0.251841732655838,0.675610265651601,41,0.973621173761604,node
auc_degree,alpha,imagination,80,7Networks_RH_Limbic_TempPole_1,0.116368121214577,-0.206745353569102,0.416594576246058,0.480513485021746,41,0.973621173761604,node
auc_degree,alpha,total,81,7Networks_RH_Cont_Par_1,0.0160583491562979,-0.300989149768929,0.329909231237757,0.92270439300469,41,0.994448534065379,node
auc_degree,alpha,social,81,7Networks_RH_Cont_Par_1,0.128721718165904,-0.194708754802622,0.426905578194421,0.434820197616763,41,0.9869747266106,node
auc_degree,alpha,switching,81,7Networks_RH_Cont_Par_1,-0.0921309198020217,-0.396137895325065,0.230079812544095,0.576962834889022,41,0.9869747266106,node
auc_degree,alpha,detail,81,7Networks_RH_Cont_Par_1,-0.0104217609587608,-0.324875927770925,0.306107267652391,0.949792006238764,41,0.994448534065379,node
auc_degree,alpha,communication,81,7Networks_RH_Cont_Par_1,0.106056314119377,-0.216718215974096,0.407928208025074,0.520490981642625,41,0.9869747266106,node
auc_degree,alpha,imagination,81,7Networks_RH_Cont_Par_1,-0.137599160319542,-0.434267616516533,0.185998538694072,0.403530497864252,41,0.9869747266106,node
auc_degree,alpha,total,82,7Networks_RH_Cont_Par_2,-0.331998144130954,-0.586122578161644,-0.0184035082339211,0.0389375714278985,41,0.9869747266106,node
auc_degree,alpha,social,82,7Networks_RH_Cont_Par_2,-0.192755588909792,-0.479137516177362,0.130716901512601,0.2397315078108,41,0.9869747266106,node
auc_degree,alpha,switching,82,7Networks_RH_Cont_Par_2,-0.172397444643295,-0.462748569685751,0.151358179888993,0.293958898562786,41,0.9869747266106,node
auc_degree,alpha,detail,82,7Networks_RH_Cont_Par_2,-0.262432137179458,-0.533757728115509,0.0578832382568749,0.106527920941114,41,0.9869747266106,node
auc_degree,alpha,communication,82,7Networks_RH_Cont_Par_2,-0.0934889941813359,-0.397292174652429,0.228782046709319,0.571335786575653,41,0.9869747266106,node
auc_degree,alpha,imagination,82,7Networks_RH_Cont_Par_2,-0.197654618705316,-0.483051804746784,0.125707520482375,0.227765322777354,41,0.9869747266106,node
auc_degree,alpha,total,83,7Networks_RH_Cont_PFCl_1,0.269338631424107,-0.0504731538463741,0.539051227819118,0.097298316440579,41,0.9869747266106,node
auc_degree,alpha,social,83,7Networks_RH_Cont_PFCl_1,0.337398805361282,0.0244827016799481,0.590100944454063,0.0356818364275586,41,0.9869747266106,node
auc_degree,alpha,switching,83,7Networks_RH_Cont_PFCl_1,0.203283497764786,-0.11993142075022,0.48753519841757,0.214528124759193,41,0.9869747266106,node
auc_degree,alpha,detail,83,7Networks_RH_Cont_PFCl_1,0.114133640214328,-0.208912101445107,0.41472126755581,0.489037696902058,41,0.9869747266106,node
auc_degree,alpha,communication,83,7Networks_RH_Cont_PFCl_1,-0.109338386479821,-0.410692479365036,0.213551315977432,0.507591165472224,41,0.9869747266106,node
auc_degree,alpha,imagination,83,7Networks_RH_Cont_PFCl_1,0.140551445620016,-0.183090552456867,0.436707188167573,0.393418865870176,41,0.9869747266106,node
auc_degree,alpha,total,84,7Networks_RH_Cont_PFCl_2,-0.0262367095754445,-0.338953219155315,0.291700522616161,0.874027782756185,41,0.994448534065379,node
auc_degree,alpha,social,84,7Networks_RH_Cont_PFCl_2,0.0998261881485256,-0.22271108922188,0.402665719474557,0.545415098635915,41,0.9869747266106,node
auc_degree,alpha,switching,84,7Networks_RH_Cont_PFCl_2,-0.0577768058270605,-0.366615898310479,0.262531569295554,0.726812467480508,41,0.994448534065379,node
auc_degree,alpha,detail,84,7Networks_RH_Cont_PFCl_2,-0.155404021625305,-0.448914640388476,0.168374414456978,0.344823094791597,41,0.9869747266106,node
auc_degree,alpha,communication,84,7Networks_RH_Cont_PFCl_2,-0.0354407628984921,-0.347082024149693,0.283249085572071,0.8303960386426,41,0.994448534065379,node
auc_degree,alpha,imagination,84,7Networks_RH_Cont_PFCl_2,0.0852424940960614,-0.236644740372648,0.390268324236312,0.60588231060514,41,0.9869747266106,node
auc_degree,alpha,total,85,7Networks_RH_Cont_PFCl_3,0.136440298056804,-0.187138464936178,0.433308819140226,0.407540028559813,41,0.9869747266106,node
auc_degree,alpha,social,85,7Networks_RH_Cont_PFCl_3,0.193970024935982,-0.129476647956474,0.480108904594032,0.236726332971096,41,0.9869747266106,node
auc_degree,alpha,switching,85,7Networks_RH_Cont_PFCl_3,0.0473675334823126,-0.272223443780184,0.357546274504551,0.774612707241767,41,0.994448534065379,node
auc_degree,alpha,detail,85,7Networks_RH_Cont_PFCl_3,0.063028970113644,-0.25761672416843,0.371169948953544,0.703063222416277,41,0.994448534065379,node
auc_degree,alpha,communication,85,7Networks_RH_Cont_PFCl_3,-0.0525055926919721,-0.362030402156842,0.267447585707177,0.75090362662694,41,0.994448534065379,node
auc_degree,alpha,imagination,85,7Networks_RH_Cont_PFCl_3,0.104493576500716,-0.21822373138053,0.406610070256914,0.526689538873231,41,0.9869747266106,node
auc_degree,alpha,total,86,7Networks_RH_Cont_PFCl_4,0.0586341342754451,-0.261730436036457,0.367360283408473,0.722917878949713,41,0.994448534065379,node
auc_degree,alpha,social,86,7Networks_RH_Cont_PFCl_4,0.0934698837315714,-0.228800316463375,0.397275938616204,0.571414794866932,41,0.9869747266106,node
auc_degree,alpha,switching,86,7Networks_RH_Cont_PFCl_4,0.0696757225143983,-0.251372981436669,0.376912048097353,0.673404134645489,41,0.994448534065379,node
auc_degree,alpha,detail,86,7Networks_RH_Cont_PFCl_4,0.00325527033092862,-0.312588248664074,0.318450642408637,0.984308405626902,41,0.994448534065379,node
auc_degree,alpha,communication,86,7Networks_RH_Cont_PFCl_4,0.0443833041168985,-0.274990093869484,0.354935271923985,0.788477775456268,41,0.994448534065379,node
auc_degree,alpha,imagination,86,7Networks_RH_Cont_PFCl_4,-0.0975138447636935,-0.400707412312831,0.224929189511403,0.554808026071624,41,0.9869747266106,node
auc_degree,alpha,total,87,7Networks_RH_Cont_Cing_1,-0.0314869479540694,-0.343595834800985,0.286885671246722,0.849085552540797,41,0.994448534065379,node
auc_degree,alpha,social,87,7Networks_RH_Cont_Cing_1,0.0652616039454654,-0.255522443042836,0.373101343249833,0.693049734402261,41,0.994448534065379,node
auc_degree,alpha,switching,87,7Networks_RH_Cont_Cing_1,-0.156925094104545,-0.450158668100302,0.16685912312307,0.340063047642405,41,0.9869747266106,node
auc_degree,alpha,detail,87,7Networks_RH_Cont_Cing_1,0.153452115610035,-0.170316662665663,0.447316581663317,0.35099075455781,41,0.9869747266106,node
auc_degree,alpha,communication,87,7Networks_RH_Cont_Cing_1,-0.0137025116110752,-0.32780770753928,0.303130514247601,0.93401707658548,41,0.994448534065379,node
auc_degree,alpha,imagination,87,7Networks_RH_Cont_Cing_1,-0.196369892537337,-0.482026420343056,0.12702278230862,0.23086309358356,41,0.9869747266106,node
auc_degree,alpha,total,88,7Networks_RH_Cont_PFCmp_1,0.187275067269629,-0.136301367090993,0.474745079233335,0.253613351215002,41,0.9869747266106,node
auc_degree,alpha,social,88,7Networks_RH_Cont_PFCmp_1,-0.0240441356766247,-0.33700987831634,0.293706514642943,0.884481072514096,41,0.994448534065379,node
auc_degree,alpha,switching,88,7Networks_RH_Cont_PFCmp_1,0.150463782474234,-0.173285343822641,0.444866341582491,0.360562250808298,41,0.9869747266106,node
auc_degree,alpha,detail,88,7Networks_RH_Cont_PFCmp_1,0.288521420501945,-0.0297052530298652,0.553642993812426,0.074865055874383,41,0.9869747266106,node
auc_degree,alpha,communication,88,7Networks_RH_Cont_PFCmp_1,-0.125449126164641,-0.424181618575537,0.197906883549372,0.446684595292981,41,0.9869747266106,node
auc_degree,alpha,imagination,88,7Networks_RH_Cont_PFCmp_1,0.282783745016328,-0.0359459774253022,0.549295516500122,0.0811019165433502,41,0.9869747266106,node
auc_degree,alpha,total,89,7Networks_RH_Cont_pCun_1,0.27425731688835,-0.0451742645849766,0.542808220736566,0.0911080674413989,41,0.9869747266106,node
auc_degree,alpha,social,89,7Networks_RH_Cont_pCun_1,0.183849176098013,-0.139781819898441,0.471992060284635,0.262558172492286,41,0.9869747266106,node
auc_degree,alpha,switching,89,7Networks_RH_Cont_pCun_1,0.0913653702920396,-0.230810861266721,0.39548680176769,0.580145808992963,41,0.9869747266106,node
auc_degree,alpha,detail,89,7Networks_RH_Cont_pCun_1,0.173792189761003,-0.149952989383807,0.463877752350833,0.290010633889607,41,0.9869747266106,node
auc_degree,alpha,communication,89,7Networks_RH_Cont_pCun_1,0.145250440995838,-0.178450354984239,0.440581161304876,0.377631831088902,41,0.9869747266106,node
auc_degree,alpha,imagination,89,7Networks_RH_Cont_pCun_1,0.172262405875709,-0.15149416053235,0.462639192538458,0.294342994441603,41,0.9869747266106,node
auc_degree,alpha,total,90,7Networks_RH_Default_Par_1,-0.278127057945741,-0.545756473383012,0.040992728798997,0.0864549387091879,41,0.998638386757117,node
auc_degree,alpha,social,90,7Networks_RH_Default_Par_1,-0.239470359702002,-0.516004412076221,0.0822681349518993,0.142023881603823,41,0.998638386757117,node
auc_degree,alpha,switching,90,7Networks_RH_Default_Par_1,0.0160389922131725,-0.301006757512544,0.329891976551973,0.922797286624333,41,0.998638386757117,node
auc_degree,alpha,detail,90,7Networks_RH_Default_Par_1,-0.223656867452589,-0.503638198405525,0.098840651363994,0.171091776324493,41,0.998638386757117,node
auc_degree,alpha,communication,90,7Networks_RH_Default_Par_1,0.0161837866616153,-0.300875042244719,0.330021040542891,0.922102445241549,41,0.998638386757117,node
auc_degree,alpha,imagination,90,7Networks_RH_Default_Par_1,-0.390192632431728,-0.628355403563407,-0.0851538535509308,0.0140615434090533,41,0.998638386757117,node
auc_degree,alpha,total,91,7Networks_RH_Default_Temp_1,-0.251302419845179,-0.525182349937061,0.0697506760438986,0.122780764000594,41,0.998638386757117,node
auc_degree,alpha,social,91,7Networks_RH_Default_Temp_1,-0.120192352488159,-0.419794769489752,0.203029676561676,0.466106687566522,41,0.998638386757117,node
auc_degree,alpha,switching,91,7Networks_RH_Default_Temp_1,-0.00294629612450187,-0.318172971543246,0.312867008314646,0.98579761564312,41,0.998638386757117,node
auc_degree,alpha,detail,91,7Networks_RH_Default_Temp_1,-0.126950126489982,-0.425431655769763,0.196440890534551,0.441221106499746,41,0.998638386757117,node
auc_degree,alpha,communication,91,7Networks_RH_Default_Temp_1,-0.284620626907673,-0.550688906778627,0.0339507491341027,0.079062735220667,41,0.998638386757117,node
auc_degree,alpha,imagination,91,7Networks_RH_Default_Temp_1,-0.210941948483047,-0.493611165022441,0.112037370193076,0.197386432070312,41,0.998638386757117,node
auc_degree,alpha,total,92,7Networks_RH_Default_Temp_2,-0.0675486758472652,-0.375077067945503,0.253373971250452,0.682845139596777,41,0.998638386757117,node
auc_degree,alpha,social,92,7Networks_RH_Default_Temp_2,-0.0588793127303527,-0.367573089665502,0.261501247052455,0.721805365365712,41,0.998638386757117,node
auc_degree,alpha,switching,92,7Networks_RH_Default_Temp_2,0.0471452019061281,-0.272429747562159,0.357351916167992,0.775643370051976,41,0.998638386757117,node
auc_degree,alpha,detail,92,7Networks_RH_Default_Temp_2,0.0984446344402034,-0.224036737275263,0.401496024735805,0.551017978858146,41,0.998638386757117,node
auc_degree,alpha,communication,92,7Networks_RH_Default_Temp_2,-0.287623387410329,-0.552963500386593,0.0306836613027792,0.0758156215219663,41,0.998638386757117,node
auc_degree,alpha,imagination,92,7Networks_RH_Default_Temp_2,-0.00182733992427142,-0.317166928209949,0.313876086801382,0.99119117987473,41,0.998638386757117,node
auc_degree,alpha,total,93,7Networks_RH_Default_Temp_3,-0.141125294893109,-0.437180873848147,0.182524655618792,0.391470650364232,41,0.998638386757117,node
auc_degree,alpha,social,93,7Networks_RH_Default_Temp_3,-0.0333762499417802,-0.345262759093482,0.285149098976331,0.840144102763779,41,0.998638386757117,node
auc_degree,alpha,switching,93,7Networks_RH_Default_Temp_3,0.0746025413730861,-0.246727580343869,0.381153119261142,0.651726804946844,41,0.998638386757117,node
auc_degree,alpha,detail,93,7Networks_RH_Default_Temp_3,-0.251586449961784,-0.5254018871991,0.0694489450763846,0.122344153097744,41,0.998638386757117,node
auc_degree,alpha,communication,93,7Networks_RH_Default_Temp_3,-0.0570605289161342,-0.365993679476382,0.263200558083765,0.730071503438408,41,0.998638386757117,node
auc_degree,alpha,imagination,93,7Networks_RH_Default_Temp_3,-0.164547613865062,-0.456375741081,0.159242467157609,0.316821734210018,41,0.998638386757117,node
auc_degree,alpha,total,94,7Networks_RH_Default_PFCv_1,0.0996973016129089,-0.222834810730562,0.402556639289926,0.54593664830669,41,0.998638386757117,node
auc_degree,alpha,social,94,7Networks_RH_Default_PFCv_1,-0.000282453597465521,-0.315776767629525,0.315268099438906,0.998638386757117,41,0.998638386757117,node
auc_degree,alpha,switching,94,7Networks_RH_Default_PFCv_1,0.0662757747345997,-0.254570123387114,0.373977796036912,0.688517926730587,41,0.998638386757117,node
auc_degree,alpha,detail,94,7Networks_RH_Default_PFCv_1,0.209902089382657,-0.11311161599039,0.492787790337197,0.199655716876271,41,0.998638386757117,node
auc_degree,alpha,communication,94,7Networks_RH_Default_PFCv_1,-0.107698154931597,-0.409311713511004,0.215134838304588,0.514017728416505,41,0.998638386757117,node
auc_degree,alpha,imagination,94,7Networks_RH_Default_PFCv_1,0.12253682682752,-0.20074714026224,0.421752996087244,0.457389578101521,41,0.998638386757117,node
auc_degree,alpha,total,95,7Networks_RH_Default_PFCv_2,0.0353752665687215,-0.283309401629256,0.347024344270294,0.830704918309456,41,0.998638386757117,node
auc_degree,alpha,social,95,7Networks_RH_Default_PFCv_2,-0.0183536903547649,-0.331953801605243,0.298899694412882,0.911696594577527,41,0.998638386757117,node
auc_degree,alpha,switching,95,7Networks_RH_Default_PFCv_2,0.0598546009416131,-0.260589205056853,0.368419285518744,0.717385533654343,41,0.998638386757117,node
auc_degree,alpha,detail,95,7Networks_RH_Default_PFCv_2,0.0463781710006455,-0.273141258037775,0.356681185003203,0.779201995355812,41,0.998638386757117,node
auc_degree,alpha,communication,95,7Networks_RH_Default_PFCv_2,-0.0896148161490055,-0.393996820414032,0.232481157989577,0.5874536864295,41,0.998638386757117,node
auc_degree,alpha,imagination,95,7Networks_RH_Default_PFCv_2,0.12566387562054,-0.197697231256494,0.424360532326426,0.445900674176692,41,0.998638386757117,node
auc_degree,alpha,total,96,7Networks_RH_Default_PFCdPFCm_1,0.029780803932911,-0.28845209596553,0.342088818308803,0.857176235158647,41,0.998638386757117,node
auc_degree,alpha,social,96,7Networks_RH_Default_PFCdPFCm_1,-0.0580982275860867,-0.366895022719152,0.262231267459472,0.725351544571522,41,0.998638386757117,node
auc_degree,alpha,switching,96,7Networks_RH_Default_PFCdPFCm_1,0.0406150004948604,-0.278476111681292,0.351631320759941,0.806077449838711,41,0.998638386757117,node
auc_degree,alpha,detail,96,7Networks_RH_Default_PFCdPFCm_1,0.238555552128058,-0.0832317255725654,0.515292156440303,0.14359919369582,41,0.998638386757117,node
auc_degree,alpha,communication,96,7Networks_RH_Default_PFCdPFCm_1,-0.210675188882188,-0.49339998942742,0.112313023172806,0.197966847920989,41,0.998638386757117,node
auc_degree,alpha,imagination,96,7Networks_RH_Default_PFCdPFCm_1,0.0811856994069354,-0.24049731467059,0.386799923092447,0.623199237852263,41,0.998638386757117,node
auc_degree,alpha,total,97,7Networks_RH_Default_PFCdPFCm_2,0.0572114468927724,-0.263059629217206,0.366124802593626,0.729384440738237,41,0.998638386757117,node
auc_degree,alpha,social,97,7Networks_RH_Default_PFCdPFCm_2,-0.0528201218750902,-0.362304436042617,0.267154717370832,0.749459316760193,41,0.998638386757117,node
auc_degree,alpha,switching,97,7Networks_RH_Default_PFCdPFCm_2,0.0626720144882764,-0.257951280726715,0.370860908378012,0.704668830544797,41,0.998638386757117,node
auc_degree,alpha,detail,97,7Networks_RH_Default_PFCdPFCm_2,0.239919280686905,-0.0817950546683623,0.516353795498479,0.141255503854965,41,0.998638386757117,node
auc_degree,alpha,communication,97,7Networks_RH_Default_PFCdPFCm_2,-0.223713329973631,-0.503682557367321,0.0987817952569966,0.170980922668745,41,0.998638386757117,node
auc_degree,alpha,imagination,97,7Networks_RH_Default_PFCdPFCm_2,0.159201719406847,-0.16458828924948,0.452018509515242,0.333014444247079,41,0.998638386757117,node
auc_degree,alpha,total,98,7Networks_RH_Default_PFCdPFCm_3,0.0889453092661015,-0.233119468209467,0.393426547453794,0.590259369908577,41,0.998638386757117,node
auc_degree,alpha,social,98,7Networks_RH_Default_PFCdPFCm_3,0.0011497925866528,-0.314486754811115,0.316557406387933,0.994457279065011,41,0.998638386757117,node
auc_degree,alpha,switching,98,7Networks_RH_Default_PFCdPFCm_3,0.0461413401430716,-0.273360875621789,0.356474023299454,0.780301668511177,41,0.998638386757117,node
auc_degree,alpha,detail,98,7Networks_RH_Default_PFCdPFCm_3,0.107970767976629,-0.214871768133693,0.409541298084932,0.512946803639919,41,0.998638386757117,node
auc_degree,alpha,communication,98,7Networks_RH_Default_PFCdPFCm_3,-0.0168897329858804,-0.330650124900365,0.300232690252896,0.91871556710261,41,0.998638386757117,node
auc_degree,alpha,imagination,98,7Networks_RH_Default_PFCdPFCm_3,0.137692461351791,-0.185906724311285,0.434344780918431,0.40320867535322,41,0.998638386757117,node
auc_degree,alpha,total,99,7Networks_RH_Default_pCunPCC_1,0.0436758519822522,-0.275645191238918,0.354315587086745,0.791774294861676,41,0.998638386757117,node
auc_degree,alpha,social,99,7Networks_RH_Default_pCunPCC_1,-0.00571776277892486,-0.320661718766313,0.310364616812845,0.972441842777043,41,0.998638386757117,node
auc_degree,alpha,switching,99,7Networks_RH_Default_pCunPCC_1,-0.126578764347696,-0.42512249035653,0.196803726180275,0.442569398559823,41,0.998638386757117,node
auc_degree,alpha,detail,99,7Networks_RH_Default_pCunPCC_1,0.0357043047746682,-0.283006362414623,0.347314090635097,0.829153433673336,41,0.998638386757117,node
auc_degree,alpha,communication,99,7Networks_RH_Default_pCunPCC_1,-0.0217137618692428,-0.334941473917281,0.295835516551302,0.895612471589605,41,0.998638386757117,node
auc_degree,alpha,imagination,99,7Networks_RH_Default_pCunPCC_1,0.342676532504972,0.0304459585323474,0.593976931082646,0.0327186934475266,41,0.998638386757117,node
auc_degree,alpha,total,100,7Networks_RH_Default_pCunPCC_2,-0.00992794060096861,-0.324434110776755,0.306554794878278,0.952168238171758,41,0.998638386757117,node
auc_degree,alpha,social,100,7Networks_RH_Default_pCunPCC_2,-0.0334794149050258,-0.345353724541925,0.285054213539225,0.839656415102538,41,0.998638386757117,node
auc_degree,alpha,switching,100,7Networks_RH_Default_pCunPCC_2,-0.311612168292525,-0.570994119135401,0.00433667228874201,0.0534719552682592,41,0.998638386757117,node
auc_degree,alpha,detail,100,7Networks_RH_Default_pCunPCC_2,0.322778317274291,0.00807861832283831,0.579302410327832,0.0450519257109412,41,0.998638386757117,node
auc_degree,alpha,communication,100,7Networks_RH_Default_pCunPCC_2,-0.0962301807877396,-0.399619089296256,0.226159094936506,0.560054886035582,41,0.998638386757117,node
auc_degree,alpha,imagination,100,7Networks_RH_Default_pCunPCC_2,0.147112175455014,-0.176607925238721,0.442112986956067,0.371482100123765,41,0.998638386757117,node
auc_degree,beta,total,1,7Networks_LH_Vis_1,0.18158103253415,-0.142081695074228,0.470166300979669,0.268593712709488,41,0.822203906412725,node
auc_degree,beta,social,1,7Networks_LH_Vis_1,0.0188672892217254,-0.298431747116769,0.332410885656926,0.909235671842795,41,0.990275841097726,node
auc_degree,beta,switching,1,7Networks_LH_Vis_1,-0.0265312744916647,-0.339214097267465,0.291430811072202,0.872624983907786,41,0.990275841097726,node
auc_degree,beta,detail,1,7Networks_LH_Vis_1,0.384222161707773,0.0781771815258981,0.62408619859307,0.0157392049948275,41,0.681853626898847,node
auc_degree,beta,communication,1,7Networks_LH_Vis_1,-0.0980229966246686,-0.401138847370064,0.224441075656906,0.552733316393043,41,0.990275841097726,node
auc_degree,beta,imagination,1,7Networks_LH_Vis_1,0.281973381979328,-0.036825389907902,0.548680333744105,0.0820144341414266,41,0.681853626898847,node
auc_degree,beta,total,2,7Networks_LH_Vis_2,0.0247044374323757,-0.293102697071706,0.337595403369838,0.88133091404138,41,0.990275841097726,node
auc_degree,beta,social,2,7Networks_LH_Vis_2,-0.0573274195479454,-0.366225555589363,0.262951323388554,0.728856610104145,41,0.990275841097726,node
auc_degree,beta,switching,2,7Networks_LH_Vis_2,-0.173311871450772,-0.463488994052766,0.150437052543501,0.291366443358855,41,0.822203906412725,node
auc_degree,beta,detail,2,7Networks_LH_Vis_2,0.280675339877345,-0.0382330074794983,0.54769432983323,0.0834927181798993,41,0.681853626898847,node
auc_degree,beta,communication,2,7Networks_LH_Vis_2,-0.0270132702946472,-0.339640867731178,0.290989373712444,0.87033041780656,41,0.990275841097726,node
auc_degree,beta,imagination,2,7Networks_LH_Vis_2,0.0844069765733251,-0.237439026189772,0.389554696565186,0.609431911312507,41,0.990275841097726,node
auc_degree,beta,total,3,7Networks_LH_Vis_3,0.149936545495728,-0.17380850372981,0.444433583462933,0.362267111392304,41,0.905519508979839,node
auc_degree,beta,social,3,7Networks_LH_Vis_3,0.0553136636630054,-0.264830805944381,0.364475045142372,0.738039203334571,41,0.990275841097726,node
auc_degree,beta,switching,3,7Networks_LH_Vis_3,-0.190358157603661,-0.477217826232289,0.133162330929793,0.245739486218538,41,0.822203906412725,node
auc_degree,beta,detail,3,7Networks_LH_Vis_3,0.382615064514442,0.0763043472366462,0.622934586836127,0.0162185833542276,41,0.681853626898847,node
auc_degree,beta,communication,3,7Networks_LH_Vis_3,0.0526467969493078,-0.267316113149557,0.362153433134444,0.750255116480127,41,0.990275841097726,node
auc_degree,beta,imagination,3,7Networks_LH_Vis_3,0.153515019410906,-0.170254109311169,0.447368111354587,0.350790951177029,41,0.905519508979839,node
auc_degree,beta,total,4,7Networks_LH_Vis_4,-0.279170437303578,-0.546550263795851,0.0398633651630254,0.0852323897421037,41,0.681853626898847,node
auc_degree,beta,social,4,7Networks_LH_Vis_4,-0.272257041995769,-0.541281665303331,0.0473313271711768,0.0935877527116065,41,0.681853626898847,node
auc_degree,beta,switching,4,7Networks_LH_Vis_4,-0.348390178213285,-0.598159947228677,-0.0369269097927734,0.0297416410775286,41,0.681853626898847,node
auc_degree,beta,detail,4,7Networks_LH_Vis_4,0.137116984822635,-0.186472941201759,0.433868764985938,0.405196010905108,41,0.955238831174728,node
auc_degree,beta,communication,4,7Networks_LH_Vis_4,-0.249614424118121,-0.523876883774848,0.0715426570777423,0.125399657027911,41,0.791812891779267,node
auc_degree,beta,imagination,4,7Networks_LH_Vis_4,0.0318402283080446,-0.286561108777542,0.34390768233785,0.847412141372466,41,0.990275841097726,node
auc_degree,beta,total,5,7Networks_LH_Vis_5,-0.149407298347368,-0.44399903709988,0.174333474544311,0.363983332040916,41,0.905519508979839,node
auc_degree,beta,social,5,7Networks_LH_Vis_5,-0.143127194464464,-0.438832063173406,0.180548818190326,0.384718308155745,41,0.934315891235381,node
auc_degree,beta,switching,5,7Networks_LH_Vis_5,-0.254085254712048,-0.527331734745445,0.0667918800383209,0.118552985959984,41,0.791812891779267,node
auc_degree,beta,detail,5,7Networks_LH_Vis_5,0.24255217744322,-0.0790175434100006,0.518401059078377,0.136810568039601,41,0.791812891779267,node
auc_degree,beta,communication,5,7Networks_LH_Vis_5,-0.199709099889831,-0.484689932036193,0.123601842861807,0.222870737508921,41,0.822203906412725,node
auc_degree,beta,imagination,5,7Networks_LH_Vis_5,-0.0423241221770502,-0.353130795232504,0.276896062462811,0.798082851067546,41,0.990275841097726,node
auc_degree,beta,total,6,7Networks_LH_Vis_6,0.135060656908748,-0.188494427139669,0.432166481046357,0.412342987410492,41,0.955238831174728,node
auc_degree,beta,social,6,7Networks_LH_Vis_6,-0.0351778868007098,-0.34685050590126,0.283491154879843,0.831635909706658,41,0.990275841097726,node
auc_degree,beta,switching,6,7Networks_LH_Vis_6,-0.104914178540243,-0.406964963374087,0.217818681398819,0.525017684887092,41,0.990275841097726,node
auc_degree,beta,detail,6,7Networks_LH_Vis_6,0.358320242884821,0.0482532011068088,0.605397606191049,0.0250998974760144,41,0.681853626898847,node
auc_degree,beta,communication,6,7Networks_LH_Vis_6,0.0759691956980815,-0.245436367085414,0.382327272072377,0.645762433974829,41,0.990275841097726,node
auc_degree,beta,imagination,6,7Networks_LH_Vis_6,0.125215499293447,-0.198134931600034,0.423986951034524,0.447538279792916,41,0.959270782841649,node
auc_degree,beta,total,7,7Networks_LH_Vis_7,0.0332715034345013,-0.285245432643286,0.345170393126604,0.840639326997168,41,0.990275841097726,node
auc_degree,beta,social,7,7Networks_LH_Vis_7,0.0465038233992112,-0.273024724746379,0.356791083819391,0.778618727321331,41,0.990275841097726,node
auc_degree,beta,switching,7,7Networks_LH_Vis_7,-0.196128576787354,-0.481833730560227,0.127269706902931,0.231448148058692,41,0.822203906412725,node
auc_degree,beta,detail,7,7Networks_LH_Vis_7,-0.0109995624564263,-0.325392707808671,0.305583454420131,0.947012207303038,41,0.990275841097726,node
auc_degree,beta,communication,7,7Networks_LH_Vis_7,0.127601074573854,-0.195804674500756,0.425973413281051,0.438863184011314,41,0.959270782841649,node
auc_degree,beta,imagination,7,7Networks_LH_Vis_7,0.194326140966156,-0.129112769309232,0.480393617382894,0.23584997121578,41,0.822203906412725,node
auc_degree,beta,total,8,7Networks_LH_Vis_8,-0.00201723036809528,-0.317337706995125,0.313704893187334,0.990275841097726,41,0.990275841097726,node
auc_degree,beta,social,8,7Networks_LH_Vis_8,-0.0576247842994798,-0.366483862618054,0.262673580210018,0.727503766448452,41,0.990275841097726,node
auc_degree,beta,switching,8,7Networks_LH_Vis_8,-0.124155819869604,-0.423103635722469,0.199168867433378,0.451421544866658,41,0.959270782841649,node
auc_degree,beta,detail,8,7Networks_LH_Vis_8,0.0801755817395357,-0.241455009271123,0.385934965295402,0.627542783786414,41,0.990275841097726,node
auc_degree,beta,communication,8,7Networks_LH_Vis_8,0.0214281296046063,-0.296096249948328,0.334687743202561,0.896978239337663,41,0.990275841097726,node
auc_degree,beta,imagination,8,7Networks_LH_Vis_8,0.132475475376142,-0.191031921708546,0.430023389353324,0.421428896106497,41,0.955238831174728,node
auc_degree,beta,total,9,7Networks_LH_Vis_9,0.0210972185934065,-0.296398255940039,0.334393734005326,0.898560875891726,41,0.990275841097726,node
auc_degree,beta,social,9,7Networks_LH_Vis_9,0.0983503402052768,-0.224127172338136,0.401416154308383,0.551401375467389,41,0.990275841097726,node
auc_degree,beta,switching,9,7Networks_LH_Vis_9,-0.168109987923348,-0.459271544128574,0.155669567629055,0.306311259251799,41,0.822203906412725,node
auc_degree,beta,detail,9,7Networks_LH_Vis_9,-0.00727029408211881,-0.322053977444786,0.308960900209093,0.964963158905543,41,0.990275841097726,node
auc_degree,beta,communication,9,7Networks_LH_Vis_9,0.104170836822534,-0.218534462156699,0.406337689030321,0.527974163842605,41,0.990275841097726,node
auc_degree,beta,imagination,9,7Networks_LH_Vis_9,0.0438469267225314,-0.275486804015196,0.354465463119362,0.790976807090808,41,0.990275841097726,node
auc_degree,beta,total,10,7Networks_LH_SomMot_1,0.0296020882319352,-0.288616077804716,0.341930867868214,0.858024568300983,41,0.983407478690821,node
auc_degree,beta,social,10,7Networks_LH_SomMot_1,-0.0347287944774985,-0.34645489681968,0.283904607365607,0.833755009010703,41,0.983407478690821,node
auc_degree,beta,switching,10,7Networks_LH_SomMot_1,-0.0311837522392931,-0.343328143066783,0.287164162147973,0.850522244206043,41,0.983407478690821,node
auc_degree,beta,detail,10,7Networks_LH_SomMot_1,0.294424423405099,-0.0232587091276067,0.558100709339185,0.0688469422964801,41,0.718047406239924,node
auc_degree,beta,communication,10,7Networks_LH_SomMot_1,-0.187496825922837,-0.474923089085169,0.136075801057418,0.253041449337499,41,0.908912193698438,node
auc_degree,beta,imagination,10,7Networks_LH_SomMot_1,0.0393301835861542,-0.279662763373403,0.350503052483931,0.812100185621953,41,0.983407478690821,node
auc_degree,beta,total,11,7Networks_LH_SomMot_2,0.0492582193714463,-0.270467868555338,0.359197993643374,0.765863602122328,41,0.983407478690821,node
auc_degree,beta,social,11,7Networks_LH_SomMot_2,0.0118365016466172,-0.304824376688807,0.326140925180865,0.942986803864224,41,0.983407478690821,node
auc_degree,beta,switching,11,7Networks_LH_SomMot_2,0.0963755779591157,-0.226019838453274,0.399742403687968,0.559459432005324,41,0.983407478690821,node
auc_degree,beta,detail,11,7Networks_LH_SomMot_2,0.0894894423763481,-0.232600710904199,0.393890047300447,0.58797863621916,41,0.983407478690821,node
auc_degree,beta,communication,11,7Networks_LH_SomMot_2,-0.111926260569937,-0.412868174528063,0.21104945977988,0.497534561688823,41,0.983407478690821,node
auc_degree,beta,imagination,11,7Networks_LH_SomMot_2,0.0410172855947075,-0.278104362417114,0.351984403746523,0.804193936860563,41,0.983407478690821,node
auc_degree,beta,total,12,7Networks_LH_SomMot_3,0.0537133582326185,-0.266322673577383,0.36308237754596,0.7453622043604,41,0.983407478690821,node
auc_degree,beta,social,12,7Networks_LH_SomMot_3,-0.0717374994979369,-0.378688422016971,0.24943077031799,0.664299666211098,41,0.983407478690821,node
auc_degree,beta,switching,12,7Networks_LH_SomMot_3,0.161757660345922,-0.162034753865361,0.454103502818678,0.32520967120042,41,0.910587079361176,node
auc_degree,beta,detail,12,7Networks_LH_SomMot_3,0.204155558624821,-0.11903458962245,0.488228455049365,0.212525945920001,41,0.892608972864003,node
auc_degree,beta,communication,12,7Networks_LH_SomMot_3,-0.172167353814965,-0.46256219806257,0.151589868219438,0.294613547962265,41,0.910587079361176,node
auc_degree,beta,imagination,12,7Networks_LH_SomMot_3,0.0144359037629171,-0.302464232193969,0.328462263029323,0.930493868979235,41,0.983407478690821,node
auc_degree,beta,total,13,7Networks_LH_SomMot_4,0.303281009805599,-0.0135368104419551,0.564760428513419,0.0605397256398332,41,0.718047406239924,node
auc_degree,beta,social,13,7Networks_LH_SomMot_4,0.184420701382999,-0.139201747583823,0.472451724350461,0.261051620485578,41,0.908912193698438,node
auc_degree,beta,switching,13,7Networks_LH_SomMot_4,0.465158458654963,0.175375503762338,0.680766254475034,0.002847355280663,41,0.119588921787846,node
auc_degree,beta,detail,13,7Networks_LH_SomMot_4,0.00383389329884051,-0.312066062798857,0.318970497449737,0.981519673335497,41,0.983407478690821,node
auc_degree,beta,communication,13,7Networks_LH_SomMot_4,0.0693618231008301,-0.251668450696102,0.376641402071067,0.674794336266409,41,0.983407478690821,node
auc_degree,beta,imagination,13,7Networks_LH_SomMot_4,0.0636673193009072,-0.257018239834161,0.371722440785972,0.700195056555164,41,0.983407478690821,node
auc_degree,beta,total,14,7Networks_LH_SomMot_5,-0.10706615880956,-0.408779322916214,0.215744531117262,0.516504724551111,41,0.983407478690821,node
auc_degree,beta,social,14,7Networks_LH_SomMot_5,-0.0163806272518645,-0.330196477571096,0.300695962724647,0.921157935706071,41,0.983407478690821,node
auc_degree,beta,switching,14,7Networks_LH_SomMot_5,-0.100818180916292,-0.403504982201837,0.2217585019508,0.541408873411366,41,0.983407478690821,node
auc_degree,beta,detail,14,7Networks_LH_SomMot_5,0.0550029729679003,-0.265120563960031,0.36420477435743,0.739459165561785,41,0.983407478690821,node
auc_degree,beta,communication,14,7Networks_LH_SomMot_5,-0.0482079838486316,-0.358280738689697,0.271443315592103,0.770720083520038,41,0.983407478690821,node
auc_degree,beta,imagination,14,7Networks_LH_SomMot_5,-0.2484342304598,-0.522963376818977,0.0727943237185051,0.127255343698003,41,0.718540604710531,node
auc_degree,beta,total,15,7Networks_LH_SomMot_6,-0.26139184861165,-0.532958549455941,0.0589963297753442,0.107973903403506,41,0.718540604710531,node
auc_degree,beta,social,15,7Networks_LH_SomMot_6,-0.186122934154579,-0.473819861586375,0.137472741498396,0.256598511325928,41,0.908912193698438,node
auc_degree,beta,switching,15,7Networks_LH_SomMot_6,-0.0391066132248138,-0.350306630773359,0.279869152551533,0.813149298921962,41,0.983407478690821,node
auc_degree,beta,detail,15,7Networks_LH_SomMot_6,-0.30716509202451,-0.567670364581253,0.00925426417933367,0.0571575368953008,41,0.718047406239924,node
auc_degree,beta,communication,15,7Networks_LH_SomMot_6,0.045907623373133,-0.273577572804949,0.356269555644644,0.781387295369845,41,0.983407478690821,node
auc_degree,beta,imagination,15,7Networks_LH_SomMot_6,-0.252403705333056,-0.526033370449211,0.0685804302976507,0.121094357322874,41,0.718540604710531,node
auc_degree,beta,total,16,7Networks_LH_DorsAttn_Post_1,-0.0982639671327869,-0.401342989330144,0.224210005554063,0.551752675234976,41,0.969668550676701,node
auc_degree,beta,social,16,7Networks_LH_DorsAttn_Post_1,-0.122601406035528,-0.421806896518764,0.200684217441435,0.457150711910293,41,0.969668550676701,node
auc_degree,beta,switching,16,7Networks_LH_DorsAttn_Post_1,-0.237369631427793,-0.514368246765801,0.0844799916936537,0.145660441274978,41,0.966519972514608,node
auc_degree,beta,detail,16,7Networks_LH_DorsAttn_Post_1,0.265200361031622,-0.0549174003137193,0.535881996618426,0.102751820258324,41,0.966519972514608,node
auc_degree,beta,communication,16,7Networks_LH_DorsAttn_Post_1,-0.160663229744661,-0.453211119530904,0.16312868556467,0.328537523729211,41,0.966519972514608,node
auc_degree,beta,imagination,16,7Networks_LH_DorsAttn_Post_1,0.0118712249241267,-0.304792875065505,0.326171959025392,0.942819825744936,41,0.990997600208277,node
auc_degree,beta,total,17,7Networks_LH_DorsAttn_Post_2,0.155377092997741,-0.168401226958603,0.448892606227009,0.344907730598544,41,0.966519972514608,node
auc_degree,beta,social,17,7Networks_LH_DorsAttn_Post_2,0.0179089046309278,-0.299304821826165,0.331557839686241,0.913828454466707,41,0.990997600208277,node
auc_degree,beta,switching,17,7Networks_LH_DorsAttn_Post_2,0.261245976473408,-0.0591523468820752,0.532846447668553,0.108177848026845,41,0.966519972514608,node
auc_degree,beta,detail,17,7Networks_LH_DorsAttn_Post_2,0.230787985188641,-0.0913893317467021,0.509229000730955,0.157496035001213,41,0.966519972514608,node
auc_degree,beta,communication,17,7Networks_LH_DorsAttn_Post_2,-0.116942785562214,-0.417075942386804,0.206187596006599,0.478333848092365,41,0.969668550676701,node
auc_degree,beta,imagination,17,7Networks_LH_DorsAttn_Post_2,-0.00361789277393977,-0.31877645722834,0.312261017626423,0.982560686273517,41,0.990997600208277,node
auc_degree,beta,total,18,7Networks_LH_DorsAttn_Post_3,-0.196467796562934,-0.482104588486385,0.126922591292172,0.230626019156405,41,0.966519972514608,node
auc_degree,beta,social,18,7Networks_LH_DorsAttn_Post_3,-0.127613466385313,-0.425983724404768,0.195792560495593,0.438818364719316,41,0.969668550676701,node
auc_degree,beta,switching,18,7Networks_LH_DorsAttn_Post_3,-0.302126332615722,-0.563894094171217,0.0148077074252822,0.061575278768535,41,0.94978055001997,node
auc_degree,beta,detail,18,7Networks_LH_DorsAttn_Post_3,0.0221064518385042,-0.295476980525026,0.335290231188795,0.89373528596718,41,0.990997600208277,node
auc_degree,beta,communication,18,7Networks_LH_DorsAttn_Post_3,-0.145439008350142,-0.440736391880115,0.178263846179102,0.37700622737892,41,0.966519972514608,node
auc_degree,beta,imagination,18,7Networks_LH_DorsAttn_Post_3,0.0673888611608016,-0.253524203874464,0.374939100134147,0.683556432356478,41,0.990997600208277,node
auc_degree,beta,total,19,7Networks_LH_DorsAttn_Post_4,-0.0782928555601439,-0.384321361936992,0.243238355209611,0.635671605443615,41,0.969668550676701,node
auc_degree,beta,social,19,7Networks_LH_DorsAttn_Post_4,-0.04769449405879,-0.357832048862223,0.271920000275475,0.773097707651867,41,0.990997600208277,node
auc_degree,beta,switching,19,7Networks_LH_DorsAttn_Post_4,0.0255891036536134,-0.292293310271914,0.338379505103142,0.877113189001141,41,0.990997600208277,node
auc_degree,beta,detail,19,7Networks_LH_DorsAttn_Post_4,0.179241666230173,-0.14445013419956,0.468280619342016,0.274913732649123,41,0.966519972514608,node
auc_degree,beta,communication,19,7Networks_LH_DorsAttn_Post_4,-0.164573388631776,-0.456396715246807,0.159216646662566,0.316744883097723,41,0.966519972514608,node
auc_degree,beta,imagination,19,7Networks_LH_DorsAttn_Post_4,-0.302173401219293,-0.563929420198488,0.014755921317278,0.0615327930404451,41,0.94978055001997,node
auc_degree,beta,total,20,7Networks_LH_DorsAttn_Post_5,-0.0827367736673828,-0.388127052817076,0.239025517783768,0.616553994751327,41,0.969668550676701,node
auc_degree,beta,social,20,7Networks_LH_DorsAttn_Post_5,-0.0371414846906344,-0.348578953726601,0.281681995057158,0.82238438743488,41,0.990997600208277,node
auc_degree,beta,switching,20,7Networks_LH_DorsAttn_Post_5,-0.0423197513773551,-0.35312696260676,0.276900105383615,0.798103270448396,41,0.990997600208277,node
auc_degree,beta,detail,20,7Networks_LH_DorsAttn_Post_5,-0.157666099405156,-0.450764296284724,0.166120379708963,0.337758845992498,41,0.966519972514608,node
auc_degree,beta,communication,20,7Networks_LH_DorsAttn_Post_5,-0.00186749854783967,-0.317203046745603,0.313839883953162,0.990997600208277,41,0.990997600208277,node
auc_degree,beta,imagination,20,7Networks_LH_DorsAttn_Post_5,0.0353676602974676,-0.283316406137633,0.347017645592399,0.830740790992039,41,0.990997600208277,node
auc_degree,beta,total,21,7Networks_LH_DorsAttn_Post_6,0.017677051190045,-0.299515957241817,0.33135139280706,0.914939965699815,41,0.990997600208277,node
auc_degree,beta,social,21,7Networks_LH_DorsAttn_Post_6,0.0344123868597049,-0.28419583383583,0.346176104176437,0.835248715119786,41,0.990997600208277,node
auc_degree,beta,switching,21,7Networks_LH_DorsAttn_Post_6,0.0324839991541915,-0.285969481573177,0.344475774602799,0.844364441264696,41,0.990997600208277,node
auc_degree,beta,detail,21,7Networks_LH_DorsAttn_Post_6,-0.0501922919599974,-0.360013291380747,0.26959976044391,0.76155167354552,41,0.990997600208277,node
auc_degree,beta,communication,21,7Networks_LH_DorsAttn_Post_6,-0.00590038008165635,-0.320825554572218,0.31019957541789,0.971562025902645,41,0.990997600208277,node
auc_degree,beta,imagination,21,7Networks_LH_DorsAttn_Post_6,0.040564996194967,-0.278522313677107,0.35158742613071,0.806311647343822,41,0.990997600208277,node
auc_degree,beta,total,22,7Networks_LH_DorsAttn_PrCv_1,0.267902319530146,-0.0520171004472914,0.537952114955685,0.0991653916950076,41,0.966519972514608,node
auc_degree,beta,social,22,7Networks_LH_DorsAttn_PrCv_1,0.156678440302643,-0.167104943409945,0.449957016570331,0.340832170484016,41,0.966519972514608,node
auc_degree,beta,switching,22,7Networks_LH_DorsAttn_PrCv_1,0.410850494213981,0.10952619929349,0.643017011037131,0.00937334840521531,41,0.421800678234689,node
auc_degree,beta,detail,22,7Networks_LH_DorsAttn_PrCv_1,-0.0641651889924785,-0.372153196064788,0.256551291263956,0.697960918512361,41,0.990997600208277,node
auc_degree,beta,communication,22,7Networks_LH_DorsAttn_PrCv_1,0.0808034328832128,-0.240859816009486,0.386472653757072,0.624841531754107,41,0.969668550676701,node
auc_degree,beta,imagination,22,7Networks_LH_DorsAttn_PrCv_1,0.137823384543778,-0.185777877707215,0.434453053298808,0.402757331684275,41,0.966519972514608,node
auc_degree,beta,total,23,7Networks_LH_DorsAttn_FEF_1,0.0341712883563642,-0.284417705170298,0.345963630825958,0.83638728274066,41,0.990997600208277,node
auc_degree,beta,social,23,7Networks_LH_DorsAttn_FEF_1,0.0210872022422725,-0.296407396374706,0.334384833684858,0.898608786808398,41,0.990997600208277,node
auc_degree,beta,switching,23,7Networks_LH_DorsAttn_FEF_1,0.0990577707637596,-0.223448559237456,0.402015259667067,0.548528062145994,41,0.969668550676701,node
auc_degree,beta,detail,23,7Networks_LH_DorsAttn_FEF_1,-0.221089257705128,-0.501619431756719,0.101514726282177,0.176187462784294,41,0.966519972514608,node
auc_degree,beta,communication,23,7Networks_LH_DorsAttn_FEF_1,0.0901331041040915,-0.23198682981632,0.394438127152128,0.585285784465376,41,0.969668550676701,node
auc_degree,beta,imagination,23,7Networks_LH_DorsAttn_FEF_1,0.146753628467182,-0.176962930840548,0.441818110044966,0.372661806629361,41,0.966519972514608,node
auc_degree,beta,total,24,7Networks_LH_SalVentAttn_ParOper_1,0.176080203500603,-0.14764500434247,0.465728084229568,0.283608165501824,41,0.759064450426846,node
auc_degree,beta,social,24,7Networks_LH_SalVentAttn_ParOper_1,0.028624349340066,-0.289512878616011,0.341066421517686,0.862668487921084,41,0.933588195030752,node
auc_degree,beta,switching,24,7Networks_LH_SalVentAttn_ParOper_1,0.112809696069721,-0.210194418668784,0.413610116917492,0.494124936758037,41,0.804930462286404,node
auc_degree,beta,detail,24,7Networks_LH_SalVentAttn_ParOper_1,0.351657249016171,0.0406445384235578,0.600545701160175,0.0281421784050958,41,0.675412281722299,node
auc_degree,beta,communication,24,7Networks_LH_SalVentAttn_ParOper_1,-0.0219069943457589,-0.335113098986911,0.29565910151837,0.894688686904471,41,0.933588195030752,node
auc_degree,beta,imagination,24,7Networks_LH_SalVentAttn_ParOper_1,-0.0145720436360911,-0.328583735238735,0.302340515904881,0.929839996269438,41,0.942936334245064,node
auc_degree,beta,total,25,7Networks_LH_SalVentAttn_FrOperIns_1,0.253620098251384,-0.0672868418853719,0.526972704002794,0.119251942698801,41,0.681534891355046,node
auc_degree,beta,social,25,7Networks_LH_SalVentAttn_FrOperIns_1,0.102008515141738,-0.220614638804627,0.404511377353107,0.536620308190936,41,0.804930462286404,node
auc_degree,beta,switching,25,7Networks_LH_SalVentAttn_FrOperIns_1,0.152246544821983,-0.171515013008136,0.446328622056338,0.354833402113783,41,0.761858759048874,node
auc_degree,beta,detail,25,7Networks_LH_SalVentAttn_FrOperIns_1,0.25112446439218,-0.0699396918117066,0.525044783082958,0.123054910939106,41,0.681534891355046,node
auc_degree,beta,communication,25,7Networks_LH_SalVentAttn_FrOperIns_1,0.0530866506438061,-0.266906497504632,0.362536607644295,0.748236082375185,41,0.910428478024443,node
auc_degree,beta,imagination,25,7Networks_LH_SalVentAttn_FrOperIns_1,0.147482736496776,-0.176240935721368,0.442417677496727,0.370265201484732,41,0.761858759048874,node
auc_degree,beta,total,26,7Networks_LH_SalVentAttn_FrOperIns_2,0.214324290111935,-0.108537950153308,0.496285849289969,0.190130494353443,41,0.740728666910237,node
auc_degree,beta,social,26,7Networks_LH_SalVentAttn_FrOperIns_2,0.147232084918042,-0.176489181330906,0.442211588903301,0.371088065103307,41,0.761858759048874,node
auc_degree,beta,switching,26,7Networks_LH_SalVentAttn_FrOperIns_2,0.232417791496679,-0.0896812637257654,0.510503479477181,0.154502172898207,41,0.731250623714327,node
auc_degree,beta,detail,26,7Networks_LH_SalVentAttn_FrOperIns_2,-0.0563556304243233,-0.365381075120005,0.263858619086325,0.733283337900409,41,0.910428478024443,node
auc_degree,beta,communication,26,7Networks_LH_SalVentAttn_FrOperIns_2,0.108841954408476,-0.214030763566623,0.410274722927122,0.509531949522069,41,0.804930462286404,node
auc_degree,beta,imagination,26,7Networks_LH_SalVentAttn_FrOperIns_2,0.167787881466192,-0.155992974539608,0.459009962620499,0.307252386643794,41,0.759064450426846,node
auc_degree,beta,total,27,7Networks_LH_SalVentAttn_PFCl_1,0.258086103839324,-0.0625281415718145,0.530415764021048,0.112667781989687,41,0.681534891355046,node
auc_degree,beta,social,27,7Networks_LH_SalVentAttn_PFCl_1,0.169617667394487,-0.154154877769751,0.460495254290877,0.301930517698085,41,0.759064450426846,node
auc_degree,beta,switching,27,7Networks_LH_SalVentAttn_PFCl_1,0.0257631274117827,-0.292134041199155,0.338533695592246,0.876283905106296,41,0.933588195030752,node
auc_degree,beta,detail,27,7Networks_LH_SalVentAttn_PFCl_1,0.162390481605015,-0.161401857742495,0.454619228851252,0.323295070999476,41,0.759064450426846,node
auc_degree,beta,communication,27,7Networks_LH_SalVentAttn_PFCl_1,0.321170951877514,0.00628544121869792,0.578109708296265,0.0461933187737151,41,0.681534891355046,node
auc_degree,beta,imagination,27,7Networks_LH_SalVentAttn_PFCl_1,0.0228533242658965,-0.294794819850989,0.335953309505769,0.89016657591378,41,0.933588195030752,node
auc_degree,beta,total,28,7Networks_LH_SalVentAttn_Med_1,0.0864925536385052,-0.23545556570364,0.391335334349553,0.600588218377045,41,0.847889249473476,node
auc_degree,beta,social,28,7Networks_LH_SalVentAttn_Med_1,-0.0664877600214626,-0.374160925638026,0.254370987764634,0.687572020307743,41,0.900094281130136,node
auc_degree,beta,switching,28,7Networks_LH_SalVentAttn_Med_1,0.295436354624987,-0.0221509415591401,0.558863354865725,0.0678546680538949,41,0.681534891355046,node
auc_degree,beta,detail,28,7Networks_LH_SalVentAttn_Med_1,-0.133810616353724,-0.431130627796014,0.189721948777688,0.416722412089182,41,0.779192006536212,node
auc_degree,beta,communication,28,7Networks_LH_SalVentAttn_Med_1,-0.0282739831545191,-0.340756524295995,0.289834105304106,0.864333721862671,41,0.933588195030752,node
auc_degree,beta,imagination,28,7Networks_LH_SalVentAttn_Med_1,0.22811335810792,-0.0941882895971336,0.507134841384596,0.162500138603184,41,0.731250623714327,node
auc_degree,beta,total,29,7Networks_LH_SalVentAttn_Med_2,-0.0288742795494851,-0.341287442104365,0.289283690974768,0.861480966989936,41,0.933588195030752,node
auc_degree,beta,social,29,7Networks_LH_SalVentAttn_Med_2,0.0486451060994515,-0.271037401086514,0.358662585364443,0.768697691333298,41,0.910428478024443,node
auc_degree,beta,switching,29,7Networks_LH_SalVentAttn_Med_2,-0.10337566034486,-0.405666358098609,0.219299771563076,0.531145783118113,41,0.804930462286404,node
auc_degree,beta,detail,29,7Networks_LH_SalVentAttn_Med_2,-0.193603808225908,-0.479816053479285,0.129850756624926,0.237629850392561,41,0.759064450426846,node
auc_degree,beta,communication,29,7Networks_LH_SalVentAttn_Med_2,0.281785215791429,-0.0370295187548392,0.548537447061132,0.082227458195975,41,0.681534891355046,node
auc_degree,beta,imagination,29,7Networks_LH_SalVentAttn_Med_2,-0.123327294986403,-0.42241260749027,0.199976763218332,0.454470413425788,41,0.804930462286404,node
auc_degree,beta,total,30,7Networks_LH_SalVentAttn_Med_3,0.0090481489856596,-0.307351763980823,0.323646628306823,0.9564027365297,41,0.9564027365297,node
auc_degree,beta,social,30,7Networks_LH_SalVentAttn_Med_3,0.0150007585668544,-0.301950854030856,0.328966192714085,0.927781199443054,41,0.942936334245064,node
auc_degree,beta,switching,30,7Networks_LH_SalVentAttn_Med_3,0.177929748085115,-0.145776735190983,0.467221974317395,0.278500255821657,41,0.759064450426846,node
auc_degree,beta,detail,30,7Networks_LH_SalVentAttn_Med_3,-0.180332189623132,-0.469159979963411,0.143346519460611,0.271955573154767,41,0.759064450426846,node
auc_degree,beta,communication,30,7Networks_LH_SalVentAttn_Med_3,-0.102768873342716,-0.405153856246085,0.219883500471662,0.533572213297092,41,0.804930462286404,node
auc_degree,beta,imagination,30,7Networks_LH_SalVentAttn_Med_3,0.132296422702949,-0.191207511564942,0.429874832062928,0.422062336873782,41,0.779192006536212,node
auc_degree,beta,total,31,7Networks_LH_Limbic_OFC_1,0.146372254177081,-0.177340445852815,0.441504389466643,0.373919059705238,41,0.934797649263096,node
auc_degree,beta,social,31,7Networks_LH_Limbic_OFC_1,0.0445202931507636,-0.274863208384743,0.355055234417849,0.787839864331887,41,0.939839989182782,node
auc_degree,beta,switching,31,7Networks_LH_Limbic_OFC_1,0.155762961938995,-0.16801697626149,0.449208306710696,0.34369617020541,41,0.934797649263096,node
auc_degree,beta,detail,31,7Networks_LH_Limbic_OFC_1,-0.0676052514867114,-0.375125906356523,0.253320784025185,0.682593401104059,41,0.939839989182782,node
auc_degree,beta,communication,31,7Networks_LH_Limbic_OFC_1,0.176973322719181,-0.146743131641949,0.466449669044819,0.281134083603669,41,0.934797649263096,node
auc_degree,beta,imagination,31,7Networks_LH_Limbic_OFC_1,0.122698712534195,-0.200589401711933,0.421888108483333,0.45679092060965,41,0.939839989182782,node
auc_degree,beta,total,32,7Networks_LH_Limbic_TempPole_1,0.322755422297168,0.00805306246555381,0.579285429437341,0.0450680219125739,41,0.934797649263096,node
auc_degree,beta,social,32,7Networks_LH_Limbic_TempPole_1,0.162876275049408,-0.160915826057839,0.455014999723394,0.321830093139024,41,0.934797649263096,node
auc_degree,beta,switching,32,7Networks_LH_Limbic_TempPole_1,0.236717028469059,-0.0851664722154277,0.513859552006441,0.14680395117467,41,0.934797649263096,node
auc_degree,beta,detail,32,7Networks_LH_Limbic_TempPole_1,0.245702829585938,-0.075687263580455,0.520846765170721,0.131628540592055,41,0.934797649263096,node
auc_degree,beta,communication,32,7Networks_LH_Limbic_TempPole_1,0.0263009924527957,-0.291641667800628,0.339010154666738,0.873721617540197,41,0.939839989182782,node
auc_degree,beta,imagination,32,7Networks_LH_Limbic_TempPole_1,0.226214672295278,-0.0961721488346504,0.505646220429156,0.166121617472824,41,0.934797649263096,node
auc_degree,beta,total,33,7Networks_LH_Limbic_TempPole_2,0.0204355689861387,-0.297001920229203,0.33380568587367,0.901726478704707,41,0.939839989182782,node
auc_degree,beta,social,33,7Networks_LH_Limbic_TempPole_2,-0.0644098608100714,-0.372364836737209,0.256321760364879,0.696863897062175,41,0.939839989182782,node
auc_degree,beta,switching,33,7Networks_LH_Limbic_TempPole_2,-0.146966689371864,-0.441993343695727,0.176751984503423,0.371960516565711,41,0.934797649263096,node
auc_degree,beta,detail,33,7Networks_LH_Limbic_TempPole_2,0.271314627990537,-0.0483465785388537,0.540561825417848,0.0947738735505152,41,0.934797649263096,node
auc_degree,beta,communication,33,7Networks_LH_Limbic_TempPole_2,0.0327766988011263,-0.285700409469144,0.344733990359494,0.842979496322904,41,0.939839989182782,node
auc_degree,beta,imagination,33,7Networks_LH_Limbic_TempPole_2,-0.0227003879028528,-0.335817556847594,0.2949345316152,0.890897165927742,41,0.939839989182782,node
auc_degree,beta,total,34,7Networks_LH_Cont_Par_1,0.150650627272308,-0.17309990001996,0.445019671518141,0.359959234512067,41,0.998047886062203,node
auc_degree,beta,social,34,7Networks_LH_Cont_Par_1,0.247280962164884,-0.0740164576509997,0.522070101273907,0.129088407224724,41,0.839074646960707,node
auc_degree,beta,switching,34,7Networks_LH_Cont_Par_1,0.00378418342653302,-0.312110931618863,0.318925843812249,0.98175924708754,41,0.998047886062203,node
auc_degree,beta,detail,34,7Networks_LH_Cont_Par_1,0.0389954363959529,-0.279971774564923,0.350208944205144,0.813671120682313,41,0.998047886062203,node
auc_degree,beta,communication,34,7Networks_LH_Cont_Par_1,0.120932258209187,-0.20230969738088,0.42041307851709,0.463346096605887,41,0.998047886062203,node
auc_degree,beta,imagination,34,7Networks_LH_Cont_Par_1,-0.0533850747609034,-0.362796517520592,0.266628522915903,0.746867185044912,41,0.998047886062203,node
auc_degree,beta,total,35,7Networks_LH_Cont_PFCl_1,0.435065748774559,0.138564452563852,0.659989462475857,0.00564103982379446,41,0.345828961828849,node
auc_degree,beta,social,35,7Networks_LH_Cont_PFCl_1,0.204493967267796,-0.118686426635385,0.488497381078844,0.211752484135275,41,0.869299671713233,node
auc_degree,beta,switching,35,7Networks_LH_Cont_PFCl_1,0.341968182982567,0.0296443072485911,0.593457392968431,0.0331042419032739,41,0.43035514474256,node
auc_degree,beta,detail,35,7Networks_LH_Cont_PFCl_1,0.0610914291409672,-0.259431760456136,0.369491668224509,0.711793486999125,41,0.998047886062203,node
auc_degree,beta,communication,35,7Networks_LH_Cont_PFCl_1,0.373078265195147,0.0652349082008672,0.616079220504926,0.0193233728151216,41,0.376805769894872,node
auc_degree,beta,imagination,35,7Networks_LH_Cont_PFCl_1,0.247644248772953,-0.0736315820357881,0.522351553620793,0.128508872153969,41,0.839074646960707,node
auc_degree,beta,total,36,7Networks_LH_Cont_pCun_1,-0.0664096609240947,-0.37409346027298,0.254444355985863,0.68792045437485,41,0.998047886062203,node
auc_degree,beta,social,36,7Networks_LH_Cont_pCun_1,0.0275556076711241,-0.29049251039243,0.340120912186295,0.867749844251359,41,0.998047886062203,node
auc_degree,beta,switching,36,7Networks_LH_Cont_pCun_1,-0.217351625653197,-0.498675271443143,0.105399023800243,0.183797667129661,41,0.869299671713233,node
auc_degree,beta,detail,36,7Networks_LH_Cont_pCun_1,-0.0684216654604108,-0.375830478340811,0.252553050439105,0.67896447320114,41,0.998047886062203,node
auc_degree,beta,communication,36,7Networks_LH_Cont_pCun_1,0.108962161410169,-0.213914683491531,0.410375890870871,0.509061662878151,41,0.998047886062203,node
auc_degree,beta,imagination,36,7Networks_LH_Cont_pCun_1,-0.0182487914772875,-0.331860427358486,0.298995250525655,0.912199320992611,41,0.998047886062203,node
auc_degree,beta,total,37,7Networks_LH_Cont_Cing_1,0.0250291122198826,-0.292805702929243,0.337883221177788,0.879782616942656,41,0.998047886062203,node
auc_degree,beta,social,37,7Networks_LH_Cont_Cing_1,-0.0448355170790679,-0.355331239928545,0.274571191362191,0.786372492990009,41,0.998047886062203,node
auc_degree,beta,switching,37,7Networks_LH_Cont_Cing_1,-0.00468306680001739,-0.319733081326461,0.3112993693144,0.977427396476442,41,0.998047886062203,node
auc_degree,beta,detail,37,7Networks_LH_Cont_Cing_1,-0.180711313606659,-0.469465558412653,0.142962655557823,0.270932072680845,41,0.998047886062203,node
auc_degree,beta,communication,37,7Networks_LH_Cont_Cing_1,0.354661421951904,0.0440706297708271,0.602735571906249,0.0267347854049076,41,0.417062652316558,node
auc_degree,beta,imagination,37,7Networks_LH_Cont_Cing_1,-0.0195437694519236,-0.333012703435879,0.297815163400097,0.905995576206141,41,0.998047886062203,node
auc_degree,beta,total,38,7Networks_LH_Default_Temp_1,0.184062153379047,-0.139565683553192,0.472163371113395,0.261996088730175,41,0.909886892530236,node
auc_degree,beta,social,38,7Networks_LH_Default_Temp_1,-0.0929945827474795,-0.396872066723555,0.22925463525814,0.573381432069847,41,0.909886892530236,node
auc_degree,beta,switching,38,7Networks_LH_Default_Temp_1,0.092433641921192,-0.229790632745444,0.396395273673788,0.575706368859055,41,0.909886892530236,node
auc_degree,beta,detail,38,7Networks_LH_Default_Temp_1,0.439497368737605,0.143934494454583,0.663070924899732,0.00512002331042299,41,0.469025308760645,node
auc_degree,beta,communication,38,7Networks_LH_Default_Temp_1,-0.0742164342210374,-0.380821218376601,0.247092167306013,0.653415757249797,41,0.909886892530236,node
auc_degree,beta,imagination,38,7Networks_LH_Default_Temp_1,0.192017549170479,-0.131470136856562,0.478546838966651,0.241570362228774,41,0.909886892530236,node
auc_degree,beta,total,39,7Networks_LH_Default_Temp_2,0.0457475027960477,-0.273726014455887,0.356129456629244,0.782131299977204,41,0.909886892530236,node
auc_degree,beta,social,39,7Networks_LH_Default_Temp_2,-0.0115279629842096,-0.325865139746382,0.30510425845361,0.944470616593077,41,0.970823433421186,node
auc_degree,beta,switching,39,7Networks_LH_Default_Temp_2,-0.124569892799788,-0.423448861495044,0.198764939554786,0.449901976320261,41,0.909886892530236,node
auc_degree,beta,detail,39,7Networks_LH_Default_Temp_2,0.168820934964137,-0.154955504492299,0.459848723018196,0.304240511901501,41,0.909886892530236,node
auc_degree,beta,communication,39,7Networks_LH_Default_Temp_2,0.0969598854748442,-0.225460075602447,0.4002378564411,0.557069456279522,41,0.909886892530236,node
auc_degree,beta,imagination,39,7Networks_LH_Default_Temp_2,0.0158297503764078,-0.301197077312405,0.329705446001148,0.923801498605623,41,0.963966781153694,node
auc_degree,beta,total,40,7Networks_LH_Default_Par_1,-0.0744563192618245,-0.381027434826557,0.24686566327544,0.652366224817359,41,0.909886892530236,node
auc_degree,beta,social,40,7Networks_LH_Default_Par_1,-0.0754030093817373,-0.381840956519314,0.24597143759115,0.648230769950392,41,0.909886892530236,node
auc_degree,beta,switching,40,7Networks_LH_Default_Par_1,-0.0804361191228292,-0.386158113377534,0.24120805319476,0.626421270226746,41,0.909886892530236,node
auc_degree,beta,detail,40,7Networks_LH_Default_Par_1,-0.0941094804518827,-0.39781922991614,0.228188733133814,0.568773223564113,41,0.909886892530236,node
auc_degree,beta,communication,40,7Networks_LH_Default_Par_1,0.132288958259811,-0.191214831198777,0.429868638577674,0.422088755702951,41,0.909886892530236,node
auc_degree,beta,imagination,40,7Networks_LH_Default_Par_1,-0.0743757122270258,-0.380958144635385,0.246941777891948,0.652718818992494,41,0.909886892530236,node
auc_degree,beta,total,41,7Networks_LH_Default_Par_2,0.137171500405059,-0.186419312011689,0.433913865651396,0.405007507898703,41,0.909886892530236,node
auc_degree,beta,social,41,7Networks_LH_Default_Par_2,0.202416778032765,-0.120822236666803,0.486845832473007,0.216530921874454,41,0.909886892530236,node
auc_degree,beta,switching,41,7Networks_LH_Default_Par_2,-0.0729199971162672,-0.379706212052978,0.248315680586483,0.659099200632202,41,0.909886892530236,node
auc_degree,beta,detail,41,7Networks_LH_Default_Par_2,0.092502403615452,-0.229724939185566,0.396453729117406,0.575421142173901,41,0.909886892530236,node
auc_degree,beta,communication,41,7Networks_LH_Default_Par_2,0.174975659347957,-0.148759630050319,0.464835148150133,0.286687421015334,41,0.909886892530236,node
auc_degree,beta,imagination,41,7Networks_LH_Default_Par_2,-0.0608096759792579,-0.36924744846883,0.259695510807194,0.713066077555774,41,0.909886892530236,node
auc_degree,beta,total,42,7Networks_LH_Default_PFC_1,0.253603315564393,-0.0673046969888388,0.5269597484718,0.119277218554712,41,0.909886892530236,node
auc_degree,beta,social,42,7Networks_LH_Default_PFC_1,0.176491900717185,-0.147229338945526,0.466060757851277,0.282465948229188,41,0.909886892530236,node
auc_degree,beta,switching,42,7Networks_LH_Default_PFC_1,0.203165817089319,-0.12005240367897,0.487441619110406,0.21479930476861,41,0.909886892530236,node
auc_degree,beta,detail,42,7Networks_LH_Default_PFC_1,-0.078155671819689,-0.384203714543405,0.243368212757323,0.636265570660298,41,0.909886892530236,node
auc_degree,beta,communication,42,7Networks_LH_Default_PFC_1,0.206104132497511,-0.117028760414589,0.489776205898262,0.208099038574117,41,0.909886892530236,node
auc_degree,beta,imagination,42,7Networks_LH_Default_PFC_1,0.219186257674984,-0.10349363029974,0.50012123620593,0.180033518837398,41,0.909886892530236,node
auc_degree,beta,total,43,7Networks_LH_Default_PFC_2,0.085251820723491,-0.236635871573363,0.390276288176627,0.605842737610273,41,0.909886892530236,node
auc_degree,beta,social,43,7Networks_LH_Default_PFC_2,-0.0674594196319433,-0.375000014850387,0.253457877809681,0.683242362080543,41,0.909886892530236,node
auc_degree,beta,switching,43,7Networks_LH_Default_PFC_2,0.0372684676422049,-0.281564921293849,0.348690657000213,0.821786905514873,41,0.924510268704232,node
auc_degree,beta,detail,43,7Networks_LH_Default_PFC_2,0.0500876847074564,-0.269697006154392,0.359922009306975,0.762034218372148,41,0.909886892530236,node
auc_degree,beta,communication,43,7Networks_LH_Default_PFC_2,0.0806770489242187,-0.240979645517632,0.386364435890579,0.625384896315941,41,0.909886892530236,node
auc_degree,beta,imagination,43,7Networks_LH_Default_PFC_2,0.208964816481408,-0.114079236534672,0.492045210474967,0.201716728287335,41,0.909886892530236,node
auc_degree,beta,total,44,7Networks_LH_Default_PFC_3,0.112441955542556,-0.210550399737481,0.413301323110267,0.495542775787495,41,0.909886892530236,node
auc_degree,beta,social,44,7Networks_LH_Default_PFC_3,-0.0581250459647985,-0.366918309432623,0.2622062084534,0.72522969317472,41,0.909886892530236,node
auc_degree,beta,switching,44,7Networks_LH_Default_PFC_3,0.0483275325184434,-0.271332313232053,0.358385180335897,0.77016682987868,41,0.909886892530236,node
auc_degree,beta,detail,44,7Networks_LH_Default_PFC_3,0.10117924464989,-0.22141162805526,0.403810329153458,0.539954200485882,41,0.909886892530236,node
auc_degree,beta,communication,44,7Networks_LH_Default_PFC_3,0.202214055173186,-0.121030520445001,0.486684540929146,0.217001224980488,41,0.909886892530236,node
auc_degree,beta,imagination,44,7Networks_LH_Default_PFC_3,0.0524553957286226,-0.267494320260505,0.361986663048109,0.751134207385388,41,0.909886892530236,node
auc_degree,beta,total,45,7Networks_LH_Default_PFC_4,0.290924212470075,-0.0270844059087392,0.555459323201761,0.0723675562655166,41,0.909886892530236,node
auc_degree,beta,social,45,7Networks_LH_Default_PFC_4,0.175520946218117,-0.148209468950197,0.46527604291103,0.285164572187353,41,0.909886892530236,node
auc_degree,beta,switching,45,7Networks_LH_Default_PFC_4,0.11661275427072,-0.206507943354805,0.416799513089391,0.479584985754132,41,0.909886892530236,node
auc_degree,beta,detail,45,7Networks_LH_Default_PFC_4,0.141481726419825,-0.182173055547536,0.437475008699099,0.390263399149157,41,0.909886892530236,node
auc_degree,beta,communication,45,7Networks_LH_Default_PFC_4,0.231685559980456,-0.0904488907564498,0.509931038927985,0.155842070794261,41,0.909886892530236,node
auc_degree,beta,imagination,45,7Networks_LH_Default_PFC_4,0.147524275748966,-0.176199791220585,0.442451828536035,0.370128937392038,41,0.909886892530236,node
auc_degree,beta,total,46,7Networks_LH_Default_PFC_5,-0.0102542637284379,-0.324726084762817,0.306259078554286,0.950597945224911,41,0.970823433421186,node
auc_degree,beta,social,46,7Networks_LH_Default_PFC_5,-0.00623915492101224,-0.321129437802403,0.309893355319992,0.96992995912983,41,0.980439415824956,node
auc_degree,beta,switching,46,7Networks_LH_Default_PFC_5,-0.069334138961689,-0.376617530116644,0.251694506529344,0.674916995286301,41,0.909886892530236,node
auc_degree,beta,detail,46,7Networks_LH_Default_PFC_5,0.0631801590185518,-0.257474999229035,0.371300822815886,0.702383547690642,41,0.909886892530236,node
auc_degree,beta,communication,46,7Networks_LH_Default_PFC_5,0.0470024701008456,-0.2725621744037,0.35722712838297,0.776305231961066,41,0.909886892530236,node
auc_degree,beta,imagination,46,7Networks_LH_Default_PFC_5,-0.07547458144284,-0.381902441424744,0.245903809717664,0.647918540207087,41,0.909886892530236,node
auc_degree,beta,total,47,7Networks_LH_Default_PFC_6,0.041833858706467,-0.277349477989316,0.352700832560656,0.800374073092473,41,0.922030932202528,node
auc_degree,beta,social,47,7Networks_LH_Default_PFC_6,-0.0807414316607667,-0.386419565476315,0.240918602986256,0.62510807018593,41,0.909886892530236,node
auc_degree,beta,switching,47,7Networks_LH_Default_PFC_6,0.249773217687249,-0.0713741696719224,0.523999746850128,0.125151528136227,41,0.909886892530236,node
auc_degree,beta,detail,47,7Networks_LH_Default_PFC_6,-0.137837493126105,-0.43446472046625,0.185763992238478,0.402708711194959,41,0.909886892530236,node
auc_degree,beta,communication,47,7Networks_LH_Default_PFC_6,0.141187568588284,-0.182463232015436,0.437232267987616,0.391259569740487,41,0.909886892530236,node
auc_degree,beta,imagination,47,7Networks_LH_Default_PFC_6,-0.0622751278179916,-0.370517216647504,0.258323172394677,0.706455533064128,41,0.909886892530236,node
auc_degree,beta,total,48,7Networks_LH_Default_PFC_7,0.057747225105582,-0.26255920321474,0.366590207456582,0.726946965437801,41,0.909886892530236,node
auc_degree,beta,social,48,7Networks_LH_Default_PFC_7,-0.0454500965475138,-0.355869201181359,0.274001688010672,0.783513713012148,41,0.909886892530236,node
auc_degree,beta,switching,48,7Networks_LH_Default_PFC_7,0.299864050439436,-0.0172947262535047,0.562195071160927,0.0636448922412546,41,0.909886892530236,node
auc_degree,beta,detail,48,7Networks_LH_Default_PFC_7,-0.208767914987027,-0.491889157552816,0.114282435562321,0.202151587208453,41,0.909886892530236,node
auc_degree,beta,communication,48,7Networks_LH_Default_PFC_7,0.0565645283380179,-0.263663632620053,0.365562649417267,0.732331035407442,41,0.909886892530236,node
auc_degree,beta,imagination,48,7Networks_LH_Default_PFC_7,0.0741902325888698,-0.247116905259947,0.380798692374944,0.653530433135049,41,0.909886892530236,node
auc_degree,beta,total,49,7Networks_LH_Default_pCunPCC_1,0.0621548635156934,-0.258435843974229,0.37041305476931,0.70699724517839,41,0.909886892530236,node
auc_degree,beta,social,49,7Networks_LH_Default_pCunPCC_1,-0.0254166072609101,-0.338226651330086,0.292451164077227,0.877935322117567,41,0.933856801825147,node
auc_degree,beta,switching,49,7Networks_LH_Default_pCunPCC_1,-0.143680183761999,-0.439287823240213,0.180002567230055,0.382865204011056,41,0.909886892530236,node
auc_degree,beta,detail,49,7Networks_LH_Default_pCunPCC_1,0.233939996801389,-0.0880842505855292,0.511692713754763,0.151743603275986,41,0.909886892530236,node
auc_degree,beta,communication,49,7Networks_LH_Default_pCunPCC_1,0.0661199202120769,-0.254716513303864,0.373843141307556,0.689213668401324,41,0.909886892530236,node
auc_degree,beta,imagination,49,7Networks_LH_Default_pCunPCC_1,0.0772659307775498,-0.244210158144406,0.383440440238145,0.640123318573262,41,0.909886892530236,node
auc_degree,beta,total,50,7Networks_LH_Default_pCunPCC_2,0.0265262083443054,-0.291435450199999,0.339209610897349,0.872649107056928,41,0.933856801825147,node
auc_degree,beta,social,50,7Networks_LH_Default_pCunPCC_2,-0.0254861570385792,-0.338288283276845,0.292387520209717,0.877603826468208,41,0.933856801825147,node
auc_degree,beta,switching,50,7Networks_LH_Default_pCunPCC_2,-0.13789769203479,-0.434514501156519,0.185704743865063,0.402501293784481,41,0.909886892530236,node
auc_degree,beta,detail,50,7Networks_LH_Default_pCunPCC_2,0.0463664195839498,-0.273152156126709,0.356670906473059,0.779256550561159,41,0.909886892530236,node
auc_degree,beta,communication,50,7Networks_LH_Default_pCunPCC_2,0.182529024631161,-0.141120865316809,0.470929694931151,0.266060084818589,41,0.909886892530236,node
auc_degree,beta,imagination,50,7Networks_LH_Default_pCunPCC_2,0.0500883922592729,-0.269696348417137,0.359922626748691,0.76203095419442,41,0.909886892530236,node
auc_degree,beta,total,51,7Networks_RH_Vis_1,-0.0788843717687223,-0.384828526475959,0.242678296446664,0.633113090631435,41,0.990275841097726,node
auc_degree,beta,social,51,7Networks_RH_Vis_1,0.00939305582408747,-0.307039379139009,0.323955398915271,0.954742528922434,41,0.990275841097726,node
auc_degree,beta,switching,51,7Networks_RH_Vis_1,-0.113487826312047,-0.414179365316338,0.209537748733162,0.491515843946509,41,0.990275841097726,node
auc_degree,beta,detail,51,7Networks_RH_Vis_1,0.0804678936650877,-0.241177932147379,0.386185325558416,0.626284549585743,41,0.990275841097726,node
auc_degree,beta,communication,51,7Networks_RH_Vis_1,-0.169640500315504,-0.460513778168521,0.154131926976517,0.301864482820087,41,0.822203906412725,node
auc_degree,beta,imagination,51,7Networks_RH_Vis_1,-0.0454042920545304,-0.355829114123397,0.274044140717022,0.783726681245163,41,0.990275841097726,node
auc_degree,beta,total,52,7Networks_RH_Vis_2,-0.0097518555696076,-0.324276535756512,0.30671433900476,0.953015647748862,41,0.990275841097726,node
auc_degree,beta,social,52,7Networks_RH_Vis_2,0.0651225682319668,-0.255652950897901,0.372981144870208,0.693671839370657,41,0.990275841097726,node
auc_degree,beta,switching,52,7Networks_RH_Vis_2,-0.0976295654768842,-0.40080548125604,0.224818264553641,0.554336162918088,41,0.990275841097726,node
auc_degree,beta,detail,52,7Networks_RH_Vis_2,0.236545602012695,-0.0853467470009052,0.513725895183292,0.147105418242486,41,0.791812891779267,node
auc_degree,beta,communication,52,7Networks_RH_Vis_2,-0.191166863809016,-0.477865685928816,0.13233787395349,0.243701656863951,41,0.822203906412725,node
auc_degree,beta,imagination,52,7Networks_RH_Vis_2,-0.0922298404528528,-0.39622200422573,0.229985323382335,0.576552122613082,41,0.990275841097726,node
auc_degree,beta,total,53,7Networks_RH_Vis_3,-0.28849087375627,-0.553619886528504,0.0297385437722896,0.074897235473674,41,0.681853626898847,node
auc_degree,beta,social,53,7Networks_RH_Vis_3,-0.026092409715343,-0.338825404051849,0.291832628993925,0.874715117074936,41,0.990275841097726,node
auc_degree,beta,switching,53,7Networks_RH_Vis_3,-0.286114162576789,-0.551820755441221,0.0323265909534678,0.0774343682721596,41,0.681853626898847,node
auc_degree,beta,detail,53,7Networks_RH_Vis_3,-0.0194390018869069,-0.332919515673469,0.297910672028973,0.906497278108135,41,0.990275841097726,node
auc_degree,beta,communication,53,7Networks_RH_Vis_3,-0.229729132492988,-0.508400342326419,0.0924980145567523,0.159463536878414,41,0.813264038079912,node
auc_degree,beta,imagination,53,7Networks_RH_Vis_3,-0.311548802535144,-0.570946819072445,0.00440684984009994,0.0535231003149324,41,0.681853626898847,node
auc_degree,beta,total,54,7Networks_RH_Vis_4,-0.00214312534658371,-0.317450919910307,0.313591382655664,0.989668989682338,41,0.990275841097726,node
auc_degree,beta,social,54,7Networks_RH_Vis_4,0.0158740774761823,-0.301156760883818,0.329744963845951,0.923588750283489,41,0.990275841097726,node
auc_degree,beta,switching,54,7Networks_RH_Vis_4,-0.0573504754107449,-0.36624558485535,0.262929790761924,0.728751689778746,41,0.990275841097726,node
auc_degree,beta,detail,54,7Networks_RH_Vis_4,0.276309443347148,-0.0429581863334522,0.544372505969497,0.0886170485711893,41,0.681853626898847,node
auc_degree,beta,communication,54,7Networks_RH_Vis_4,-0.102421836956398,-0.404860658400545,0.220217245540002,0.534962358210313,41,0.990275841097726,node
auc_degree,beta,imagination,54,7Networks_RH_Vis_4,-0.211092992161425,-0.493730721343171,0.111881268893592,0.197058321036184,41,0.822203906412725,node
auc_degree,beta,total,55,7Networks_RH_Vis_5,0.0570803263067472,-0.263182071841519,0.366010880880246,0.729981362836404,41,0.990275841097726,node
auc_degree,beta,social,55,7Networks_RH_Vis_5,-0.00554765694515882,-0.320509090717527,0.310518333759304,0.973261410621911,41,0.990275841097726,node
auc_degree,beta,switching,55,7Networks_RH_Vis_5,-0.0689821745273549,-0.376313996605343,0.252025728807171,0.676477151073573,41,0.990275841097726,node
auc_degree,beta,detail,55,7Networks_RH_Vis_5,0.333055200657552,0.0195915497968313,0.586902218518876,0.0382819856769874,41,0.681853626898847,node
auc_degree,beta,communication,55,7Networks_RH_Vis_5,-0.172765559742517,-0.463046686430368,0.150987434999403,0.292913492244014,41,0.822203906412725,node
auc_degree,beta,imagination,55,7Networks_RH_Vis_5,0.0782252994704572,-0.243302304958432,0.384263427757284,0.635964075375902,41,0.990275841097726,node
auc_degree,beta,total,56,7Networks_RH_Vis_6,-0.00398561339494955,-0.319106776700058,0.311929109421838,0.98078847738974,41,0.990275841097726,node
auc_degree,beta,social,56,7Networks_RH_Vis_6,0.0634793468442473,-0.257194498982076,0.371559773109841,0.701039211706159,41,0.990275841097726,node
auc_degree,beta,switching,56,7Networks_RH_Vis_6,-0.236324701467755,-0.513553644838131,0.0855790184508115,0.147494558272608,41,0.791812891779267,node
auc_degree,beta,detail,56,7Networks_RH_Vis_6,0.326292471275341,0.0120060713608746,0.581906172872485,0.0426358488075112,41,0.681853626898847,node
auc_degree,beta,communication,56,7Networks_RH_Vis_6,-0.171632058327049,-0.4621285139186,0.152128742598557,0.296140181025744,41,0.822203906412725,node
auc_degree,beta,imagination,56,7Networks_RH_Vis_6,-0.013163819076396,-0.327326730077322,0.30361971570126,0.93660574283597,41,0.990275841097726,node
auc_degree,beta,total,57,7Networks_RH_Vis_7,0.174023441331432,-0.149719879473005,0.464064882075843,0.289359327363455,41,0.822203906412725,node
auc_degree,beta,social,57,7Networks_RH_Vis_7,0.188276537874073,-0.135282435774143,0.475548791886012,0.251037462173135,41,0.822203906412725,node
auc_degree,beta,switching,57,7Networks_RH_Vis_7,0.188046925886217,-0.135516111546621,0.475364563179603,0.251626496111081,41,0.822203906412725,node
auc_degree,beta,detail,57,7Networks_RH_Vis_7,0.0303526249353697,-0.287927292161248,0.342594079978812,0.854462964877112,41,0.990275841097726,node
auc_degree,beta,communication,57,7Networks_RH_Vis_7,0.00743842667382417,-0.308808800896459,0.322204671521546,0.964153415033174,41,0.990275841097726,node
auc_degree,beta,imagination,57,7Networks_RH_Vis_7,0.0176144723406348,-0.299572938829061,0.331295666216697,0.915239997701394,41,0.990275841097726,node
auc_degree,beta,total,58,7Networks_RH_Vis_8,0.121081375670718,-0.202164553511063,0.420537656228507,0.46279079853783,41,0.963360437772625,node
auc_degree,beta,social,58,7Networks_RH_Vis_8,0.172038367762083,-0.151719734252324,0.4624577092241,0.294980945717587,41,0.822203906412725,node
auc_degree,beta,switching,58,7Networks_RH_Vis_8,-0.104786414075058,-0.406857168666474,0.217941733439819,0.5255252611874,41,0.990275841097726,node
auc_degree,beta,detail,58,7Networks_RH_Vis_8,-0.0906313193717572,-0.394862210319608,0.231511489504204,0.583205208530554,41,0.990275841097726,node
auc_degree,beta,communication,58,7Networks_RH_Vis_8,0.186002375904518,-0.137595260852342,0.473723010860229,0.256912222086751,41,0.822203906412725,node
auc_degree,beta,imagination,58,7Networks_RH_Vis_8,0.222460397777672,-0.100087312078347,0.502697862104709,0.17345296613022,41,0.822203906412725,node
auc_degree,beta,total,59,7Networks_RH_SomMot_1,-0.208641211896838,-0.491788730272222,0.114413176726984,0.202431758396551,41,0.892608972864003,node
auc_degree,beta,social,59,7Networks_RH_SomMot_1,-0.0987756017750908,-0.401776328857831,0.223719271450428,0.549673274764784,41,0.983407478690821,node
auc_degree,beta,switching,59,7Networks_RH_SomMot_1,-0.0284948074866982,-0.340951850277794,0.289631654993087,0.863284111667055,41,0.983407478690821,node
auc_degree,beta,detail,59,7Networks_RH_SomMot_1,-0.233502110817555,-0.511350721066185,0.0885438258804497,0.152533437112011,41,0.753694630435819,node
auc_degree,beta,communication,59,7Networks_RH_SomMot_1,-0.164592283552839,-0.456412090745712,0.159197717937661,0.316688552667329,41,0.910587079361176,node
auc_degree,beta,imagination,59,7Networks_RH_SomMot_1,-0.0475768847748917,-0.357729261147975,0.272029157675921,0.773642565114254,41,0.983407478690821,node
auc_degree,beta,total,60,7Networks_RH_SomMot_2,-0.0786036630928586,-0.384587870580701,0.242944103471004,0.634326731737243,41,0.983407478690821,node
auc_degree,beta,social,60,7Networks_RH_SomMot_2,-0.0899947107462211,-0.394320303069537,0.232118841712332,0.585864309294722,41,0.983407478690821,node
auc_degree,beta,switching,60,7Networks_RH_SomMot_2,0.0604195582268234,-0.26006062279797,0.368909229436812,0.714829381167841,41,0.983407478690821,node
auc_degree,beta,detail,60,7Networks_RH_SomMot_2,-0.127854680667392,-0.426184421373845,0.195556734223,0.437946431868214,41,0.983407478690821,node
auc_degree,beta,communication,60,7Networks_RH_SomMot_2,-0.0921061760119145,-0.396116855715252,0.230103446901621,0.577065590204313,41,0.983407478690821,node
auc_degree,beta,imagination,60,7Networks_RH_SomMot_2,0.0595657422768204,-0.2608593912257,0.368168714417521,0.718693651678177,41,0.983407478690821,node
auc_degree,beta,total,61,7Networks_RH_SomMot_3,-0.286578347027008,-0.552172329854794,0.0318214667868588,0.0769336506685633,41,0.718047406239924,node
auc_degree,beta,social,61,7Networks_RH_SomMot_3,-0.248690057609097,-0.523161448618492,0.0725230894493763,0.126851363456278,41,0.718540604710531,node
auc_degree,beta,switching,61,7Networks_RH_SomMot_3,-0.00344219557839275,-0.318618603298968,0.312419576401056,0.983407478690821,41,0.983407478690821,node
auc_degree,beta,detail,61,7Networks_RH_SomMot_3,-0.105706505512191,-0.407633260771915,0.217055349184834,0.521875350237429,41,0.983407478690821,node
auc_degree,beta,communication,61,7Networks_RH_SomMot_3,-0.343346644764447,-0.59446823124867,-0.031204705971093,0.0323573574502697,41,0.718047406239924,node
auc_degree,beta,imagination,61,7Networks_RH_SomMot_3,-0.0851034211188437,-0.390149565402809,0.236776980132855,0.606472530495204,41,0.983407478690821,node
auc_degree,beta,total,62,7Networks_RH_SomMot_4,-0.0421433554140707,-0.352972277466523,0.277063259436858,0.798927462601109,41,0.983407478690821,node
auc_degree,beta,social,62,7Networks_RH_SomMot_4,-0.0724859583160733,-0.379332715846554,0.248725076068045,0.661006225966825,41,0.983407478690821,node
auc_degree,beta,switching,62,7Networks_RH_SomMot_4,0.0566428313590707,-0.263590537404097,0.365630704430345,0.731974177301326,41,0.983407478690821,node
auc_degree,beta,detail,62,7Networks_RH_SomMot_4,0.00458470912610348,-0.311388194599373,0.319644774010015,0.977901367620804,41,0.983407478690821,node
auc_degree,beta,communication,62,7Networks_RH_SomMot_4,-0.170420302125402,-0.461146263245467,0.15334788974918,0.299614758084502,41,0.910587079361176,node
auc_degree,beta,imagination,62,7Networks_RH_SomMot_4,0.0873715630996599,-0.234618791251193,0.392085137695643,0.596877601084045,41,0.983407478690821,node
auc_degree,beta,total,63,7Networks_RH_SomMot_5,0.00919672923391137,-0.307217202039281,0.323779649871508,0.95568752349427,41,0.983407478690821,node
auc_degree,beta,social,63,7Networks_RH_SomMot_5,0.0434698309200165,-0.275835910029489,0.354135073917053,0.7927349668894,41,0.983407478690821,node
auc_degree,beta,switching,63,7Networks_RH_SomMot_5,0.0502929580833304,-0.269506172354071,0.360101128757342,0.761087392759332,41,0.983407478690821,node
auc_degree,beta,detail,63,7Networks_RH_SomMot_5,-0.23787381772162,-0.514761119407898,0.0839494230751816,0.144781478066959,41,0.753694630435819,node
auc_degree,beta,communication,63,7Networks_RH_SomMot_5,0.109694618890198,-0.213207175505182,0.410992177336769,0.506200784014638,41,0.983407478690821,node
auc_degree,beta,imagination,63,7Networks_RH_SomMot_5,0.0852772358126554,-0.236611703795094,0.39029798970745,0.605734906704867,41,0.983407478690821,node
auc_degree,beta,total,64,7Networks_RH_SomMot_6,-0.0785471439775422,-0.38453941083677,0.24299761638321,0.634571205746123,41,0.983407478690821,node
auc_degree,beta,social,64,7Networks_RH_SomMot_6,0.00887685841954615,-0.307506877857727,0.323493259116719,0.957227310775876,41,0.983407478690821,node
auc_degree,beta,switching,64,7Networks_RH_SomMot_6,0.148566575158249,-0.175167026463034,0.443308463609177,0.366719594991069,41,0.983407478690821,node
auc_degree,beta,detail,64,7Networks_RH_SomMot_6,-0.335776114321952,-0.588906886749871,-0.0226537024612129,0.0366357681077226,41,0.718047406239924,node
auc_degree,beta,communication,64,7Networks_RH_SomMot_6,-0.0144335202153944,-0.328460136191869,0.302466398133307,0.930505317435611,41,0.983407478690821,node
auc_degree,beta,imagination,64,7Networks_RH_SomMot_6,-0.0409539324612134,-0.351928804988422,0.278162913013074,0.804490486452137,41,0.983407478690821,node
auc_degree,beta,total,65,7Networks_RH_SomMot_7,-0.165038085707617,-0.456774805956383,0.158751049144657,0.31536133472729,41,0.910587079361176,node
auc_degree,beta,social,65,7Networks_RH_SomMot_7,-0.0964864821100202,-0.399836456443495,0.225913609356457,0.559005437485088,41,0.983407478690821,node
auc_degree,beta,switching,65,7Networks_RH_SomMot_7,0.247768677885297,-0.0734997364774694,0.52244793996281,0.128310822269738,41,0.718540604710531,node
auc_degree,beta,detail,65,7Networks_RH_SomMot_7,-0.552925005856812,-0.739443891492395,-0.287572526174753,0.000261859885227431,41,0.0219962303591042,node
auc_degree,beta,communication,65,7Networks_RH_SomMot_7,-0.0562726703544733,-0.365308959611172,0.263936047213917,0.733661637100913,41,0.983407478690821,node
auc_degree,beta,imagination,65,7Networks_RH_SomMot_7,0.0189068598556153,-0.298395687414099,0.332446095951718,0.909046102439869,41,0.983407478690821,node
auc_degree,beta,total,66,7Networks_RH_SomMot_8,-0.180868086699849,-0.469591899181655,0.142803893977243,0.270509581457868,41,0.908912193698438,node
auc_degree,beta,social,66,7Networks_RH_SomMot_8,-0.182740058910837,-0.471099576716042,0.140906890215622,0.265498222937268,41,0.908912193698438,node
auc_degree,beta,switching,66,7Networks_RH_SomMot_8,0.205887675029491,-0.117251708330645,0.489604362117278,0.208587611638777,41,0.892608972864003,node
auc_degree,beta,detail,66,7Networks_RH_SomMot_8,-0.31076870089136,-0.570364362530016,0.00527055717816086,0.0541559659883897,41,0.718047406239924,node
auc_degree,beta,communication,66,7Networks_RH_SomMot_8,0.0194291685000535,-0.297919636054492,0.332910768841849,0.906544369224611,41,0.983407478690821,node
auc_degree,beta,imagination,66,7Networks_RH_SomMot_8,-0.276392968953743,-0.544436136011063,0.0428679209775171,0.0885167852400183,41,0.718540604710531,node
auc_degree,beta,total,67,7Networks_RH_DorsAttn_Post_1,-0.0423003031696554,-0.353109908918759,0.276918094532076,0.798194129651447,41,0.990997600208277,node
auc_degree,beta,social,67,7Networks_RH_DorsAttn_Post_1,0.136282942538003,-0.187293182067457,0.43317857749128,0.408086210617279,41,0.966519972514608,node
auc_degree,beta,switching,67,7Networks_RH_DorsAttn_Post_1,-0.145313577007398,-0.440633137482293,0.178387910805088,0.377422298551696,41,0.966519972514608,node
auc_degree,beta,detail,67,7Networks_RH_DorsAttn_Post_1,-0.00872625305032402,-0.323358397264336,0.307643246158764,0.957952345008396,41,0.990997600208277,node
auc_degree,beta,communication,67,7Networks_RH_DorsAttn_Post_1,-0.0889890119757293,-0.393463779722647,0.233077810357117,0.590076045840008,41,0.969668550676701,node
auc_degree,beta,imagination,67,7Networks_RH_DorsAttn_Post_1,-0.0467199883335539,-0.356980127130451,0.27282422583803,0.77761558745981,41,0.990997600208277,node
auc_degree,beta,total,68,7Networks_RH_DorsAttn_Post_2,-0.0388609148902164,-0.350090736564477,0.280095935187418,0.814302619493737,41,0.990997600208277,node
auc_degree,beta,social,68,7Networks_RH_DorsAttn_Post_2,0.209579847023016,-0.113444361255761,0.492532531563437,0.200362639711862,41,0.966519972514608,node
auc_degree,beta,switching,68,7Networks_RH_DorsAttn_Post_2,-0.156979829647701,-0.450203413025609,0.166804567089433,0.339892514449521,41,0.966519972514608,node
auc_degree,beta,detail,68,7Networks_RH_DorsAttn_Post_2,-0.300216697363923,-0.562460062424354,0.0169073051748353,0.0633187033346646,41,0.94978055001997,node
auc_degree,beta,communication,68,7Networks_RH_DorsAttn_Post_2,0.0788822793642287,-0.242680277952763,0.384826732779048,0.633122133624394,41,0.969668550676701,node
auc_degree,beta,imagination,68,7Networks_RH_DorsAttn_Post_2,0.0607904559599065,-0.25971350100829,0.369230787268777,0.71315291629897,41,0.990997600208277,node
auc_degree,beta,total,69,7Networks_RH_DorsAttn_Post_3,-0.0211938036287346,-0.33447955458343,0.296310114151944,0.89809890175901,41,0.990997600208277,node
auc_degree,beta,social,69,7Networks_RH_DorsAttn_Post_3,0.0494942414027289,-0.270248563547685,0.35940404824896,0.764773398855227,41,0.990997600208277,node
auc_degree,beta,switching,69,7Networks_RH_DorsAttn_Post_3,0.193188039133267,-0.130275373930659,0.479483499680234,0.238658449010692,41,0.966519972514608,node
auc_degree,beta,detail,69,7Networks_RH_DorsAttn_Post_3,-0.487598874449502,-0.696037134924705,-0.203363578266389,0.00164100321662051,41,0.147690289495846,node
auc_degree,beta,communication,69,7Networks_RH_DorsAttn_Post_3,0.112156364321257,-0.210826799357581,0.413061462795743,0.496645319668378,41,0.969668550676701,node
auc_degree,beta,imagination,69,7Networks_RH_DorsAttn_Post_3,0.09779900489598,-0.224655832048627,0.400949062244977,0.553645596020438,41,0.969668550676701,node
auc_degree,beta,total,70,7Networks_RH_DorsAttn_Post_4,-0.124589344624531,-0.423465076965601,0.198745961610418,0.449830660269029,41,0.969668550676701,node
auc_degree,beta,social,70,7Networks_RH_DorsAttn_Post_4,0.085218348781205,-0.236667700186224,0.39024770651297,0.605984764625692,41,0.969668550676701,node
auc_degree,beta,switching,70,7Networks_RH_DorsAttn_Post_4,-0.156713219221694,-0.449985451846559,0.167070284456684,0.340723657239429,41,0.966519972514608,node
auc_degree,beta,detail,70,7Networks_RH_DorsAttn_Post_4,-0.239014309497163,-0.515649385929393,0.0827485797030769,0.142807608538893,41,0.966519972514608,node
auc_degree,beta,communication,70,7Networks_RH_DorsAttn_Post_4,-0.111818593176504,-0.412777724084897,0.2111536328704,0.497950924130248,41,0.969668550676701,node
auc_degree,beta,imagination,70,7Networks_RH_DorsAttn_Post_4,0.0977238551214206,-0.224727876327989,0.400885383039755,0.553951826404396,41,0.969668550676701,node
auc_degree,beta,total,71,7Networks_RH_DorsAttn_Post_5,-0.236544786348163,-0.513725259198358,0.0853476047163124,0.147106853737412,41,0.966519972514608,node
auc_degree,beta,social,71,7Networks_RH_DorsAttn_Post_5,-0.151296852382155,-0.445549848420634,0.172458343380942,0.357878316151666,41,0.966519972514608,node
auc_degree,beta,switching,71,7Networks_RH_DorsAttn_Post_5,0.00989926031647074,-0.306580782234419,0.324408446546016,0.952306258589338,41,0.990997600208277,node
auc_degree,beta,detail,71,7Networks_RH_DorsAttn_Post_5,-0.177021787170119,-0.466488814291201,0.14669417679022,0.281000232436581,41,0.966519972514608,node
auc_degree,beta,communication,71,7Networks_RH_DorsAttn_Post_5,-0.174651830022104,-0.464573246078743,0.149086259212053,0.287594281784068,41,0.966519972514608,node
auc_degree,beta,imagination,71,7Networks_RH_DorsAttn_Post_5,-0.191242628609468,-0.477926365619003,0.132260610579738,0.24351132477958,41,0.966519972514608,node
auc_degree,beta,total,72,7Networks_RH_DorsAttn_PrCv_1,-0.0971021986559938,-0.400358501428027,0.225323708243262,0.5564880799075,41,0.969668550676701,node
auc_degree,beta,social,72,7Networks_RH_DorsAttn_PrCv_1,-0.117556764543333,-0.417590054345442,0.205591448354593,0.476010832069705,41,0.969668550676701,node
auc_degree,beta,switching,72,7Networks_RH_DorsAttn_PrCv_1,0.081085635610027,-0.240592213315184,0.386714263043476,0.623628958915674,41,0.969668550676701,node
auc_degree,beta,detail,72,7Networks_RH_DorsAttn_PrCv_1,-0.0727812984531392,-0.37958687086624,0.248446516865854,0.65970836717888,41,0.989562550768321,node
auc_degree,beta,communication,72,7Networks_RH_DorsAttn_PrCv_1,-0.0241418711184603,-0.337096560852567,0.293617155768752,0.884014686015451,41,0.990997600208277,node
auc_degree,beta,imagination,72,7Networks_RH_DorsAttn_PrCv_1,-0.161414417638684,-0.453823690673114,0.162377925784471,0.32625110377319,41,0.966519972514608,node
auc_degree,beta,total,73,7Networks_RH_DorsAttn_FEF_1,-0.145607751606831,-0.440875288082495,0.178096925333727,0.376446913290496,41,0.966519972514608,node
auc_degree,beta,social,73,7Networks_RH_DorsAttn_FEF_1,-0.140190669168535,-0.436409300014258,0.183446219475754,0.394646577261476,41,0.966519972514608,node
auc_degree,beta,switching,73,7Networks_RH_DorsAttn_FEF_1,0.189820574192664,-0.133710136950756,0.47678699213385,0.247100443798846,41,0.966519972514608,node
auc_degree,beta,detail,73,7Networks_RH_DorsAttn_FEF_1,-0.324641387030732,-0.580683477743978,-0.0101595948743087,0.0437575940093403,41,0.94978055001997,node
auc_degree,beta,communication,73,7Networks_RH_DorsAttn_FEF_1,-0.106964212743661,-0.408693424786145,0.215842855909141,0.516906456373237,41,0.969668550676701,node
auc_degree,beta,imagination,73,7Networks_RH_DorsAttn_FEF_1,-0.00694651666678288,-0.321763736900338,0.309253756350633,0.966522601178289,41,0.990997600208277,node
auc_degree,beta,total,74,7Networks_RH_SalVentAttn_TempOccPar_1,-0.211826641861749,-0.494311278633675,0.11112282649674,0.19547006487909,41,0.740728666910237,node
auc_degree,beta,social,74,7Networks_RH_SalVentAttn_TempOccPar_1,-0.0287099927452456,-0.341142162373896,0.289434347159954,0.862261527329981,41,0.933588195030752,node
auc_degree,beta,switching,74,7Networks_RH_SalVentAttn_TempOccPar_1,-0.144259539775236,-0.439765150929261,0.179430056619278,0.380929379524437,41,0.761858759048874,node
auc_degree,beta,detail,74,7Networks_RH_SalVentAttn_TempOccPar_1,-0.0480750877631067,-0.358164627192943,0.271566701206107,0.771335238326265,41,0.910428478024443,node
auc_degree,beta,communication,74,7Networks_RH_SalVentAttn_TempOccPar_1,-0.0939507675143327,-0.397684434585202,0.228340518409516,0.569428194966843,41,0.824400621900763,node
auc_degree,beta,imagination,74,7Networks_RH_SalVentAttn_TempOccPar_1,-0.358672963705409,-0.605653942123842,-0.0486569884520785,0.024946772915932,41,0.675412281722299,node
auc_degree,beta,total,75,7Networks_RH_SalVentAttn_TempOccPar_2,-0.161881605900643,-0.454204529313818,0.161910814622271,0.324834118208093,41,0.759064450426846,node
auc_degree,beta,social,75,7Networks_RH_SalVentAttn_TempOccPar_2,0.0829115739101686,-0.238859559054161,0.388276535983597,0.615806972796837,41,0.852655808487928,node
auc_degree,beta,switching,75,7Networks_RH_SalVentAttn_TempOccPar_2,-0.302522217904891,-0.564191184978888,0.014372091085308,0.0612186638013609,41,0.681534891355046,node
auc_degree,beta,detail,75,7Networks_RH_SalVentAttn_TempOccPar_2,-0.0589354138942677,-0.367621778954022,0.261448799482424,0.721550881799313,41,0.910428478024443,node
auc_degree,beta,communication,75,7Networks_RH_SalVentAttn_TempOccPar_2,-0.117150690454447,-0.417250051926947,0.205985755996588,0.477546566489904,41,0.804930462286404,node
auc_degree,beta,imagination,75,7Networks_RH_SalVentAttn_TempOccPar_2,-0.0729686134956311,-0.379748040871568,0.248269817339901,0.658885728072111,41,0.878514304096149,node
auc_degree,beta,total,76,7Networks_RH_SalVentAttn_FrOperIns_1,-0.157794041537903,-0.45086883686587,0.165992791310533,0.337361977967487,41,0.759064450426846,node
auc_degree,beta,social,76,7Networks_RH_SalVentAttn_FrOperIns_1,-0.167878063288755,-0.459083204047464,0.155902435618852,0.306988709483807,41,0.759064450426846,node
auc_degree,beta,switching,76,7Networks_RH_SalVentAttn_FrOperIns_1,0.0237072241818026,-0.294014508052803,0.33671102748312,0.88608908319079,41,0.933588195030752,node
auc_degree,beta,detail,76,7Networks_RH_SalVentAttn_FrOperIns_1,0.0748708072969505,-0.246474213007102,0.381383676342643,0.650554333869543,41,0.878514304096149,node
auc_degree,beta,communication,76,7Networks_RH_SalVentAttn_FrOperIns_1,-0.176099362280626,-0.465743567376723,0.147625663435561,0.283554944737527,41,0.759064450426846,node
auc_degree,beta,imagination,76,7Networks_RH_SalVentAttn_FrOperIns_1,-0.239220009855007,-0.515809531388053,0.082531894758386,0.142453717346883,41,0.731250623714327,node
auc_degree,beta,total,77,7Networks_RH_SalVentAttn_Med_1,-0.107364107146605,-0.40903033879753,0.215457128813044,0.515331510193541,41,0.804930462286404,node
auc_degree,beta,social,77,7Networks_RH_SalVentAttn_Med_1,-0.110043284489304,-0.411285446306616,0.212870267387125,0.50484179851598,41,0.804930462286404,node
auc_degree,beta,switching,77,7Networks_RH_SalVentAttn_Med_1,0.0932074127780182,-0.229051217979581,0.397052926821155,0.57250043187553,41,0.824400621900763,node
auc_degree,beta,detail,77,7Networks_RH_SalVentAttn_Med_1,-0.403708625681213,-0.637967351152943,-0.1010589744486,0.0108143486574749,41,0.675412281722299,node
auc_degree,beta,communication,77,7Networks_RH_SalVentAttn_Med_1,0.290850457144369,-0.0271649196772432,0.555403607269138,0.0724432330965118,41,0.681534891355046,node
auc_degree,beta,imagination,77,7Networks_RH_SalVentAttn_Med_1,-0.164166354614301,-0.456065454231739,0.159624351088934,0.317959882095415,41,0.759064450426846,node
auc_degree,beta,total,78,7Networks_RH_SalVentAttn_Med_2,-0.160052887791465,-0.452713200482168,0.16373840368761,0.330402561450318,41,0.759064450426846,node
auc_degree,beta,social,78,7Networks_RH_SalVentAttn_Med_2,-0.269921295483175,-0.539496839680231,0.0498463898244322,0.0965486338893876,41,0.681534891355046,node
auc_degree,beta,switching,78,7Networks_RH_SalVentAttn_Med_2,0.221094760179599,-0.101509000629316,0.50162376131119,0.176176427856532,41,0.740728666910237,node
auc_degree,beta,detail,78,7Networks_RH_SalVentAttn_Med_2,-0.253964062848209,-0.527238202274904,0.0669208526122352,0.118734794772012,41,0.681534891355046,node
auc_degree,beta,communication,78,7Networks_RH_SalVentAttn_Med_2,-0.13874266911828,-0.435213052571455,0.184872860501124,0.399596382494888,41,0.777592960530592,node
auc_degree,beta,imagination,78,7Networks_RH_SalVentAttn_Med_2,0.0484039801727699,-0.271261326219152,0.358451963450639,0.76981310015003,41,0.910428478024443,node
auc_degree,beta,total,79,7Networks_RH_Limbic_OFC_1,0.0744927495096349,-0.246831262069523,0.381058749311287,0.652206894754355,41,0.939839989182782,node
auc_degree,beta,social,79,7Networks_RH_Limbic_OFC_1,-0.0902568602261708,-0.394543481043952,0.231868770167332,0.584768663187893,41,0.939839989182782,node
auc_degree,beta,switching,79,7Networks_RH_Limbic_OFC_1,0.0612450966805448,-0.259287891456826,0.369624847176661,0.711099742984957,41,0.939839989182782,node
auc_degree,beta,detail,79,7Networks_RH_Limbic_OFC_1,0.179925949253482,-0.143757730706959,0.468832468604278,0.273055091266007,41,0.934797649263096,node
auc_degree,beta,communication,79,7Networks_RH_Limbic_OFC_1,0.0577272224022458,-0.262577889178158,0.366572834843642,0.727037918527267,41,0.939839989182782,node
auc_degree,beta,imagination,79,7Networks_RH_Limbic_OFC_1,0.014823006054872,-0.302112427333542,0.32880763182902,0.928634756181087,41,0.939839989182782,node
auc_degree,beta,total,80,7Networks_RH_Limbic_TempPole_1,-0.0298569269469466,-0.342156091110085,0.288382243092888,0.856814940088531,41,0.939839989182782,node
auc_degree,beta,social,80,7Networks_RH_Limbic_TempPole_1,0.0961780222974446,-0.226209047359509,0.399574849910063,0.560268565690474,41,0.939839989182782,node
auc_degree,beta,switching,80,7Networks_RH_Limbic_TempPole_1,-0.0300521527344082,-0.34232860492732,0.28820308228352,0.855888491053541,41,0.939839989182782,node
auc_degree,beta,detail,80,7Networks_RH_Limbic_TempPole_1,-0.0124909707585098,-0.326725741421888,0.304230513195794,0.939839989182782,41,0.939839989182782,node
auc_degree,beta,communication,80,7Networks_RH_Limbic_TempPole_1,-0.180882634856048,-0.469603622693726,0.142789160449733,0.27047039728341,41,0.934797649263096,node
auc_degree,beta,imagination,80,7Networks_RH_Limbic_TempPole_1,0.0191583832432991,-0.298166459428963,0.332669883220974,0.907841256249168,41,0.939839989182782,node
auc_degree,beta,total,81,7Networks_RH_Cont_Par_1,0.237749622213772,-0.0840801342447915,0.514664354430241,0.144997629316843,41,0.869299671713233,node
auc_degree,beta,social,81,7Networks_RH_Cont_Par_1,0.413581857347404,0.11277603850641,0.644942900298834,0.00886740927766279,41,0.345828961828849,node
auc_degree,beta,switching,81,7Networks_RH_Cont_Par_1,0.0960975890381916,-0.226286075333711,0.399506625878222,0.560598153882872,41,0.998047886062203,node
auc_degree,beta,detail,81,7Networks_RH_Cont_Par_1,-0.14453435918512,-0.439991514509803,0.179158407659145,0.380013133669916,41,0.998047886062203,node
auc_degree,beta,communication,81,7Networks_RH_Cont_Par_1,0.207911586361052,-0.115165837996678,0.491210268550879,0.204050416128196,41,0.869299671713233,node
auc_degree,beta,imagination,81,7Networks_RH_Cont_Par_1,0.013553220176712,-0.303266106619504,0.327674427373451,0.93473442495083,41,0.998047886062203,node
auc_degree,beta,total,82,7Networks_RH_Cont_Par_2,-0.108465321544374,-0.40995769523801,0.21439440689858,0.511006863575437,41,0.998047886062203,node
auc_degree,beta,social,82,7Networks_RH_Cont_Par_2,0.0709624688592629,-0.250161158846721,0.378020940756408,0.667716592238869,41,0.998047886062203,node
auc_degree,beta,switching,82,7Networks_RH_Cont_Par_2,0.0275992886560181,-0.290452484518525,0.340159568881922,0.867542057886897,41,0.998047886062203,node
auc_degree,beta,detail,82,7Networks_RH_Cont_Par_2,-0.375371751089788,-0.617731222749326,-0.0678900742251007,0.0185346021226836,41,0.376805769894872,node
auc_degree,beta,communication,82,7Networks_RH_Cont_Par_2,-0.000404947497465366,-0.315887042801421,0.315157776421363,0.998047886062203,41,0.998047886062203,node
auc_degree,beta,imagination,82,7Networks_RH_Cont_Par_2,-0.0405120205670305,-0.351540921727007,0.278571259451526,0.806559779372724,41,0.998047886062203,node
auc_degree,beta,total,83,7Networks_RH_Cont_PFCl_1,0.161928251394818,-0.161864168857649,0.454242547534662,0.324692853242778,41,0.998047886062203,node
auc_degree,beta,social,83,7Networks_RH_Cont_PFCl_1,0.0325436909085249,-0.285914612382084,0.344528437710989,0.844081964684954,41,0.998047886062203,node
auc_degree,beta,switching,83,7Networks_RH_Cont_PFCl_1,0.205835726446925,-0.117305209738388,0.48956311729059,0.208704984939513,41,0.869299671713233,node
auc_degree,beta,detail,83,7Networks_RH_Cont_PFCl_1,0.0398936636112624,-0.279142455463152,0.350997986454994,0.809457470244535,41,0.998047886062203,node
auc_degree,beta,communication,83,7Networks_RH_Cont_PFCl_1,0.0508400400886905,-0.268997451117476,0.360578395392002,0.758565649572452,41,0.998047886062203,node
auc_degree,beta,imagination,83,7Networks_RH_Cont_PFCl_1,0.136253090350311,-0.187322531910453,0.433153867723423,0.408189874922454,41,0.998047886062203,node
auc_degree,beta,total,84,7Networks_RH_Cont_PFCl_2,-0.142587788651056,-0.438387351643893,0.181081458879123,0.386530949588865,41,0.998047886062203,node
auc_degree,beta,social,84,7Networks_RH_Cont_PFCl_2,-0.136439295474736,-0.433307989351942,0.187139450758724,0.40754350720577,41,0.998047886062203,node
auc_degree,beta,switching,84,7Networks_RH_Cont_PFCl_2,-0.0924877043331365,-0.396441233223633,0.229738982835311,0.575482110095756,41,0.998047886062203,node
auc_degree,beta,detail,84,7Networks_RH_Cont_PFCl_2,-0.028271014302162,-0.340753898070067,0.289836826934708,0.864347834818001,41,0.998047886062203,node
auc_degree,beta,communication,84,7Networks_RH_Cont_PFCl_2,0.00315930583280876,-0.312674834628598,0.3183644062259,0.984770934946684,41,0.998047886062203,node
auc_degree,beta,imagination,84,7Networks_RH_Cont_PFCl_2,-0.143207577141004,-0.438898322034091,0.180469427401123,0.384448614284964,41,0.998047886062203,node
auc_degree,beta,total,85,7Networks_RH_Cont_PFCl_3,0.000650734155632528,-0.3149363851738,0.316108286611115,0.996863037059762,41,0.998047886062203,node
auc_degree,beta,social,85,7Networks_RH_Cont_PFCl_3,-0.0322677505164239,-0.344284972588857,0.28616824175825,0.845387945329522,41,0.998047886062203,node
auc_degree,beta,switching,85,7Networks_RH_Cont_PFCl_3,-0.0294272943386273,-0.341776366481553,0.288776443105044,0.858854437387698,41,0.998047886062203,node
auc_degree,beta,detail,85,7Networks_RH_Cont_PFCl_3,0.115475305917138,-0.207611485588529,0.415846377659847,0.48391009838838,41,0.998047886062203,node
auc_degree,beta,communication,85,7Networks_RH_Cont_PFCl_3,-0.00363547822257329,-0.318792255790529,0.312245146585229,0.982475932245795,41,0.998047886062203,node
auc_degree,beta,imagination,85,7Networks_RH_Cont_PFCl_3,-0.059233202063403,-0.367880196138376,0.261170373119847,0.720200563875933,41,0.998047886062203,node
auc_degree,beta,total,86,7Networks_RH_Cont_PFCl_4,0.227881457069492,-0.0944307308200118,0.50695311391232,0.162939369854626,41,0.869299671713233,node
auc_degree,beta,social,86,7Networks_RH_Cont_PFCl_4,0.143851071641619,-0.17983372128126,0.439428634021689,0.382293609767422,41,0.998047886062203,node
auc_degree,beta,switching,86,7Networks_RH_Cont_PFCl_4,0.19395542172459,-0.129491567629511,0.480097228120711,0.236762316884378,41,0.923373035849072,node
auc_degree,beta,detail,86,7Networks_RH_Cont_PFCl_4,-0.0955312406255343,-0.399026150178131,0.226828332255422,0.562921402545005,41,0.998047886062203,node
auc_degree,beta,communication,86,7Networks_RH_Cont_PFCl_4,0.27629807108174,-0.042970475833101,0.544363842307183,0.0886307065125499,41,0.839074646960707,node
auc_degree,beta,imagination,86,7Networks_RH_Cont_PFCl_4,0.123875950875987,-0.199441817249064,0.422870250872443,0.452450185115712,41,0.998047886062203,node
auc_degree,beta,total,87,7Networks_RH_Cont_Cing_1,0.00357744229762772,-0.312297523911821,0.318740116326954,0.982755640262638,41,0.998047886062203,node
auc_degree,beta,social,87,7Networks_RH_Cont_Cing_1,-0.0977145559228624,-0.400877503031019,0.224736791000634,0.553989725553321,41,0.998047886062203,node
auc_degree,beta,switching,87,7Networks_RH_Cont_Cing_1,0.0677483555854426,-0.25318624202047,0.375249432060289,0.681956797463478,41,0.998047886062203,node
auc_degree,beta,detail,87,7Networks_RH_Cont_Cing_1,-0.125949172249469,-0.424598184823228,0.197418660492444,0.444860390913969,41,0.998047886062203,node
auc_degree,beta,communication,87,7Networks_RH_Cont_Cing_1,0.275772576169423,-0.043538249367455,0.54396344539662,0.0892635946942922,41,0.839074646960707,node
auc_degree,beta,imagination,87,7Networks_RH_Cont_Cing_1,-0.0980544860889665,-0.401165525875866,0.224410882014024,0.552605121947709,41,0.998047886062203,node
auc_degree,beta,total,88,7Networks_RH_Cont_PFCmp_1,-0.0329131698701934,-0.344854367196174,0.285574937564074,0.842333925271521,41,0.998047886062203,node
auc_degree,beta,social,88,7Networks_RH_Cont_PFCmp_1,-0.124206321125697,-0.423145744873868,0.199119609372178,0.451236065987378,41,0.998047886062203,node
auc_degree,beta,switching,88,7Networks_RH_Cont_PFCmp_1,-0.0171501609768076,-0.330882127652344,0.299995649959263,0.917466480484617,41,0.998047886062203,node
auc_degree,beta,detail,88,7Networks_RH_Cont_PFCmp_1,0.0187694341510226,-0.298520916040578,0.332323809609153,0.909704483349599,41,0.998047886062203,node
auc_degree,beta,communication,88,7Networks_RH_Cont_PFCmp_1,0.0396186468912262,-0.279396424649735,0.350756446603529,0.810747037422772,41,0.998047886062203,node
auc_degree,beta,imagination,88,7Networks_RH_Cont_PFCmp_1,0.0300371706093943,-0.288216832330543,0.342315366522701,0.855959582386458,41,0.998047886062203,node
auc_degree,beta,total,89,7Networks_RH_Cont_pCun_1,0.12961004508698,-0.193839452207094,0.427644049305118,0.431630054527336,41,0.998047886062203,node
auc_degree,beta,social,89,7Networks_RH_Cont_pCun_1,0.263372463439574,-0.0568764190031736,0.534479696142849,0.105233589582444,41,0.839074646960707,node
auc_degree,beta,switching,89,7Networks_RH_Cont_pCun_1,-0.207801624706455,-0.491123067077644,0.11527923920216,0.204295144231549,41,0.869299671713233,node
auc_degree,beta,detail,89,7Networks_RH_Cont_pCun_1,-0.0700235333463553,-0.377211871501621,0.251045521920981,0.671864994313384,41,0.998047886062203,node
auc_degree,beta,communication,89,7Networks_RH_Cont_pCun_1,0.251336427974465,-0.0697145516122272,0.525208637984902,0.122728425321153,41,0.839074646960707,node
auc_degree,beta,imagination,89,7Networks_RH_Cont_pCun_1,0.142902051128052,-0.180771160907458,0.438646462026054,0.385474282246418,41,0.998047886062203,node
auc_degree,beta,total,90,7Networks_RH_Default_Par_1,-0.182639471166401,-0.471018606635987,0.14100888344982,0.265765931959758,41,0.909886892530236,node
auc_degree,beta,social,90,7Networks_RH_Default_Par_1,0.0600969236682314,-0.260362507912779,0.368629454340867,0.716288769537319,41,0.909886892530236,node
auc_degree,beta,switching,90,7Networks_RH_Default_Par_1,-0.159103888506385,-0.451938640923683,0.164685941910535,0.333315463234159,41,0.909886892530236,node
auc_degree,beta,detail,90,7Networks_RH_Default_Par_1,-0.180271480578523,-0.469111041324696,0.143407978462674,0.272119701483505,41,0.909886892530236,node
auc_degree,beta,communication,90,7Networks_RH_Default_Par_1,-0.0711598682741893,-0.37819097777233,0.249975164409593,0.666845674662324,41,0.909886892530236,node
auc_degree,beta,imagination,90,7Networks_RH_Default_Par_1,-0.214555397341548,-0.496468408850355,0.108298550832155,0.189641683460719,41,0.909886892530236,node
auc_degree,beta,total,91,7Networks_RH_Default_Temp_1,-0.0929944851663034,-0.396871983794972,0.229254728517176,0.573381836143988,41,0.909886892530236,node
auc_degree,beta,social,91,7Networks_RH_Default_Temp_1,0.0328483756935538,-0.285634510883339,0.34479721557066,0.842640418946588,41,0.933856801825147,node
auc_degree,beta,switching,91,7Networks_RH_Default_Temp_1,-0.14749462686137,-0.442427453116581,0.176229158467577,0.370226193644772,41,0.909886892530236,node
auc_degree,beta,detail,91,7Networks_RH_Default_Temp_1,0.0245692187749713,-0.293226369367358,0.337475517431861,0.881975868390416,41,0.933856801825147,node
auc_degree,beta,communication,91,7Networks_RH_Default_Temp_1,-0.0920016079840314,-0.396027938143268,0.230203322235857,0.577499928638366,41,0.909886892530236,node
auc_degree,beta,imagination,91,7Networks_RH_Default_Temp_1,-0.107888065702494,-0.409471653339611,0.214951580348856,0.513271570918302,41,0.909886892530236,node
auc_degree,beta,total,92,7Networks_RH_Default_Temp_2,-0.119481154938496,-0.419200188483554,0.203721391446811,0.468768399224672,41,0.909886892530236,node
auc_degree,beta,social,92,7Networks_RH_Default_Temp_2,-0.0191762262082399,-0.33268575725601,0.298150196700161,0.90775579264961,41,0.954137475485722,node
auc_degree,beta,switching,92,7Networks_RH_Default_Temp_2,-0.0996547494064621,-0.402520624310265,0.222875655409418,0.546108891254988,41,0.909886892530236,node
auc_degree,beta,detail,92,7Networks_RH_Default_Temp_2,0.0388129324705144,-0.28014021940617,0.350048570731924,0.814527896562374,41,0.923559189803007,node
auc_degree,beta,communication,92,7Networks_RH_Default_Temp_2,-0.254655103459673,-0.52777143921488,0.0661853023176681,0.1177009183469,41,0.909886892530236,node
auc_degree,beta,imagination,92,7Networks_RH_Default_Temp_2,-0.00539705480471901,-0.320373948774697,0.310654412305691,0.973987032528274,41,0.980439415824956,node
auc_degree,beta,total,93,7Networks_RH_Default_Temp_3,-0.159094895660467,-0.451931298979719,0.164694918053724,0.333343142052119,41,0.909886892530236,node
auc_degree,beta,social,93,7Networks_RH_Default_Temp_3,-0.0394714226467428,-0.350627126460858,0.279532363211563,0.811437581941774,41,0.923559189803007,node
auc_degree,beta,switching,93,7Networks_RH_Default_Temp_3,-0.108795054284422,-0.410235249095178,0.214076051050646,0.509715496311133,41,0.909886892530236,node
auc_degree,beta,detail,93,7Networks_RH_Default_Temp_3,-0.0514626480960956,-0.361121352591397,0.268418282479725,0.755698767838616,41,0.909886892530236,node
auc_degree,beta,communication,93,7Networks_RH_Default_Temp_3,-0.0620446785797043,-0.370317615905422,0.258539064878702,0.707493681243278,41,0.909886892530236,node
auc_degree,beta,imagination,93,7Networks_RH_Default_Temp_3,-0.227808382315001,-0.506895844299902,0.094507118990364,0.163077954500206,41,0.909886892530236,node
auc_degree,beta,total,94,7Networks_RH_Default_PFCv_1,-0.028246628072428,-0.340732325998099,0.289859182283892,0.864463760566369,41,0.933856801825147,node
auc_degree,beta,social,94,7Networks_RH_Default_PFCv_1,-0.106519363835274,-0.408318539623043,0.216271826534636,0.518661255898557,41,0.909886892530236,node
auc_degree,beta,switching,94,7Networks_RH_Default_PFCv_1,0.0306667153030168,-0.287638946079121,0.342871533741662,0.852973317095187,41,0.933856801825147,node
auc_degree,beta,detail,94,7Networks_RH_Default_PFCv_1,0.139186059752365,-0.184436155024406,0.435579465518261,0.398076918490517,41,0.909886892530236,node
auc_degree,beta,communication,94,7Networks_RH_Default_PFCv_1,-0.126172849407667,-0.424784479436894,0.197200219992505,0.444045721109183,41,0.909886892530236,node
auc_degree,beta,imagination,94,7Networks_RH_Default_PFCv_1,-0.0119342295358914,-0.326228267513554,0.304735714304191,0.942516853832588,41,0.970823433421186,node
auc_degree,beta,total,95,7Networks_RH_Default_PFCv_2,-0.254990463128979,-0.528030139731288,0.0658282165328995,0.117201629170192,41,0.909886892530236,node
auc_degree,beta,social,95,7Networks_RH_Default_PFCv_2,-0.340424937437461,-0.592324775226768,-0.0278991799278186,0.0339571311967586,41,0.909886892530236,node
auc_degree,beta,switching,95,7Networks_RH_Default_PFCv_2,-0.0971810048241527,-0.400425304274113,0.225248189149113,0.556166263814513,41,0.909886892530236,node
auc_degree,beta,detail,95,7Networks_RH_Default_PFCv_2,0.0739829343296603,-0.247312608638705,0.380620461603553,0.654437985507862,41,0.909886892530236,node
auc_degree,beta,communication,95,7Networks_RH_Default_PFCv_2,-0.139457021887084,-0.435803337182973,0.184169215360447,0.397149998633148,41,0.909886892530236,node
auc_degree,beta,imagination,95,7Networks_RH_Default_PFCv_2,-0.187729714782085,-0.475110008045444,0.13583887760157,0.252441771263778,41,0.909886892530236,node
auc_degree,beta,total,96,7Networks_RH_Default_PFCdPFCm_1,0.239830883809664,-0.0818882202089247,0.516285005803928,0.141406562144621,41,0.909886892530236,node
auc_degree,beta,social,96,7Networks_RH_Default_PFCdPFCm_1,0.0711963937218344,-0.249940746663109,0.378222437996238,0.666684573127667,41,0.909886892530236,node
auc_degree,beta,switching,96,7Networks_RH_Default_PFCdPFCm_1,0.163865707431565,-0.159925422547156,0.455820723247633,0.318859193151736,41,0.909886892530236,node
auc_degree,beta,detail,96,7Networks_RH_Default_PFCdPFCm_1,0.117483266162383,-0.205662824815854,0.417528520996225,0.476288603566876,41,0.909886892530236,node
auc_degree,beta,communication,96,7Networks_RH_Default_PFCdPFCm_1,0.213208603914375,-0.109693140462931,0.495404179431716,0.192502778320426,41,0.909886892530236,node
auc_degree,beta,imagination,96,7Networks_RH_Default_PFCdPFCm_1,0.113888895197421,-0.209149235014224,0.414515927176913,0.489976083689477,41,0.909886892530236,node
auc_degree,beta,total,97,7Networks_RH_Default_PFCdPFCm_2,-0.0920880932365412,-0.396101479754965,0.23012071866268,0.577140689073446,41,0.909886892530236,node
auc_degree,beta,social,97,7Networks_RH_Default_PFCdPFCm_2,-0.029514277163978,-0.341853253241081,0.28869664262382,0.858441450221891,41,0.933856801825147,node
auc_degree,beta,switching,97,7Networks_RH_Default_PFCdPFCm_2,-0.0708855872038379,-0.377954710398732,0.250233592163761,0.668055906940653,41,0.909886892530236,node
auc_degree,beta,detail,97,7Networks_RH_Default_PFCdPFCm_2,0.0481872031080955,-0.271462609889023,0.35826258316013,0.770816265147667,41,0.909886892530236,node
auc_degree,beta,communication,97,7Networks_RH_Default_PFCdPFCm_2,-0.105249301041598,-0.407247665810597,0.217495870690978,0.523687471178974,41,0.909886892530236,node
auc_degree,beta,imagination,97,7Networks_RH_Default_PFCdPFCm_2,-0.130985232642503,-0.428786466311136,0.192492712993375,0.426717255658059,41,0.909886892530236,node
auc_degree,beta,total,98,7Networks_RH_Default_PFCdPFCm_3,-0.428375741756956,-0.655323283401303,-0.13049068987024,0.00651424039945341,41,0.469025308760645,node
auc_degree,beta,social,98,7Networks_RH_Default_PFCdPFCm_3,-0.29995377674436,-0.562262499762079,0.0171961611612893,0.0635617718882541,41,0.909886892530236,node
auc_degree,beta,switching,98,7Networks_RH_Default_PFCdPFCm_3,-0.108105784297172,-0.409654989669731,0.21474146073725,0.512416822652975,41,0.909886892530236,node
auc_degree,beta,detail,98,7Networks_RH_Default_PFCdPFCm_3,-0.274154422244123,-0.542729737608931,0.045285297145799,0.0912343746298241,41,0.909886892530236,node
auc_degree,beta,communication,98,7Networks_RH_Default_PFCdPFCm_3,-0.200648752733962,-0.485438492492549,0.122637803113533,0.220656347042529,41,0.909886892530236,node
auc_degree,beta,imagination,98,7Networks_RH_Default_PFCdPFCm_3,-0.329060254032372,-0.583953239792808,-0.0151062141001365,0.0408077883202424,41,0.909886892530236,node
auc_degree,beta,total,99,7Networks_RH_Default_pCunPCC_1,0.058023839398265,-0.262300773279873,0.36683042855574,0.725689567997594,41,0.909886892530236,node
auc_degree,beta,social,99,7Networks_RH_Default_pCunPCC_1,0.150312141049583,-0.173435831338872,0.444741887806366,0.361052099509559,41,0.909886892530236,node
auc_degree,beta,switching,99,7Networks_RH_Default_pCunPCC_1,-0.23621334701288,-0.513466806145071,0.0856960916380209,0.147691006828542,41,0.909886892530236,node
auc_degree,beta,detail,99,7Networks_RH_Default_pCunPCC_1,0.232109834267041,-0.0900041540073264,0.510262756136402,0.155064672451835,41,0.909886892530236,node
auc_degree,beta,communication,99,7Networks_RH_Default_pCunPCC_1,-0.0476738439752709,-0.357814001724783,0.271939166954957,0.77319336711019,41,0.909886892530236,node
auc_degree,beta,imagination,99,7Networks_RH_Default_pCunPCC_1,0.0538313771198967,-0.26621270407686,0.363185130847869,0.744821386610597,41,0.909886892530236,node
auc_degree,beta,total,100,7Networks_RH_Default_pCunPCC_2,0.00405804333246306,-0.311863724365766,0.319171830708275,0.980439415824956,41,0.980439415824956,node
auc_degree,beta,social,100,7Networks_RH_Default_pCunPCC_2,0.0665292798245001,-0.254331981532361,0.374196790906824,0.687386808283939,41,0.909886892530236,node
auc_degree,beta,switching,100,7Networks_RH_Default_pCunPCC_2,-0.157622143939301,-0.450728378739289,0.166164211144905,0.337895259280132,41,0.909886892530236,node
auc_degree,beta,detail,100,7Networks_RH_Default_pCunPCC_2,-0.0999049705272643,-0.40273239091154,0.222635458868676,0.5450964162231,41,0.909886892530236,node
auc_degree,beta,communication,100,7Networks_RH_Default_pCunPCC_2,0.176629977964569,-0.147089905218421,0.466172313403827,0.282083535743682,41,0.909886892530236,node
auc_degree,beta,imagination,100,7Networks_RH_Default_pCunPCC_2,0.0551880469669641,-0.264947966220841,0.364365777066546,0.738613211499425,41,0.909886892530236,node
auc_degree,gamma,total,1,7Networks_LH_Vis_1,-0.101114751504409,-0.403755793076395,0.22147359260299,0.540213896289309,41,0.909051210162643,node
auc_degree,gamma,social,1,7Networks_LH_Vis_1,-0.0483779670274768,-0.358429239252588,0.271285481640762,0.769933460011406,41,0.928671756468666,node
auc_degree,gamma,switching,1,7Networks_LH_Vis_1,-0.204578871747678,-0.488564844367279,0.118599062383194,0.211558734184598,41,0.824138910803802,node
auc_degree,gamma,detail,1,7Networks_LH_Vis_1,-0.0339091661776726,-0.345732593610437,0.284658884865847,0.837625505834483,41,0.928671756468666,node
auc_degree,gamma,communication,1,7Networks_LH_Vis_1,0.0703550810453171,-0.250733305511242,0.37749761566331,0.670399048789111,41,0.909051210162643,node
auc_degree,gamma,imagination,1,7Networks_LH_Vis_1,-0.0426788398781137,-0.35344180198241,0.276567916499815,0.796426133429953,41,0.928671756468666,node
auc_degree,gamma,total,2,7Networks_LH_Vis_2,0.0205399473787925,-0.29690670615187,0.333898469487649,0.901226988891437,41,0.945226262165472,node
auc_degree,gamma,social,2,7Networks_LH_Vis_2,0.248838279272677,-0.0723659194355251,0.52327619430271,0.126617742815367,41,0.763807769532841,node
auc_degree,gamma,switching,2,7Networks_LH_Vis_2,-0.0866784501169278,-0.391493939551079,0.23527864104482,0.599802648863469,41,0.909051210162643,node
auc_degree,gamma,detail,2,7Networks_LH_Vis_2,-0.318609171770258,-0.576206536493905,-0.00343169855807748,0.0480605877995255,41,0.763807769532841,node
auc_degree,gamma,communication,2,7Networks_LH_Vis_2,0.179132742020114,-0.144560321789408,0.468192755136619,0.275210353453061,41,0.900432517081642,node
auc_degree,gamma,imagination,2,7Networks_LH_Vis_2,0.0152275214034151,-0.301744704936563,0.32916844667071,0.926692413887718,41,0.945226262165472,node
auc_degree,gamma,total,3,7Networks_LH_Vis_3,0.0167965328739157,-0.300317511026969,0.330567088195009,0.919162628205246,41,0.945226262165472,node
auc_degree,gamma,social,3,7Networks_LH_Vis_3,0.283743663475324,-0.0349036271195205,0.55002385986482,0.0800312350497056,41,0.763807769532841,node
auc_degree,gamma,switching,3,7Networks_LH_Vis_3,-0.159907427372084,-0.452594506435895,0.163883678937794,0.33084801613614,41,0.900432517081642,node
auc_degree,gamma,detail,3,7Networks_LH_Vis_3,-0.156594140660121,-0.449888090637346,0.167188948950329,0.341095280726341,41,0.900432517081642,node
auc_degree,gamma,communication,3,7Networks_LH_Vis_3,0.0597121884279895,-0.260722417967637,0.368295755064811,0.71803036030762,41,0.909051210162643,node
auc_degree,gamma,imagination,3,7Networks_LH_Vis_3,-0.0257342196468651,-0.338508083572289,0.292160499227061,0.876421651692165,41,0.945226262165472,node
auc_degree,gamma,total,4,7Networks_LH_Vis_4,0.150702364705517,-0.173048546464719,0.445062125615445,0.359792366353192,41,0.900432517081642,node
auc_degree,gamma,social,4,7Networks_LH_Vis_4,0.22791598514393,-0.0943946358247387,0.506980173145336,0.162873917760237,41,0.763807769532841,node
auc_degree,gamma,switching,4,7Networks_LH_Vis_4,0.125801200474864,-0.197563150353188,0.424474929261848,0.445399777844428,41,0.909051210162643,node
auc_degree,gamma,detail,4,7Networks_LH_Vis_4,-0.257816786997805,-0.530208388873496,0.0628155226358935,0.113056875485759,41,0.763807769532841,node
auc_degree,gamma,communication,4,7Networks_LH_Vis_4,0.201718253712043,-0.121539802400464,0.486289986739676,0.218154417565712,41,0.824138910803802,node
auc_degree,gamma,imagination,4,7Networks_LH_Vis_4,0.115942812444567,-0.207158014448194,0.416238208990335,0.482129967945101,41,0.909051210162643,node
auc_degree,gamma,total,5,7Networks_LH_Vis_5,-0.0387614906408132,-0.35000336344946,0.28018769489625,0.81476943186754,41,0.928671756468666,node
auc_degree,gamma,social,5,7Networks_LH_Vis_5,0.0744482913845045,-0.246873243918181,0.381020534179367,0.652401337307542,41,0.909051210162643,node
auc_degree,gamma,switching,5,7Networks_LH_Vis_5,-0.112355491785661,-0.413228708954228,0.2106340861553,0.495876442557008,41,0.909051210162643,node
auc_degree,gamma,detail,5,7Networks_LH_Vis_5,-0.160141750506051,-0.45278570634246,0.163649647183265,0.330130613512379,41,0.900432517081642,node
auc_degree,gamma,communication,5,7Networks_LH_Vis_5,-0.0756047439314146,-0.382014252243645,0.245780812193646,0.647350864668458,41,0.909051210162643,node
auc_degree,gamma,imagination,5,7Networks_LH_Vis_5,0.219445754776244,-0.10322393311294,0.500325632394261,0.179505570379121,41,0.763807769532841,node
auc_degree,gamma,total,6,7Networks_LH_Vis_6,0.10646672439134,-0.216322578839702,0.408274172326506,0.518869098277007,41,0.909051210162643,node
auc_degree,gamma,social,6,7Networks_LH_Vis_6,0.273515732511253,-0.0459743242244124,0.542242470605851,0.0920214122487296,41,0.763807769532841,node
auc_degree,gamma,switching,6,7Networks_LH_Vis_6,-0.0683930536458292,-0.375805792117224,0.252579963049964,0.679091531594044,41,0.909051210162643,node
auc_degree,gamma,detail,6,7Networks_LH_Vis_6,-0.233622402273624,-0.511444678487573,0.0884175898217982,0.152316164050313,41,0.763807769532841,node
auc_degree,gamma,communication,6,7Networks_LH_Vis_6,0.164523262646367,-0.159266861172101,0.456355925026661,0.31689435158522,41,0.900432517081642,node
auc_degree,gamma,imagination,6,7Networks_LH_Vis_6,0.173335413613474,-0.150413330449243,0.463508051127118,0.291299895107562,41,0.900432517081642,node
auc_degree,gamma,total,7,7Networks_LH_Vis_7,0.100053348944678,-0.222493006421325,0.402857950905003,0.544496451820452,41,0.909051210162643,node
auc_degree,gamma,social,7,7Networks_LH_Vis_7,0.321807103279567,0.0069948897735911,0.578581878561298,0.0457388272476877,41,0.763807769532841,node
auc_degree,gamma,switching,7,7Networks_LH_Vis_7,-0.122714309243087,-0.421901125043862,0.200574203671165,0.456733265884615,41,0.909051210162643,node
auc_degree,gamma,detail,7,7Networks_LH_Vis_7,-0.237176477629641,-0.514217706423628,0.0846832042216033,0.145998207647193,41,0.763807769532841,node
auc_degree,gamma,communication,7,7Networks_LH_Vis_7,0.2568183225269,-0.0638804945839819,0.529439282371061,0.114508261028846,41,0.763807769532841,node
auc_degree,gamma,imagination,7,7Networks_LH_Vis_7,0.035790851498999,-0.282926643618341,0.347390292567949,0.828745453439133,41,0.928671756468666,node
auc_degree,gamma,total,8,7Networks_LH_Vis_8,0.153823130369322,-0.169947677187239,0.447620482272948,0.349813287303881,41,0.900432517081642,node
auc_degree,gamma,social,8,7Networks_LH_Vis_8,0.304358737017121,-0.0123496842635915,0.565568508963286,0.0595857134318322,41,0.763807769532841,node
auc_degree,gamma,switching,8,7Networks_LH_Vis_8,-0.0641048216068678,-0.372100973461071,0.256607917398046,0.698231677605049,41,0.909051210162643,node
auc_degree,gamma,detail,8,7Networks_LH_Vis_8,-0.0825642469595249,-0.387979498141377,0.23918929954445,0.617291674022665,41,0.909051210162643,node
auc_degree,gamma,communication,8,7Networks_LH_Vis_8,0.154493706908305,-0.169280537986836,0.448169583764718,0.347691225069851,41,0.900432517081642,node
auc_degree,gamma,imagination,8,7Networks_LH_Vis_8,0.0944879548244598,-0.227826715556577,0.398140616328518,0.567212742338308,41,0.909051210162643,node
auc_degree,gamma,total,9,7Networks_LH_Vis_9,-0.181001764378849,-0.469699618409947,0.142668507592231,0.270149672786655,41,0.900432517081642,node
auc_degree,gamma,social,9,7Networks_LH_Vis_9,-0.112329054429731,-0.413206505520061,0.21065967336067,0.495978488214825,41,0.909051210162643,node
auc_degree,gamma,switching,9,7Networks_LH_Vis_9,-0.21934055089086,-0.500242770990485,0.103333277979548,0.179719475184198,41,0.763807769532841,node
auc_degree,gamma,detail,9,7Networks_LH_Vis_9,0.0837305119878144,-0.238081793009286,0.388976649778832,0.612312269467524,41,0.909051210162643,node
auc_degree,gamma,communication,9,7Networks_LH_Vis_9,-0.245716966309494,-0.520857728688395,0.0756723047066035,0.131605622746156,41,0.763807769532841,node
auc_degree,gamma,imagination,9,7Networks_LH_Vis_9,0.0182878015451417,-0.298959715612532,0.331895152334397,0.912012361838038,41,0.945226262165472,node
auc_degree,gamma,total,10,7Networks_LH_SomMot_1,0.183899355290723,-0.139730899181201,0.472032424479305,0.262425669114553,41,0.7491199243301,node
auc_degree,gamma,social,10,7Networks_LH_SomMot_1,0.121424024274308,-0.201830981788395,0.420823873546395,0.461516159743975,41,0.785044681357227,node
auc_degree,gamma,switching,10,7Networks_LH_SomMot_1,0.275547943836836,-0.0437808915502078,0.54379225120463,0.0895351964803153,41,0.682766328742312,node
auc_degree,gamma,detail,10,7Networks_LH_SomMot_1,-0.201917727707508,-0.486448740242105,0.121334925307906,0.217689951189826,41,0.731438235997816,node
auc_degree,gamma,communication,10,7Networks_LH_SomMot_1,0.146371040985961,-0.177341646615184,0.441503391373836,0.373923063167753,41,0.785044681357227,node
auc_degree,gamma,imagination,10,7Networks_LH_SomMot_1,0.189189376059817,-0.134353085602247,0.476280956587486,0.24870484658102,41,0.7491199243301,node
auc_degree,gamma,total,11,7Networks_LH_SomMot_2,0.433518507234716,0.136693670759779,0.658911825248117,0.00583343739581259,41,0.163336247082753,node
auc_degree,gamma,social,11,7Networks_LH_SomMot_2,0.272366375200051,-0.0472135010530304,0.541365151276883,0.0934508885031593,41,0.682766328742312,node
auc_degree,gamma,switching,11,7Networks_LH_SomMot_2,0.440252354166896,0.144851091221242,0.663595138703846,0.00503554985359001,41,0.163336247082753,node
auc_degree,gamma,detail,11,7Networks_LH_SomMot_2,-0.117329823516035,-0.417400048888838,0.205811826448011,0.476868781777843,41,0.785044681357227,node
auc_degree,gamma,communication,11,7Networks_LH_SomMot_2,0.366934702502738,0.0581439254768439,0.611643442707334,0.0215759086309253,41,0.362475264999545,node
auc_degree,gamma,imagination,11,7Networks_LH_SomMot_2,0.243188129955745,-0.0783459111143216,0.518895083491321,0.135752620742018,41,0.731438235997816,node
auc_degree,gamma,total,12,7Networks_LH_SomMot_3,0.219641366142325,-0.103020601458937,0.50047968748081,0.179108327875252,41,0.731438235997816,node
auc_degree,gamma,social,12,7Networks_LH_SomMot_3,0.0521568044108581,-0.267772284693674,0.361726457425178,0.752506232345321,41,0.903007478814385,node
auc_degree,gamma,switching,12,7Networks_LH_SomMot_3,0.368326910340638,0.0597481047115995,0.612649995274473,0.0210471475561652,41,0.362475264999545,node
auc_degree,gamma,detail,12,7Networks_LH_SomMot_3,-0.210457136226274,-0.49322734707667,0.112538308469656,0.198442175427079,41,0.731438235997816,node
auc_degree,gamma,communication,12,7Networks_LH_SomMot_3,0.181782001551267,-0.141878055476606,0.470328172299235,0.268055275548757,41,0.7491199243301,node
auc_degree,gamma,imagination,12,7Networks_LH_SomMot_3,0.270259701769261,-0.0494822550055852,0.539755577921259,0.0961152628585552,41,0.682766328742312,node
auc_degree,gamma,total,13,7Networks_LH_SomMot_4,-0.0387836897661898,-0.350022872306063,0.28016720759014,0.814665198034104,41,0.950442731039788,node
auc_degree,gamma,social,13,7Networks_LH_SomMot_4,-0.0590788703679041,-0.367746274800429,0.261314677021042,0.720900275473393,41,0.890523869702427,node
auc_degree,gamma,switching,13,7Networks_LH_SomMot_4,0.149766465484716,-0.173977229555787,0.444293951813025,0.362818109012989,41,0.785044681357227,node
auc_degree,gamma,detail,13,7Networks_LH_SomMot_4,-0.110683826064133,-0.411824054977175,0.212251125577652,0.502349988618069,41,0.785044681357227,node
auc_degree,gamma,communication,13,7Networks_LH_SomMot_4,-0.11322793757819,-0.413961232593732,0.209789447393838,0.492514921811213,41,0.785044681357227,node
auc_degree,gamma,imagination,13,7Networks_LH_SomMot_4,0.0295378535424684,-0.288675012231961,0.341874092397382,0.858329517945425,41,0.961944090550208,node
auc_degree,gamma,total,14,7Networks_LH_SomMot_5,-0.0655351227530168,-0.37333777404731,0.255265666588014,0.691826474174209,41,0.880506421676266,node
auc_degree,gamma,social,14,7Networks_LH_SomMot_5,-0.117807399313,-0.417799866804812,0.20534802363009,0.475064251821706,41,0.785044681357227,node
auc_degree,gamma,switching,14,7Networks_LH_SomMot_5,-0.0747132210802906,-0.381248245878382,0.246623052738401,0.651242972905516,41,0.880506421676266,node
auc_degree,gamma,detail,14,7Networks_LH_SomMot_5,0.159483511107287,-0.164306975472489,0.452248536423738,0.332148331130637,41,0.785044681357227,node
auc_degree,gamma,communication,14,7Networks_LH_SomMot_5,-0.0270132808348678,-0.339640877062331,0.29098936405767,0.870330367640664,41,0.961944090550208,node
auc_degree,gamma,imagination,14,7Networks_LH_SomMot_5,-0.134470867850136,-0.431677846642764,0.189073717414219,0.414406000993276,41,0.785044681357227,node
auc_degree,gamma,total,15,7Networks_LH_SomMot_6,0.0907287073658528,-0.231418554986821,0.394945092290971,0.58279889725099,41,0.858861532790933,node
auc_degree,gamma,social,15,7Networks_LH_SomMot_6,0.0555346133825768,-0.264624707454226,0.364667218292421,0.737029908768619,41,0.897253801979188,node
auc_degree,gamma,switching,15,7Networks_LH_SomMot_6,0.0670172436571451,-0.253873480341856,0.374618230545423,0.685211443825938,41,0.880506421676266,node
auc_degree,gamma,detail,15,7Networks_LH_SomMot_6,-0.248441858573279,-0.522969283244038,0.0727862368912097,0.127243284173145,41,0.731438235997816,node
auc_degree,gamma,communication,15,7Networks_LH_SomMot_6,0.208310249439088,-0.114754634296267,0.491526367584814,0.20316487588211,41,0.731438235997816,node
auc_degree,gamma,imagination,15,7Networks_LH_SomMot_6,0.240864730065692,-0.0807982502406658,0.517089313077993,0.139647288339284,41,0.731438235997816,node
auc_degree,gamma,total,16,7Networks_LH_DorsAttn_Post_1,0.00888926317909938,-0.307495645168986,0.323504366576278,0.957167594121783,41,0.983246124460677,node
auc_degree,gamma,social,16,7Networks_LH_DorsAttn_Post_1,0.233748083144408,-0.0882856869614212,0.511542838385249,0.15208939784741,41,0.910502357982825,node
auc_degree,gamma,switching,16,7Networks_LH_DorsAttn_Post_1,-0.0830269271894191,-0.388375173347285,0.238750030124765,0.615314210786827,41,0.910502357982825,node
auc_degree,gamma,detail,16,7Networks_LH_DorsAttn_Post_1,-0.2585548103888,-0.530776592414349,0.0620278700762464,0.11199303595489,41,0.910502357982825,node
auc_degree,gamma,communication,16,7Networks_LH_DorsAttn_Post_1,0.20684748512329,-0.116262870402649,0.490366179586573,0.206427252423718,41,0.910502357982825,node
auc_degree,gamma,imagination,16,7Networks_LH_DorsAttn_Post_1,-0.130530003404885,-0.428408396690836,0.192938659920971,0.428340071432611,41,0.910502357982825,node
auc_degree,gamma,total,17,7Networks_LH_DorsAttn_Post_2,-0.0558874907209762,-0.364974082155314,0.26429548825061,0.735418873248901,41,0.910502357982825,node
auc_degree,gamma,social,17,7Networks_LH_DorsAttn_Post_2,0.0482356290289222,-0.271417647469643,0.358304891117436,0.77059213574326,41,0.910502357982825,node
auc_degree,gamma,switching,17,7Networks_LH_DorsAttn_Post_2,-0.0628534374484592,-0.371017987008816,0.257781251716965,0.70385262084948,41,0.910502357982825,node
auc_degree,gamma,detail,17,7Networks_LH_DorsAttn_Post_2,-0.231617329984537,-0.509877685844713,0.0905203994487342,0.155967352872384,41,0.910502357982825,node
auc_degree,gamma,communication,17,7Networks_LH_DorsAttn_Post_2,0.0357468597069498,-0.282967165317585,0.34735155955869,0.828952824698468,41,0.925596002757973,node
auc_degree,gamma,imagination,17,7Networks_LH_DorsAttn_Post_2,0.0828921614365802,-0.238877990559742,0.388259935895807,0.615889914641773,41,0.910502357982825,node
auc_degree,gamma,total,18,7Networks_LH_DorsAttn_Post_3,0.10104408918649,-0.221541481456417,0.403696037813314,0.540498502378916,41,0.910502357982825,node
auc_degree,gamma,social,18,7Networks_LH_DorsAttn_Post_3,0.0860741989267349,-0.235853651560752,0.390978331624101,0.60235774860141,41,0.910502357982825,node
auc_degree,gamma,switching,18,7Networks_LH_DorsAttn_Post_3,0.106042849895983,-0.216731193742993,0.407916856595106,0.520544232751105,41,0.910502357982825,node
auc_degree,gamma,detail,18,7Networks_LH_DorsAttn_Post_3,-0.203421748387845,-0.487645126540929,0.119789278393321,0.214209846369728,41,0.910502357982825,node
auc_degree,gamma,communication,18,7Networks_LH_DorsAttn_Post_3,0.207039452775636,-0.116065020116604,0.490518495575018,0.205997044171703,41,0.910502357982825,node
auc_degree,gamma,imagination,18,7Networks_LH_DorsAttn_Post_3,0.10855814441843,-0.214304793663625,0.410035834911869,0.510643165861715,41,0.910502357982825,node
auc_degree,gamma,total,19,7Networks_LH_DorsAttn_Post_4,-0.0763115098183928,-0.382621214328032,0.245112770446949,0.644271897447035,41,0.910502357982825,node
auc_degree,gamma,social,19,7Networks_LH_DorsAttn_Post_4,0.116324272655166,-0.206787903469737,0.41655783969672,0.480680010438538,41,0.910502357982825,node
auc_degree,gamma,switching,19,7Networks_LH_DorsAttn_Post_4,-0.22641619821921,-0.505804301163498,0.0959617040613142,0.165734497991336,41,0.910502357982825,node
auc_degree,gamma,detail,19,7Networks_LH_DorsAttn_Post_4,-0.0755288567608807,-0.381949065530867,0.245852523313564,0.647681806265902,41,0.910502357982825,node
auc_degree,gamma,communication,19,7Networks_LH_DorsAttn_Post_4,0.0493703274586526,-0.270363705023106,0.359295871273203,0.765345710973819,41,0.910502357982825,node
auc_degree,gamma,imagination,19,7Networks_LH_DorsAttn_Post_4,-0.104729378002754,-0.40680904469277,0.217996662499148,0.525751928921985,41,0.910502357982825,node
auc_degree,gamma,total,20,7Networks_LH_DorsAttn_Post_5,-0.0968372622125837,-0.400133895010694,0.225577565552606,0.55757062299078,41,0.910502357982825,node
auc_degree,gamma,social,20,7Networks_LH_DorsAttn_Post_5,0.0774385978935421,-0.244046804360188,0.383588597369234,0.639373932985939,41,0.910502357982825,node
auc_degree,gamma,switching,20,7Networks_LH_DorsAttn_Post_5,-0.230213248085973,-0.508779275372187,0.0919912153745352,0.158561779838857,41,0.910502357982825,node
auc_degree,gamma,detail,20,7Networks_LH_DorsAttn_Post_5,-0.191865164111343,-0.478424847938655,0.131625612883763,0.241951217703644,41,0.910502357982825,node
auc_degree,gamma,communication,20,7Networks_LH_DorsAttn_Post_5,0.0966336358165753,-0.225772646930369,0.399961240934476,0.558403317589228,41,0.910502357982825,node
auc_degree,gamma,imagination,20,7Networks_LH_DorsAttn_Post_5,-0.00757452513337841,-0.322326642327327,0.308685669064765,0.963497976761133,41,0.983246124460677,node
auc_degree,gamma,total,21,7Networks_LH_DorsAttn_Post_6,0.00654865225670995,-0.309613541948045,0.32140700225298,0.968439043743888,41,0.983246124460677,node
auc_degree,gamma,social,21,7Networks_LH_DorsAttn_Post_6,0.176367156215664,-0.147355297883248,0.465959966191375,0.282811724539846,41,0.910502357982825,node
auc_degree,gamma,switching,21,7Networks_LH_DorsAttn_Post_6,-0.0034756739579277,-0.318648683065601,0.312389365034519,0.983246124460677,41,0.983246124460677,node
auc_degree,gamma,detail,21,7Networks_LH_DorsAttn_Post_6,-0.352609804190191,-0.601240464038237,-0.0417300831155698,0.0276894492759248,41,0.910502357982825,node
auc_degree,gamma,communication,21,7Networks_LH_DorsAttn_Post_6,0.250411432098714,-0.0706968094221811,0.524493436303669,0.124157961903306,41,0.910502357982825,node
auc_degree,gamma,imagination,21,7Networks_LH_DorsAttn_Post_6,-0.0841551152248152,-0.389339506226931,0.237678374119373,0.610503651632301,41,0.910502357982825,node
auc_degree,gamma,total,22,7Networks_LH_DorsAttn_PrCv_1,-0.0464248393688589,-0.356722003359632,0.273097977678091,0.778985350718639,41,0.910502357982825,node
auc_degree,gamma,social,22,7Networks_LH_DorsAttn_PrCv_1,-0.134759250091001,-0.431916790272881,0.188790496774054,0.413396543129222,41,0.910502357982825,node
auc_degree,gamma,switching,22,7Networks_LH_DorsAttn_PrCv_1,-0.0484907183852905,-0.358527732344902,0.271180779489201,0.769411810750948,41,0.910502357982825,node
auc_degree,gamma,detail,22,7Networks_LH_DorsAttn_PrCv_1,0.131201880211375,-0.192280436022835,0.428966356317631,0.425946152071198,41,0.910502357982825,node
auc_degree,gamma,communication,22,7Networks_LH_DorsAttn_PrCv_1,-0.0770812093166371,-0.383281922419777,0.244384895887739,0.64092541055695,41,0.910502357982825,node
auc_degree,gamma,imagination,22,7Networks_LH_DorsAttn_PrCv_1,0.0323307576343511,-0.286110332978835,0.344340568131651,0.845089706948001,41,0.925596002757973,node
auc_degree,gamma,total,23,7Networks_LH_DorsAttn_FEF_1,0.0644237328646441,-0.256308745664929,0.372376835079553,0.696801717878432,41,0.910502357982825,node
auc_degree,gamma,social,23,7Networks_LH_DorsAttn_FEF_1,-0.0429356689836525,-0.353666939827596,0.276330279868946,0.795227155200949,41,0.917569794462634,node
auc_degree,gamma,switching,23,7Networks_LH_DorsAttn_FEF_1,-0.00557961473660404,-0.320537766204319,0.310489456209945,0.973107436279941,41,0.983246124460677,node
auc_degree,gamma,detail,23,7Networks_LH_DorsAttn_FEF_1,0.143670228224772,-0.180012403221132,0.439279619478185,0.382898519254628,41,0.910502357982825,node
auc_degree,gamma,communication,23,7Networks_LH_DorsAttn_FEF_1,0.00716975425101973,-0.309051844741433,0.321963857865143,0.965447385687876,41,0.983246124460677,node
auc_degree,gamma,imagination,23,7Networks_LH_DorsAttn_FEF_1,0.113177911364399,-0.209837892180041,0.413919240067436,0.492707354935725,41,0.910502357982825,node
auc_degree,gamma,total,24,7Networks_LH_SalVentAttn_ParOper_1,-0.0767624034280354,-0.383008298268248,0.244686422040184,0.642310665583436,41,0.992753437343385,node
auc_degree,gamma,social,24,7Networks_LH_SalVentAttn_ParOper_1,-0.00310310615874452,-0.318313901321343,0.312725539516589,0.98504180820846,41,0.992753437343385,node
auc_degree,gamma,switching,24,7Networks_LH_SalVentAttn_ParOper_1,-0.00150324898115483,-0.316875408383613,0.314168219974242,0.992753437343385,41,0.992753437343385,node
auc_degree,gamma,detail,24,7Networks_LH_SalVentAttn_ParOper_1,-0.133187602636499,-0.430614071115989,0.190333361760549,0.4189148777904,41,0.992753437343385,node
auc_degree,gamma,communication,24,7Networks_LH_SalVentAttn_ParOper_1,-0.0282138950333757,-0.340703369816862,0.289889188776054,0.864619369256473,41,0.992753437343385,node
auc_degree,gamma,imagination,24,7Networks_LH_SalVentAttn_ParOper_1,-0.0607192095624273,-0.369169024389868,0.259780186670451,0.713474848603584,41,0.992753437343385,node
auc_degree,gamma,total,25,7Networks_LH_SalVentAttn_FrOperIns_1,0.0092683136601421,-0.307152366971387,0.323843733845941,0.955342953430847,41,0.992753437343385,node
auc_degree,gamma,social,25,7Networks_LH_SalVentAttn_FrOperIns_1,-0.338060912115738,-0.5905878385349,-0.0252295906175997,0.0352984834648419,41,0.690543926781252,node
auc_degree,gamma,switching,25,7Networks_LH_SalVentAttn_FrOperIns_1,0.195795694053896,-0.127610260975881,0.481567879506406,0.232256856451881,41,0.969461034435454,node
auc_degree,gamma,detail,25,7Networks_LH_SalVentAttn_FrOperIns_1,0.119636616279588,-0.203570216392712,0.419330180465665,0.46818588539605,41,0.992753437343385,node
auc_degree,gamma,communication,25,7Networks_LH_SalVentAttn_FrOperIns_1,0.0453386691033614,-0.274104959477968,0.355771680407647,0.784031822571772,41,0.992753437343385,node
auc_degree,gamma,imagination,25,7Networks_LH_SalVentAttn_FrOperIns_1,0.080825826894883,-0.240838582360129,0.386491828035603,0.624745273201985,41,0.992753437343385,node
auc_degree,gamma,total,26,7Networks_LH_SalVentAttn_FrOperIns_2,-0.00184544139859777,-0.317183208730426,0.313859768503942,0.991103923899576,41,0.992753437343385,node
auc_degree,gamma,social,26,7Networks_LH_SalVentAttn_FrOperIns_2,-0.323899368102803,-0.580133606066518,-0.00933046202018963,0.0442694424135148,41,0.690543926781252,node
auc_degree,gamma,switching,26,7Networks_LH_SalVentAttn_FrOperIns_2,0.243898002973762,-0.0775958661492622,0.519446313837817,0.134578869502653,41,0.968967860419098,node
auc_degree,gamma,detail,26,7Networks_LH_SalVentAttn_FrOperIns_2,0.222824881601266,-0.099707645655044,0.502984389577617,0.172731211459169,41,0.969461034435454,node
auc_degree,gamma,communication,26,7Networks_LH_SalVentAttn_FrOperIns_2,-0.178740902188646,-0.46787662849389,0.144956640082617,0.276279137202338,41,0.969461034435454,node
auc_degree,gamma,imagination,26,7Networks_LH_SalVentAttn_FrOperIns_2,0.083141435010962,-0.238641295866781,0.388473080849221,0.614825224845805,41,0.992753437343385,node
auc_degree,gamma,total,27,7Networks_LH_SalVentAttn_PFCl_1,-0.0434085806821604,-0.354081402732877,0.275892606040913,0.793020633753515,41,0.992753437343385,node
auc_degree,gamma,social,27,7Networks_LH_SalVentAttn_PFCl_1,-0.285745249245627,-0.551541272228007,0.0327279253832778,0.0778341287071233,41,0.690543926781252,node
auc_degree,gamma,switching,27,7Networks_LH_SalVentAttn_PFCl_1,0.0896955759693326,-0.232404142534486,0.394065594224416,0.587115648909869,41,0.992753437343385,node
auc_degree,gamma,detail,27,7Networks_LH_SalVentAttn_PFCl_1,0.292996103383874,-0.0248209736494194,0.557023492241103,0.0702669279446431,41,0.690543926781252,node
auc_degree,gamma,communication,27,7Networks_LH_SalVentAttn_PFCl_1,-0.127422872616727,-0.425825124335522,0.195978870515485,0.439507992114712,41,0.992753437343385,node
auc_degree,gamma,imagination,27,7Networks_LH_SalVentAttn_PFCl_1,-0.0753127196552478,-0.38176338809182,0.246056747175231,0.648624739238094,41,0.992753437343385,node
auc_degree,gamma,total,28,7Networks_LH_SalVentAttn_Med_1,0.033090518684463,-0.285411866223399,0.345010785676306,0.841495135501461,41,0.992753437343385,node
auc_degree,gamma,social,28,7Networks_LH_SalVentAttn_Med_1,-0.181078538691501,-0.469761480272759,0.142590746452511,0.269943110961416,41,0.969461034435454,node
auc_degree,gamma,switching,28,7Networks_LH_SalVentAttn_Med_1,0.185662006801592,-0.137941113254558,0.473449537052753,0.257799290975712,41,0.969461034435454,node
auc_degree,gamma,detail,28,7Networks_LH_SalVentAttn_Med_1,0.311299598125118,-0.00468281344206507,0.570760781008593,0.0537246231649392,41,0.690543926781252,node
auc_degree,gamma,communication,28,7Networks_LH_SalVentAttn_Med_1,-0.152303119589043,-0.446375000850021,0.171458798497212,0.354652507842893,41,0.992753437343385,node
auc_degree,gamma,imagination,28,7Networks_LH_SalVentAttn_Med_1,-0.095066085376395,-0.398631399508433,0.22727355116434,0.564832866035448,41,0.992753437343385,node
auc_degree,gamma,total,29,7Networks_LH_SalVentAttn_Med_2,0.0964884812775366,-0.225911694391499,0.399838151787734,0.558997255315921,41,0.992753437343385,node
auc_degree,gamma,social,29,7Networks_LH_SalVentAttn_Med_2,0.284127442956322,-0.0344866969542983,0.550314941338804,0.0796062661148391,41,0.690543926781252,node
auc_degree,gamma,switching,29,7Networks_LH_SalVentAttn_Med_2,0.029954107341753,-0.288293062382391,0.342241968467085,0.856353744282395,41,0.992753437343385,node
auc_degree,gamma,detail,29,7Networks_LH_SalVentAttn_Med_2,-0.198398110455003,-0.48364485385765,0.124945837621168,0.225985624798877,41,0.969461034435454,node
auc_degree,gamma,communication,29,7Networks_LH_SalVentAttn_Med_2,0.0432109498460782,-0.276075526999847,0.353908212617445,0.793942551715346,41,0.992753437343385,node
auc_degree,gamma,imagination,29,7Networks_LH_SalVentAttn_Med_2,0.0759595549099211,-0.245445479685521,0.382318992710876,0.645804432595432,41,0.992753437343385,node
auc_degree,gamma,total,30,7Networks_LH_SalVentAttn_Med_3,0.300627072543815,-0.0164563434013372,0.562768364914539,0.0629407861052622,41,0.690543926781252,node
auc_degree,gamma,social,30,7Networks_LH_SalVentAttn_Med_3,0.176386002127521,-0.147336269172423,0.465975193883484,0.282759468377007,41,0.969461034435454,node
auc_degree,gamma,switching,30,7Networks_LH_SalVentAttn_Med_3,0.278243364987145,-0.0408668773317996,0.545844982169292,0.0863179908476564,41,0.690543926781252,node
auc_degree,gamma,detail,30,7Networks_LH_SalVentAttn_Med_3,0.0856869309679589,-0.236222060512043,0.390647774966693,0.60399779411645,41,0.992753437343385,node
auc_degree,gamma,communication,30,7Networks_LH_SalVentAttn_Med_3,0.162256370710714,-0.16153600674656,0.454509949769423,0.323700233960874,41,0.992753437343385,node
auc_degree,gamma,imagination,30,7Networks_LH_SalVentAttn_Med_3,0.110378222281979,-0.212546551828864,0.411567109848809,0.503538058002071,41,0.992753437343385,node
auc_degree,gamma,total,31,7Networks_LH_Limbic_OFC_1,0.114634698596428,-0.208426507200257,0.415141558653956,0.487119467965569,41,0.924892379796831,node
auc_degree,gamma,social,31,7Networks_LH_Limbic_OFC_1,-0.224203201956185,-0.504067356235077,0.0982710616638446,0.170021314133202,41,0.864719125690904,node
auc_degree,gamma,switching,31,7Networks_LH_Limbic_OFC_1,0.257580511449134,-0.0630676024093492,0.530026428824601,0.113399067982772,41,0.864719125690904,node
auc_degree,gamma,detail,31,7Networks_LH_Limbic_OFC_1,0.270166668129904,-0.0495823703284238,0.539684451455948,0.0962342548928579,41,0.864719125690904,node
auc_degree,gamma,communication,31,7Networks_LH_Limbic_OFC_1,0.07013136916121,-0.25094398093372,0.377304816144362,0.671388064222912,41,0.924892379796831,node
auc_degree,gamma,imagination,31,7Networks_LH_Limbic_OFC_1,-0.044611374170689,-0.355134989202806,0.274778838836635,0.787415806624405,41,0.924892379796831,node
auc_degree,gamma,total,32,7Networks_LH_Limbic_TempPole_1,0.0530889033027799,-0.266904399408657,0.362538569758258,0.748225746376072,41,0.924892379796831,node
auc_degree,gamma,social,32,7Networks_LH_Limbic_TempPole_1,-0.256240879106011,-0.528994279255059,0.0644960681834496,0.11535403380245,41,0.864719125690904,node
auc_degree,gamma,switching,32,7Networks_LH_Limbic_TempPole_1,0.169901766760242,-0.153869286900889,0.460725720210351,0.301109532699585,41,0.887036806411161,node
auc_degree,gamma,detail,32,7Networks_LH_Limbic_TempPole_1,0.201488541771111,-0.121775702366633,0.48610714476942,0.218690137034195,41,0.887036806411161,node
auc_degree,gamma,communication,32,7Networks_LH_Limbic_TempPole_1,0.0536228194086526,-0.266407031623952,0.363003544696964,0.745777177197791,41,0.924892379796831,node
auc_degree,gamma,imagination,32,7Networks_LH_Limbic_TempPole_1,0.0231599828187751,-0.294514637524148,0.336225473168101,0.888701911907627,41,0.924892379796831,node
auc_degree,gamma,total,33,7Networks_LH_Limbic_TempPole_2,0.101921655376477,-0.220698137560208,0.404437964560679,0.536969041952798,41,0.924892379796831,node
auc_degree,gamma,social,33,7Networks_LH_Limbic_TempPole_2,0.222717399135914,-0.0998196150751509,0.502899902026015,0.172943825138181,41,0.864719125690904,node
auc_degree,gamma,switching,33,7Networks_LH_Limbic_TempPole_2,-0.0156024772589557,-0.329502813531993,0.30140376918607,0.924892379796831,41,0.924892379796831,node
auc_degree,gamma,detail,33,7Networks_LH_Limbic_TempPole_2,-0.161745401828687,-0.454093510643705,0.162047011203242,0.325246829017426,41,0.887036806411161,node
auc_degree,gamma,communication,33,7Networks_LH_Limbic_TempPole_2,0.190422385455157,-0.133096868508329,0.477269290974918,0.245577223302285,41,0.887036806411161,node
auc_degree,gamma,imagination,33,7Networks_LH_Limbic_TempPole_2,0.0267204113897949,-0.291257605596422,0.339381578887633,0.871724464309468,41,0.924892379796831,node
auc_degree,gamma,total,34,7Networks_LH_Cont_Par_1,0.0862122803689249,-0.235722271966328,0.391096173478604,0.601773451503215,41,0.920359396416681,node
auc_degree,gamma,social,34,7Networks_LH_Cont_Par_1,0.222677058671913,-0.099861637480862,0.502868190662179,0.173023671984313,41,0.744212616160514,node
auc_degree,gamma,switching,34,7Networks_LH_Cont_Par_1,0.0766080217767135,-0.244832413644639,0.382875776543012,0.642981904254972,41,0.943004455781444,node
auc_degree,gamma,detail,34,7Networks_LH_Cont_Par_1,-0.409284064239274,-0.641911191875918,-0.107665326725672,0.00967448881465833,41,0.377305063771675,node
auc_degree,gamma,communication,34,7Networks_LH_Cont_Par_1,0.343687435191142,0.0315907105049062,0.594718013597011,0.0321748583725942,41,0.523877436194664,node
auc_degree,gamma,imagination,34,7Networks_LH_Cont_Par_1,-0.0151481545986095,-0.329097661230057,0.301816860320336,0.9270734730585,41,0.976187278058958,node
auc_degree,gamma,total,35,7Networks_LH_Cont_PFCl_1,-0.181243283819119,-0.469894216151536,0.142423870268269,0.269500213686135,41,0.750750595268519,node
auc_degree,gamma,social,35,7Networks_LH_Cont_PFCl_1,-0.314631211708909,-0.573245723283564,0.000989472617289105,0.0510801468874647,41,0.569178779603178,node
auc_degree,gamma,switching,35,7Networks_LH_Cont_PFCl_1,0.000536575657856803,-0.315039217208161,0.31600553159437,0.997413353410743,41,0.999987672207304,node
auc_degree,gamma,detail,35,7Networks_LH_Cont_PFCl_1,0.136975701842491,-0.186611918026787,0.433751874851364,0.405684770602344,41,0.836409547079961,node
auc_degree,gamma,communication,35,7Networks_LH_Cont_PFCl_1,-0.245529323308941,-0.520712197662749,0.0758708486898248,0.131910063077567,41,0.689993239955128,node
auc_degree,gamma,imagination,35,7Networks_LH_Cont_PFCl_1,-0.0481391749962625,-0.358220621496111,0.271507201573313,0.771038571498259,41,0.96475348832543,node
auc_degree,gamma,total,36,7Networks_LH_Cont_pCun_1,0.0101381163238293,-0.306364339155377,0.324622170034961,0.951156835031806,41,0.976187278058958,node
auc_degree,gamma,social,36,7Networks_LH_Cont_pCun_1,0.0558483078315726,-0.264332047864763,0.364940011836785,0.735597704926527,41,0.96475348832543,node
auc_degree,gamma,switching,36,7Networks_LH_Cont_pCun_1,-0.273078693945667,-0.541908942434717,0.046445632192479,0.0925629672694529,41,0.591260460558384,node
auc_degree,gamma,detail,36,7Networks_LH_Cont_pCun_1,0.0408188967270337,-0.278287704336046,0.351810290201697,0.80512266500469,41,0.96475348832543,node
auc_degree,gamma,communication,36,7Networks_LH_Cont_pCun_1,0.0429265771506828,-0.276338692948736,0.353658970490099,0.795269591517594,41,0.96475348832543,node
auc_degree,gamma,imagination,36,7Networks_LH_Cont_pCun_1,0.239754565870631,-0.0819686506777282,0.516225612966382,0.14153707486259,41,0.689993239955128,node
auc_degree,gamma,total,37,7Networks_LH_Cont_Cing_1,0.295135366429577,-0.0224805167597821,0.558636560602362,0.0681486239211454,41,0.591260460558384,node
auc_degree,gamma,social,37,7Networks_LH_Cont_Cing_1,0.429016019084424,0.131261695757488,0.655770618004899,0.00642591164220661,41,0.377305063771675,node
auc_degree,gamma,switching,37,7Networks_LH_Cont_Cing_1,0.24061073226337,-0.0810661079546004,0.516891754149192,0.140078006812236,41,0.689993239955128,node
auc_degree,gamma,detail,37,7Networks_LH_Cont_Cing_1,-0.107510470928736,-0.409153630817103,0.215315925163866,0.51475566810231,41,0.836409547079961,node
auc_degree,gamma,communication,37,7Networks_LH_Cont_Cing_1,0.131490613656639,-0.191997480354846,0.429206065026113,0.42491968943844,41,0.836409547079961,node
auc_degree,gamma,imagination,37,7Networks_LH_Cont_Cing_1,0.036972242792816,-0.281838015309298,0.348430062711193,0.823180860218035,41,0.96475348832543,node
auc_degree,gamma,total,38,7Networks_LH_Default_Temp_1,0.124667600929635,-0.198669609315207,0.423530311214198,0.44954381196443,41,0.923632119964972,node
auc_degree,gamma,social,38,7Networks_LH_Default_Temp_1,-0.106236149428714,-0.408079814797544,0.216544867070465,0.519779989741737,41,0.923632119964972,node
auc_degree,gamma,switching,38,7Networks_LH_Default_Temp_1,0.170677967926267,-0.153088734831266,0.461355187039531,0.298873756543823,41,0.923632119964972,node
auc_degree,gamma,detail,38,7Networks_LH_Default_Temp_1,0.0607518428530931,-0.259749642732197,0.369197314242338,0.713327386503967,41,0.923632119964972,node
auc_degree,gamma,communication,38,7Networks_LH_Default_Temp_1,0.100102495339972,-0.222445819809085,0.402899536793081,0.544297798996045,41,0.923632119964972,node
auc_degree,gamma,imagination,38,7Networks_LH_Default_Temp_1,0.185585910700509,-0.138018424460937,0.47338838910011,0.257997890626175,41,0.884564196432601,node
auc_degree,gamma,total,39,7Networks_LH_Default_Temp_2,0.105991333555376,-0.216780847775117,0.40787342328914,0.52074800512741,41,0.923632119964972,node
auc_degree,gamma,social,39,7Networks_LH_Default_Temp_2,0.149231662030814,-0.174507651052186,0.443854797619261,0.364553953560247,41,0.923632119964972,node
auc_degree,gamma,switching,39,7Networks_LH_Default_Temp_2,0.112032835559283,-0.210946336413999,0.412957701406412,0.49712259880753,41,0.923632119964972,node
auc_degree,gamma,detail,39,7Networks_LH_Default_Temp_2,-0.238251175274903,-0.515055088339008,0.083552200275383,0.14412617292291,41,0.84495072768496,node
auc_degree,gamma,communication,39,7Networks_LH_Default_Temp_2,0.126758873806298,-0.196627763106884,0.42527244329958,0.441915199229289,41,0.923632119964972,node
auc_degree,gamma,imagination,39,7Networks_LH_Default_Temp_2,0.165281866217145,-0.158506738657884,0.456973110546341,0.314637048574062,41,0.923632119964972,node
auc_degree,gamma,total,40,7Networks_LH_Default_Par_1,0.117578400164592,-0.205570436705045,0.417608167311863,0.475929081064664,41,0.923632119964972,node
auc_degree,gamma,social,40,7Networks_LH_Default_Par_1,0.209187020868993,-0.113849892880791,0.492221295184762,0.201226773526874,41,0.84495072768496,node
auc_degree,gamma,switching,40,7Networks_LH_Default_Par_1,-0.0243392929115246,-0.337271640023844,0.29343663737673,0.883072721117764,41,0.984081842967868,node
auc_degree,gamma,detail,40,7Networks_LH_Default_Par_1,-0.228963228699276,-0.5078006239594,0.0932994644730964,0.160897764905406,41,0.84495072768496,node
auc_degree,gamma,communication,40,7Networks_LH_Default_Par_1,0.302878085424877,-0.0139804060027417,0.564458186764203,0.0608994982439238,41,0.84495072768496,node
auc_degree,gamma,imagination,40,7Networks_LH_Default_Par_1,0.0738628024989022,-0.247426009100596,0.380517164303366,0.654964147324419,41,0.923632119964972,node
auc_degree,gamma,total,41,7Networks_LH_Default_Par_2,-0.147345163321508,-0.442304567115803,0.176377193449459,0.370716705594534,41,0.923632119964972,node
auc_degree,gamma,social,41,7Networks_LH_Default_Par_2,-0.0369991573065976,-0.348453741878233,0.281813204559258,0.823054185568969,41,0.955804860660739,node
auc_degree,gamma,switching,41,7Networks_LH_Default_Par_2,-0.115250973774369,-0.415658318517628,0.207829033584837,0.484765502689614,41,0.923632119964972,node
auc_degree,gamma,detail,41,7Networks_LH_Default_Par_2,-0.209046750343541,-0.492110141233143,0.113994674203878,0.201535969341065,41,0.84495072768496,node
auc_degree,gamma,communication,41,7Networks_LH_Default_Par_2,0.128196669609445,-0.195222320178053,0.426468915328984,0.43671186156431,41,0.923632119964972,node
auc_degree,gamma,imagination,41,7Networks_LH_Default_Par_2,-0.196916596684587,-0.482462859502164,0.126463222942202,0.229541374071699,41,0.848411670126577,node
auc_degree,gamma,total,42,7Networks_LH_Default_PFC_1,0.0223235714726261,-0.295278706310565,0.335483023440809,0.892697627881414,41,0.984081842967868,node
auc_degree,gamma,social,42,7Networks_LH_Default_PFC_1,-0.285544589478969,-0.551389230333269,0.0329461765566844,0.0780522423296982,41,0.84495072768496,node
auc_degree,gamma,switching,42,7Networks_LH_Default_PFC_1,0.228804899198346,-0.0934650900815421,0.507676614996409,0.161195413649334,41,0.84495072768496,node
auc_degree,gamma,detail,42,7Networks_LH_Default_PFC_1,0.306427864701837,-0.0100680163788576,0.567118537409782,0.0577876401606396,41,0.84495072768496,node
auc_degree,gamma,communication,42,7Networks_LH_Default_PFC_1,-0.155221651539629,-0.448765410362345,0.168555988732725,0.345396526343909,41,0.923632119964972,node
auc_degree,gamma,imagination,42,7Networks_LH_Default_PFC_1,-0.0151250270627564,-0.329077033645118,0.301837885760423,0.927184516957302,41,0.984081842967868,node
auc_degree,gamma,total,43,7Networks_LH_Default_PFC_2,0.121052474271032,-0.202192685873188,0.420513511915372,0.462898396566059,41,0.923632119964972,node
auc_degree,gamma,social,43,7Networks_LH_Default_PFC_2,-0.0639248569452818,-0.37194527810192,0.256776715736511,0.699039071422933,41,0.923632119964972,node
auc_degree,gamma,switching,43,7Networks_LH_Default_PFC_2,0.0747898769735791,-0.246550653359723,0.381314126019559,0.650907957162015,41,0.923632119964972,node
auc_degree,gamma,detail,43,7Networks_LH_Default_PFC_2,0.266065295641151,-0.0539895613184298,0.536545024730457,0.101593154564929,41,0.84495072768496,node
auc_degree,gamma,communication,43,7Networks_LH_Default_PFC_2,-0.0675591720860249,-0.37508612885803,0.253364103796414,0.682798433063923,41,0.923632119964972,node
auc_degree,gamma,imagination,43,7Networks_LH_Default_PFC_2,0.166748386301223,-0.157036193212688,0.458165447753007,0.310302079031609,41,0.923632119964972,node
auc_degree,gamma,total,44,7Networks_LH_Default_PFC_3,0.0871248341876565,-0.234853713412349,0.391874716474374,0.597918123149843,41,0.923632119964972,node
auc_degree,gamma,social,44,7Networks_LH_Default_PFC_3,-0.243124251233383,-0.518845469161159,0.0784133869078757,0.135858612569868,41,0.84495072768496,node
auc_degree,gamma,switching,44,7Networks_LH_Default_PFC_3,0.242186438096032,-0.0794036701918561,0.518116859841671,0.13742175408481,41,0.84495072768496,node
auc_degree,gamma,detail,44,7Networks_LH_Default_PFC_3,0.25351962255214,-0.0673937349301882,0.526895139077414,0.119403325944345,41,0.84495072768496,node
auc_degree,gamma,communication,44,7Networks_LH_Default_PFC_3,0.0452256029481216,-0.274209742180196,0.355672718531077,0.78455764556796,41,0.943368373985091,node
auc_degree,gamma,imagination,44,7Networks_LH_Default_PFC_3,-0.0396618777172363,-0.350794417827651,0.279356505314708,0.810544293197118,41,0.955804860660739,node
auc_degree,gamma,total,45,7Networks_LH_Default_PFC_4,0.140293187789477,-0.183345161373596,0.436493954834642,0.394297483724824,41,0.923632119964972,node
auc_degree,gamma,social,45,7Networks_LH_Default_PFC_4,-0.0645309817408202,-0.372469594268889,0.256208121320669,0.696321058524521,41,0.923632119964972,node
auc_degree,gamma,switching,45,7Networks_LH_Default_PFC_4,0.207840698806374,-0.115238943846591,0.491154054157738,0.204208158386379,41,0.84495072768496,node
auc_degree,gamma,detail,45,7Networks_LH_Default_PFC_4,0.224176146837223,-0.0982992733804285,0.504046107093124,0.170074211126747,41,0.84495072768496,node
auc_degree,gamma,communication,45,7Networks_LH_Default_PFC_4,0.1333857826462,-0.190138899147989,0.430778408390012,0.418216752073488,41,0.923632119964972,node
auc_degree,gamma,imagination,45,7Networks_LH_Default_PFC_4,-0.155068136067362,-0.448639778834024,0.168708817276379,0.345879681020238,41,0.923632119964972,node
auc_degree,gamma,total,46,7Networks_LH_Default_PFC_5,-0.0149993440012136,-0.328964930946491,0.301952139913215,0.927787991787867,41,0.984081842967868,node
auc_degree,gamma,social,46,7Networks_LH_Default_PFC_5,-0.274330370950211,-0.542863940044025,0.0450954279010217,0.0910184725811862,41,0.84495072768496,node
auc_degree,gamma,switching,46,7Networks_LH_Default_PFC_5,0.168825827167373,-0.154950589674175,0.459852693877852,0.304226293525356,41,0.923632119964972,node
auc_degree,gamma,detail,46,7Networks_LH_Default_PFC_5,0.266372427201566,-0.0536599598775348,0.536780380545139,0.101184129851262,41,0.84495072768496,node
auc_degree,gamma,communication,46,7Networks_LH_Default_PFC_5,-0.0789499747696454,-0.384884762948472,0.242616169073889,0.632829593019839,41,0.923632119964972,node
auc_degree,gamma,imagination,46,7Networks_LH_Default_PFC_5,-0.128003966645892,-0.426308616736106,0.195410764109391,0.437407277209358,41,0.923632119964972,node
auc_degree,gamma,total,47,7Networks_LH_Default_PFC_6,-0.0699062110859073,-0.377110743378654,0.25115598756499,0.672384024399983,41,0.923632119964972,node
auc_degree,gamma,social,47,7Networks_LH_Default_PFC_6,-0.192021034505401,-0.478549629003132,0.131466580639178,0.241561656077706,41,0.848411670126577,node
auc_degree,gamma,switching,47,7Networks_LH_Default_PFC_6,-0.108020490818054,-0.409583168695395,0.214823780798078,0.512751594200738,41,0.923632119964972,node
auc_degree,gamma,detail,47,7Networks_LH_Default_PFC_6,0.244767079737948,-0.0766771122878701,0.520120856916192,0.133152141474957,41,0.84495072768496,node
auc_degree,gamma,communication,47,7Networks_LH_Default_PFC_6,0.0145652836746097,-0.30234665923106,0.32857770383831,0.929872462943904,41,0.984081842967868,node
auc_degree,gamma,imagination,47,7Networks_LH_Default_PFC_6,-0.15190773865304,-0.446050842883049,0.171851617619409,0.355917881881702,41,0.923632119964972,node
auc_degree,gamma,total,48,7Networks_LH_Default_PFC_7,-0.0490205417334108,-0.358990463100213,0.270688678379601,0.766961902231331,41,0.943368373985091,node
auc_degree,gamma,social,48,7Networks_LH_Default_PFC_7,-0.285169369964687,-0.551104875391983,0.0333542092648332,0.0784613790910165,41,0.84495072768496,node
auc_degree,gamma,switching,48,7Networks_LH_Default_PFC_7,0.111436755363024,-0.211523019147586,0.412456897589003,0.499428967693223,41,0.923632119964972,node
auc_degree,gamma,detail,48,7Networks_LH_Default_PFC_7,0.214497049119512,-0.108358996113148,0.496422319933307,0.189765010911915,41,0.84495072768496,node
auc_degree,gamma,communication,48,7Networks_LH_Default_PFC_7,-0.0822238867314247,-0.387688356755585,0.239512354083734,0.618748051276585,41,0.923632119964972,node
auc_degree,gamma,imagination,48,7Networks_LH_Default_PFC_7,-0.0764317458729343,-0.38272444530331,0.244999091812292,0.64374867913317,41,0.923632119964972,node
auc_degree,gamma,total,49,7Networks_LH_Default_pCunPCC_1,0.126452831881999,-0.196926747120799,0.425017633579258,0.443027129775878,41,0.923632119964972,node
auc_degree,gamma,social,49,7Networks_LH_Default_pCunPCC_1,0.376814988524122,0.0695631443347336,0.61876969398309,0.018052229371404,41,0.84495072768496,node
auc_degree,gamma,switching,49,7Networks_LH_Default_pCunPCC_1,-0.0628886296381932,-0.37104845487521,0.257748267411054,0.703694331394886,41,0.923632119964972,node
auc_degree,gamma,detail,49,7Networks_LH_Default_pCunPCC_1,-0.233718760821842,-0.51151993756776,0.0883164619325678,0.152142282111058,41,0.84495072768496,node
auc_degree,gamma,communication,49,7Networks_LH_Default_pCunPCC_1,0.146358990691986,-0.17735357340547,0.441493477552623,0.373962829841211,41,0.923632119964972,node
auc_degree,gamma,imagination,49,7Networks_LH_Default_pCunPCC_1,0.0921262589086286,-0.230084264486958,0.396133932198393,0.576982189883935,41,0.923632119964972,node
auc_degree,gamma,total,50,7Networks_LH_Default_pCunPCC_2,-0.00157210464346956,-0.316937349042112,0.314106158991631,0.99242152107048,41,0.99242152107048,node
auc_degree,gamma,social,50,7Networks_LH_Default_pCunPCC_2,0.270031463823476,-0.0497278548790348,0.539581077637212,0.0964073855325567,41,0.84495072768496,node
auc_degree,gamma,switching,50,7Networks_LH_Default_pCunPCC_2,-0.0389188019001952,-0.350141604641561,0.280042507958772,0.814030860052778,41,0.955804860660739,node
auc_degree,gamma,detail,50,7Networks_LH_Default_pCunPCC_2,-0.387129353560929,-0.626166786325827,-0.0815705810633761,0.0149023546574134,41,0.84495072768496,node
auc_degree,gamma,communication,50,7Networks_LH_Default_pCunPCC_2,0.109338228051532,-0.213551469010212,0.410692346064986,0.507591784248007,41,0.923632119964972,node
auc_degree,gamma,imagination,50,7Networks_LH_Default_pCunPCC_2,0.0107837533044523,-0.305779121349801,0.325199712173958,0.948050392999164,41,0.984081842967868,node
auc_degree,gamma,total,51,7Networks_RH_Vis_1,-0.0177671524578792,-0.331431624322278,0.299433910958968,0.914507998890902,41,0.945226262165472,node
auc_degree,gamma,social,51,7Networks_RH_Vis_1,0.126753242468947,-0.196633265118045,0.425267755089889,0.441935645511881,41,0.909051210162643,node
auc_degree,gamma,switching,51,7Networks_RH_Vis_1,-0.189841956882586,-0.476804131441721,0.133688351425639,0.247046214476705,41,0.868921168159446,node
auc_degree,gamma,detail,51,7Networks_RH_Vis_1,0.0814947816052196,-0.240204148020247,0.387064480952833,0.621872670453512,41,0.909051210162643,node
auc_degree,gamma,communication,51,7Networks_RH_Vis_1,-0.133969120308565,-0.431262016405372,0.189566356172122,0.416165653603876,41,0.909051210162643,node
auc_degree,gamma,imagination,51,7Networks_RH_Vis_1,0.0588598610552966,-0.261519431493532,0.367556207477709,0.721893608070334,41,0.909051210162643,node
auc_degree,gamma,total,52,7Networks_RH_Vis_2,-0.167679233520242,-0.458921718620711,0.156102045479818,0.30757024666795,41,0.900432517081642,node
auc_degree,gamma,social,52,7Networks_RH_Vis_2,0.0814668104889145,-0.240230681237106,0.387040541240947,0.621992672894671,41,0.909051210162643,node
auc_degree,gamma,switching,52,7Networks_RH_Vis_2,-0.352229462283177,-0.600963100051168,-0.0412965523202467,0.0278694902597238,41,0.763807769532841,node
auc_degree,gamma,detail,52,7Networks_RH_Vis_2,-0.0444837426655291,-0.355023227838878,0.274897064197652,0.788010054125489,41,0.928671756468666,node
auc_degree,gamma,communication,52,7Networks_RH_Vis_2,-0.0854387508473924,-0.390435896844992,0.236458106216564,0.605049824846903,41,0.909051210162643,node
auc_degree,gamma,imagination,52,7Networks_RH_Vis_2,-0.0797667874502572,-0.385584764289504,0.241842409964072,0.629304149562794,41,0.909051210162643,node
auc_degree,gamma,total,53,7Networks_RH_Vis_3,0.0443792359825481,-0.274993861790787,0.354931709266824,0.788496721449698,41,0.928671756468666,node
auc_degree,gamma,social,53,7Networks_RH_Vis_3,0.242167295257255,-0.079423877453953,0.518101983143316,0.137453799128689,41,0.763807769532841,node
auc_degree,gamma,switching,53,7Networks_RH_Vis_3,-0.2021491965644,-0.486632933649027,0.121097152189814,0.217151841146642,41,0.824138910803802,node
auc_degree,gamma,detail,53,7Networks_RH_Vis_3,-0.0193966526974882,-0.332881845538875,0.297949276764213,0.906700086427318,41,0.945226262165472,node
auc_degree,gamma,communication,53,7Networks_RH_Vis_3,0.00972409304182179,-0.306739491980255,0.324251690025128,0.953149259643188,41,0.962586381025794,node
auc_degree,gamma,imagination,53,7Networks_RH_Vis_3,0.081323786462327,-0.240366345374901,0.386918124457066,0.62260642898581,41,0.909051210162643,node
auc_degree,gamma,total,54,7Networks_RH_Vis_4,-0.132177404710654,-0.42977607572259,0.191324216335772,0.422483686781038,41,0.909051210162643,node
auc_degree,gamma,social,54,7Networks_RH_Vis_4,-0.124530186164858,-0.423415760573049,0.198803678114165,0.45004757147138,41,0.909051210162643,node
auc_degree,gamma,switching,54,7Networks_RH_Vis_4,-0.197546367993741,-0.482965436298425,0.125818387993854,0.228025239042189,41,0.830663370796546,node
auc_degree,gamma,detail,54,7Networks_RH_Vis_4,-0.0444576182704424,-0.355000350746673,0.27492126209509,0.788131702928724,41,0.928671756468666,node
auc_degree,gamma,communication,54,7Networks_RH_Vis_4,-0.0689679264278305,-0.376301707679719,0.25203913564628,0.676540336852626,41,0.909051210162643,node
auc_degree,gamma,imagination,54,7Networks_RH_Vis_4,0.148959910591062,-0.174777103900354,0.44363159451391,0.365437897173166,41,0.900432517081642,node
auc_degree,gamma,total,55,7Networks_RH_Vis_5,-0.236395323676091,-0.513608715940524,0.085504764753304,0.147370067727945,41,0.763807769532841,node
auc_degree,gamma,social,55,7Networks_RH_Vis_5,-0.14733004869309,-0.442292139547134,0.176392162798458,0.370766330563029,41,0.900432517081642,node
auc_degree,gamma,switching,55,7Networks_RH_Vis_5,-0.261262940887584,-0.532859485200143,0.0591342034482017,0.108154114979674,41,0.763807769532841,node
auc_degree,gamma,detail,55,7Networks_RH_Vis_5,-0.0555168881267675,-0.36465180255172,0.264641242378508,0.737110861418984,41,0.916893998350443,node
auc_degree,gamma,communication,55,7Networks_RH_Vis_5,-0.120684018927251,-0.42020566607647,0.202551290240075,0.464271303176005,41,0.909051210162643,node
auc_degree,gamma,imagination,55,7Networks_RH_Vis_5,-0.0346978806304015,-0.346427660480505,0.283933063540563,0.83390092271562,41,0.928671756468666,node
auc_degree,gamma,total,56,7Networks_RH_Vis_6,-0.0756313576490707,-0.382037112576381,0.245755662188483,0.647234818897099,41,0.909051210162643,node
auc_degree,gamma,social,56,7Networks_RH_Vis_6,0.230410764938363,-0.0917843957690496,0.508933847250084,0.158194932320328,41,0.763807769532841,node
auc_degree,gamma,switching,56,7Networks_RH_Vis_6,-0.250083264092688,-0.524239605630763,0.0710451430966935,0.124668111273081,41,0.763807769532841,node
auc_degree,gamma,detail,56,7Networks_RH_Vis_6,-0.110016839919997,-0.411263205484471,0.2128958229007,0.504944806221511,41,0.909051210162643,node
auc_degree,gamma,communication,56,7Networks_RH_Vis_6,-0.0384934144136803,-0.349767753539987,0.280435076287646,0.81602840543326,41,0.928671756468666,node
auc_degree,gamma,imagination,56,7Networks_RH_Vis_6,-0.096098454592038,-0.399507360064709,0.226285246446087,0.560594606657861,41,0.909051210162643,node
auc_degree,gamma,total,57,7Networks_RH_Vis_7,-0.124778750547727,-0.423622959913921,0.1985611572691,0.449136564287951,41,0.909051210162643,node
auc_degree,gamma,social,57,7Networks_RH_Vis_7,-0.107459974793673,-0.409111095783926,0.215364642556135,0.514954299874503,41,0.909051210162643,node
auc_degree,gamma,switching,57,7Networks_RH_Vis_7,-0.240544248421145,-0.516840038303669,0.0811362119522778,0.140190908859213,41,0.763807769532841,node
auc_degree,gamma,detail,57,7Networks_RH_Vis_7,0.0601544516206302,-0.26030868431806,0.368679344252493,0.716028477616688,41,0.909051210162643,node
auc_degree,gamma,communication,57,7Networks_RH_Vis_7,-0.0230726125632313,-0.336147936197041,0.294594469987449,0.889119173231414,41,0.945226262165472,node
auc_degree,gamma,imagination,57,7Networks_RH_Vis_7,0.00520100541547839,-0.310831535904857,0.320198005800722,0.974931656395534,41,0.974931656395534,node
auc_degree,gamma,total,58,7Networks_RH_Vis_8,-0.0861278662631864,-0.39102413374161,0.235802590391746,0.602130624025315,41,0.909051210162643,node
auc_degree,gamma,social,58,7Networks_RH_Vis_8,-0.099557213540721,-0.402438069184401,0.222969273100402,0.546503794640497,41,0.909051210162643,node
auc_degree,gamma,switching,58,7Networks_RH_Vis_8,-0.225892547078168,-0.505393500364181,0.0965084703706996,0.166741754373853,41,0.763807769532841,node
auc_degree,gamma,detail,58,7Networks_RH_Vis_8,0.370104322285374,0.0617984565389872,0.613933895841788,0.0203878548134091,41,0.763807769532841,node
auc_degree,gamma,communication,58,7Networks_RH_Vis_8,-0.225809111580001,-0.505328034072944,0.0965955709364025,0.166902651242363,41,0.763807769532841,node
auc_degree,gamma,imagination,58,7Networks_RH_Vis_8,-0.0631563070930159,-0.371280176653702,0.257497359013185,0.7024907596689,41,0.909051210162643,node
auc_degree,gamma,total,59,7Networks_RH_SomMot_1,-0.109674580988667,-0.410975321198605,0.21322653536803,0.506278941283698,41,0.785044681357227,node
auc_degree,gamma,social,59,7Networks_RH_SomMot_1,0.0210549408489712,-0.296436836157102,0.334356166504538,0.898763104186347,41,0.975536926212164,node
auc_degree,gamma,switching,59,7Networks_RH_SomMot_1,-0.185334639503824,-0.47318645735346,0.138273679958769,0.258654393882183,41,0.7491199243301,node
auc_degree,gamma,detail,59,7Networks_RH_SomMot_1,-0.0840102684449118,-0.389215734046277,0.237816006667688,0.611120378024676,41,0.876624241169118,node
auc_degree,gamma,communication,59,7Networks_RH_SomMot_1,0.0769794627887466,-0.244481134362663,0.383194601429571,0.641367383111511,41,0.880506421676266,node
auc_degree,gamma,imagination,59,7Networks_RH_SomMot_1,-0.157587297738661,-0.45069990401799,0.166198958110239,0.33800342658997,41,0.785044681357227,node
auc_degree,gamma,total,60,7Networks_RH_SomMot_2,-0.134945573365934,-0.432071149166671,0.188607479773613,0.412745077180858,41,0.785044681357227,node
auc_degree,gamma,social,60,7Networks_RH_SomMot_2,-0.0300514648807126,-0.342327997133376,0.288203713573388,0.855891754947558,41,0.961944090550208,node
auc_degree,gamma,switching,60,7Networks_RH_SomMot_2,-0.144144150967,-0.439670096144887,0.179544099534546,0.381314472290419,41,0.785044681357227,node
auc_degree,gamma,detail,60,7Networks_RH_SomMot_2,0.00994743169389091,-0.306537133627521,0.324451551898267,0.952074440417606,41,0.981249618426369,node
auc_degree,gamma,communication,60,7Networks_RH_SomMot_2,0.00448584074894716,-0.311477475528392,0.319556002658845,0.978377807307837,41,0.981249618426369,node
auc_degree,gamma,imagination,60,7Networks_RH_SomMot_2,-0.271030637604074,-0.540344828981861,0.0486523885386574,0.0951335580271381,41,0.682766328742312,node
auc_degree,gamma,total,61,7Networks_RH_SomMot_3,-0.172069693894449,-0.462483086594588,0.151688195431719,0.29489169080205,41,0.762806346308035,node
auc_degree,gamma,social,61,7Networks_RH_SomMot_3,-0.0484498618806302,-0.35849204325296,0.27121872016301,0.769600823672048,41,0.910513650541578,node
auc_degree,gamma,switching,61,7Networks_RH_SomMot_3,-0.224530592976164,-0.504324462911375,0.0979296336929324,0.169382150308863,41,0.731438235997816,node
auc_degree,gamma,detail,61,7Networks_RH_SomMot_3,-0.1066590621797,-0.408436277834471,0.216137127956558,0.518109868884331,41,0.785044681357227,node
auc_degree,gamma,communication,61,7Networks_RH_SomMot_3,-0.0195729767532941,-0.333038681406369,0.297788536190049,0.905855717197009,41,0.975536926212164,node
auc_degree,gamma,imagination,61,7Networks_RH_SomMot_3,-0.065617075867967,-0.373408606877238,0.255188721091483,0.691460104533367,41,0.880506421676266,node
auc_degree,gamma,total,62,7Networks_RH_SomMot_4,-0.183472151731174,-0.471688742850193,0.14016436101436,0.263555161166295,41,0.7491199243301,node
auc_degree,gamma,social,62,7Networks_RH_SomMot_4,-0.115801124462918,-0.416119467794452,0.207295463366179,0.482669114218148,41,0.785044681357227,node
auc_degree,gamma,switching,62,7Networks_RH_SomMot_4,-0.105331078462069,-0.407316642774787,0.217417086906648,0.523363120904818,41,0.785044681357227,node
auc_degree,gamma,detail,62,7Networks_RH_SomMot_4,-0.207425589636197,-0.490824821915711,0.11566697284916,0.20513358594451,41,0.731438235997816,node
auc_degree,gamma,communication,62,7Networks_RH_SomMot_4,0.00490988005384955,-0.311094516745772,0.319936697548605,0.976334446204819,41,0.981249618426369,node
auc_degree,gamma,imagination,62,7Networks_RH_SomMot_4,-0.0624047699960671,-0.37062949209647,0.258201705229337,0.705871739391851,41,0.884973524013664,node
auc_degree,gamma,total,63,7Networks_RH_SomMot_5,-0.43435011373491,-0.659491145325199,-0.137698909562081,0.00572933520353797,41,0.163336247082753,node
auc_degree,gamma,social,63,7Networks_RH_SomMot_5,-0.305652301170637,-0.566537762213033,0.010923631889701,0.0584564703464324,41,0.682766328742312,node
auc_degree,gamma,switching,63,7Networks_RH_SomMot_5,-0.170399746931878,-0.461129595038978,0.153368561818478,0.299673921763871,41,0.762806346308035,node
auc_degree,gamma,detail,63,7Networks_RH_SomMot_5,-0.223397771980652,-0.503434624868457,0.0991107016042109,0.171601123739057,41,0.731438235997816,node
auc_degree,gamma,communication,63,7Networks_RH_SomMot_5,-0.284749412713244,-0.550786543305506,0.0338107661641893,0.0789212798202581,41,0.682766328742312,node
auc_degree,gamma,imagination,63,7Networks_RH_SomMot_5,-0.21386666110505,-0.495924278784345,0.109011888347065,0.191101041201224,41,0.731438235997816,node
auc_degree,gamma,total,64,7Networks_RH_SomMot_6,-0.0829309550802639,-0.388293109105304,0.238841157038923,0.615724169392595,41,0.876624241169118,node
auc_degree,gamma,social,64,7Networks_RH_SomMot_6,-0.118487106751581,-0.418368705420329,0.204687668119356,0.472502172890469,41,0.785044681357227,node
auc_degree,gamma,switching,64,7Networks_RH_SomMot_6,0.160737101387352,-0.163054872643544,0.453271371886904,0.328312237144406,41,0.785044681357227,node
auc_degree,gamma,detail,64,7Networks_RH_SomMot_6,-0.0274612616822573,-0.340037414489225,0.290578957956884,0.868198669183767,41,0.961944090550208,node
auc_degree,gamma,communication,64,7Networks_RH_SomMot_6,-0.246583667255103,-0.521529711900853,0.0747549225915786,0.130206220696358,41,0.731438235997816,node
auc_degree,gamma,imagination,64,7Networks_RH_SomMot_6,-0.00388992819511396,-0.319020831084623,0.312015483234922,0.981249618426369,41,0.981249618426369,node
auc_degree,gamma,total,65,7Networks_RH_SomMot_7,-0.0803799016107869,-0.386109966577618,0.241261343721939,0.626663195110791,41,0.877328473155108,node
auc_degree,gamma,social,65,7Networks_RH_SomMot_7,-0.00492664026235276,-0.319951742473958,0.311079378141745,0.976253685066671,41,0.981249618426369,node
auc_degree,gamma,switching,65,7Networks_RH_SomMot_7,0.107630151266809,-0.215200454186901,0.409254437399313,0.514285045607686,41,0.785044681357227,node
auc_degree,gamma,detail,65,7Networks_RH_SomMot_7,-0.127886308062223,-0.426210734065525,0.195525810516245,0.437832177176502,41,0.785044681357227,node
auc_degree,gamma,communication,65,7Networks_RH_SomMot_7,-0.269153035634289,-0.538909255506919,0.0506727438974482,0.0975380469631875,41,0.682766328742312,node
auc_degree,gamma,imagination,65,7Networks_RH_SomMot_7,0.0668607604990225,-0.254020530953551,0.374483094606646,0.685908781174151,41,0.880506421676266,node
auc_degree,gamma,total,66,7Networks_RH_SomMot_8,0.136988427145845,-0.186599400968618,0.433762403509918,0.405640734373403,41,0.785044681357227,node
auc_degree,gamma,social,66,7Networks_RH_SomMot_8,0.178674353636627,-0.145023938922493,0.467822931424353,0.276460924455156,41,0.7491199243301,node
auc_degree,gamma,switching,66,7Networks_RH_SomMot_8,0.135404281265678,-0.188156815773684,0.432451090019173,0.411143725885002,41,0.785044681357227,node
auc_degree,gamma,detail,66,7Networks_RH_SomMot_8,-0.117956638058883,-0.417924782990551,0.20520305906131,0.474501088013847,41,0.785044681357227,node
auc_degree,gamma,communication,66,7Networks_RH_SomMot_8,-0.0110575535063676,-0.325444564070885,0.305530871319362,0.946733246379604,41,0.981249618426369,node
auc_degree,gamma,imagination,66,7Networks_RH_SomMot_8,0.205222945408709,-0.117936166240582,0.489076501005721,0.210092974311141,41,0.731438235997816,node
auc_degree,gamma,total,67,7Networks_RH_DorsAttn_Post_1,-0.127412923477349,-0.425816844787914,0.195988595398764,0.439544007562912,41,0.910502357982825,node
auc_degree,gamma,social,67,7Networks_RH_DorsAttn_Post_1,0.156364878706232,-0.167417387285695,0.449700621468052,0.341811467796421,41,0.910502357982825,node
auc_degree,gamma,switching,67,7Networks_RH_DorsAttn_Post_1,-0.272170691032258,-0.541215724638632,0.0474243795214249,0.0936959564665393,41,0.910502357982825,node
auc_degree,gamma,detail,67,7Networks_RH_DorsAttn_Post_1,-0.0877241109544771,-0.392385750624798,0.234283048636431,0.595392184834227,41,0.910502357982825,node
auc_degree,gamma,communication,67,7Networks_RH_DorsAttn_Post_1,-0.128354947595521,-0.426600563735521,0.195067522515023,0.436141133896386,41,0.910502357982825,node
auc_degree,gamma,imagination,67,7Networks_RH_DorsAttn_Post_1,-0.0539554866393834,-0.363293178849877,0.266097050363063,0.744252788826837,41,0.910502357982825,node
auc_degree,gamma,total,68,7Networks_RH_DorsAttn_Post_2,-0.302603537253053,-0.564252202427384,0.0142825956315711,0.0611456144273077,41,0.910502357982825,node
auc_degree,gamma,social,68,7Networks_RH_DorsAttn_Post_2,-0.204648466895035,-0.488620140654481,0.118527447259141,0.211400011410942,41,0.910502357982825,node
auc_degree,gamma,switching,68,7Networks_RH_DorsAttn_Post_2,-0.0305334701673245,-0.342753837439205,0.287761276880818,0.853605202543464,41,0.925596002757973,node
auc_degree,gamma,detail,68,7Networks_RH_DorsAttn_Post_2,-0.355548229073678,-0.60338129015622,-0.0450833822564093,0.0263306531552139,41,0.910502357982825,node
auc_degree,gamma,communication,68,7Networks_RH_DorsAttn_Post_2,-0.0799683377520791,-0.385757437005679,0.241651420288414,0.628435479331385,41,0.910502357982825,node
auc_degree,gamma,imagination,68,7Networks_RH_DorsAttn_Post_2,-0.161772038368915,-0.454115222553614,0.162020377098306,0.325166092146575,41,0.910502357982825,node
auc_degree,gamma,total,69,7Networks_RH_DorsAttn_Post_3,-0.167048374390977,-0.458409220464825,0.156735204710931,0.309420007826866,41,0.910502357982825,node
auc_degree,gamma,social,69,7Networks_RH_DorsAttn_Post_3,-0.0483160873317436,-0.35837518178065,0.271342940591951,0.770219791668164,41,0.910502357982825,node
auc_degree,gamma,switching,69,7Networks_RH_DorsAttn_Post_3,-0.152402960305132,-0.446456844296691,0.17135958840231,0.354333409641805,41,0.910502357982825,node
auc_degree,gamma,detail,69,7Networks_RH_DorsAttn_Post_3,-0.0320178224162744,-0.344064422164111,0.286397923547768,0.846571165825618,41,0.925596002757973,node
auc_degree,gamma,communication,69,7Networks_RH_DorsAttn_Post_3,-0.239758650559479,-0.516228791857277,0.0819643459841963,0.141530087314048,41,0.910502357982825,node
auc_degree,gamma,imagination,69,7Networks_RH_DorsAttn_Post_3,0.0217171523320802,-0.295832421354526,0.334944485435058,0.895596261662386,41,0.959567423209699,node
auc_degree,gamma,total,70,7Networks_RH_DorsAttn_Post_4,-0.311920230207794,-0.571224050788144,0.00399544949014913,0.053223863339103,41,0.910502357982825,node
auc_degree,gamma,social,70,7Networks_RH_DorsAttn_Post_4,-0.109120394507528,-0.410509050814121,0.213761868923466,0.508442939067164,41,0.910502357982825,node
auc_degree,gamma,switching,70,7Networks_RH_DorsAttn_Post_4,-0.207791416769866,-0.49111497172125,0.115289766011236,0.204317873157613,41,0.910502357982825,node
auc_degree,gamma,detail,70,7Networks_RH_DorsAttn_Post_4,-0.158757909322541,-0.45165614781674,0.165031239840266,0.334381367430578,41,0.910502357982825,node
auc_degree,gamma,communication,70,7Networks_RH_DorsAttn_Post_4,-0.287545808160819,-0.552904783767182,0.0307681553859437,0.0758981799131374,41,0.910502357982825,node
auc_degree,gamma,imagination,70,7Networks_RH_DorsAttn_Post_4,-0.106798640171013,-0.408553904583915,0.216002533151492,0.517559247308377,41,0.910502357982825,node
auc_degree,gamma,total,71,7Networks_RH_DorsAttn_Post_5,-0.10573293135793,-0.407655544386608,0.217029883574109,0.521770706518067,41,0.910502357982825,node
auc_degree,gamma,social,71,7Networks_RH_DorsAttn_Post_5,0.105764573556909,-0.216999390578622,0.407682226222093,0.521645420173489,41,0.910502357982825,node
auc_degree,gamma,switching,71,7Networks_RH_DorsAttn_Post_5,-0.118266707068819,-0.418184281464131,0.204901825044295,0.473332143861639,41,0.910502357982825,node
auc_degree,gamma,detail,71,7Networks_RH_DorsAttn_Post_5,-0.155707007320315,-0.449162531719323,0.16807270231945,0.343871696113358,41,0.910502357982825,node
auc_degree,gamma,communication,71,7Networks_RH_DorsAttn_Post_5,-0.105674266065272,-0.407606074346587,0.21708641655321,0.522003029250574,41,0.910502357982825,node
auc_degree,gamma,imagination,71,7Networks_RH_DorsAttn_Post_5,-0.048279980906181,-0.358343638614476,0.271376466487417,0.770386878323322,41,0.910502357982825,node
auc_degree,gamma,total,72,7Networks_RH_DorsAttn_PrCv_1,-0.0866836443268577,-0.391498370944135,0.235273697213747,0.599780705348136,41,0.910502357982825,node
auc_degree,gamma,social,72,7Networks_RH_DorsAttn_PrCv_1,-0.0576467288783553,-0.366502922974222,0.262653081537948,0.727403963061133,41,0.910502357982825,node
auc_degree,gamma,switching,72,7Networks_RH_DorsAttn_PrCv_1,-0.0483407929161333,-0.358396764576887,0.271320000271342,0.770105469614228,41,0.910502357982825,node
auc_degree,gamma,detail,72,7Networks_RH_DorsAttn_PrCv_1,-0.0524596086570477,-0.361990334034404,0.267490397982936,0.751114854394685,41,0.910502357982825,node
auc_degree,gamma,communication,72,7Networks_RH_DorsAttn_PrCv_1,-0.10077398648394,-0.403467602907548,0.221800953930622,0.541587055097369,41,0.910502357982825,node
auc_degree,gamma,imagination,72,7Networks_RH_DorsAttn_PrCv_1,0.0406253593696457,-0.278466540305946,0.351640413786307,0.806028935642659,41,0.91826081275746,node
auc_degree,gamma,total,73,7Networks_RH_DorsAttn_FEF_1,-0.228744938325567,-0.507629648617614,0.0935278094027308,0.16130824005682,41,0.910502357982825,node
auc_degree,gamma,social,73,7Networks_RH_DorsAttn_FEF_1,-0.245496732291534,-0.520686919288031,0.0759053304610384,0.13196299347098,41,0.910502357982825,node
auc_degree,gamma,switching,73,7Networks_RH_DorsAttn_FEF_1,-0.197285533817547,-0.482757305446596,0.126085494273535,0.228652349040975,41,0.910502357982825,node
auc_degree,gamma,detail,73,7Networks_RH_DorsAttn_FEF_1,0.127981229659701,-0.195432996998164,0.426289701899705,0.437489369453314,41,0.910502357982825,node
auc_degree,gamma,communication,73,7Networks_RH_DorsAttn_FEF_1,-0.162517998874752,-0.454723127017097,0.161274293138077,0.322910122135621,41,0.910502357982825,node
auc_degree,gamma,imagination,73,7Networks_RH_DorsAttn_FEF_1,-0.144058183034485,-0.439599273332796,0.179629059083552,0.381601526181635,41,0.910502357982825,node
auc_degree,gamma,total,74,7Networks_RH_SalVentAttn_TempOccPar_1,-0.00534266278632055,-0.320325137266037,0.310703555745699,0.974249105887201,41,0.992753437343385,node
auc_degree,gamma,social,74,7Networks_RH_SalVentAttn_TempOccPar_1,0.0804489999762787,-0.241195842714409,0.386169144792211,0.626365844544247,41,0.992753437343385,node
auc_degree,gamma,switching,74,7Networks_RH_SalVentAttn_TempOccPar_1,-0.131011574779909,-0.428808340364633,0.192466903892852,0.426623455671315,41,0.992753437343385,node
auc_degree,gamma,detail,74,7Networks_RH_SalVentAttn_TempOccPar_1,0.00319729959778264,-0.31264055459153,0.318398549030713,0.984587812148838,41,0.992753437343385,node
auc_degree,gamma,communication,74,7Networks_RH_SalVentAttn_TempOccPar_1,0.0362510385099983,-0.282502688158504,0.347795405055722,0.826576883568839,41,0.992753437343385,node
auc_degree,gamma,imagination,74,7Networks_RH_SalVentAttn_TempOccPar_1,-0.010607961968168,-0.325042484650464,0.305938485706926,0.948896128942997,41,0.992753437343385,node
auc_degree,gamma,total,75,7Networks_RH_SalVentAttn_TempOccPar_2,-0.0927707159588958,-0.396681802270273,0.229468570805432,0.574308782958548,41,0.992753437343385,node
auc_degree,gamma,social,75,7Networks_RH_SalVentAttn_TempOccPar_2,-0.00447358203938305,-0.319544995496134,0.311488545099676,0.97843688167718,41,0.992753437343385,node
auc_degree,gamma,switching,75,7Networks_RH_SalVentAttn_TempOccPar_2,-0.078396547139773,-0.384410280195624,0.243140193550424,0.635222800461716,41,0.992753437343385,node
auc_degree,gamma,detail,75,7Networks_RH_SalVentAttn_TempOccPar_2,-0.190337047277148,-0.477200910438102,0.133183846416793,0.245792834317167,41,0.969461034435454,node
auc_degree,gamma,communication,75,7Networks_RH_SalVentAttn_TempOccPar_2,0.0441393623734463,-0.275216016285898,0.354721624684844,0.789614065348637,41,0.992753437343385,node
auc_degree,gamma,imagination,75,7Networks_RH_SalVentAttn_TempOccPar_2,-0.0163574385840147,-0.330175811461445,0.300717060223954,0.921269197474892,41,0.992753437343385,node
auc_degree,gamma,total,76,7Networks_RH_SalVentAttn_FrOperIns_1,-0.0262864273309806,-0.338997254501223,0.291655003250951,0.873790986427174,41,0.992753437343385,node
auc_degree,gamma,social,76,7Networks_RH_SalVentAttn_FrOperIns_1,0.0175702715721903,-0.299613184768992,0.331256304025323,0.91545192364692,41,0.992753437343385,node
auc_degree,gamma,switching,76,7Networks_RH_SalVentAttn_FrOperIns_1,-0.0607227719453051,-0.369172112653142,0.259776852400971,0.713458750541183,41,0.992753437343385,node
auc_degree,gamma,detail,76,7Networks_RH_SalVentAttn_FrOperIns_1,0.0857806945454623,-0.236132871482791,0.390727815075122,0.603600537261749,41,0.992753437343385,node
auc_degree,gamma,communication,76,7Networks_RH_SalVentAttn_FrOperIns_1,0.0415842412619763,-0.277580279708518,0.352481866799339,0.801541282212202,41,0.992753437343385,node
auc_degree,gamma,imagination,76,7Networks_RH_SalVentAttn_FrOperIns_1,-0.214763280733959,-0.496632601799806,0.108083176620432,0.189202751937241,41,0.969461034435454,node
auc_degree,gamma,total,77,7Networks_RH_SalVentAttn_Med_1,-0.10865795705664,-0.410119853735248,0.214208426292467,0.51025222572503,41,0.992753437343385,node
auc_degree,gamma,social,77,7Networks_RH_SalVentAttn_Med_1,0.115326521901229,-0.20775577371787,0.415721653888602,0.484477341287857,41,0.992753437343385,node
auc_degree,gamma,switching,77,7Networks_RH_SalVentAttn_Med_1,-0.0365548722846335,-0.348062812695836,0.282222707630925,0.825145801178743,41,0.992753437343385,node
auc_degree,gamma,detail,77,7Networks_RH_SalVentAttn_Med_1,-0.187489306162902,-0.47491705321734,0.136083450473869,0.253060828214463,41,0.969461034435454,node
auc_degree,gamma,communication,77,7Networks_RH_SalVentAttn_Med_1,-0.101492075794459,-0.404074831918365,0.221111025186646,0.538695367894968,41,0.992753437343385,node
auc_degree,gamma,imagination,77,7Networks_RH_SalVentAttn_Med_1,-0.157560919751884,-0.450678348737054,0.166225260442873,0.338085321599548,41,0.992753437343385,node
auc_degree,gamma,total,78,7Networks_RH_SalVentAttn_Med_2,0.219816054122034,-0.102838996187859,0.500617249177855,0.178754106157743,41,0.969461034435454,node
auc_degree,gamma,social,78,7Networks_RH_SalVentAttn_Med_2,0.103109443353125,-0.219555900672229,0.405441530437901,0.532209675113169,41,0.992753437343385,node
auc_degree,gamma,switching,78,7Networks_RH_SalVentAttn_Med_2,0.285214995281002,-0.0333045996544898,0.55113945520848,0.0784115403915181,41,0.690543926781252,node
auc_degree,gamma,detail,78,7Networks_RH_SalVentAttn_Med_2,0.0302884168060101,-0.287986230394458,0.342537354605463,0.854767548522403,41,0.992753437343385,node
auc_degree,gamma,communication,78,7Networks_RH_SalVentAttn_Med_2,0.162058088619618,-0.161734323260522,0.454348365232106,0.324299845669295,41,0.992753437343385,node
auc_degree,gamma,imagination,78,7Networks_RH_SalVentAttn_Med_2,-0.0076138777721345,-0.32236190803126,0.308650063728759,0.963308462285441,41,0.992753437343385,node
auc_degree,gamma,total,79,7Networks_RH_Limbic_OFC_1,0.140398833348267,-0.183241013724075,0.436581186239357,0.393937929923685,41,0.90908753059312,node
auc_degree,gamma,social,79,7Networks_RH_Limbic_OFC_1,-0.0797376264447476,-0.385559779620515,0.241870040957647,0.629429872593014,41,0.924892379796831,node
auc_degree,gamma,switching,79,7Networks_RH_Limbic_OFC_1,0.178851930527861,-0.14484435331016,0.467966210912622,0.275976020790254,41,0.887036806411161,node
auc_degree,gamma,detail,79,7Networks_RH_Limbic_OFC_1,0.287664543755928,-0.0306388347416321,0.552994648902417,0.0757718522326751,41,0.864719125690904,node
auc_degree,gamma,communication,79,7Networks_RH_Limbic_OFC_1,-0.0666072251284594,-0.374264118443759,0.254258752146107,0.687039157540159,41,0.924892379796831,node
auc_degree,gamma,imagination,79,7Networks_RH_Limbic_OFC_1,0.0800204368517305,-0.241602046970527,0.385802068002111,0.628211015359489,41,0.924892379796831,node
auc_degree,gamma,total,80,7Networks_RH_Limbic_TempPole_1,-0.0224979903745052,-0.335637880407566,0.295119406697844,0.891864172598576,41,0.924892379796831,node
auc_degree,gamma,social,80,7Networks_RH_Limbic_TempPole_1,0.044570717864688,-0.274816499915974,0.355099389205449,0.787605087997721,41,0.924892379796831,node
auc_degree,gamma,switching,80,7Networks_RH_Limbic_TempPole_1,-0.0437413441226136,-0.35437296566113,0.275584558278916,0.791468969764754,41,0.924892379796831,node
auc_degree,gamma,detail,80,7Networks_RH_Limbic_TempPole_1,0.0193410947166296,-0.29799992081448,0.332832424501396,0.906966159884625,41,0.924892379796831,node
auc_degree,gamma,communication,80,7Networks_RH_Limbic_TempPole_1,0.0224789207354972,-0.295136824168315,0.335620950346125,0.891955290713683,41,0.924892379796831,node
auc_degree,gamma,imagination,80,7Networks_RH_Limbic_TempPole_1,-0.151777052769055,-0.445943681467575,0.171981434107584,0.356336727407054,41,0.890841818517636,node
auc_degree,gamma,total,81,7Networks_RH_Cont_Par_1,-0.117829076171471,-0.417818011526823,0.205326968474058,0.474982430713155,41,0.836409547079961,node
auc_degree,gamma,social,81,7Networks_RH_Cont_Par_1,0.0743459011282187,-0.246969926544326,0.380932518000489,0.652849238617923,41,0.943004455781444,node
auc_degree,gamma,switching,81,7Networks_RH_Cont_Par_1,-0.197145920524743,-0.482645888720312,0.126228445490462,0.228988497280158,41,0.744212616160514,node
auc_degree,gamma,detail,81,7Networks_RH_Cont_Par_1,-0.19855096727774,-0.483766748251764,0.124789193581829,0.225620913642091,41,0.744212616160514,node
auc_degree,gamma,communication,81,7Networks_RH_Cont_Par_1,-0.0147769785031879,-0.328766570905795,0.302154262444061,0.928855790552614,41,0.976187278058958,node
auc_degree,gamma,imagination,81,7Networks_RH_Cont_Par_1,0.0201971071178787,-0.297219421709712,0.333593690540166,0.902867747983005,41,0.976187278058958,node
auc_degree,gamma,total,82,7Networks_RH_Cont_Par_2,-0.218785714294205,-0.499805681662692,0.103909824766556,0.180850596670524,41,0.744212616160514,node
auc_degree,gamma,social,82,7Networks_RH_Cont_Par_2,-0.042535559341603,-0.353316185808193,0.276700472920904,0.797095223199654,41,0.96475348832543,node
auc_degree,gamma,switching,82,7Networks_RH_Cont_Par_2,-0.272471850108766,-0.541445686059745,0.0470998245110129,0.0933190000772266,41,0.591260460558384,node
auc_degree,gamma,detail,82,7Networks_RH_Cont_Par_2,-0.104375063610419,-0.406510055679159,0.218337842097806,0.527161086778971,41,0.836409547079961,node
auc_degree,gamma,communication,82,7Networks_RH_Cont_Par_2,-0.121427912537214,-0.420827121103733,0.201827196096559,0.461501706362167,41,0.836409547079961,node
auc_degree,gamma,imagination,82,7Networks_RH_Cont_Par_2,-0.0555059247251204,-0.364642267543462,0.264651469443656,0.737160933544592,41,0.96475348832543,node
auc_degree,gamma,total,83,7Networks_RH_Cont_PFCl_1,0.268378482895278,-0.0515054236388983,0.538316592514058,0.0985434100930639,41,0.591260460558384,node
auc_degree,gamma,social,83,7Networks_RH_Cont_PFCl_1,0.0110950923382864,-0.305496832137631,0.325478130716825,0.946552672416126,41,0.976187278058958,node
auc_degree,gamma,switching,83,7Networks_RH_Cont_PFCl_1,0.181844307558172,-0.141814915951465,0.470378352985599,0.267888489490031,41,0.750750595268519,node
auc_degree,gamma,detail,83,7Networks_RH_Cont_PFCl_1,0.217335152830413,-0.105416121249353,0.498662281295719,0.183831715879987,41,0.744212616160514,node
auc_degree,gamma,communication,83,7Networks_RH_Cont_PFCl_1,0.114197966753918,-0.208849769123611,0.414775232261061,0.488791214051189,41,0.836409547079961,node
auc_degree,gamma,imagination,83,7Networks_RH_Cont_PFCl_1,0.281745756579472,-0.0370723220266838,0.548507481168462,0.0822721847086803,41,0.591260460558384,node
auc_degree,gamma,total,84,7Networks_RH_Cont_PFCl_2,-0.0271666815572378,-0.339776674683812,0.290848843116882,0.869600314122047,41,0.968983207164567,node
auc_degree,gamma,social,84,7Networks_RH_Cont_PFCl_2,-0.102138006248216,-0.404620814386684,0.220490149532928,0.536100616507521,41,0.836409547079961,node
auc_degree,gamma,switching,84,7Networks_RH_Cont_PFCl_2,-0.017834137302985,-0.331491268663213,0.299372911467845,0.914186873368185,41,0.976187278058958,node
auc_degree,gamma,detail,84,7Networks_RH_Cont_PFCl_2,0.19926778560302,-0.1240544001036,0.484338221451251,0.223915985137712,41,0.744212616160514,node
auc_degree,gamma,communication,84,7Networks_RH_Cont_PFCl_2,-0.189666902922523,-0.476663810416298,0.13386669408394,0.247490409541425,41,0.750750595268519,node
auc_degree,gamma,imagination,84,7Networks_RH_Cont_PFCl_2,0.0531270248623789,-0.266868893045749,0.362571774032891,0.748050837707612,41,0.96475348832543,node
auc_degree,gamma,total,85,7Networks_RH_Cont_PFCl_3,0.129203451045383,-0.194237401717066,0.427306094780093,0.433088590454361,41,0.836409547079961,node
auc_degree,gamma,social,85,7Networks_RH_Cont_PFCl_3,-0.0362790516136616,-0.347820061835537,0.282476876567676,0.826444916327158,41,0.96475348832543,node
auc_degree,gamma,switching,85,7Networks_RH_Cont_PFCl_3,0.15002765212124,-0.173718114681087,0.444508373953449,0.36197216575495,41,0.836409547079961,node
auc_degree,gamma,detail,85,7Networks_RH_Cont_PFCl_3,0.28635324131674,-0.0320664464788741,0.552001846046619,0.0771761562005054,41,0.591260460558384,node
auc_degree,gamma,communication,85,7Networks_RH_Cont_PFCl_3,-0.20357861805465,-0.487769848432757,0.119627976820106,0.213849099097274,41,0.744212616160514,node
auc_degree,gamma,imagination,85,7Networks_RH_Cont_PFCl_3,0.184842883245021,-0.13877310941886,0.472791174491763,0.259942428547945,41,0.750750595268519,node
auc_degree,gamma,total,86,7Networks_RH_Cont_PFCl_4,-0.10814963525608,-0.409691912709208,0.214699136682336,0.512244752931607,41,0.836409547079961,node
auc_degree,gamma,social,86,7Networks_RH_Cont_PFCl_4,-0.102123215106983,-0.404608314363237,0.220504369870582,0.536159966076898,41,0.836409547079961,node
auc_degree,gamma,switching,86,7Networks_RH_Cont_PFCl_4,0.114581633980573,-0.208477941627759,0.415097053773993,0.487322433456286,41,0.836409547079961,node
auc_degree,gamma,detail,86,7Networks_RH_Cont_PFCl_4,-0.122882598778292,-0.422041566760391,0.200410205893353,0.45611141699659,41,0.836409547079961,node
auc_degree,gamma,communication,86,7Networks_RH_Cont_PFCl_4,-0.136243463178947,-0.433145898859865,0.187331996955131,0.408223309315041,41,0.836409547079961,node
auc_degree,gamma,imagination,86,7Networks_RH_Cont_PFCl_4,-0.0645663114127462,-0.372500149435147,0.256174972364222,0.696162746443117,41,0.96475348832543,node
auc_degree,gamma,total,87,7Networks_RH_Cont_Cing_1,0.160331113391049,-0.163460493139715,0.452940200515694,0.329551566994649,41,0.809598678951182,node
auc_degree,gamma,social,87,7Networks_RH_Cont_Cing_1,0.320724768001769,0.00578803724599952,0.577778434809639,0.0465142596873411,41,0.569178779603178,node
auc_degree,gamma,switching,87,7Networks_RH_Cont_Cing_1,0.161303225390452,-0.162489078306428,0.453733034161114,0.326588917254489,41,0.809598678951182,node
auc_degree,gamma,detail,87,7Networks_RH_Cont_Cing_1,-0.041070466351063,-0.352031073524603,0.278055211241793,0.803945023989926,41,0.96475348832543,node
auc_degree,gamma,communication,87,7Networks_RH_Cont_Cing_1,2.55728107350036e-06,-0.315520153506289,0.315524758891166,0.999987672207304,41,0.999987672207304,node
auc_degree,gamma,imagination,87,7Networks_RH_Cont_Cing_1,-0.105433065057767,-0.407402660785206,0.217318827853947,0.522958754386154,41,0.836409547079961,node
auc_degree,gamma,total,88,7Networks_RH_Cont_PFCmp_1,0.117205628763875,-0.205932415722856,0.417296056225841,0.477338643028658,41,0.836409547079961,node
auc_degree,gamma,social,88,7Networks_RH_Cont_PFCmp_1,-0.0796148018647153,-0.385454540621495,0.241986415485252,0.629959524199107,41,0.943004455781444,node
auc_degree,gamma,switching,88,7Networks_RH_Cont_PFCmp_1,0.15948523145361,-0.16430525788213,0.452249940624934,0.332143047774844,41,0.809598678951182,node
auc_degree,gamma,detail,88,7Networks_RH_Cont_PFCmp_1,0.347277876851447,0.0356631764281224,0.597346685985772,0.0303029954872055,41,0.523877436194664,node
auc_degree,gamma,communication,88,7Networks_RH_Cont_PFCmp_1,-0.0277761269263722,-0.340316056005592,0.290290432239525,0.866700944556925,41,0.968983207164567,node
auc_degree,gamma,imagination,88,7Networks_RH_Cont_PFCmp_1,-0.114652430360509,-0.415156429825767,0.208409319772125,0.487051655954121,41,0.836409547079961,node
auc_degree,gamma,total,89,7Networks_RH_Cont_pCun_1,-0.209771533065948,-0.492684378250422,0.113246436285131,0.199941915500102,41,0.744212616160514,node
auc_degree,gamma,social,89,7Networks_RH_Cont_pCun_1,-0.0358008105982076,-0.347399061007942,0.28291746993952,0.828698509202613,41,0.96475348832543,node
auc_degree,gamma,switching,89,7Networks_RH_Cont_pCun_1,-0.341099954926546,-0.592820306140209,-0.0286622664248022,0.0335818869355554,41,0.523877436194664,node
auc_degree,gamma,detail,89,7Networks_RH_Cont_pCun_1,-0.0387539754900902,-0.349996758984047,0.280194630472735,0.814804719239008,41,0.96475348832543,node
auc_degree,gamma,communication,89,7Networks_RH_Cont_pCun_1,-0.164331300063655,-0.456199703367053,0.159459147274894,0.31746716655333,41,0.809598678951182,node
auc_degree,gamma,imagination,89,7Networks_RH_Cont_pCun_1,0.0317528043158988,-0.286641432946959,0.343830517864719,0.847826188432891,41,0.968983207164567,node
auc_degree,gamma,total,90,7Networks_RH_Default_Par_1,-0.0282446539039956,-0.340730579633243,0.289860992028767,0.864473145368394,41,0.980190023094872,node
auc_degree,gamma,social,90,7Networks_RH_Default_Par_1,0.0889655567894756,-0.233100168218142,0.393443797337543,0.590174432497936,41,0.923632119964972,node
auc_degree,gamma,switching,90,7Networks_RH_Default_Par_1,-0.147175863038665,-0.442165358354105,0.176544857890369,0.371272785096161,41,0.923632119964972,node
auc_degree,gamma,detail,90,7Networks_RH_Default_Par_1,0.0798629057797081,-0.241751331052617,0.385667113715025,0.628889823643128,41,0.923632119964972,node
auc_degree,gamma,communication,90,7Networks_RH_Default_Par_1,-0.0789622647608022,-0.384895297972279,0.242604529909577,0.632776488651494,41,0.923632119964972,node
auc_degree,gamma,imagination,90,7Networks_RH_Default_Par_1,-0.0498392058692504,-0.359705158650307,0.269927972608365,0.763180786586529,41,0.943368373985091,node
auc_degree,gamma,total,91,7Networks_RH_Default_Temp_1,0.114444765891813,-0.208610596768915,0.414982256934702,0.487846138727359,41,0.923632119964972,node
auc_degree,gamma,social,91,7Networks_RH_Default_Temp_1,0.208171227956332,-0.114898041508358,0.491416146245932,0.203473375587,41,0.84495072768496,node
auc_degree,gamma,switching,91,7Networks_RH_Default_Temp_1,0.0102577438286372,-0.306255924533654,0.324729198220759,0.950581199685651,41,0.984081842967868,node
auc_degree,gamma,detail,91,7Networks_RH_Default_Temp_1,-0.00755746451760896,-0.322311353255808,0.308701104830648,0.963580137906037,41,0.984081842967868,node
auc_degree,gamma,communication,91,7Networks_RH_Default_Temp_1,0.0161420204073798,-0.300913037024011,0.32998381297533,0.922302867829495,41,0.984081842967868,node
auc_degree,gamma,imagination,91,7Networks_RH_Default_Temp_1,0.0643699007849295,-0.256359250032893,0.372330273577096,0.697043022159404,41,0.923632119964972,node
auc_degree,gamma,total,92,7Networks_RH_Default_Temp_2,-0.010263643544515,-0.324734476362769,0.30625057759541,0.950552811492259,41,0.984081842967868,node
auc_degree,gamma,social,92,7Networks_RH_Default_Temp_2,0.059846553248961,-0.26059673320772,0.368412305136643,0.717421967491896,41,0.923632119964972,node
auc_degree,gamma,switching,92,7Networks_RH_Default_Temp_2,-0.0255975598191803,-0.338386997918415,0.292285571473875,0.877072889426461,41,0.984081842967868,node
auc_degree,gamma,detail,92,7Networks_RH_Default_Temp_2,0.0288358506348219,-0.289318932914805,0.341253460539716,0.861663539060268,41,0.980190023094872,node
auc_degree,gamma,communication,92,7Networks_RH_Default_Temp_2,0.0129291617139711,-0.303832762271817,0.327117162794447,0.937733582254414,41,0.984081842967868,node
auc_degree,gamma,imagination,92,7Networks_RH_Default_Temp_2,-0.158865185122688,-0.4517437451318,0.164924183761944,0.334050643470668,41,0.923632119964972,node
auc_degree,gamma,total,93,7Networks_RH_Default_Temp_3,-0.0625034093496487,-0.370714911792491,0.258109279113014,0.705427666149467,41,0.923632119964972,node
auc_degree,gamma,social,93,7Networks_RH_Default_Temp_3,0.0846614551083948,-0.237197151408928,0.389772089195016,0.608349849557762,41,0.923632119964972,node
auc_degree,gamma,switching,93,7Networks_RH_Default_Temp_3,-0.211807060065089,-0.494295786289145,0.111143074921255,0.195512339694616,41,0.84495072768496,node
auc_degree,gamma,detail,93,7Networks_RH_Default_Temp_3,-0.0464996441785201,-0.356787428703669,0.273028600814741,0.778638124997801,41,0.943368373985091,node
auc_degree,gamma,communication,93,7Networks_RH_Default_Temp_3,0.0308803900489301,-0.28744275210785,0.343060253586101,0.851960201074058,41,0.980190023094872,node
auc_degree,gamma,imagination,93,7Networks_RH_Default_Temp_3,-0.0382860144440052,-0.349585444455484,0.28062643641781,0.817002736116841,41,0.955804860660739,node
auc_degree,gamma,total,94,7Networks_RH_Default_PFCv_1,0.169335667791463,-0.154438304359864,0.460266452943861,0.302746845981519,41,0.923632119964972,node
auc_degree,gamma,social,94,7Networks_RH_Default_PFCv_1,0.0534157533118402,-0.266599943596077,0.362823234007855,0.746726503181946,41,0.94323347770351,node
auc_degree,gamma,switching,94,7Networks_RH_Default_PFCv_1,0.0608180975808918,-0.25968762800274,0.369254748814698,0.71302802870172,41,0.923632119964972,node
auc_degree,gamma,detail,94,7Networks_RH_Default_PFCv_1,0.210643941019908,-0.112345309541288,0.493375250420121,0.198034915290169,41,0.84495072768496,node
auc_degree,gamma,communication,94,7Networks_RH_Default_PFCv_1,0.0630927453019018,-0.257556942795313,0.371225156251497,0.702776491161154,41,0.923632119964972,node
auc_degree,gamma,imagination,94,7Networks_RH_Default_PFCv_1,0.0874191522577289,-0.234573475056124,0.392125720145918,0.596676995751842,41,0.923632119964972,node
auc_degree,gamma,total,95,7Networks_RH_Default_PFCv_2,0.0676896264329239,-0.253241458837683,0.375198739097145,0.682218029945134,41,0.923632119964972,node
auc_degree,gamma,social,95,7Networks_RH_Default_PFCv_2,-0.00488191967371009,-0.319911598352585,0.311119771511634,0.976469177272942,41,0.990222264276786,node
auc_degree,gamma,switching,95,7Networks_RH_Default_PFCv_2,-0.0024732639211293,-0.317747759205243,0.313293677362712,0.988077651185543,41,0.99242152107048,node
auc_degree,gamma,detail,95,7Networks_RH_Default_PFCv_2,0.215958536293533,-0.106844263192707,0.497576261563969,0.186692979840558,41,0.84495072768496,node
auc_degree,gamma,communication,95,7Networks_RH_Default_PFCv_2,-0.044885409074407,-0.355374919675484,0.274524967033548,0.786140311654242,41,0.943368373985091,node
auc_degree,gamma,imagination,95,7Networks_RH_Default_PFCv_2,0.0211971730937323,-0.296307039140392,0.334482548425838,0.898082785928878,41,0.984081842967868,node
auc_degree,gamma,total,96,7Networks_RH_Default_PFCdPFCm_1,0.0457882231019374,-0.273688265663794,0.356165086569676,0.781942073819402,41,0.943368373985091,node
auc_degree,gamma,social,96,7Networks_RH_Default_PFCdPFCm_1,-0.20658321877337,-0.490156470140256,0.116535192957646,0.207020507933044,41,0.84495072768496,node
auc_degree,gamma,switching,96,7Networks_RH_Default_PFCdPFCm_1,0.136637438055932,-0.186944607735403,0.433471972524199,0.406856344278238,41,0.923632119964972,node
auc_degree,gamma,detail,96,7Networks_RH_Default_PFCdPFCm_1,0.339962775618586,0.0273769302009214,0.591985391901708,0.0342160246332833,41,0.84495072768496,node
auc_degree,gamma,communication,96,7Networks_RH_Default_PFCdPFCm_1,-0.123661222699858,-0.42269116054339,0.199651202710092,0.453240264528027,41,0.923632119964972,node
auc_degree,gamma,imagination,96,7Networks_RH_Default_PFCdPFCm_1,-0.00809995384180433,-0.322797431053355,0.3082102005099,0.960967783769335,41,0.984081842967868,node
auc_degree,gamma,total,97,7Networks_RH_Default_PFCdPFCm_2,0.0879311901182108,-0.234085804700079,0.392562293973312,0.594520437380674,41,0.923632119964972,node
auc_degree,gamma,social,97,7Networks_RH_Default_PFCdPFCm_2,-0.14737405241056,-0.442328320023571,0.176348581621148,0.370621866752091,41,0.923632119964972,node
auc_degree,gamma,switching,97,7Networks_RH_Default_PFCdPFCm_2,0.224578316341757,-0.0978798578393483,0.504361936876805,0.169289124691128,41,0.84495072768496,node
auc_degree,gamma,detail,97,7Networks_RH_Default_PFCdPFCm_2,0.276862582526461,-0.042360316850242,0.544793831527306,0.0879546965750684,41,0.84495072768496,node
auc_degree,gamma,communication,97,7Networks_RH_Default_PFCdPFCm_2,-0.0596348681820299,-0.368228681920652,0.260794738348488,0.718380537750534,41,0.923632119964972,node
auc_degree,gamma,imagination,97,7Networks_RH_Default_PFCdPFCm_2,-0.0694028673948579,-0.376676793697991,0.251629819659546,0.674612498181613,41,0.923632119964972,node
auc_degree,gamma,total,98,7Networks_RH_Default_PFCdPFCm_3,0.0742758512837033,-0.247036067853497,0.380872298916708,0.653155737482092,41,0.923632119964972,node
auc_degree,gamma,social,98,7Networks_RH_Default_PFCdPFCm_3,-0.204719680950859,-0.488676720871562,0.118454162757738,0.21123768192124,41,0.84495072768496,node
auc_degree,gamma,switching,98,7Networks_RH_Default_PFCdPFCm_3,0.255295592922768,-0.0655032476412894,0.528265476533264,0.116748733261824,41,0.84495072768496,node
auc_degree,gamma,detail,98,7Networks_RH_Default_PFCdPFCm_3,0.308623311708412,-0.0076434446787546,0.5687611777758,0.0559273453036376,41,0.84495072768496,node
auc_degree,gamma,communication,98,7Networks_RH_Default_PFCdPFCm_3,-0.0879615237617236,-0.392588152744332,0.234056909527204,0.594392787895379,41,0.923632119964972,node
auc_degree,gamma,imagination,98,7Networks_RH_Default_PFCdPFCm_3,-0.0804124259752312,-0.386137821874433,0.241230512986642,0.626523225965007,41,0.923632119964972,node
auc_degree,gamma,total,99,7Networks_RH_Default_pCunPCC_1,-0.110812107037503,-0.411931896611138,0.212127099157038,0.501851705710125,41,0.923632119964972,node
auc_degree,gamma,social,99,7Networks_RH_Default_pCunPCC_1,0.16578610179674,-0.158001281024001,0.45738319174362,0.313142265213585,41,0.923632119964972,node
auc_degree,gamma,switching,99,7Networks_RH_Default_pCunPCC_1,-0.198719788763356,-0.483901360674858,0.12461617060137,0.225218579777674,41,0.848411670126577,node
auc_degree,gamma,detail,99,7Networks_RH_Default_pCunPCC_1,-0.146860030561162,-0.441905624115598,0.176857588473926,0.372311485970364,41,0.923632119964972,node
auc_degree,gamma,communication,99,7Networks_RH_Default_pCunPCC_1,-0.0844780786708981,-0.389615440168142,0.237371449637747,0.609129497286229,41,0.923632119964972,node
auc_degree,gamma,imagination,99,7Networks_RH_Default_pCunPCC_1,-0.0878816297794659,-0.392520043826694,0.234133013583045,0.59472902213407,41,0.923632119964972,node
auc_degree,gamma,total,100,7Networks_RH_Default_pCunPCC_2,-0.193414241817296,-0.47966443858079,0.130044372017339,0.238098458267709,41,0.848411670126577,node
auc_degree,gamma,social,100,7Networks_RH_Default_pCunPCC_2,0.0955006131361456,-0.226857651208717,0.399000161838007,0.563047168067762,41,0.923632119964972,node
auc_degree,gamma,switching,100,7Networks_RH_Default_pCunPCC_2,-0.194273753877792,-0.480351737978593,0.12916630379617,0.235978751746525,41,0.848411670126577,node
auc_degree,gamma,detail,100,7Networks_RH_Default_pCunPCC_2,-0.225728755684889,-0.50526498109982,0.0966794519538176,0.167057715131284,41,0.84495072768496,node
auc_degree,gamma,communication,100,7Networks_RH_Default_pCunPCC_2,-0.0552497122420183,-0.364419417862669,0.264890453385896,0.738331413236363,41,0.940882508902976,node
auc_degree,gamma,imagination,100,7Networks_RH_Default_pCunPCC_2,-0.218283835731059,-0.499410188300073,0.104431154581789,0.181878112079755,41,0.84495072768496,node
auc_cc,theta,total,1,7Networks_LH_Vis_1,-0.250787896177234,-0.524784562925669,0.0702971154436816,0.12357465937128,41,0.810902900863349,node
auc_cc,theta,social,1,7Networks_LH_Vis_1,0.0621893910869749,-0.258403497146663,0.370442960169533,0.706841706453948,41,0.902947629300611,node
auc_cc,theta,switching,1,7Networks_LH_Vis_1,-0.0882005062935616,-0.392791863309281,0.233829240036787,0.593387526363195,41,0.902947629300611,node
auc_cc,theta,detail,1,7Networks_LH_Vis_1,-0.349716635108519,-0.599129116581347,-0.0384352579348127,0.0290834404124866,41,0.810902900863349,node
auc_cc,theta,communication,1,7Networks_LH_Vis_1,-0.126444869525809,-0.425011003510325,0.196934525047166,0.443056079553654,41,0.829250013046559,node
auc_cc,theta,imagination,1,7Networks_LH_Vis_1,-0.272769495309829,-0.541672924789915,0.0467789900441863,0.0929475892359513,41,0.810902900863349,node
auc_cc,theta,total,2,7Networks_LH_Vis_2,-0.0406676215668622,-0.351677510959694,0.278427490296721,0.805831014563875,41,0.967806824970313,node
auc_cc,theta,social,2,7Networks_LH_Vis_2,-0.150822916528011,-0.445161041485587,0.172928882274904,0.359403732677002,41,0.829250013046559,node
auc_cc,theta,switching,2,7Networks_LH_Vis_2,-0.0651761818078641,-0.37302749580391,0.255602627135252,0.693431925932718,41,0.902947629300611,node
auc_cc,theta,detail,2,7Networks_LH_Vis_2,-0.137916407591458,-0.434529977368952,0.185686323345814,0.40243682120634,41,0.829250013046559,node
auc_cc,theta,communication,2,7Networks_LH_Vis_2,0.108389842330017,-0.214467272178118,0.409894152451882,0.511302701147584,41,0.867629035901072,node
auc_cc,theta,imagination,2,7Networks_LH_Vis_2,0.251395840923355,-0.0696514394160481,0.525254562527685,0.122637028595448,41,0.810902900863349,node
auc_cc,theta,total,3,7Networks_LH_Vis_3,0.075432860612668,-0.245943231779903,0.381866600935329,0.648100538148838,41,0.902947629300611,node
auc_cc,theta,social,3,7Networks_LH_Vis_3,0.229533549991288,-0.0927027138808746,0.508247222916555,0.159828899109662,41,0.810902900863349,node
auc_cc,theta,switching,3,7Networks_LH_Vis_3,-0.0228834743732266,-0.335980070456443,0.294767275258524,0.890022556819188,41,0.967806824970313,node
auc_cc,theta,detail,3,7Networks_LH_Vis_3,-0.308083694986965,-0.568357627093232,0.00823972259929903,0.0563800919215241,41,0.810902900863349,node
auc_cc,theta,communication,3,7Networks_LH_Vis_3,0.170321214558527,-0.153447538113409,0.461065911247763,0.299900029008525,41,0.829250013046559,node
auc_cc,theta,imagination,3,7Networks_LH_Vis_3,0.15877208864103,-0.165017090001366,0.451667726429731,0.334337641958025,41,0.829250013046559,node
auc_cc,theta,total,4,7Networks_LH_Vis_4,-0.219454244905171,-0.500332319223326,0.103215108459821,0.179488315820641,41,0.810902900863349,node
auc_cc,theta,social,4,7Networks_LH_Vis_4,-0.129251874082181,-0.427346347611323,0.194190013778499,0.432914743855783,41,0.829250013046559,node
auc_cc,theta,switching,4,7Networks_LH_Vis_4,-0.178633815381088,-0.467790220642734,0.145064932750297,0.276571699030077,41,0.829250013046559,node
auc_cc,theta,detail,4,7Networks_LH_Vis_4,-0.134857711403469,-0.431998362386824,0.188693785440959,0.413052207517672,41,0.829250013046559,node
auc_cc,theta,communication,4,7Networks_LH_Vis_4,-0.142783042553696,-0.438548344873675,0.180888675737561,0.385874234101119,41,0.829250013046559,node
auc_cc,theta,imagination,4,7Networks_LH_Vis_4,0.0177938319388167,-0.299409615703157,0.3314553804447,0.914380095783292,41,0.967806824970313,node
auc_cc,theta,total,5,7Networks_LH_Vis_5,-0.251121363590302,-0.525042385909216,0.0699429851307604,0.123059691897729,41,0.810902900863349,node
auc_cc,theta,social,5,7Networks_LH_Vis_5,-0.368239506808935,-0.612586826688841,-0.0596473465923953,0.0210800219824505,41,0.810902900863349,node
auc_cc,theta,switching,5,7Networks_LH_Vis_5,-0.0643902047770171,-0.372347835487846,0.256340201368602,0.696952005313598,41,0.902947629300611,node
auc_cc,theta,detail,5,7Networks_LH_Vis_5,0.115251406001984,-0.207828614459174,0.41565868088164,0.484763853801026,41,0.853708196391365,node
auc_cc,theta,communication,5,7Networks_LH_Vis_5,-0.149096602856636,-0.443743871306006,0.174641573898155,0.364993109089236,41,0.829250013046559,node
auc_cc,theta,imagination,5,7Networks_LH_Vis_5,-0.22166378126652,-0.502071412709874,0.100916784846821,0.17503795092077,41,0.810902900863349,node
auc_cc,theta,total,6,7Networks_LH_Vis_6,0.0165458307962552,-0.300545648357687,0.330343700891442,0.920365313942357,41,0.967806824970313,node
auc_cc,theta,social,6,7Networks_LH_Vis_6,0.0872517249875999,-0.234732899432102,0.39198293848782,0.597382891910329,41,0.902947629300611,node
auc_cc,theta,switching,6,7Networks_LH_Vis_6,-0.0355362739702576,-0.347166132531866,0.283161124196756,0.829945654968171,41,0.967806824970313,node
auc_cc,theta,detail,6,7Networks_LH_Vis_6,-0.146215549476585,-0.441375462402321,0.177495537187035,0.374436386862023,41,0.829250013046559,node
auc_cc,theta,communication,6,7Networks_LH_Vis_6,0.211855360613357,-0.111093129580713,0.49433399945171,0.195408076064925,41,0.810902900863349,node
auc_cc,theta,imagination,6,7Networks_LH_Vis_6,-0.0931413792492839,-0.396996814941404,0.22911433408057,0.57277370869886,41,0.902947629300611,node
auc_cc,theta,total,7,7Networks_LH_Vis_7,0.0067509163934399,-0.309430647422576,0.321588368234235,0.967464750627369,41,0.974806779709288,node
auc_cc,theta,social,7,7Networks_LH_Vis_7,0.145528796469374,-0.178175030082264,0.440810300171741,0.376708555772197,41,0.829250013046559,node
auc_cc,theta,switching,7,7Networks_LH_Vis_7,-0.164260159218243,-0.456141803447567,0.159530401776956,0.317679615500848,41,0.829250013046559,node
auc_cc,theta,detail,7,7Networks_LH_Vis_7,-0.223224520936501,-0.503298482687779,0.0992912513443312,0.171942318873186,41,0.810902900863349,node
auc_cc,theta,communication,7,7Networks_LH_Vis_7,0.201692087530509,-0.121566675294753,0.486269160711703,0.218215394981651,41,0.817612739190629,node
auc_cc,theta,imagination,7,7Networks_LH_Vis_7,0.0865190309174861,-0.23543036758614,0.391357925631669,0.600476302300428,41,0.902947629300611,node
auc_cc,theta,total,8,7Networks_LH_Vis_8,-0.210315793935488,-0.493115427961884,0.11268432124042,0.198750710995919,41,0.810902900863349,node
auc_cc,theta,social,8,7Networks_LH_Vis_8,-0.197277663772736,-0.482751025096798,0.126093552835366,0.228671288857925,41,0.817612739190629,node
auc_cc,theta,switching,8,7Networks_LH_Vis_8,-0.123109282543132,-0.422230717190187,0.200189274426492,0.455274516966738,41,0.829250013046559,node
auc_cc,theta,detail,8,7Networks_LH_Vis_8,-0.123792831601811,-0.422800929446982,0.199522871910558,0.452755928947893,41,0.829250013046559,node
auc_cc,theta,communication,8,7Networks_LH_Vis_8,0.0633462082433156,-0.257319328282431,0.371444546132029,0.701637330760071,41,0.902947629300611,node
auc_cc,theta,imagination,8,7Networks_LH_Vis_8,-0.196134966350608,-0.481838832960296,0.127263169345186,0.231432643974603,41,0.817612739190629,node
auc_cc,theta,total,9,7Networks_LH_Vis_9,-0.00867491963023376,-0.323312427057188,0.307689723944161,0.958199478555013,41,0.974806779709288,node
auc_cc,theta,social,9,7Networks_LH_Vis_9,-0.127228197776257,-0.425663109324213,0.196169145781446,0.440213001497401,41,0.829250013046559,node
auc_cc,theta,switching,9,7Networks_LH_Vis_9,-0.027046163807913,-0.339669987732891,0.290959243149399,0.87017386445296,41,0.967806824970313,node
auc_cc,theta,detail,9,7Networks_LH_Vis_9,-0.0504143659561392,-0.360207057277906,0.269393292871369,0.760527558971731,41,0.946022085550203,node
auc_cc,theta,communication,9,7Networks_LH_Vis_9,0.289936203314284,-0.028162607136334,0.554712768297083,0.073386471119309,41,0.810902900863349,node
auc_cc,theta,imagination,9,7Networks_LH_Vis_9,-0.0797162876826718,-0.385541496636636,0.241890259792711,0.629521877791531,41,0.902947629300611,node
auc_cc,theta,total,10,7Networks_LH_SomMot_1,0.114118473931464,-0.208926797168344,0.414708543976954,0.489095819570487,41,0.896584582479383,node
auc_cc,theta,social,10,7Networks_LH_SomMot_1,0.141847715241551,-0.181811941582817,0.437776964538833,0.389026037437992,41,0.896584582479383,node
auc_cc,theta,switching,10,7Networks_LH_SomMot_1,-0.113506834017866,-0.414195317721495,0.209519338351666,0.4914428144933,41,0.896584582479383,node
auc_cc,theta,detail,10,7Networks_LH_SomMot_1,0.0358354845084486,-0.282885530118444,0.347429589056826,0.828535071262662,41,0.926721775240128,node
auc_cc,theta,communication,10,7Networks_LH_SomMot_1,0.126507599601676,-0.196873246867534,0.425063236518508,0.442828031720654,41,0.896584582479383,node
auc_cc,theta,imagination,10,7Networks_LH_SomMot_1,0.155653177760396,-0.168126310046069,0.449118493728242,0.34404060763096,41,0.896584582479383,node
auc_cc,theta,total,11,7Networks_LH_SomMot_2,0.0522235430674531,-0.267710161008491,0.361784620615044,0.752199503467845,41,0.90947647463318,node
auc_cc,theta,social,11,7Networks_LH_SomMot_2,0.116583787164799,-0.206536057186895,0.416775248021884,0.47969488074446,41,0.896584582479383,node
auc_cc,theta,switching,11,7Networks_LH_SomMot_2,-0.0337320149167927,-0.345576429232342,0.28482185963556,0.838462558550592,41,0.926721775240128,node
auc_cc,theta,detail,11,7Networks_LH_SomMot_2,-0.0509851767786049,-0.360704983379456,0.26886246128879,0.757897062194317,41,0.90947647463318,node
auc_cc,theta,communication,11,7Networks_LH_SomMot_2,0.104001320485147,-0.21869764470869,0.406194601536984,0.52864951513979,41,0.904808303583312,node
auc_cc,theta,imagination,11,7Networks_LH_SomMot_2,-0.00564777842655314,-0.320598927043803,0.310427860507429,0.97277902320753,41,0.982894080871685,node
auc_cc,theta,total,12,7Networks_LH_SomMot_3,-0.133297027436406,-0.430704812137841,0.190225992654884,0.418529327460852,41,0.896584582479383,node
auc_cc,theta,social,12,7Networks_LH_SomMot_3,-0.164146117114951,-0.456048982011818,0.159644619038578,0.318020367456571,41,0.896584582479383,node
auc_cc,theta,switching,12,7Networks_LH_SomMot_3,-0.19293066511247,-0.479277597304238,0.130538165824824,0.239296690913885,41,0.896584582479383,node
auc_cc,theta,detail,12,7Networks_LH_SomMot_3,0.125777747239272,-0.197586050422385,0.424455392481174,0.445485302412293,41,0.896584582479383,node
auc_cc,theta,communication,12,7Networks_LH_SomMot_3,-0.149043041285897,-0.443699877809636,0.17469468150868,0.365167356446314,41,0.896584582479383,node
auc_cc,theta,imagination,12,7Networks_LH_SomMot_3,0.0644906111201897,-0.256245999150945,0.372434678578097,0.696501974601324,41,0.90947647463318,node
auc_cc,theta,total,13,7Networks_LH_SomMot_4,0.117015625831802,-0.206116883720694,0.417136944833283,0.478057943623908,41,0.896584582479383,node
auc_cc,theta,social,13,7Networks_LH_SomMot_4,0.0868626741128218,-0.235103287097824,0.391651099939737,0.599024587252456,41,0.90947647463318,node
auc_cc,theta,switching,13,7Networks_LH_SomMot_4,-0.00444543102628328,-0.319519718224877,0.311513965040155,0.978572541029535,41,0.982894080871685,node
auc_cc,theta,detail,13,7Networks_LH_SomMot_4,-0.124431779355352,-0.423333721570822,0.198899681342,0.450408517059616,41,0.896584582479383,node
auc_cc,theta,communication,13,7Networks_LH_SomMot_4,0.26032406218728,-0.0601380156014184,0.53213774197079,0.1094735487665,41,0.896584582479383,node
auc_cc,theta,imagination,13,7Networks_LH_SomMot_4,0.152576135236364,-0.171187491717941,0.44659879107915,0.353780342446923,41,0.896584582479383,node
auc_cc,theta,total,14,7Networks_LH_SomMot_5,0.122420545653285,-0.200860432224246,0.421655937761124,0.457819849382948,41,0.896584582479383,node
auc_cc,theta,social,14,7Networks_LH_SomMot_5,0.0980286584574422,-0.22443564685959,0.401143644226279,0.552710265890222,41,0.904808303583312,node
auc_cc,theta,switching,14,7Networks_LH_SomMot_5,-0.140772711958006,-0.436889852614322,0.182872377842631,0.392667001755337,41,0.896584582479383,node
auc_cc,theta,detail,14,7Networks_LH_SomMot_5,0.093596612505229,-0.22867915842859,0.397383602492372,0.570890953451375,41,0.904808303583312,node
auc_cc,theta,communication,14,7Networks_LH_SomMot_5,0.0943746687160049,-0.227935085111724,0.398044425779608,0.56767962407811,41,0.904808303583312,node
auc_cc,theta,imagination,14,7Networks_LH_SomMot_5,0.260462518473198,-0.0599900243231855,0.532244202163952,0.109278208965615,41,0.896584582479383,node
auc_cc,theta,total,15,7Networks_LH_SomMot_6,-0.0975636602611403,-0.40074962992116,0.224881439517111,0.554604875160521,41,0.904808303583312,node
auc_cc,theta,social,15,7Networks_LH_SomMot_6,-0.0248390791954961,-0.337714767743414,0.292979541840934,0.880688786278577,41,0.945281317565611,node
auc_cc,theta,switching,15,7Networks_LH_SomMot_6,-0.143370783688444,-0.439032842122175,0.180308221775723,0.383901377260464,41,0.896584582479383,node
auc_cc,theta,detail,15,7Networks_LH_SomMot_6,-0.0513965626069202,-0.361063731437153,0.26847976815598,0.756002915088398,41,0.90947647463318,node
auc_cc,theta,communication,15,7Networks_LH_SomMot_6,-0.12137997214033,-0.420787079759921,0.201873871167272,0.461679926483879,41,0.896584582479383,node
auc_cc,theta,imagination,15,7Networks_LH_SomMot_6,0.110775459379954,-0.21216253242391,0.411901088980354,0.501994030931431,41,0.896584582479383,node
auc_cc,theta,total,16,7Networks_LH_DorsAttn_Post_1,-0.205233227259293,-0.489084667396187,0.117925581575885,0.210069632537129,41,0.957597679963786,node
auc_cc,theta,social,16,7Networks_LH_DorsAttn_Post_1,-0.166845305190825,-0.458244209608705,0.156938957690995,0.310016929315173,41,0.957597679963786,node
auc_cc,theta,switching,16,7Networks_LH_DorsAttn_Post_1,-0.282392590892316,-0.548998610006713,0.0363705226637619,0.0815413881713069,41,0.951314794731521,node
auc_cc,theta,detail,16,7Networks_LH_DorsAttn_Post_1,-0.0577335033287824,-0.366578289934774,0.262572021738944,0.727009358506638,41,0.957597679963786,node
auc_cc,theta,communication,16,7Networks_LH_DorsAttn_Post_1,-0.0221084274036241,-0.335291985518042,0.295475176557149,0.893725843558148,41,0.957597679963786,node
auc_cc,theta,imagination,16,7Networks_LH_DorsAttn_Post_1,0.0256052696687242,-0.292278515642851,0.33839382940553,0.877036146838637,41,0.957597679963786,node
auc_cc,theta,total,17,7Networks_LH_DorsAttn_Post_2,0.0922293002317405,-0.229985839418892,0.396221544907752,0.576554365217858,41,0.957597679963786,node
auc_cc,theta,social,17,7Networks_LH_DorsAttn_Post_2,-0.0195638232572991,-0.333030540025882,0.297796881144936,0.905899548363485,41,0.957597679963786,node
auc_cc,theta,switching,17,7Networks_LH_DorsAttn_Post_2,-0.0575271954883081,-0.366399096972172,0.262764735488365,0.727947651541478,41,0.957597679963786,node
auc_cc,theta,detail,17,7Networks_LH_DorsAttn_Post_2,0.0186786956316471,-0.298603595167432,0.332243061427188,0.910139227284538,41,0.957597679963786,node
auc_cc,theta,communication,17,7Networks_LH_DorsAttn_Post_2,0.153841247497012,-0.169929656826829,0.447635320392737,0.349755851679894,41,0.957597679963786,node
auc_cc,theta,imagination,17,7Networks_LH_DorsAttn_Post_2,0.247895273778872,-0.0733655834634822,0.522545997551736,0.128109557115299,41,0.951314794731521,node
auc_cc,theta,total,18,7Networks_LH_DorsAttn_Post_3,-0.0507442502314168,-0.360494841381564,0.269086537188526,0.75900701046447,41,0.957597679963786,node
auc_cc,theta,social,18,7Networks_LH_DorsAttn_Post_3,-0.0285929206868277,-0.341038625796053,0.289541696315346,0.862817839461423,41,0.957597679963786,node
auc_cc,theta,switching,18,7Networks_LH_DorsAttn_Post_3,-0.174953375611262,-0.46481712745187,0.148782108716169,0.286749765637678,41,0.957597679963786,node
auc_cc,theta,detail,18,7Networks_LH_DorsAttn_Post_3,-0.0306328418572269,-0.342841614033934,0.287670045878373,0.853133945825921,41,0.957597679963786,node
auc_cc,theta,communication,18,7Networks_LH_DorsAttn_Post_3,0.148582295506605,-0.175151444464182,0.443321379578829,0.366668318171746,41,0.957597679963786,node
auc_cc,theta,imagination,18,7Networks_LH_DorsAttn_Post_3,-0.0321172766271436,-0.344152190203804,0.286306530361159,0.846100285485685,41,0.957597679963786,node
auc_cc,theta,total,19,7Networks_LH_DorsAttn_Post_4,0.0623679654005795,-0.258236190020732,0.370597618721336,0.706037457874412,41,0.957597679963786,node
auc_cc,theta,social,19,7Networks_LH_DorsAttn_Post_4,0.106355277085422,-0.216430024972085,0.408180233960398,0.519309274579157,41,0.957597679963786,node
auc_cc,theta,switching,19,7Networks_LH_DorsAttn_Post_4,-0.0440749031040593,-0.354665165030009,0.275275708229725,0.789914390840798,41,0.957597679963786,node
auc_cc,theta,detail,19,7Networks_LH_DorsAttn_Post_4,-0.128938802809512,-0.427086078592771,0.194496366123468,0.434039404675967,41,0.957597679963786,node
auc_cc,theta,communication,19,7Networks_LH_DorsAttn_Post_4,0.0652766929199634,-0.255508278858509,0.373114387264358,0.692982231833627,41,0.957597679963786,node
auc_cc,theta,imagination,19,7Networks_LH_DorsAttn_Post_4,0.226290439139362,-0.0960930321895685,0.505705655571306,0.165975997401989,41,0.957597679963786,node
auc_cc,theta,total,20,7Networks_LH_DorsAttn_Post_5,0.164417996941426,-0.159372307326571,0.456270260647513,0.31720838315438,41,0.957597679963786,node
auc_cc,theta,social,20,7Networks_LH_DorsAttn_Post_5,0.0925634032757348,-0.22966665886128,0.396505583865779,0.575168166366492,41,0.957597679963786,node
auc_cc,theta,switching,20,7Networks_LH_DorsAttn_Post_5,0.0668415773491139,-0.25403855675416,0.374466527496682,0.685994284886227,41,0.957597679963786,node
auc_cc,theta,detail,20,7Networks_LH_DorsAttn_Post_5,0.019583907753072,-0.29777857067723,0.333048403688201,0.905803374881697,41,0.957597679963786,node
auc_cc,theta,communication,20,7Networks_LH_DorsAttn_Post_5,0.184405101079088,-0.139217584135604,0.472439179480358,0.261092666950367,41,0.957597679963786,node
auc_cc,theta,imagination,20,7Networks_LH_DorsAttn_Post_5,0.110468398619842,-0.212459384775338,0.411642933166306,0.503187339382148,41,0.957597679963786,node
auc_cc,theta,total,21,7Networks_LH_DorsAttn_Post_6,0.0558656281834159,-0.26431588721547,0.36495507233675,0.735518652716811,41,0.957597679963786,node
auc_cc,theta,social,21,7Networks_LH_DorsAttn_Post_6,0.0625598071743071,-0.2580564311184,0.37076374883131,0.705173807000247,41,0.957597679963786,node
auc_cc,theta,switching,21,7Networks_LH_DorsAttn_Post_6,0.123589377675068,-0.19972125354597,0.422631234225788,0.453504780572674,41,0.957597679963786,node
auc_cc,theta,detail,21,7Networks_LH_DorsAttn_Post_6,-0.262228618867844,-0.533601417803321,0.058101062155052,0.106809643557662,41,0.951314794731521,node
auc_cc,theta,communication,21,7Networks_LH_DorsAttn_Post_6,0.0309400580154732,-0.287387960818159,0.343112948477732,0.851677333531801,41,0.957597679963786,node
auc_cc,theta,imagination,21,7Networks_LH_DorsAttn_Post_6,0.25816284852518,-0.0624462395596612,0.530474851798839,0.112557091163842,41,0.951314794731521,node
auc_cc,theta,total,22,7Networks_LH_DorsAttn_PrCv_1,0.0641501571659091,-0.256565391703219,0.372140192518122,0.698028335640317,41,0.957597679963786,node
auc_cc,theta,social,22,7Networks_LH_DorsAttn_PrCv_1,0.0366585740983507,-0.282127134761563,0.34815407026684,0.824657484259898,41,0.957597679963786,node
auc_cc,theta,switching,22,7Networks_LH_DorsAttn_PrCv_1,0.0242624495688512,-0.293506904028969,0.337203495769932,0.883439347438774,41,0.957597679963786,node
auc_cc,theta,detail,22,7Networks_LH_DorsAttn_PrCv_1,-0.0973008300696481,-0.400526872220989,0.225133354494656,0.555677107404655,41,0.957597679963786,node
auc_cc,theta,communication,22,7Networks_LH_DorsAttn_PrCv_1,0.191092930504148,-0.132413265816326,0.477806470437494,0.243887484535953,41,0.957597679963786,node
auc_cc,theta,imagination,22,7Networks_LH_DorsAttn_PrCv_1,0.0415328884768371,-0.277627757041864,0.352436815638293,0.801781460186294,41,0.957597679963786,node
auc_cc,theta,total,23,7Networks_LH_DorsAttn_FEF_1,-0.239476850709531,-0.516009464512716,0.082261295654832,0.142012749646886,41,0.951314794731521,node
auc_cc,theta,social,23,7Networks_LH_DorsAttn_FEF_1,-0.135438961954595,-0.432479811223484,0.188122737704145,0.411022799419789,41,0.957597679963786,node
auc_cc,theta,switching,23,7Networks_LH_DorsAttn_FEF_1,-0.385234202538391,-0.624810871225995,-0.0793576750580567,0.0154434986163097,41,0.463304958489291,node
auc_cc,theta,detail,23,7Networks_LH_DorsAttn_FEF_1,0.183608903549614,-0.140025619362602,0.47179876805485,0.263193250924294,41,0.957597679963786,node
auc_cc,theta,communication,23,7Networks_LH_DorsAttn_FEF_1,-0.170282927632316,-0.461034862371986,0.153486039965145,0.300010302722776,41,0.957597679963786,node
auc_cc,theta,imagination,23,7Networks_LH_DorsAttn_FEF_1,-0.158081681606355,-0.451103836108446,0.165705906921922,0.336470787263278,41,0.957597679963786,node
auc_cc,theta,total,24,7Networks_LH_SalVentAttn_ParOper_1,0.0690319970237433,-0.251978847046136,0.376356967447729,0.676256221358747,41,0.926804327530572,node
auc_cc,theta,social,24,7Networks_LH_SalVentAttn_ParOper_1,0.158803733633875,-0.16498551031954,0.451693566887478,0.334240069458961,41,0.755511252007289,node
auc_cc,theta,switching,24,7Networks_LH_SalVentAttn_ParOper_1,-0.106309280528548,-0.408141461833569,0.21647436788433,0.51949099810365,41,0.869845392173553,node
auc_cc,theta,detail,24,7Networks_LH_SalVentAttn_ParOper_1,-0.148400239206752,-0.443171793101457,0.175331888611754,0.36726241417021,41,0.755511252007289,node
auc_cc,theta,communication,24,7Networks_LH_SalVentAttn_ParOper_1,0.308629063112751,-0.00763708814999568,0.568765478271152,0.055922535469755,41,0.582700623216379,node
auc_cc,theta,imagination,24,7Networks_LH_SalVentAttn_ParOper_1,-0.0273032066747634,-0.339897522255107,0.290723769337021,0.868950663348857,41,0.960571432359278,node
auc_cc,theta,total,25,7Networks_LH_SalVentAttn_FrOperIns_1,-0.119798864530275,-0.419465834347878,0.203412425116242,0.467578351135948,41,0.81414669051154,node
auc_cc,theta,social,25,7Networks_LH_SalVentAttn_FrOperIns_1,-0.05970854614022,-0.368292595554448,0.260725824809875,0.71804685467465,41,0.934880894299705,node
auc_cc,theta,switching,25,7Networks_LH_SalVentAttn_FrOperIns_1,-0.150472253613132,-0.444873293603549,0.173276936698618,0.36053489820793,41,0.755511252007289,node
auc_cc,theta,detail,25,7Networks_LH_SalVentAttn_FrOperIns_1,0.0961142932019646,-0.22627007870214,0.399520794738875,0.560529698483216,41,0.896847517573145,node
auc_cc,theta,communication,25,7Networks_LH_SalVentAttn_FrOperIns_1,-0.182700284884629,-0.47106756041349,0.140947220816476,0.265604058136598,41,0.755511252007289,node
auc_cc,theta,imagination,25,7Networks_LH_SalVentAttn_FrOperIns_1,-0.0366796107300073,-0.348172581777349,0.282107746370621,0.824558433719825,41,0.960571432359278,node
auc_cc,theta,total,26,7Networks_LH_SalVentAttn_FrOperIns_2,-0.0727231794682282,-0.379536860220566,0.248501337786759,0.659963690966821,41,0.926804327530572,node
auc_cc,theta,social,26,7Networks_LH_SalVentAttn_FrOperIns_2,0.0465930049517031,-0.272942009772878,0.356869079085898,0.778204826444874,41,0.934880894299705,node
auc_cc,theta,switching,26,7Networks_LH_SalVentAttn_FrOperIns_2,-0.249814762549435,-0.524031889401498,0.071330085604671,0.125086671238261,41,0.643302880653914,node
auc_cc,theta,detail,26,7Networks_LH_SalVentAttn_FrOperIns_2,0.0961192249709572,-0.226265355793047,0.399524977952449,0.560509488323516,41,0.896847517573145,node
auc_cc,theta,communication,26,7Networks_LH_SalVentAttn_FrOperIns_2,-0.0764021077358103,-0.382698999621388,0.245027114368966,0.643877636518624,41,0.926804327530572,node
auc_cc,theta,imagination,26,7Networks_LH_SalVentAttn_FrOperIns_2,-0.0224055638397987,-0.335555822069984,0.295203823550839,0.892305815703869,41,0.960571432359278,node
auc_cc,theta,total,27,7Networks_LH_SalVentAttn_PFCl_1,-0.0648028276302607,-0.372704685297156,0.255953035621255,0.695103245647929,41,0.926804327530572,node
auc_cc,theta,social,27,7Networks_LH_SalVentAttn_PFCl_1,0.0560261261367555,-0.264166127019918,0.365094621820543,0.734786248217307,41,0.934880894299705,node
auc_cc,theta,switching,27,7Networks_LH_SalVentAttn_PFCl_1,-0.155981831602124,-0.44938734338667,0.167798980746805,0.343010117742788,41,0.755511252007289,node
auc_cc,theta,detail,27,7Networks_LH_SalVentAttn_PFCl_1,-0.127192134674823,-0.425633094286159,0.196204391197571,0.440343671232432,41,0.81414669051154,node
auc_cc,theta,communication,27,7Networks_LH_SalVentAttn_PFCl_1,0.0658354736345116,-0.254983648338335,0.373597352548104,0.690484100365336,41,0.926804327530572,node
auc_cc,theta,imagination,27,7Networks_LH_SalVentAttn_PFCl_1,-0.012444255505773,-0.32668400588442,0.304272910649748,0.940064575911604,41,0.962751964799129,node
auc_cc,theta,total,28,7Networks_LH_SalVentAttn_Med_1,-0.26947941486828,-0.539158910510128,0.0503217380336968,0.0971167705360631,41,0.582700623216379,node
auc_cc,theta,social,28,7Networks_LH_SalVentAttn_Med_1,-0.126903204346467,-0.425392596117778,0.196486740231696,0.441391340514904,41,0.81414669051154,node
auc_cc,theta,switching,28,7Networks_LH_SalVentAttn_Med_1,-0.310234002395492,-0.569964983397369,0.00586228857993348,0.0545931929574422,41,0.582700623216379,node
auc_cc,theta,detail,28,7Networks_LH_SalVentAttn_Med_1,0.0745493914207525,-0.246777773313196,0.381107435814315,0.651959197890146,41,0.926804327530572,node
auc_cc,theta,communication,28,7Networks_LH_SalVentAttn_Med_1,-0.217131780172885,-0.498501895165026,0.105627189793667,0.184252449077546,41,0.755511252007289,node
auc_cc,theta,imagination,28,7Networks_LH_SalVentAttn_Med_1,-0.183916215569009,-0.472045986633504,0.139713789365443,0.262381157736098,41,0.755511252007289,node
auc_cc,theta,total,29,7Networks_LH_SalVentAttn_Med_2,0.148755210145332,-0.174980040885657,0.443463439615198,0.366104586046366,41,0.755511252007289,node
auc_cc,theta,social,29,7Networks_LH_SalVentAttn_Med_2,0.0308951911066709,-0.287429160938318,0.343073325106944,0.85189003209125,41,0.960571432359278,node
auc_cc,theta,switching,29,7Networks_LH_SalVentAttn_Med_2,0.00792182287730561,-0.308371411679249,0.322637841594715,0.96182552938572,41,0.962751964799129,node
auc_cc,theta,detail,29,7Networks_LH_SalVentAttn_Med_2,0.125950384649794,-0.197417476562998,0.424599194666611,0.444855972946383,41,0.81414669051154,node
auc_cc,theta,communication,29,7Networks_LH_SalVentAttn_Med_2,-0.00772943674478682,-0.32246546067572,0.308545503582827,0.962751964799129,41,0.962751964799129,node
auc_cc,theta,imagination,29,7Networks_LH_SalVentAttn_Med_2,0.336555111292586,0.0235314792348431,0.589480249858583,0.0361752521876977,41,0.582700623216379,node
auc_cc,theta,total,30,7Networks_LH_SalVentAttn_Med_3,-0.0926477456320173,-0.39657727863872,0.229586072640657,0.574818467548152,41,0.899715862249281,node
auc_cc,theta,social,30,7Networks_LH_SalVentAttn_Med_3,-0.0842392362066766,-0.38941138289998,0.237598436930725,0.610145604198167,41,0.926804327530572,node
auc_cc,theta,switching,30,7Networks_LH_SalVentAttn_Med_3,-0.159886550152398,-0.452577470011156,0.163904528428606,0.330911980614176,41,0.755511252007289,node
auc_cc,theta,detail,30,7Networks_LH_SalVentAttn_Med_3,0.285344806684433,-0.0331634437040734,0.551237835382441,0.078269876334092,41,0.582700623216379,node
auc_cc,theta,communication,30,7Networks_LH_SalVentAttn_Med_3,-0.279594851572848,-0.546873015630999,0.0394037418255933,0.0847389460780156,41,0.582700623216379,node
auc_cc,theta,imagination,30,7Networks_LH_SalVentAttn_Med_3,-0.0227210411404972,-0.335835890277554,0.294915665082055,0.890798498454169,41,0.960571432359278,node
auc_cc,theta,total,31,7Networks_LH_Limbic_OFC_1,0.176618086029922,-0.147101914486533,0.466162706018574,0.282116457852587,41,0.949990625978517,node
auc_cc,theta,social,31,7Networks_LH_Limbic_OFC_1,0.337690920877583,0.0248121792732624,0.590315780384967,0.0355122870479783,41,0.949990625978517,node
auc_cc,theta,switching,31,7Networks_LH_Limbic_OFC_1,-0.0667463931690588,-0.374384320845749,0.254127995027471,0.686418599667321,41,0.949990625978517,node
auc_cc,theta,detail,31,7Networks_LH_Limbic_OFC_1,0.0994460822178084,-0.223075932846509,0.402344000751797,0.546953908577053,41,0.949990625978517,node
auc_cc,theta,communication,31,7Networks_LH_Limbic_OFC_1,-0.00488546436471858,-0.319914780340038,0.311116569850915,0.976452096639498,41,0.979166342590858,node
auc_cc,theta,imagination,31,7Networks_LH_Limbic_OFC_1,0.0751604643170179,-0.246200593235272,0.381632574869736,0.649289302215569,41,0.949990625978517,node
auc_cc,theta,total,32,7Networks_LH_Limbic_TempPole_1,0.0574439979740941,-0.262842443699867,0.366326827558704,0.72832614658353,41,0.949990625978517,node
auc_cc,theta,social,32,7Networks_LH_Limbic_TempPole_1,0.170969487523643,-0.152795476763457,0.461591521728093,0.298036812773629,41,0.949990625978517,node
auc_cc,theta,switching,32,7Networks_LH_Limbic_TempPole_1,-0.0629778398744708,-0.371125686243051,0.257664650688497,0.703293131630433,41,0.949990625978517,node
auc_cc,theta,detail,32,7Networks_LH_Limbic_TempPole_1,-0.0405624193548661,-0.351585164099367,0.278524694535454,0.806323716547801,41,0.967588459857361,node
auc_cc,theta,communication,32,7Networks_LH_Limbic_TempPole_1,0.0421521697551776,-0.277055107218485,0.35298000734147,0.798886273384201,41,0.967588459857361,node
auc_cc,theta,imagination,32,7Networks_LH_Limbic_TempPole_1,0.0313773264931812,-0.286986366808007,0.343499055780634,0.84960493817208,41,0.976276198318651,node
auc_cc,theta,total,33,7Networks_LH_Limbic_TempPole_2,-0.129581822558925,-0.427620593877511,0.193867078138724,0.431731206259562,41,0.949990625978517,node
auc_cc,theta,social,33,7Networks_LH_Limbic_TempPole_2,-0.0847303831519413,-0.3898309663,0.237131630348799,0.608056903678392,41,0.949990625978517,node
auc_cc,theta,switching,33,7Networks_LH_Limbic_TempPole_2,-0.165731617046265,-0.457338886741095,0.158055906000651,0.313303566400388,41,0.949990625978517,node
auc_cc,theta,detail,33,7Networks_LH_Limbic_TempPole_2,-0.0252669763742871,-0.338094045937713,0.292588079316461,0.878648578486785,41,0.976276198318651,node
auc_cc,theta,communication,33,7Networks_LH_Limbic_TempPole_2,0.0705128162429267,-0.250584743801842,0.377633539107206,0.669702040871216,41,0.949990625978517,node
auc_cc,theta,imagination,33,7Networks_LH_Limbic_TempPole_2,-0.161267356994948,-0.453703788892171,0.162524932134103,0.326697935588583,41,0.949990625978517,node
auc_cc,theta,total,34,7Networks_LH_Cont_Par_1,0.0877406651281624,-0.234267281678302,0.392399864551842,0.595322475665023,41,0.946797683349723,node
auc_cc,theta,social,34,7Networks_LH_Cont_Par_1,0.269671617403545,-0.0501149960744369,0.539305908492336,0.0968693369931549,41,0.768968454560409,node
auc_cc,theta,switching,34,7Networks_LH_Cont_Par_1,-0.0407543581223522,-0.351753644051358,0.2783473429506,0.80542484984414,41,0.946797683349723,node
auc_cc,theta,detail,34,7Networks_LH_Cont_Par_1,-0.339090917386167,-0.591344909191493,-0.0263921818079751,0.0347088237002156,41,0.732003769589399,node
auc_cc,theta,communication,34,7Networks_LH_Cont_Par_1,0.321076202658961,0.00617980214193812,0.578039367915568,0.0462613221496662,41,0.732003769589399,node
auc_cc,theta,imagination,34,7Networks_LH_Cont_Par_1,0.0162820934372821,-0.300785608556103,0.3301086605912,0.921630721932351,41,0.946797683349723,node
auc_cc,theta,total,35,7Networks_LH_Cont_PFCl_1,0.00402890752379322,-0.311890026646364,0.319145662312404,0.980579829586256,41,0.980579829586256,node
auc_cc,theta,social,35,7Networks_LH_Cont_PFCl_1,0.0308527492381245,-0.287468133122641,0.343035842342483,0.852091243877469,41,0.946797683349723,node
auc_cc,theta,switching,35,7Networks_LH_Cont_PFCl_1,-0.0456195616426902,-0.356017503275254,0.27384461285842,0.782725919451532,41,0.946797683349723,node
auc_cc,theta,detail,35,7Networks_LH_Cont_PFCl_1,-0.0336981753068519,-0.345546596592606,0.28485298914329,0.838622473159289,41,0.946797683349723,node
auc_cc,theta,communication,35,7Networks_LH_Cont_PFCl_1,-0.0901975001052436,-0.39449294862501,0.231925399136354,0.58501667706674,41,0.946797683349723,node
auc_cc,theta,imagination,35,7Networks_LH_Cont_PFCl_1,0.195402780279295,-0.128012131414407,0.481254018009739,0.233213876306414,41,0.863245047611444,node
auc_cc,theta,total,36,7Networks_LH_Cont_pCun_1,0.139987417991071,-0.183646554837607,0.436241449710098,0.395339212166536,41,0.946797683349723,node
auc_cc,theta,social,36,7Networks_LH_Cont_pCun_1,0.133966733634801,-0.189568699128734,0.431260038114502,0.416174033873589,41,0.946797683349723,node
auc_cc,theta,switching,36,7Networks_LH_Cont_pCun_1,-0.108868532084235,-0.410297091720649,0.214005099136343,0.509427950730816,41,0.946797683349723,node
auc_cc,theta,detail,36,7Networks_LH_Cont_pCun_1,0.102995441305334,-0.219665569187851,0.405345241348155,0.532665581544882,41,0.946797683349723,node
auc_cc,theta,communication,36,7Networks_LH_Cont_pCun_1,0.308169408451725,-0.00814502401704604,0.568421736007324,0.0563079822761076,41,0.732003769589399,node
auc_cc,theta,imagination,36,7Networks_LH_Cont_pCun_1,-0.067433433012074,-0.374977580325494,0.253482305989198,0.683358027762256,41,0.946797683349723,node
auc_cc,theta,total,37,7Networks_LH_Cont_Cing_1,0.118027263534055,-0.205134451346802,0.417983894147488,0.474234699998664,41,0.946797683349723,node
auc_cc,theta,social,37,7Networks_LH_Cont_Cing_1,0.0180910719874673,-0.299138910836715,0.331720024026321,0.912955252815628,41,0.946797683349723,node
auc_cc,theta,switching,37,7Networks_LH_Cont_Cing_1,-0.136204098880497,-0.433113314691501,0.187370697712752,0.40836003463131,41,0.946797683349723,node
auc_cc,theta,detail,37,7Networks_LH_Cont_Cing_1,0.267149898221849,-0.0528252969224693,0.537375970830754,0.100154348081679,41,0.768968454560409,node
auc_cc,theta,communication,37,7Networks_LH_Cont_Cing_1,-0.0560081916044385,-0.365079028823555,0.26418286244863,0.734868077873896,41,0.946797683349723,node
auc_cc,theta,imagination,37,7Networks_LH_Cont_Cing_1,0.316411291311824,0.000987413397218599,0.574571479784045,0.049710639643175,41,0.732003769589399,node
auc_cc,theta,total,38,7Networks_LH_Default_Temp_1,0.0118609619119464,-0.304802185939114,0.326162786553832,0.942869178510475,41,0.969808297896488,node
auc_cc,theta,social,38,7Networks_LH_Default_Temp_1,0.0274282730638234,-0.290609183620702,0.340008217875584,0.868355613024596,41,0.962806156039284,node
auc_cc,theta,switching,38,7Networks_LH_Default_Temp_1,-0.140594931194305,-0.43674308922276,0.183047677017295,0.393271035706151,41,0.962806156039284,node
auc_cc,theta,detail,38,7Networks_LH_Default_Temp_1,0.130182199139322,-0.193279282289667,0.428119473619587,0.429582251710543,41,0.962806156039284,node
auc_cc,theta,communication,38,7Networks_LH_Default_Temp_1,-0.106288008830557,-0.408123530797738,0.216494874382787,0.519575049118609,41,0.962806156039284,node
auc_cc,theta,imagination,38,7Networks_LH_Default_Temp_1,0.160283368653601,-0.1635081874658,0.452901249007297,0.329697504545399,41,0.962806156039284,node
auc_cc,theta,total,39,7Networks_LH_Default_Temp_2,-0.0596492371155543,-0.368241146810372,0.260781298845088,0.718315457663716,41,0.962806156039284,node
auc_cc,theta,social,39,7Networks_LH_Default_Temp_2,0.0499844571908012,-0.269792962831588,0.359831925398987,0.762510485563035,41,0.962806156039284,node
auc_cc,theta,switching,39,7Networks_LH_Default_Temp_2,-0.158978942393938,-0.451836628799458,0.164810651152439,0.333700158600866,41,0.962806156039284,node
auc_cc,theta,detail,39,7Networks_LH_Default_Temp_2,-0.0122280745427396,-0.326490853248287,0.304469094094501,0.941103939717785,41,0.969808297896488,node
auc_cc,theta,communication,39,7Networks_LH_Default_Temp_2,0.0699785238087945,-0.251087901973482,0.377173075552568,0.672064097411321,41,0.962806156039284,node
auc_cc,theta,imagination,39,7Networks_LH_Default_Temp_2,-0.147025919917263,-0.44204205433336,0.176693336520647,0.371765698652379,41,0.962806156039284,node
auc_cc,theta,total,40,7Networks_LH_Default_Par_1,-0.191985623699458,-0.478521282120855,0.131502711219499,0.241650119933599,41,0.962806156039284,node
auc_cc,theta,social,40,7Networks_LH_Default_Par_1,-0.105119739451478,-0.40713837718419,0.217620680795233,0.524201548036665,41,0.962806156039284,node
auc_cc,theta,switching,40,7Networks_LH_Default_Par_1,-0.401496220374687,-0.636398971608909,-0.0984448654162099,0.0112973598510764,41,0.837289785601098,node
auc_cc,theta,detail,40,7Networks_LH_Default_Par_1,0.0318499804665906,-0.286552148327694,0.343916289784318,0.847365956866324,41,0.962806156039284,node
auc_cc,theta,communication,40,7Networks_LH_Default_Par_1,0.0434869425277994,-0.27582007034845,0.354150067782955,0.792655164301418,41,0.962806156039284,node
auc_cc,theta,imagination,40,7Networks_LH_Default_Par_1,-0.0608003624571121,-0.369239374908813,0.259704228419139,0.713108156909938,41,0.962806156039284,node
auc_cc,theta,total,41,7Networks_LH_Default_Par_2,0.15734491300998,-0.166440630327575,0.450501821798503,0.338756411404167,41,0.962806156039284,node
auc_cc,theta,social,41,7Networks_LH_Default_Par_2,0.394854167289591,0.0906218689583926,0.631678706516357,0.0128592007003873,41,0.837289785601098,node
auc_cc,theta,switching,41,7Networks_LH_Default_Par_2,-0.116809287494145,-0.416964133079353,0.206317185250438,0.478839728749664,41,0.962806156039284,node
auc_cc,theta,detail,41,7Networks_LH_Default_Par_2,-0.378683108285409,-0.620112631746576,-0.0717313281157586,0.0174435372000229,41,0.837289785601098,node
auc_cc,theta,communication,41,7Networks_LH_Default_Par_2,0.34968655954878,0.0384010425209593,0.59910715011347,0.0290982299106859,41,0.87856965923813,node
auc_cc,theta,imagination,41,7Networks_LH_Default_Par_2,0.206339465011142,-0.116786334528522,0.48996300941627,0.207568765257108,41,0.962806156039284,node
auc_cc,theta,total,42,7Networks_LH_Default_PFC_1,0.0691003889601766,-0.251914489438377,0.376415951883587,0.675952992016399,41,0.962806156039284,node
auc_cc,theta,social,42,7Networks_LH_Default_PFC_1,0.139695482635425,-0.18393425509432,0.436000325541739,0.396335294579968,41,0.962806156039284,node
auc_cc,theta,switching,42,7Networks_LH_Default_PFC_1,-0.0617760291213997,-0.370084892575496,0.258790704173264,0.708704575587071,41,0.962806156039284,node
auc_cc,theta,detail,42,7Networks_LH_Default_PFC_1,0.0652803052950213,-0.255504887862358,0.373117510047838,0.692966071731823,41,0.962806156039284,node
auc_cc,theta,communication,42,7Networks_LH_Default_PFC_1,0.0328846464946624,-0.28560116294258,0.344829208472089,0.842468845598997,41,0.962806156039284,node
auc_cc,theta,imagination,42,7Networks_LH_Default_PFC_1,-0.0121769064384081,-0.326445131901661,0.304515525032649,0.94134996199339,41,0.969808297896488,node
auc_cc,theta,total,43,7Networks_LH_Default_PFC_2,0.106871089882578,-0.215932665188501,0.408614956276002,0.517273554775134,41,0.962806156039284,node
auc_cc,theta,social,43,7Networks_LH_Default_PFC_2,0.19602762248439,-0.127372995771298,0.48175311070372,0.231693204524076,41,0.962806156039284,node
auc_cc,theta,switching,43,7Networks_LH_Default_PFC_2,-0.0419992493859372,-0.352845895402723,0.277196533875832,0.799600942821313,41,0.962806156039284,node
auc_cc,theta,detail,43,7Networks_LH_Default_PFC_2,0.0768347108633659,-0.244618039222601,0.383070362877861,0.641996375082714,41,0.962806156039284,node
auc_cc,theta,communication,43,7Networks_LH_Default_PFC_2,-0.0246750720293519,-0.33756936863262,0.293129555858216,0.881470972221491,41,0.962806156039284,node
auc_cc,theta,imagination,43,7Networks_LH_Default_PFC_2,0.0659193703241201,-0.254904862729561,0.3736698517207,0.690109303033573,41,0.962806156039284,node
auc_cc,theta,total,44,7Networks_LH_Default_PFC_3,0.313706960630037,-0.00201493726643137,0.572556830914653,0.0518030726667344,41,0.962806156039284,node
auc_cc,theta,social,44,7Networks_LH_Default_PFC_3,0.346880021722769,0.0352113979762912,0.597055668523366,0.0305058909457684,41,0.87856965923813,node
auc_cc,theta,switching,44,7Networks_LH_Default_PFC_3,0.028989635435834,-0.289177896565839,0.341389443034156,0.860932964948918,41,0.962806156039284,node
auc_cc,theta,detail,44,7Networks_LH_Default_PFC_3,0.079927554381984,-0.241690068744359,0.385722498696016,0.628611213557428,41,0.962806156039284,node
auc_cc,theta,communication,44,7Networks_LH_Default_PFC_3,0.223391612212661,-0.0991171212341471,0.503429784707465,0.171613246255316,41,0.962806156039284,node
auc_cc,theta,imagination,44,7Networks_LH_Default_PFC_3,0.176873066947306,-0.14684439684631,0.466368687805203,0.281411105906038,41,0.962806156039284,node
auc_cc,theta,total,45,7Networks_LH_Default_PFC_4,0.158032055141418,-0.165755406921775,0.45106329465149,0.336624440420154,41,0.962806156039284,node
auc_cc,theta,social,45,7Networks_LH_Default_PFC_4,0.081573670949528,-0.240129311517555,0.387131997961219,0.6215342691822,41,0.962806156039284,node
auc_cc,theta,switching,45,7Networks_LH_Default_PFC_4,0.232768330888816,-0.0893136440278317,0.510777435314775,0.153863705147749,41,0.962806156039284,node
auc_cc,theta,detail,45,7Networks_LH_Default_PFC_4,-0.0729489878456671,-0.379731155401638,0.248288331767811,0.658971900302952,41,0.962806156039284,node
auc_cc,theta,communication,45,7Networks_LH_Default_PFC_4,0.0857503325837136,-0.236161752735456,0.390701897470002,0.603729162276464,41,0.962806156039284,node
auc_cc,theta,imagination,45,7Networks_LH_Default_PFC_4,0.114900565948226,-0.208168780602842,0.415364517877308,0.486103218189538,41,0.962806156039284,node
auc_cc,theta,total,46,7Networks_LH_Default_PFC_5,0.126575503970978,-0.196806911306354,0.425119775727946,0.442581245895933,41,0.962806156039284,node
auc_cc,theta,social,46,7Networks_LH_Default_PFC_5,0.157393738023858,-0.166391951967604,0.450541725013021,0.338604650185967,41,0.962806156039284,node
auc_cc,theta,switching,46,7Networks_LH_Default_PFC_5,-0.0805885066468048,-0.386288615429626,0.241063590025771,0.625765683839262,41,0.962806156039284,node
auc_cc,theta,detail,46,7Networks_LH_Default_PFC_5,0.0667651377117111,-0.254110382455469,0.374400510116611,0.686335032206249,41,0.962806156039284,node
auc_cc,theta,communication,46,7Networks_LH_Default_PFC_5,0.0708563080249124,-0.250261176317293,0.377929486773978,0.668185146759088,41,0.962806156039284,node
auc_cc,theta,imagination,46,7Networks_LH_Default_PFC_5,0.155499063559824,-0.168279778547738,0.448992404934873,0.344524482593034,41,0.962806156039284,node
auc_cc,theta,total,47,7Networks_LH_Default_PFC_6,-0.17939926654759,-0.468407738230873,0.144290691711068,0.274484928359404,41,0.962806156039284,node
auc_cc,theta,social,47,7Networks_LH_Default_PFC_6,-0.0357445995141756,-0.347349569520846,0.282969247194584,0.828963479245241,41,0.962806156039284,node
auc_cc,theta,switching,47,7Networks_LH_Default_PFC_6,-0.185638952288969,-0.473431011610077,0.13796453631886,0.257859449131424,41,0.962806156039284,node
auc_cc,theta,detail,47,7Networks_LH_Default_PFC_6,-0.125496774682857,-0.424221317896005,0.197860368541242,0.446510594327587,41,0.962806156039284,node
auc_cc,theta,communication,47,7Networks_LH_Default_PFC_6,-0.0778176295481685,-0.383913770469953,0.24368815295149,0.637730150890963,41,0.962806156039284,node
auc_cc,theta,imagination,47,7Networks_LH_Default_PFC_6,-0.0715307039078422,-0.378510354244455,0.249625690137755,0.665210728219868,41,0.962806156039284,node
auc_cc,theta,total,48,7Networks_LH_Default_PFC_7,-0.120041348494343,-0.419668547434997,0.203176570908129,0.466671157847977,41,0.962806156039284,node
auc_cc,theta,social,48,7Networks_LH_Default_PFC_7,-0.0667532518755537,-0.374390244589374,0.254121550538456,0.686388021557587,41,0.962806156039284,node
auc_cc,theta,switching,48,7Networks_LH_Default_PFC_7,-0.240336029980798,-0.516678058191226,0.0813557476405049,0.140544937077783,41,0.962806156039284,node
auc_cc,theta,detail,48,7Networks_LH_Default_PFC_7,0.17109791470352,-0.152666265615739,0.461695624444104,0.297668579094686,41,0.962806156039284,node
auc_cc,theta,communication,48,7Networks_LH_Default_PFC_7,-0.0328020818845928,-0.344756380755608,0.285677073013575,0.842859414967952,41,0.962806156039284,node
auc_cc,theta,imagination,48,7Networks_LH_Default_PFC_7,-0.190509975252291,-0.477339472096872,0.133007590534523,0.245356055749406,41,0.962806156039284,node
auc_cc,theta,total,49,7Networks_LH_Default_pCunPCC_1,-0.0182692088718032,-0.331878602094064,0.29897665209455,0.912101468265747,41,0.965754495810791,node
auc_cc,theta,social,49,7Networks_LH_Default_pCunPCC_1,0.113353923227739,-0.209667437373073,0.414066980593371,0.492030470862422,41,0.962806156039284,node
auc_cc,theta,switching,49,7Networks_LH_Default_pCunPCC_1,-0.0502589906652037,-0.360071490712392,0.269537752131386,0.761244044190701,41,0.962806156039284,node
auc_cc,theta,detail,49,7Networks_LH_Default_pCunPCC_1,-0.166082684899601,-0.457624336870554,0.15770389985345,0.312265155390248,41,0.962806156039284,node
auc_cc,theta,communication,49,7Networks_LH_Default_pCunPCC_1,0.196502641873538,-0.126886930419578,0.482132408443638,0.230541681342646,41,0.962806156039284,node
auc_cc,theta,imagination,49,7Networks_LH_Default_pCunPCC_1,-0.200182354208972,-0.485066995232129,0.123116382394512,0.221753565822172,41,0.962806156039284,node
auc_cc,theta,total,50,7Networks_LH_Default_pCunPCC_2,0.0904057192251837,-0.231726750548967,0.394670194478786,0.584146918257761,41,0.962806156039284,node
auc_cc,theta,social,50,7Networks_LH_Default_pCunPCC_2,0.191588568953862,-0.13190777782345,0.478203392931579,0.242643545441861,41,0.962806156039284,node
auc_cc,theta,switching,50,7Networks_LH_Default_pCunPCC_2,0.0526667029659138,-0.26729757808376,0.362170776338319,0.750163707523423,41,0.962806156039284,node
auc_cc,theta,detail,50,7Networks_LH_Default_pCunPCC_2,-0.10814465496669,-0.409687719294847,0.214703943617541,0.51226429396902,41,0.962806156039284,node
auc_cc,theta,communication,50,7Networks_LH_Default_pCunPCC_2,0.175692742801869,-0.148036095185882,0.465414920225717,0.284685876140814,41,0.962806156039284,node
auc_cc,theta,imagination,50,7Networks_LH_Default_pCunPCC_2,-0.124527336441888,-0.423413384907707,0.198806458320037,0.450058021738393,41,0.962806156039284,node
auc_cc,theta,total,51,7Networks_RH_Vis_1,0.0351216992378294,-0.283542889898575,0.346801015888736,0.831900973980372,41,0.967806824970313,node
auc_cc,theta,social,51,7Networks_RH_Vis_1,0.0430937036976371,-0.27618403546039,0.353805456060188,0.794489617834667,41,0.967806824970313,node
auc_cc,theta,switching,51,7Networks_RH_Vis_1,-0.0271219166179883,-0.339737047975535,0.290889850934565,0.869813345168535,41,0.967806824970313,node
auc_cc,theta,detail,51,7Networks_RH_Vis_1,-0.0651257651670525,-0.372983908782771,0.255649950180512,0.693657532696559,41,0.902947629300611,node
auc_cc,theta,communication,51,7Networks_RH_Vis_1,0.00779101814825547,-0.30848978033471,0.322520640827371,0.962455414248525,41,0.974806779709288,node
auc_cc,theta,imagination,51,7Networks_RH_Vis_1,0.185463198516736,-0.138143087810757,0.47328977638062,0.258318365627986,41,0.829250013046559,node
auc_cc,theta,total,52,7Networks_RH_Vis_2,-0.333677263539504,-0.587360805969228,-0.0202911095219955,0.037900405919994,41,0.810902900863349,node
auc_cc,theta,social,52,7Networks_RH_Vis_2,-0.288299358482966,-0.553475004253419,0.0299472466660109,0.0750992349053358,41,0.810902900863349,node
auc_cc,theta,switching,52,7Networks_RH_Vis_2,-0.0144793718215838,-0.328501048983004,0.302424732018005,0.930285089251694,41,0.968255909221151,node
auc_cc,theta,detail,52,7Networks_RH_Vis_2,-0.123337330455942,-0.42242097961856,0.199966980247273,0.454433417708941,41,0.829250013046559,node
auc_cc,theta,communication,52,7Networks_RH_Vis_2,-0.221974772125615,-0.502316007104186,0.100593020598204,0.174417960828739,41,0.810902900863349,node
auc_cc,theta,imagination,52,7Networks_RH_Vis_2,-0.313075434500337,-0.572085911375275,0.00271523937212307,0.0523017384871059,41,0.810902900863349,node
auc_cc,theta,total,53,7Networks_RH_Vis_3,-0.337257669992175,-0.58999713382795,-0.0243235392066434,0.0357639908908554,41,0.810902900863349,node
auc_cc,theta,social,53,7Networks_RH_Vis_3,-0.290871186406549,-0.555419266719665,0.0271422913415267,0.0724219575145476,41,0.810902900863349,node
auc_cc,theta,switching,53,7Networks_RH_Vis_3,-0.150541896613193,-0.444930446274157,0.173207818189735,0.360310074101171,41,0.829250013046559,node
auc_cc,theta,detail,53,7Networks_RH_Vis_3,-0.109754832144173,-0.411042828253833,0.213148998209875,0.505965960541104,41,0.867629035901072,node
auc_cc,theta,communication,53,7Networks_RH_Vis_3,-0.278367277097597,-0.545939271786004,0.0407327855648203,0.0861722731233065,41,0.810902900863349,node
auc_cc,theta,imagination,53,7Networks_RH_Vis_3,-0.0664779078261439,-0.374152415066749,0.25438024336385,0.687615971735149,41,0.902947629300611,node
auc_cc,theta,total,54,7Networks_RH_Vis_4,-0.0623344843682218,-0.37056862297503,0.258267560024467,0.706188223101496,41,0.902947629300611,node
auc_cc,theta,social,54,7Networks_RH_Vis_4,0.0395270999348721,-0.279480955448407,0.350676034168187,0.811176415137609,41,0.967806824970313,node
auc_cc,theta,switching,54,7Networks_RH_Vis_4,-0.0289444824737198,-0.341349518387311,0.289219307870252,0.86114745799138,41,0.967806824970313,node
auc_cc,theta,detail,54,7Networks_RH_Vis_4,-0.0243174873584948,-0.337252303312515,0.293456577035414,0.883176754884881,41,0.967806824970313,node
auc_cc,theta,communication,54,7Networks_RH_Vis_4,0.0336643575648418,-0.284884097863184,0.345516782601656,0.838782290811155,41,0.967806824970313,node
auc_cc,theta,imagination,54,7Networks_RH_Vis_4,-0.270114861698062,-0.539644842519066,0.0496381174600135,0.0963005654055594,41,0.810902900863349,node
auc_cc,theta,total,55,7Networks_RH_Vis_5,-0.106464928953868,-0.40827265901207,0.216324309879471,0.518876188136916,41,0.867629035901072,node
auc_cc,theta,social,55,7Networks_RH_Vis_5,-0.216003677064108,-0.497611887351935,0.106797453960219,0.186598658589965,41,0.810902900863349,node
auc_cc,theta,switching,55,7Networks_RH_Vis_5,0.115073728188323,-0.208000896394176,0.415509714184957,0.48544191559509,41,0.853708196391365,node
auc_cc,theta,detail,55,7Networks_RH_Vis_5,-0.167559239753712,-0.45882425285322,0.15622249723746,0.30792154240522,41,0.829250013046559,node
auc_cc,theta,communication,55,7Networks_RH_Vis_5,0.143369006257261,-0.180309977509153,0.43903137717759,0.383907334583609,41,0.829250013046559,node
auc_cc,theta,imagination,55,7Networks_RH_Vis_5,-0.163001284733897,-0.455116825147071,0.160790729655921,0.321453782211195,41,0.829250013046559,node
auc_cc,theta,total,56,7Networks_RH_Vis_6,-0.127120899052929,-0.425573803503818,0.19627400918615,0.440601846465418,41,0.829250013046559,node
auc_cc,theta,social,56,7Networks_RH_Vis_6,-0.0620909116703833,-0.370357662404821,0.258495754754915,0.707285364428989,41,0.902947629300611,node
auc_cc,theta,switching,56,7Networks_RH_Vis_6,0.140844935787363,-0.182801156285426,0.436949471064422,0.392421765731466,41,0.829250013046559,node
auc_cc,theta,detail,56,7Networks_RH_Vis_6,-0.230925333672415,-0.509336451877156,0.0912454610331143,0.157242119563413,41,0.810902900863349,node
auc_cc,theta,communication,56,7Networks_RH_Vis_6,-0.022255230696731,-0.335422342802904,0.295341118235207,0.893024223183849,41,0.967806824970313,node
auc_cc,theta,imagination,56,7Networks_RH_Vis_6,-0.235737708105567,-0.513095819807902,0.0861960574528978,0.148532274789802,41,0.810902900863349,node
auc_cc,theta,total,57,7Networks_RH_Vis_7,-0.089717004361339,-0.394083841738518,0.232383706974867,0.587025970286499,41,0.902947629300611,node
auc_cc,theta,social,57,7Networks_RH_Vis_7,-0.0530884904060904,-0.362538210116649,0.266904783975253,0.748227640889423,41,0.942212584823718,node
auc_cc,theta,switching,57,7Networks_RH_Vis_7,-0.00522692220036265,-0.320221265860854,0.310808122277258,0.974806779709288,41,0.974806779709288,node
auc_cc,theta,detail,57,7Networks_RH_Vis_7,-0.124030264101258,-0.422998938732691,0.19929132530178,0.451882859946495,41,0.829250013046559,node
auc_cc,theta,communication,57,7Networks_RH_Vis_7,0.0635543506972458,-0.257124171474565,0.371624682240781,0.700702338532927,41,0.902947629300611,node
auc_cc,theta,imagination,57,7Networks_RH_Vis_7,-0.151717448828022,-0.445894803895878,0.172040637796183,0.356527855658543,41,0.829250013046559,node
auc_cc,theta,total,58,7Networks_RH_Vis_8,-0.0763637640389565,-0.382666079132979,0.245063367146834,0.644044487591694,41,0.902947629300611,node
auc_cc,theta,social,58,7Networks_RH_Vis_8,-0.195712806078531,-0.481501674275464,0.127695047262408,0.232458523887532,41,0.817612739190629,node
auc_cc,theta,switching,58,7Networks_RH_Vis_8,0.0618892378688927,-0.258684668804621,0.370182966788139,0.708194219059303,41,0.902947629300611,node
auc_cc,theta,detail,58,7Networks_RH_Vis_8,0.0752664013343904,-0.246100508767845,0.381723594078456,0.648826880740975,41,0.902947629300611,node
auc_cc,theta,communication,58,7Networks_RH_Vis_8,-0.0190883970379936,-0.332607618116404,0.298230245629767,0.908176483554767,41,0.967806824970313,node
auc_cc,theta,imagination,58,7Networks_RH_Vis_8,-0.139694851386369,-0.435999804115135,0.183934877125788,0.396337449972197,41,0.829250013046559,node
auc_cc,theta,total,59,7Networks_RH_SomMot_1,0.144018719679222,-0.17966805792602,0.439566761074831,0.381733340083777,41,0.896584582479383,node
auc_cc,theta,social,59,7Networks_RH_SomMot_1,0.222491387121854,-0.100055035523958,0.50272222579642,0.17339151679834,41,0.896584582479383,node
auc_cc,theta,switching,59,7Networks_RH_SomMot_1,-0.140466714994197,-0.436637233090246,0.183174090713014,0.393707002169145,41,0.896584582479383,node
auc_cc,theta,detail,59,7Networks_RH_SomMot_1,0.00354871775434762,-0.312323447054321,0.318714309497263,0.982894080871685,41,0.982894080871685,node
auc_cc,theta,communication,59,7Networks_RH_SomMot_1,0.140557311792194,-0.183084768663255,0.436712031248713,0.393398921806404,41,0.896584582479383,node
auc_cc,theta,imagination,59,7Networks_RH_SomMot_1,0.203284363034135,-0.119930531164877,0.487535886452881,0.214526131733864,41,0.896584582479383,node
auc_cc,theta,total,60,7Networks_RH_SomMot_2,-0.0289240699786943,-0.341331469109392,0.289238028467029,0.861244428013518,41,0.939539376014747,node
auc_cc,theta,social,60,7Networks_RH_SomMot_2,0.0813857559718013,-0.240307566303997,0.386971166574417,0.622340469585718,41,0.90947647463318,node
auc_cc,theta,switching,60,7Networks_RH_SomMot_2,-0.233578439822747,-0.511410341004211,0.0884637260229695,0.152395543789522,41,0.896584582479383,node
auc_cc,theta,detail,60,7Networks_RH_SomMot_2,-0.126397479848833,-0.424971542565032,0.196980816208282,0.443228401834326,41,0.896584582479383,node
auc_cc,theta,communication,60,7Networks_RH_SomMot_2,0.161632775207719,-0.162159622312761,0.454001702876525,0.325588344912513,41,0.896584582479383,node
auc_cc,theta,imagination,60,7Networks_RH_SomMot_2,0.0743411112759467,-0.246974449235022,0.380928400436573,0.65287019453858,41,0.90947647463318,node
auc_cc,theta,total,61,7Networks_RH_SomMot_3,0.0576428912456758,-0.262656666333629,0.366499589748476,0.727421416197252,41,0.90947647463318,node
auc_cc,theta,social,61,7Networks_RH_SomMot_3,0.13868494772368,-0.184929702209665,0.43516534504559,0.399794434811198,41,0.896584582479383,node
auc_cc,theta,switching,61,7Networks_RH_SomMot_3,-0.142073024697765,-0.437962820919465,0.181589589756218,0.388265434655726,41,0.896584582479383,node
auc_cc,theta,detail,61,7Networks_RH_SomMot_3,-0.0230945143126487,-0.336167373362763,0.294574458208694,0.889014572472419,41,0.945281317565611,node
auc_cc,theta,communication,61,7Networks_RH_SomMot_3,0.0684606642474151,-0.252516366919441,0.375864125723415,0.678791302773479,41,0.90947647463318,node
auc_cc,theta,imagination,61,7Networks_RH_SomMot_3,0.145645731691523,-0.178059352861813,0.44090654835722,0.376321092735394,41,0.896584582479383,node
auc_cc,theta,total,62,7Networks_RH_SomMot_4,0.127349026823886,-0.196051050289461,0.425763669612203,0.439775349358344,41,0.896584582479383,node
auc_cc,theta,social,62,7Networks_RH_SomMot_4,0.109753214159642,-0.213150561516296,0.411041467242254,0.505972269741334,41,0.896584582479383,node
auc_cc,theta,switching,62,7Networks_RH_SomMot_4,-0.034970978970441,-0.346668252885907,0.283681657282738,0.83261208581391,41,0.926721775240128,node
auc_cc,theta,detail,62,7Networks_RH_SomMot_4,-0.159163731001377,-0.451987496554335,0.164626209197208,0.333131311983283,41,0.896584582479383,node
auc_cc,theta,communication,62,7Networks_RH_SomMot_4,0.166584237244223,-0.157200864223234,0.458032040362718,0.310785408402285,41,0.896584582479383,node
auc_cc,theta,imagination,62,7Networks_RH_SomMot_4,0.368924452166926,0.0604371148151298,0.613081769189878,0.0208235437316418,41,0.896584582479383,node
auc_cc,theta,total,63,7Networks_RH_SomMot_5,0.142368748813572,-0.181297697366102,0.438206723539109,0.387268444291625,41,0.896584582479383,node
auc_cc,theta,social,63,7Networks_RH_SomMot_5,0.242968925427083,-0.0785774469669622,0.518724820522554,0.13611659506219,41,0.896584582479383,node
auc_cc,theta,switching,63,7Networks_RH_SomMot_5,-0.0777302619796505,-0.383838824140379,0.243770830630908,0.63810889492219,41,0.90947647463318,node
auc_cc,theta,detail,63,7Networks_RH_SomMot_5,-0.0726123402443143,-0.379441479510644,0.24860588153976,0.660450726439588,41,0.90947647463318,node
auc_cc,theta,communication,63,7Networks_RH_SomMot_5,0.211103891254599,-0.111870004233173,0.493739347940918,0.197034659836517,41,0.896584582479383,node
auc_cc,theta,imagination,63,7Networks_RH_SomMot_5,0.0870264145944279,-0.23494741282659,0.391790771038558,0.598333405269765,41,0.90947647463318,node
auc_cc,theta,total,64,7Networks_RH_SomMot_6,0.036336428557874,-0.282424007360853,0.347870562951466,0.826174633318784,41,0.926721775240128,node
auc_cc,theta,social,64,7Networks_RH_SomMot_6,0.137888922665155,-0.185713374913579,0.434507249555208,0.402531505127284,41,0.896584582479383,node
auc_cc,theta,switching,64,7Networks_RH_SomMot_6,-0.108126878234177,-0.409672751143963,0.214721101449028,0.512334047131076,41,0.896584582479383,node
auc_cc,theta,detail,64,7Networks_RH_SomMot_6,-0.206554143907519,-0.490133395678336,0.116565151209367,0.207085850901044,41,0.896584582479383,node
auc_cc,theta,communication,64,7Networks_RH_SomMot_6,0.251863203952283,-0.069154887174083,0.52561576541386,0.121919846921918,41,0.896584582479383,node
auc_cc,theta,imagination,64,7Networks_RH_SomMot_6,0.0407653027112671,-0.278337229485309,0.351763250382061,0.805373602756199,41,0.926721775240128,node
auc_cc,theta,total,65,7Networks_RH_SomMot_7,0.128107428437967,-0.195309591951081,0.42639468302292,0.43703383415643,41,0.896584582479383,node
auc_cc,theta,social,65,7Networks_RH_SomMot_7,0.0398558967824633,-0.279177334571369,0.350964819308532,0.809634531496357,41,0.926721775240128,node
auc_cc,theta,switching,65,7Networks_RH_SomMot_7,-0.00379556673328702,-0.318936069390572,0.31210065701275,0.981704385782486,41,0.982894080871685,node
auc_cc,theta,detail,65,7Networks_RH_SomMot_7,-0.00643654339563456,-0.321306466652964,0.309714904746724,0.968979084340744,41,0.982894080871685,node
auc_cc,theta,communication,65,7Networks_RH_SomMot_7,0.2218617660201,-0.100710676128487,0.502227132960741,0.17464306723765,41,0.896584582479383,node
auc_cc,theta,imagination,65,7Networks_RH_SomMot_7,0.154143090422888,-0.169629394246523,0.447882509151672,0.348799781809283,41,0.896584582479383,node
auc_cc,theta,total,66,7Networks_RH_SomMot_8,-0.0553175339534678,-0.364478411591447,0.264827196048803,0.738021520181755,41,0.90947647463318,node
auc_cc,theta,social,66,7Networks_RH_SomMot_8,-0.0674960233631647,-0.375031614629204,0.25342346854197,0.683079452041648,41,0.90947647463318,node
auc_cc,theta,switching,66,7Networks_RH_SomMot_8,-0.230127967931663,-0.508712531648689,0.0920805035069347,0.158720361129574,41,0.896584582479383,node
auc_cc,theta,detail,66,7Networks_RH_SomMot_8,0.0545953448559995,-0.265500640594264,0.363850098410541,0.741323456504557,41,0.90947647463318,node
auc_cc,theta,communication,66,7Networks_RH_SomMot_8,0.070612877199693,-0.250490494302017,0.37771975669135,0.669260027975757,41,0.90947647463318,node
auc_cc,theta,imagination,66,7Networks_RH_SomMot_8,0.0764882464933663,-0.244945669563532,0.382772952355423,0.643502869897624,41,0.90947647463318,node
auc_cc,theta,total,67,7Networks_RH_DorsAttn_Post_1,0.0410877378227514,-0.278039248094411,0.352046230098473,0.803864188855135,41,0.957597679963786,node
auc_cc,theta,social,67,7Networks_RH_DorsAttn_Post_1,-0.0561772691461828,-0.365226024686831,0.264025081778818,0.734096744739994,41,0.957597679963786,node
auc_cc,theta,switching,67,7Networks_RH_DorsAttn_Post_1,0.0100897737891967,-0.306408148135263,0.324578916711817,0.951389461324792,41,0.984195994473923,node
auc_cc,theta,detail,67,7Networks_RH_DorsAttn_Post_1,-0.0764471247696311,-0.382737648598935,0.244984551010519,0.64368176864569,41,0.957597679963786,node
auc_cc,theta,communication,67,7Networks_RH_DorsAttn_Post_1,0.141611424274418,-0.182045095215012,0.437582022403322,0.389824645062514,41,0.957597679963786,node
auc_cc,theta,imagination,67,7Networks_RH_DorsAttn_Post_1,0.163545304193062,-0.160246211646772,0.455559861959845,0.319819355045647,41,0.957597679963786,node
auc_cc,theta,total,68,7Networks_RH_DorsAttn_Post_2,0.182867660835842,-0.140777495451842,0.471202285399212,0.265158873384056,41,0.957597679963786,node
auc_cc,theta,social,68,7Networks_RH_DorsAttn_Post_2,0.319366231571454,0.00427450538615872,0.576769254659911,0.047502550897102,41,0.855045916147837,node
auc_cc,theta,switching,68,7Networks_RH_DorsAttn_Post_2,-0.00237948923290344,-0.31766344934241,0.313378245803846,0.988529660867164,41,0.988529660867164,node
auc_cc,theta,detail,68,7Networks_RH_DorsAttn_Post_2,-0.169067268797882,-0.460048650595272,0.154708012031404,0.303525109202276,41,0.957597679963786,node
auc_cc,theta,communication,68,7Networks_RH_DorsAttn_Post_2,0.250990886589726,-0.0700815566167502,0.524941512565113,0.123260993395767,41,0.951314794731521,node
auc_cc,theta,imagination,68,7Networks_RH_DorsAttn_Post_2,0.0878455857196918,-0.234167346530962,0.39248931548883,0.594880741011114,41,0.957597679963786,node
auc_cc,theta,total,69,7Networks_RH_DorsAttn_Post_3,0.205270050522221,-0.117887673216681,0.489113913974246,0.209986051427499,41,0.957597679963786,node
auc_cc,theta,social,69,7Networks_RH_DorsAttn_Post_3,0.119712041037301,-0.203496865648324,0.419393243896226,0.467903407276533,41,0.957597679963786,node
auc_cc,theta,switching,69,7Networks_RH_DorsAttn_Post_3,0.155466818877496,-0.168311886147682,0.44896602241491,0.344625774405826,41,0.957597679963786,node
auc_cc,theta,detail,69,7Networks_RH_DorsAttn_Post_3,0.0395697795088541,-0.279441547451798,0.350713523352799,0.810976230666067,41,0.957597679963786,node
auc_cc,theta,communication,69,7Networks_RH_DorsAttn_Post_3,0.125142863569765,-0.198205825708412,0.423926422328586,0.447803875520043,41,0.957597679963786,node
auc_cc,theta,imagination,69,7Networks_RH_DorsAttn_Post_3,0.136648601587543,-0.18693362934622,0.433481210898994,0.406817648631719,41,0.957597679963786,node
auc_cc,theta,total,70,7Networks_RH_DorsAttn_Post_4,0.0184670856973904,-0.298796391411891,0.332054731947891,0.911153187091511,41,0.957597679963786,node
auc_cc,theta,social,70,7Networks_RH_DorsAttn_Post_4,-0.211499495172266,-0.494052429540918,0.111461075144686,0.196177179693623,41,0.957597679963786,node
auc_cc,theta,switching,70,7Networks_RH_DorsAttn_Post_4,0.0512892353344711,-0.268579619469739,0.360970145774283,0.756496947881517,41,0.957597679963786,node
auc_cc,theta,detail,70,7Networks_RH_DorsAttn_Post_4,0.266415350952207,-0.0536138902516367,0.536813269789739,0.101127066130248,41,0.951314794731521,node
auc_cc,theta,communication,70,7Networks_RH_DorsAttn_Post_4,-0.0262965755176476,-0.339006242649093,0.291645711845723,0.873742653851954,41,0.957597679963786,node
auc_cc,theta,imagination,70,7Networks_RH_DorsAttn_Post_4,0.00279056139927558,-0.313007493137196,0.318032994386578,0.986548252302307,41,0.988529660867164,node
auc_cc,theta,total,71,7Networks_RH_DorsAttn_Post_5,0.430695100557548,0.133285315873645,0.656942965209601,0.00619916471739841,41,0.463304958489291,node
auc_cc,theta,social,71,7Networks_RH_DorsAttn_Post_5,0.36593972871438,0.056998437635154,0.610923600707975,0.021960553496724,41,0.49411245367629,node
auc_cc,theta,switching,71,7Networks_RH_DorsAttn_Post_5,0.180360138844161,-0.143318224135018,0.469182509730384,0.27188003362659,41,0.957597679963786,node
auc_cc,theta,detail,71,7Networks_RH_DorsAttn_Post_5,0.0673468439491851,-0.253563699276172,0.374902824467988,0.683743484560785,41,0.957597679963786,node
auc_cc,theta,communication,71,7Networks_RH_DorsAttn_Post_5,0.404302380373664,0.101761248448576,0.638387934792405,0.0106877558853314,41,0.463304958489291,node
auc_cc,theta,imagination,71,7Networks_RH_DorsAttn_Post_5,0.152927396875561,-0.170838356464559,0.446886665244437,0.352660129046559,41,0.957597679963786,node
auc_cc,theta,total,72,7Networks_RH_DorsAttn_PrCv_1,0.00758957874559622,-0.308672049017449,0.322340132662634,0.963425481326814,41,0.985321514993333,node
auc_cc,theta,social,72,7Networks_RH_DorsAttn_PrCv_1,0.0692755074379814,-0.25174968796955,0.376566970973085,0.675176798994005,41,0.957597679963786,node
auc_cc,theta,switching,72,7Networks_RH_DorsAttn_PrCv_1,-0.0176566487709028,-0.331333224652511,0.299534535048774,0.915037783076507,41,0.957597679963786,node
auc_cc,theta,detail,72,7Networks_RH_DorsAttn_PrCv_1,-0.289517753010802,-0.554396452246204,0.0286190333574072,0.073821387038422,41,0.951314794731521,node
auc_cc,theta,communication,72,7Networks_RH_DorsAttn_PrCv_1,0.0900083587368401,-0.232105823572166,0.394331923016795,0.58580724538337,41,0.957597679963786,node
auc_cc,theta,imagination,72,7Networks_RH_DorsAttn_PrCv_1,0.236048429838004,-0.0858694619881455,0.513338186649876,0.147982301402681,41,0.951314794731521,node
auc_cc,theta,total,73,7Networks_RH_DorsAttn_FEF_1,0.0283813694869759,-0.28973565776881,0.340851514212654,0.863823270209229,41,0.957597679963786,node
auc_cc,theta,social,73,7Networks_RH_DorsAttn_FEF_1,0.0753838171451178,-0.24598957165148,0.381824468718848,0.648314505265915,41,0.957597679963786,node
auc_cc,theta,switching,73,7Networks_RH_DorsAttn_FEF_1,-0.102549057289795,-0.40496814924332,0.22009490645041,0.534452540681927,41,0.957597679963786,node
auc_cc,theta,detail,73,7Networks_RH_DorsAttn_FEF_1,0.050105607579948,-0.269680345033956,0.359937649532484,0.761951535302563,41,0.957597679963786,node
auc_cc,theta,communication,73,7Networks_RH_DorsAttn_FEF_1,-0.0398152300142679,-0.350929104538053,0.279214890943053,0.809825198906101,41,0.957597679963786,node
auc_cc,theta,imagination,73,7Networks_RH_DorsAttn_FEF_1,0.115221636332027,-0.207857481455115,0.415633722843246,0.484877427785782,41,0.957597679963786,node
auc_cc,theta,total,74,7Networks_RH_SalVentAttn_TempOccPar_1,0.182707228482401,-0.140940180131421,0.471073149752201,0.265585579824604,41,0.755511252007289,node
auc_cc,theta,social,74,7Networks_RH_SalVentAttn_TempOccPar_1,0.15728219193039,-0.166503160698376,0.450450560028846,0.338951426723504,41,0.755511252007289,node
auc_cc,theta,switching,74,7Networks_RH_SalVentAttn_TempOccPar_1,0.260447590625809,-0.0600059808759449,0.532232724430976,0.10929925706802,41,0.605349731453649,node
auc_cc,theta,detail,74,7Networks_RH_SalVentAttn_TempOccPar_1,-0.155694329181727,-0.44915215985589,0.168085328383438,0.343911474212595,41,0.755511252007289,node
auc_cc,theta,communication,74,7Networks_RH_SalVentAttn_TempOccPar_1,-0.016507831392598,-0.330309838573135,0.300580224412194,0.920547622677642,41,0.960571432359278,node
auc_cc,theta,imagination,74,7Networks_RH_SalVentAttn_TempOccPar_1,0.290108122996317,-0.0279750466550638,0.554842704096163,0.0732083699137903,41,0.582700623216379,node
auc_cc,theta,total,75,7Networks_RH_SalVentAttn_TempOccPar_2,0.188324786313166,-0.13523332883389,0.475587500718355,0.250913805682857,41,0.755511252007289,node
auc_cc,theta,social,75,7Networks_RH_SalVentAttn_TempOccPar_2,0.350557939808414,0.0393926627946314,0.599743433250161,0.0286722394212949,41,0.582700623216379,node
auc_cc,theta,switching,75,7Networks_RH_SalVentAttn_TempOccPar_2,-0.0464071617905013,-0.356706541855048,0.273114372060012,0.779067411916421,41,0.934880894299705,node
auc_cc,theta,detail,75,7Networks_RH_SalVentAttn_TempOccPar_2,-0.306588177494952,-0.567238554174394,0.0098910986301442,0.0576501531311667,41,0.582700623216379,node
auc_cc,theta,communication,75,7Networks_RH_SalVentAttn_TempOccPar_2,0.361550511968534,0.0519549347338047,0.607743255140197,0.0237262922798854,41,0.582700623216379,node
auc_cc,theta,imagination,75,7Networks_RH_SalVentAttn_TempOccPar_2,0.176217285773902,-0.147506613487757,0.465838863214201,0.283227510397781,41,0.755511252007289,node
auc_cc,theta,total,76,7Networks_RH_SalVentAttn_FrOperIns_1,0.117845907971135,-0.20531061921196,0.417832100503253,0.474918902798399,41,0.81414669051154,node
auc_cc,theta,social,76,7Networks_RH_SalVentAttn_FrOperIns_1,0.129351879859967,-0.194092140961053,0.427429476114377,0.432555829387125,41,0.81414669051154,node
auc_cc,theta,switching,76,7Networks_RH_SalVentAttn_FrOperIns_1,0.0519395830323816,-0.267974466817458,0.361537130839195,0.753504834577358,41,0.934880894299705,node
auc_cc,theta,detail,76,7Networks_RH_SalVentAttn_FrOperIns_1,-0.0732220794148611,-0.379966098908363,0.248030681799371,0.657773201369123,41,0.926804327530572,node
auc_cc,theta,communication,76,7Networks_RH_SalVentAttn_FrOperIns_1,0.0539536912758104,-0.266098723470959,0.363291615890914,0.744261013188733,41,0.934880894299705,node
auc_cc,theta,imagination,76,7Networks_RH_SalVentAttn_FrOperIns_1,0.192098123878183,-0.131387921344438,0.478611338139131,0.24136914572496,41,0.755511252007289,node
auc_cc,theta,total,77,7Networks_RH_SalVentAttn_Med_1,0.165480511375065,-0.158307632325538,0.457134678099729,0.314047638087766,41,0.755511252007289,node
auc_cc,theta,social,77,7Networks_RH_SalVentAttn_Med_1,-0.0192943835299186,-0.3327908717071,0.298042499159636,0.907189872791405,41,0.960571432359278,node
auc_cc,theta,switching,77,7Networks_RH_SalVentAttn_Med_1,0.173939466525185,-0.149804533263808,0.463996932309542,0.289595728180483,41,0.755511252007289,node
auc_cc,theta,detail,77,7Networks_RH_SalVentAttn_Med_1,0.0181913954393409,-0.299047531922125,0.331809334488755,0.912474404982428,41,0.960571432359278,node
auc_cc,theta,communication,77,7Networks_RH_SalVentAttn_Med_1,0.204190281082412,-0.118998869977985,0.488256050719378,0.2124464948447,41,0.755511252007289,node
auc_cc,theta,imagination,77,7Networks_RH_SalVentAttn_Med_1,0.118572790496966,-0.204604402988359,0.418440396377567,0.472179716553253,41,0.81414669051154,node
auc_cc,theta,total,78,7Networks_RH_SalVentAttn_Med_2,-0.177364142823499,-0.466765306258796,0.146348311745768,0.280055881711857,41,0.755511252007289,node
auc_cc,theta,social,78,7Networks_RH_SalVentAttn_Med_2,-0.204262813826439,-0.488313694278411,0.118924251482453,0.212280593565459,41,0.755511252007289,node
auc_cc,theta,switching,78,7Networks_RH_SalVentAttn_Med_2,-0.237202725939394,-0.514238164851946,0.0846555905696554,0.145952273743966,41,0.700570913971039,node
auc_cc,theta,detail,78,7Networks_RH_SalVentAttn_Med_2,0.274691840452692,-0.0447052875862783,0.543139602871347,0.0905761587242651,41,0.582700623216379,node
auc_cc,theta,communication,78,7Networks_RH_SalVentAttn_Med_2,-0.278467004017748,-0.54601515301434,0.0406248575068315,0.086055135027656,41,0.582700623216379,node
auc_cc,theta,imagination,78,7Networks_RH_SalVentAttn_Med_2,-0.0169939985411412,-0.330743014613245,0.300137792951731,0.918215456627871,41,0.960571432359278,node
auc_cc,theta,total,79,7Networks_RH_Limbic_OFC_1,0.149952161581026,-0.173793011027758,0.444446403180873,0.362216546136493,41,0.949990625978517,node
auc_cc,theta,social,79,7Networks_RH_Limbic_OFC_1,0.232628672335425,-0.0894601180706699,0.510668295214802,0.154117846543454,41,0.949990625978517,node
auc_cc,theta,switching,79,7Networks_RH_Limbic_OFC_1,-0.0602095942211216,-0.36872716384929,0.260257090607318,0.715779008196638,41,0.949990625978517,node
auc_cc,theta,detail,79,7Networks_RH_Limbic_OFC_1,0.00432221121287316,-0.311625225352834,0.319409071791186,0.979166342590858,41,0.979166342590858,node
auc_cc,theta,communication,79,7Networks_RH_Limbic_OFC_1,0.150048021025404,-0.173697905460992,0.444525094462683,0.361906243863053,41,0.949990625978517,node
auc_cc,theta,imagination,79,7Networks_RH_Limbic_OFC_1,0.0759920734070654,-0.245414742545862,0.382346918902274,0.645662775064939,41,0.949990625978517,node
auc_cc,theta,total,80,7Networks_RH_Limbic_TempPole_1,0.223472410017201,-0.0990329126815823,0.503493271802951,0.171454283788959,41,0.949990625978517,node
auc_cc,theta,social,80,7Networks_RH_Limbic_TempPole_1,0.168192990188847,-0.155586219005919,0.45933894179145,0.30606904121078,41,0.949990625978517,node
auc_cc,theta,switching,80,7Networks_RH_Limbic_TempPole_1,0.093188915624353,-0.229068898183596,0.397037209125018,0.572576975538147,41,0.949990625978517,node
auc_cc,theta,detail,80,7Networks_RH_Limbic_TempPole_1,0.00535574663478154,-0.31069173458248,0.320336878891207,0.974186064626478,41,0.979166342590858,node
auc_cc,theta,communication,80,7Networks_RH_Limbic_TempPole_1,0.13484816972197,-0.188703157810217,0.431990457615244,0.413085569237567,41,0.949990625978517,node
auc_cc,theta,imagination,80,7Networks_RH_Limbic_TempPole_1,0.254357002176032,-0.0665026469724571,0.527541437721576,0.118146078445358,41,0.949990625978517,node
auc_cc,theta,total,81,7Networks_RH_Cont_Par_1,0.0535273540891951,-0.266495974541014,0.362920417513225,0.746214806579606,41,0.946797683349723,node
auc_cc,theta,social,81,7Networks_RH_Cont_Par_1,0.187844927574921,-0.135721655162901,0.475202469413244,0.252145455036157,41,0.863245047611444,node
auc_cc,theta,switching,81,7Networks_RH_Cont_Par_1,-0.0476907564143919,-0.357828782365626,0.271923469444026,0.773115021672923,41,0.946797683349723,node
auc_cc,theta,detail,81,7Networks_RH_Cont_Par_1,-0.202372589755822,-0.48681067679145,0.120867639504328,0.216633375647112,41,0.863245047611444,node
auc_cc,theta,communication,81,7Networks_RH_Cont_Par_1,0.214237505228537,-0.108627839194117,0.496217288480786,0.190314281127473,41,0.863245047611444,node
auc_cc,theta,imagination,81,7Networks_RH_Cont_Par_1,-0.0249745590880109,-0.337834864989749,0.292855609337422,0.880042737254378,41,0.946797683349723,node
auc_cc,theta,total,82,7Networks_RH_Cont_Par_2,-0.0160966023334255,-0.329943329318745,0.300954352722888,0.922520819674089,41,0.946797683349723,node
auc_cc,theta,social,82,7Networks_RH_Cont_Par_2,-0.0325929063476584,-0.344571856603075,0.285869371542336,0.843849079154903,41,0.946797683349723,node
auc_cc,theta,switching,82,7Networks_RH_Cont_Par_2,0.0197205829167076,-0.297653961588005,0.333169960085958,0.90514894876728,41,0.946797683349723,node
auc_cc,theta,detail,82,7Networks_RH_Cont_Par_2,0.100608329871246,-0.221960068323579,0.40332748288948,0.542255193744602,41,0.946797683349723,node
auc_cc,theta,communication,82,7Networks_RH_Cont_Par_2,-0.186913903204617,-0.474455115676414,0.13666866018945,0.254546616603374,41,0.863245047611444,node
auc_cc,theta,imagination,82,7Networks_RH_Cont_Par_2,0.0599006196512999,-0.260546156467899,0.368459200412746,0.717177207745832,41,0.946797683349723,node
auc_cc,theta,total,83,7Networks_RH_Cont_PFCl_1,0.281336142889119,-0.0375165802618469,0.548196374162733,0.0827375943988099,41,0.768968454560409,node
auc_cc,theta,social,83,7Networks_RH_Cont_PFCl_1,0.186964968445568,-0.136616733759865,0.474496117615423,0.254414522712743,41,0.863245047611444,node
auc_cc,theta,switching,83,7Networks_RH_Cont_PFCl_1,0.21957529605409,-0.10308928218317,0.500427655514082,0.179242431144534,41,0.863245047611444,node
auc_cc,theta,detail,83,7Networks_RH_Cont_PFCl_1,-0.0728307975502219,-0.379629462794509,0.248399825059386,0.659490941571514,41,0.946797683349723,node
auc_cc,theta,communication,83,7Networks_RH_Cont_PFCl_1,0.254252228530351,-0.0666141686702208,0.5274605895936,0.11830283916314,41,0.768968454560409,node
auc_cc,theta,imagination,83,7Networks_RH_Cont_PFCl_1,0.214039650228917,-0.108832751414771,0.496060968168333,0.190733753052665,41,0.863245047611444,node
auc_cc,theta,total,84,7Networks_RH_Cont_PFCl_2,0.194778193528947,-0.128650737408264,0.48075494407402,0.234740693607968,41,0.863245047611444,node
auc_cc,theta,social,84,7Networks_RH_Cont_PFCl_2,0.0874137838883954,-0.234578587090346,0.392121142238554,0.596699623877194,41,0.946797683349723,node
auc_cc,theta,switching,84,7Networks_RH_Cont_PFCl_2,0.190312509827265,-0.133208854419113,0.477181248208272,0.245854852913978,41,0.863245047611444,node
auc_cc,theta,detail,84,7Networks_RH_Cont_PFCl_2,-0.132585559101259,-0.430114716154537,0.190923956686017,0.421039714728826,41,0.946797683349723,node
auc_cc,theta,communication,84,7Networks_RH_Cont_PFCl_2,0.12034018175935,-0.202885856441788,0.419918326614895,0.465554437080893,41,0.946797683349723,node
auc_cc,theta,imagination,84,7Networks_RH_Cont_PFCl_2,0.349668848780051,0.0383808942338725,0.599094214416887,0.0291069419901044,41,0.732003769589399,node
auc_cc,theta,total,85,7Networks_RH_Cont_PFCl_3,0.0654703691633281,-0.255326460636085,0.373281804386786,0.692116002630742,41,0.946797683349723,node
auc_cc,theta,social,85,7Networks_RH_Cont_PFCl_3,0.045013146639307,-0.274406613000271,0.355486745954207,0.785545945169525,41,0.946797683349723,node
auc_cc,theta,switching,85,7Networks_RH_Cont_PFCl_3,0.0683996758137147,-0.252573734204777,0.3758115057509,0.679062123313785,41,0.946797683349723,node
auc_cc,theta,detail,85,7Networks_RH_Cont_PFCl_3,0.0206989457132419,-0.296761655575234,0.334039793967935,0.900466194263805,41,0.946797683349723,node
auc_cc,theta,communication,85,7Networks_RH_Cont_PFCl_3,-0.0292738380070436,-0.341640711575821,0.288917217463378,0.859583125422515,41,0.946797683349723,node
auc_cc,theta,imagination,85,7Networks_RH_Cont_PFCl_3,0.0812469337580602,-0.240439238117151,0.386852340424175,0.62293632936036,41,0.946797683349723,node
auc_cc,theta,total,86,7Networks_RH_Cont_PFCl_4,-0.0509272395345907,-0.360654451976774,0.268916349505087,0.758163935391699,41,0.946797683349723,node
auc_cc,theta,social,86,7Networks_RH_Cont_PFCl_4,-0.053301460058084,-0.362723698880174,0.266706413285924,0.747250655941731,41,0.946797683349723,node
auc_cc,theta,switching,86,7Networks_RH_Cont_PFCl_4,-0.168580738218726,-0.459653747962602,0.155196791871578,0.304939124152037,41,0.946797683349723,node
auc_cc,theta,detail,86,7Networks_RH_Cont_PFCl_4,-0.0117837198691216,-0.326093750298421,0.304872260002613,0.94324062672493,41,0.955490504994085,node
auc_cc,theta,communication,86,7Networks_RH_Cont_PFCl_4,-0.0401882976390231,-0.351256709736535,0.278870320785332,0.808076466820553,41,0.946797683349723,node
auc_cc,theta,imagination,86,7Networks_RH_Cont_PFCl_4,0.214135933760317,-0.108733037006973,0.496137041674545,0.190529541128556,41,0.863245047611444,node
auc_cc,theta,total,87,7Networks_RH_Cont_Cing_1,0.257493070458973,-0.0631608818648404,0.529959082584392,0.113525904875915,41,0.768968454560409,node
auc_cc,theta,social,87,7Networks_RH_Cont_Cing_1,0.140564426606641,-0.183077753731974,0.436717905179359,0.393374733343013,41,0.946797683349723,node
auc_cc,theta,switching,87,7Networks_RH_Cont_Cing_1,0.119244054447447,-0.203951925070589,0.419001908694363,0.469657554986887,41,0.946797683349723,node
auc_cc,theta,detail,87,7Networks_RH_Cont_Cing_1,0.0976489247536783,-0.224799706757581,0.400821886835174,0.554257241854239,41,0.946797683349723,node
auc_cc,theta,communication,87,7Networks_RH_Cont_Cing_1,0.106731320554528,-0.216067450867759,0.408497173483752,0.517824780381495,41,0.946797683349723,node
auc_cc,theta,imagination,87,7Networks_RH_Cont_Cing_1,0.296653524324415,-0.020817464190873,0.559780089132956,0.0666761190324632,41,0.742962469218876,node
auc_cc,theta,total,88,7Networks_RH_Cont_PFCmp_1,-0.156323172142013,-0.44966651492806,0.167458940282702,0.341941853237157,41,0.946797683349723,node
auc_cc,theta,social,88,7Networks_RH_Cont_PFCmp_1,-0.163886302249219,-0.45583748912388,0.159904800587704,0.318797538004669,41,0.946797683349723,node
auc_cc,theta,switching,88,7Networks_RH_Cont_PFCmp_1,-0.117263656338869,-0.417344645747003,0.205876073958277,0.477119079300556,41,0.946797683349723,node
auc_cc,theta,detail,88,7Networks_RH_Cont_PFCmp_1,0.0173856905092748,-0.299781238389589,0.331091916912066,0.916336982053004,41,0.946797683349723,node
auc_cc,theta,communication,88,7Networks_RH_Cont_PFCmp_1,-0.154491910777658,-0.448168113299353,0.169282325307006,0.347696898480151,41,0.946797683349723,node
auc_cc,theta,imagination,88,7Networks_RH_Cont_PFCmp_1,0.0242112639310726,-0.293553707003381,0.337158102807972,0.883683571889778,41,0.946797683349723,node
auc_cc,theta,total,89,7Networks_RH_Cont_pCun_1,-0.147560326794488,-0.442481466813269,0.176164081854642,0.370010700858125,41,0.946797683349723,node
auc_cc,theta,social,89,7Networks_RH_Cont_pCun_1,-0.174590952076706,-0.464524004416448,0.149147655621567,0.287764973071202,41,0.935236162481406,node
auc_cc,theta,switching,89,7Networks_RH_Cont_pCun_1,-0.079714602475271,-0.385540052746031,0.241891856543096,0.629529144044993,41,0.946797683349723,node
auc_cc,theta,detail,89,7Networks_RH_Cont_pCun_1,0.088001591322192,-0.234018741163489,0.392622308729511,0.594224194732946,41,0.946797683349723,node
auc_cc,theta,communication,89,7Networks_RH_Cont_pCun_1,0.05565905555085,-0.264508616843094,0.364775441477006,0.736461650319398,41,0.946797683349723,node
auc_cc,theta,imagination,89,7Networks_RH_Cont_pCun_1,-0.350170489274647,-0.59946055520599,-0.0389516730531979,0.0288610118544485,41,0.732003769589399,node
auc_cc,theta,total,90,7Networks_RH_Default_Par_1,0.245688754840825,-0.075702156727667,0.520835849629301,0.131651360907026,41,0.962806156039284,node
auc_cc,theta,social,90,7Networks_RH_Default_Par_1,0.14963396891694,-0.174108658009156,0.444185165360797,0.36324769826878,41,0.962806156039284,node
auc_cc,theta,switching,90,7Networks_RH_Default_Par_1,0.176661167321409,-0.147058407673938,0.466197510675572,0.281997201745167,41,0.962806156039284,node
auc_cc,theta,detail,90,7Networks_RH_Default_Par_1,0.113078040107049,-0.209934601565934,0.413835403262654,0.493091639824494,41,0.962806156039284,node
auc_cc,theta,communication,90,7Networks_RH_Default_Par_1,0.0263668632726193,-0.291581356631434,0.339068494246805,0.873407908110099,41,0.962806156039284,node
auc_cc,theta,imagination,90,7Networks_RH_Default_Par_1,0.231640196110925,-0.0904964348929106,0.509895566464541,0.155925358548651,41,0.962806156039284,node
auc_cc,theta,total,91,7Networks_RH_Default_Temp_1,-0.0618147789665161,-0.370118462844662,0.258754410549746,0.708529873223589,41,0.962806156039284,node
auc_cc,theta,social,91,7Networks_RH_Default_Temp_1,-0.161579843102093,-0.453958553042801,0.162212544215157,0.325748927293295,41,0.962806156039284,node
auc_cc,theta,switching,91,7Networks_RH_Default_Temp_1,-0.114807681147961,-0.415286627786709,0.208258826405956,0.486458135490023,41,0.962806156039284,node
auc_cc,theta,detail,91,7Networks_RH_Default_Temp_1,0.0925486473096775,-0.229680757225244,0.396493040253969,0.575229357206759,41,0.962806156039284,node
auc_cc,theta,communication,91,7Networks_RH_Default_Temp_1,0.0038713350227283,-0.312032266449269,0.319004129868595,0.981339226243937,41,0.995160905486809,node
auc_cc,theta,imagination,91,7Networks_RH_Default_Temp_1,0.0685377614372035,-0.252443844095422,0.375930641269881,0.67844900783516,41,0.962806156039284,node
auc_cc,theta,total,92,7Networks_RH_Default_Temp_2,0.278933771348984,-0.0401196061163214,0.54637025331889,0.0855085141059495,41,0.962806156039284,node
auc_cc,theta,social,92,7Networks_RH_Default_Temp_2,0.326773729715781,0.0125446865166848,0.582262346979159,0.0423133064439242,41,0.962806156039284,node
auc_cc,theta,switching,92,7Networks_RH_Default_Temp_2,0.209063374310812,-0.113977516362352,0.492123314972076,0.201499308086885,41,0.962806156039284,node
auc_cc,theta,detail,92,7Networks_RH_Default_Temp_2,-0.196641088880518,-0.482242936702865,0.126745234771024,0.230206798931735,41,0.962806156039284,node
auc_cc,theta,communication,92,7Networks_RH_Default_Temp_2,0.139485546686931,-0.18414111123756,0.435826902528875,0.397052492343944,41,0.962806156039284,node
auc_cc,theta,imagination,92,7Networks_RH_Default_Temp_2,0.309759452689695,-0.00638727015095911,0.569610428016278,0.0549835956316695,41,0.962806156039284,node
auc_cc,theta,total,93,7Networks_RH_Default_Temp_3,0.0768395991749261,-0.244613416117654,0.383074558628028,0.641975129832937,41,0.962806156039284,node
auc_cc,theta,social,93,7Networks_RH_Default_Temp_3,0.0417392260659751,-0.277436981723223,0.352617824307416,0.80081652438549,41,0.962806156039284,node
auc_cc,theta,switching,93,7Networks_RH_Default_Temp_3,0.000466609813737741,-0.315102237589339,0.31594255109594,0.997750633746213,41,0.997750633746213,node
auc_cc,theta,detail,93,7Networks_RH_Default_Temp_3,0.0239583430568118,-0.293784949696378,0.336933783614723,0.884890500364808,41,0.962806156039284,node
auc_cc,theta,communication,93,7Networks_RH_Default_Temp_3,0.0324262242116644,-0.286022586825142,0.344424800733623,0.844637865280202,41,0.962806156039284,node
auc_cc,theta,imagination,93,7Networks_RH_Default_Temp_3,0.147914633489673,-0.175813087816849,0.442772715075253,0.368849879505024,41,0.962806156039284,node
auc_cc,theta,total,94,7Networks_RH_Default_PFCv_1,0.0823400137119209,-0.239402139610788,0.387787697685284,0.618250990442218,41,0.962806156039284,node
auc_cc,theta,social,94,7Networks_RH_Default_PFCv_1,-0.0544128783897478,-0.36369130584727,0.265670741969502,0.742158441240018,41,0.962806156039284,node
auc_cc,theta,switching,94,7Networks_RH_Default_PFCv_1,0.0286864441012472,-0.289455940718275,0.341121336954542,0.86237342235815,41,0.962806156039284,node
auc_cc,theta,detail,94,7Networks_RH_Default_PFCv_1,0.0230434479657445,-0.294621117447819,0.336122053050827,0.889258463564061,41,0.962806156039284,node
auc_cc,theta,communication,94,7Networks_RH_Default_PFCv_1,0.0906415913429393,-0.231501687539589,0.394870952505747,0.583162346990003,41,0.962806156039284,node
auc_cc,theta,imagination,94,7Networks_RH_Default_PFCv_1,0.214499136326954,-0.108356833931786,0.496423968633587,0.189760598318725,41,0.962806156039284,node
auc_cc,theta,total,95,7Networks_RH_Default_PFCv_2,-0.000767309642154978,-0.316213209542325,0.314831368310353,0.996301070768763,41,0.997750633746213,node
auc_cc,theta,social,95,7Networks_RH_Default_PFCv_2,0.102664142659071,-0.219984227981208,0.405065379826744,0.533991554933744,41,0.962806156039284,node
auc_cc,theta,switching,95,7Networks_RH_Default_PFCv_2,0.0138569299800962,-0.302990251892645,0.327945551631214,0.933275147247183,41,0.969808297896488,node
auc_cc,theta,detail,95,7Networks_RH_Default_PFCv_2,-0.253655342371674,-0.526999910573051,0.0672493449908892,0.119198875780112,41,0.962806156039284,node
auc_cc,theta,communication,95,7Networks_RH_Default_PFCv_2,0.0653197582103569,-0.255467852245063,0.373151615385739,0.692789586286053,41,0.962806156039284,node
auc_cc,theta,imagination,95,7Networks_RH_Default_PFCv_2,0.0817522362420842,-0.239959905669582,0.387284809975695,0.620768584528713,41,0.962806156039284,node
auc_cc,theta,total,96,7Networks_RH_Default_PFCdPFCm_1,0.0869571899538596,-0.235013313886366,0.391731723936214,0.59862557425816,41,0.962806156039284,node
auc_cc,theta,social,96,7Networks_RH_Default_PFCdPFCm_1,0.160569875825411,-0.163221960091215,0.453134972908951,0.328822362909438,41,0.962806156039284,node
auc_cc,theta,switching,96,7Networks_RH_Default_PFCdPFCm_1,-0.0359778224682032,-0.347554901148743,0.2827544083106,0.827864225817452,41,0.962806156039284,node
auc_cc,theta,detail,96,7Networks_RH_Default_PFCdPFCm_1,0.0568738609426507,-0.263374851784254,0.365831478469624,0.730921607437605,41,0.962806156039284,node
auc_cc,theta,communication,96,7Networks_RH_Default_PFCdPFCm_1,0.00424115391878959,-0.311698410643254,0.319336280918006,0.97955696722003,41,0.995160905486809,node
auc_cc,theta,imagination,96,7Networks_RH_Default_PFCdPFCm_1,0.0314041969174014,-0.286961684952157,0.343522778877768,0.849477620511496,41,0.962806156039284,node
auc_cc,theta,total,97,7Networks_RH_Default_PFCdPFCm_2,-0.110527842538742,-0.411692913345512,0.212401921755261,0.502956214606023,41,0.962806156039284,node
auc_cc,theta,social,97,7Networks_RH_Default_PFCdPFCm_2,-0.247471468832921,-0.522217701705581,0.0738146416916339,0.12878425813104,41,0.962806156039284,node
auc_cc,theta,switching,97,7Networks_RH_Default_PFCdPFCm_2,0.0196188719075324,-0.297746694287728,0.333079501161288,0.905635954149277,41,0.965754495810791,node
auc_cc,theta,detail,97,7Networks_RH_Default_PFCdPFCm_2,0.2073611709792,-0.115733385714902,0.490773722801906,0.205277459847095,41,0.962806156039284,node
auc_cc,theta,communication,97,7Networks_RH_Default_PFCdPFCm_2,-0.218401839693186,-0.499503189028708,0.104308593098648,0.181636145485056,41,0.962806156039284,node
auc_cc,theta,imagination,97,7Networks_RH_Default_PFCdPFCm_2,-0.0532706792660085,-0.362696891453735,0.266735085746471,0.747391836871754,41,0.962806156039284,node
auc_cc,theta,total,98,7Networks_RH_Default_PFCdPFCm_3,-0.0187808662515934,-0.332333982706092,0.298510499001024,0.909649712015357,41,0.965754495810791,node
auc_cc,theta,social,98,7Networks_RH_Default_PFCdPFCm_3,-0.0587259002408499,-0.367439936817267,0.261644658878257,0.722501418862546,41,0.962806156039284,node
auc_cc,theta,switching,98,7Networks_RH_Default_PFCdPFCm_3,0.024501528844621,-0.293288275239746,0.337415499188028,0.882298758223088,41,0.962806156039284,node
auc_cc,theta,detail,98,7Networks_RH_Default_PFCdPFCm_3,0.057409674024287,-0.262874501773336,0.366297011018046,0.728482316937509,41,0.962806156039284,node
auc_cc,theta,communication,98,7Networks_RH_Default_PFCdPFCm_3,-0.0478696940125679,-0.357985155514908,0.27175737565236,0.772286244391172,41,0.962806156039284,node
auc_cc,theta,imagination,98,7Networks_RH_Default_PFCdPFCm_3,-0.0304929589736401,-0.34271805169295,0.28779846767537,0.853797335749952,41,0.962806156039284,node
auc_cc,theta,total,99,7Networks_RH_Default_pCunPCC_1,0.101008726410714,-0.221575455085015,0.403666132475657,0.540640959750473,41,0.962806156039284,node
auc_cc,theta,social,99,7Networks_RH_Default_pCunPCC_1,0.187549190791455,-0.136022532238267,0.474965119919954,0.252906529379608,41,0.962806156039284,node
auc_cc,theta,switching,99,7Networks_RH_Default_pCunPCC_1,0.208807855808207,-0.114241219492503,0.491920813846126,0.202063324586788,41,0.962806156039284,node
auc_cc,theta,detail,99,7Networks_RH_Default_pCunPCC_1,-0.136647535494215,-0.433480328656708,0.186934677762334,0.406821343892051,41,0.962806156039284,node
auc_cc,theta,communication,99,7Networks_RH_Default_pCunPCC_1,0.10655607380105,-0.216236431598925,0.408349479872269,0.51851633412859,41,0.962806156039284,node
auc_cc,theta,imagination,99,7Networks_RH_Default_pCunPCC_1,-0.181035190575693,-0.469726552334665,0.142634652239201,0.270059726600621,41,0.962806156039284,node
auc_cc,theta,total,100,7Networks_RH_Default_pCunPCC_2,0.156355796841173,-0.167426435808511,0.449693194628631,0.341839857443303,41,0.962806156039284,node
auc_cc,theta,social,100,7Networks_RH_Default_pCunPCC_2,0.187706580288127,-0.135862414536158,0.475091441226134,0.252501298999326,41,0.962806156039284,node
auc_cc,theta,switching,100,7Networks_RH_Default_pCunPCC_2,0.21201382597016,-0.11092925650155,0.494459362255523,0.195066280435025,41,0.962806156039284,node
auc_cc,theta,detail,100,7Networks_RH_Default_pCunPCC_2,-0.130087016439359,-0.428040394168925,0.19337248595149,0.429922545364124,41,0.962806156039284,node
auc_cc,theta,communication,100,7Networks_RH_Default_pCunPCC_2,0.233297340804726,-0.0887586914936082,0.511190763734087,0.152903817133488,41,0.962806156039284,node
auc_cc,theta,imagination,100,7Networks_RH_Default_pCunPCC_2,-0.145990127208602,-0.441189977340496,0.177718610403156,0.375181314229131,41,0.962806156039284,node
auc_cc,alpha,total,1,7Networks_LH_Vis_1,0.00551795281870575,-0.310545174339368,0.320482436909787,0.973404527542761,41,0.994975402687945,node
auc_cc,alpha,social,1,7Networks_LH_Vis_1,0.0793533546380386,-0.242234102175777,0.385230499969654,0.631087560083289,41,0.994975402687945,node
auc_cc,alpha,switching,1,7Networks_LH_Vis_1,-0.0364573042280361,-0.347976947439077,0.282312621777313,0.825605294358308,41,0.994975402687945,node
auc_cc,alpha,detail,1,7Networks_LH_Vis_1,-0.19330910456684,-0.479580342613105,0.130151744280025,0.238358626884218,41,0.994975402687945,node
auc_cc,alpha,communication,1,7Networks_LH_Vis_1,0.188503664438913,-0.135051253995591,0.475731001630629,0.250455712545147,41,0.994975402687945,node
auc_cc,alpha,imagination,1,7Networks_LH_Vis_1,-0.0238206685484899,-0.336811663159421,0.293910808310833,0.885547585542137,41,0.994975402687945,node
auc_cc,alpha,total,2,7Networks_LH_Vis_2,0.00283334343568245,-0.312968901792886,0.318071449015361,0.986342043018041,41,0.994975402687945,node
auc_cc,alpha,social,2,7Networks_LH_Vis_2,-0.0738648812750413,-0.380518951837758,0.247424046879737,0.654955041157097,41,0.994975402687945,node
auc_cc,alpha,switching,2,7Networks_LH_Vis_2,0.134479839606845,-0.189064907049439,0.431685280961224,0.414374575060636,41,0.994975402687945,node
auc_cc,alpha,detail,2,7Networks_LH_Vis_2,-0.192568043449376,-0.478987442022624,0.130908343769828,0.240197885290847,41,0.994975402687945,node
auc_cc,alpha,communication,2,7Networks_LH_Vis_2,0.0729045572026189,-0.248330245840561,0.379692927515646,0.659167002242491,41,0.994975402687945,node
auc_cc,alpha,imagination,2,7Networks_LH_Vis_2,0.114373670574018,-0.208679499005287,0.414922622620177,0.488118289179923,41,0.994975402687945,node
auc_cc,alpha,total,3,7Networks_LH_Vis_3,0.0720465080937849,-0.249139458833014,0.378954461134435,0.66293917915128,41,0.994975402687945,node
auc_cc,alpha,social,3,7Networks_LH_Vis_3,0.0591960032464222,-0.26120515623136,0.367847918033835,0.720369195961894,41,0.994975402687945,node
auc_cc,alpha,switching,3,7Networks_LH_Vis_3,0.17357800260895,-0.1501688656431,0.463704408128856,0.290614722783808,41,0.994975402687945,node
auc_cc,alpha,detail,3,7Networks_LH_Vis_3,-0.279851151394583,-0.54706788399054,0.039126114186974,0.084442034672975,41,0.994975402687945,node
auc_cc,alpha,communication,3,7Networks_LH_Vis_3,0.175080419024206,-0.148653949494884,0.464919863331832,0.286394445840022,41,0.994975402687945,node
auc_cc,alpha,imagination,3,7Networks_LH_Vis_3,0.0914780485605676,-0.230703283859457,0.395582652894819,0.579676824446965,41,0.994975402687945,node
auc_cc,alpha,total,4,7Networks_LH_Vis_4,-0.0349339837962546,-0.346635663518634,0.283715716511707,0.832786652486135,41,0.994975402687945,node
auc_cc,alpha,social,4,7Networks_LH_Vis_4,-0.0334216532162347,-0.345302794039244,0.285107340320538,0.839929462395356,41,0.994975402687945,node
auc_cc,alpha,switching,4,7Networks_LH_Vis_4,-0.130875656486237,-0.428695472426262,0.192600067058166,0.427107561878045,41,0.994975402687945,node
auc_cc,alpha,detail,4,7Networks_LH_Vis_4,0.0582010392407143,-0.262135198236356,0.366984293185419,0.724884448034068,41,0.994975402687945,node
auc_cc,alpha,communication,4,7Networks_LH_Vis_4,-0.00809946405671649,-0.322796992274126,0.30821064379759,0.960970142149372,41,0.994975402687945,node
auc_cc,alpha,imagination,4,7Networks_LH_Vis_4,0.0451014514145287,-0.274324789387787,0.355564046086956,0.785135130606447,41,0.994975402687945,node
auc_cc,alpha,total,5,7Networks_LH_Vis_5,-0.237915133056054,-0.514793308037601,0.0839059377616664,0.144709624887871,41,0.994975402687945,node
auc_cc,alpha,social,5,7Networks_LH_Vis_5,-0.152637962372944,-0.446649465516871,0.171126044752087,0.353583012471576,41,0.994975402687945,node
auc_cc,alpha,switching,5,7Networks_LH_Vis_5,-0.308920464368586,-0.568983349005401,0.00731499413988522,0.0556792718659584,41,0.994975402687945,node
auc_cc,alpha,detail,5,7Networks_LH_Vis_5,-0.0395781861132931,-0.350720907487622,0.279433785123926,0.810936801686299,41,0.994975402687945,node
auc_cc,alpha,communication,5,7Networks_LH_Vis_5,0.0549065637843771,-0.265210465854804,0.364120897124969,0.739899961784007,41,0.994975402687945,node
auc_cc,alpha,imagination,5,7Networks_LH_Vis_5,-0.208221881246047,-0.491456307085622,0.114845791811851,0.203360934077546,41,0.994975402687945,node
auc_cc,alpha,total,6,7Networks_LH_Vis_6,-0.123303166101046,-0.42239247766785,0.200000284742526,0.454559371121681,41,0.994975402687945,node
auc_cc,alpha,social,6,7Networks_LH_Vis_6,-0.0819634632832988,-0.387465551481933,0.239759488145808,0.619863355320133,41,0.994975402687945,node
auc_cc,alpha,switching,6,7Networks_LH_Vis_6,-0.0359705522338362,-0.347548500818933,0.282761105943247,0.827898487857678,41,0.994975402687945,node
auc_cc,alpha,detail,6,7Networks_LH_Vis_6,-0.152229669058826,-0.446314787357834,0.17153178090179,0.354887372120505,41,0.994975402687945,node
auc_cc,alpha,communication,6,7Networks_LH_Vis_6,-0.0495061918613356,-0.359414480568861,0.27023745863638,0.764718210666747,41,0.994975402687945,node
auc_cc,alpha,imagination,6,7Networks_LH_Vis_6,-0.00104231060301819,-0.316460691615943,0.314583603462738,0.994975402687945,41,0.994975402687945,node
auc_cc,alpha,total,7,7Networks_LH_Vis_7,-0.098035771233261,-0.401149670336702,0.224428826810249,0.552681308936214,41,0.994975402687945,node
auc_cc,alpha,social,7,7Networks_LH_Vis_7,-0.150371033158632,-0.444790222554908,0.173377389162131,0.360861812272187,41,0.994975402687945,node
auc_cc,alpha,switching,7,7Networks_LH_Vis_7,-0.0292957309407572,-0.34166006565514,0.288897134651974,0.859479159707989,41,0.994975402687945,node
auc_cc,alpha,detail,7,7Networks_LH_Vis_7,-0.132445601164172,-0.429998604292097,0.191061219602684,0.42153454594782,41,0.994975402687945,node
auc_cc,alpha,communication,7,7Networks_LH_Vis_7,0.10066495412198,-0.221905682247384,0.40337537989436,0.542026768254365,41,0.994975402687945,node
auc_cc,alpha,imagination,7,7Networks_LH_Vis_7,-0.020384760621225,-0.333760519312359,0.297048265387943,0.901969629325855,41,0.994975402687945,node
auc_cc,alpha,total,8,7Networks_LH_Vis_8,0.0124584663535791,-0.304260013415406,0.326696702025299,0.939996255817675,41,0.994975402687945,node
auc_cc,alpha,social,8,7Networks_LH_Vis_8,0.0694547519434014,-0.251580984272663,0.376721531363518,0.674382660705715,41,0.994975402687945,node
auc_cc,alpha,switching,8,7Networks_LH_Vis_8,-0.0108456481453171,-0.325255066694939,0.305723006105366,0.947752628884122,41,0.994975402687945,node
auc_cc,alpha,detail,8,7Networks_LH_Vis_8,-0.229928590710576,-0.508556477844907,0.0922892307997625,0.159091558733452,41,0.994975402687945,node
auc_cc,alpha,communication,8,7Networks_LH_Vis_8,0.215583886256346,-0.107232705571667,0.497280545343277,0.187477111216435,41,0.994975402687945,node
auc_cc,alpha,imagination,8,7Networks_LH_Vis_8,-0.00150483929461694,-0.316876839016177,0.314166786623417,0.992745771280086,41,0.994975402687945,node
auc_cc,alpha,total,9,7Networks_LH_Vis_9,-0.0263185537653837,-0.33902570836855,0.291625588950871,0.873637980019194,41,0.994975402687945,node
auc_cc,alpha,social,9,7Networks_LH_Vis_9,0.0253339719467199,-0.292526778645562,0.338153420069404,0.878329214136532,41,0.994975402687945,node
auc_cc,alpha,switching,9,7Networks_LH_Vis_9,0.104571766157459,-0.218148441254372,0.406676051566113,0.526378545155088,41,0.994975402687945,node
auc_cc,alpha,detail,9,7Networks_LH_Vis_9,-0.229631525648087,-0.50832392919357,0.0926001746217286,0.159645797724646,41,0.994975402687945,node
auc_cc,alpha,communication,9,7Networks_LH_Vis_9,0.0226396499960541,-0.294990013671422,0.335763639753678,0.89118734075043,41,0.994975402687945,node
auc_cc,alpha,imagination,9,7Networks_LH_Vis_9,-0.00147332220087,-0.316848486237137,0.314195192737461,0.992897698702205,41,0.994975402687945,node
auc_cc,alpha,total,10,7Networks_LH_SomMot_1,-0.106684349372994,-0.408457588888537,0.216112744471674,0.518010091832606,41,0.943427112805271,node
auc_cc,alpha,social,10,7Networks_LH_SomMot_1,-0.185610972445545,-0.473408528078168,0.137992962964555,0.257932471921189,41,0.943427112805271,node
auc_cc,alpha,switching,10,7Networks_LH_SomMot_1,-0.0798486172259738,-0.385654872297965,0.241764870825904,0.628951408536848,41,0.943427112805271,node
auc_cc,alpha,detail,10,7Networks_LH_SomMot_1,0.124198796520911,-0.199126948846534,0.423139470760864,0.451263699416288,41,0.943427112805271,node
auc_cc,alpha,communication,10,7Networks_LH_SomMot_1,-0.0215485504280941,-0.334794720065396,0.295986332105125,0.896402404056836,41,0.998449448690348,node
auc_cc,alpha,imagination,10,7Networks_LH_SomMot_1,-0.127617058417687,-0.425986713290676,0.195789048972881,0.438805373357503,41,0.943427112805271,node
auc_cc,alpha,total,11,7Networks_LH_SomMot_2,-0.0955175995029896,-0.399014575338175,0.226841390643586,0.562977415420447,41,0.943427112805271,node
auc_cc,alpha,social,11,7Networks_LH_SomMot_2,-0.224635180670937,-0.50440658725327,0.0978205457808123,0.169178328859303,41,0.943427112805271,node
auc_cc,alpha,switching,11,7Networks_LH_SomMot_2,-0.0973052713606196,-0.400530636666817,0.225129098006447,0.555658980823112,41,0.943427112805271,node
auc_cc,alpha,detail,11,7Networks_LH_SomMot_2,0.16586507230693,-0.157922103751219,0.457447405099142,0.312908567411724,41,0.943427112805271,node
auc_cc,alpha,communication,11,7Networks_LH_SomMot_2,0.0245662904536464,-0.293229047520792,0.337472921046568,0.881989836477829,41,0.998449448690348,node
auc_cc,alpha,imagination,11,7Networks_LH_SomMot_2,-0.111886406894561,-0.412834694493077,0.211088020875151,0.497688659805757,41,0.943427112805271,node
auc_cc,alpha,total,12,7Networks_LH_SomMot_3,0.082241116071134,-0.239496002485218,0.387703096057989,0.618674293587712,41,0.943427112805271,node
auc_cc,alpha,social,12,7Networks_LH_SomMot_3,0.000537656389366761,-0.315038243738326,0.316006504404525,0.997408143593609,41,0.998449448690348,node
auc_cc,alpha,switching,12,7Networks_LH_SomMot_3,-0.0625058537519644,-0.370717028529518,0.258106988607701,0.705416662699022,41,0.998449448690348,node
auc_cc,alpha,detail,12,7Networks_LH_SomMot_3,0.210563309201884,-0.112428617964962,0.493311411903881,0.198210631781547,41,0.943427112805271,node
auc_cc,alpha,communication,12,7Networks_LH_SomMot_3,0.0593558288326457,-0.26105570388745,0.367986596396869,0.719644756721907,41,0.998449448690348,node
auc_cc,alpha,imagination,12,7Networks_LH_SomMot_3,0.0314984042429975,-0.286875147377148,0.343605948573149,0.849031276353817,41,0.998449448690348,node
auc_cc,alpha,total,13,7Networks_LH_SomMot_4,0.0839264499714324,-0.237895644579877,0.389144105775069,0.611477379909299,41,0.943427112805271,node
auc_cc,alpha,social,13,7Networks_LH_SomMot_4,0.033105782981587,-0.285397829917152,0.345024247703452,0.841422949459154,41,0.998449448690348,node
auc_cc,alpha,switching,13,7Networks_LH_SomMot_4,0.0869268930350107,-0.235042155272611,0.391705880538128,0.598753464719548,41,0.943427112805271,node
auc_cc,alpha,detail,13,7Networks_LH_SomMot_4,-0.0491659308683409,-0.359117414678708,0.270553611403809,0.766290010632626,41,0.998449448690348,node
auc_cc,alpha,communication,13,7Networks_LH_SomMot_4,0.159121498054706,-0.164668364913715,0.451953017605421,0.333261267438116,41,0.943427112805271,node
auc_cc,alpha,imagination,13,7Networks_LH_SomMot_4,0.00214409836164436,-0.313590505322172,0.317451794873441,0.989664299480879,41,0.998449448690348,node
auc_cc,alpha,total,14,7Networks_LH_SomMot_5,0.186373154757732,-0.13721841898437,0.474020854628668,0.255948213742084,41,0.943427112805271,node
auc_cc,alpha,social,14,7Networks_LH_SomMot_5,0.126306999456917,-0.197069195216176,0.424896197228477,0.443557516123683,41,0.943427112805271,node
auc_cc,alpha,switching,14,7Networks_LH_SomMot_5,-0.0190803176721943,-0.332600429915942,0.298237609070552,0.908215183963626,41,0.998449448690348,node
auc_cc,alpha,detail,14,7Networks_LH_SomMot_5,0.103600769168727,-0.219083158181568,0.405856440228257,0.530246980877582,41,0.943427112805271,node
auc_cc,alpha,communication,14,7Networks_LH_SomMot_5,0.21412390529595,-0.108745494437434,0.496127538235494,0.190555044381428,41,0.943427112805271,node
auc_cc,alpha,imagination,14,7Networks_LH_SomMot_5,0.108613610065916,-0.214251243318811,0.410082524605377,0.510425902820611,41,0.943427112805271,node
auc_cc,alpha,total,15,7Networks_LH_SomMot_6,-0.186297544852654,-0.473960123122631,0.137295272874402,0.256144600250914,41,0.943427112805271,node
auc_cc,alpha,social,15,7Networks_LH_SomMot_6,-0.23697288003686,-0.514059007907226,0.0848973754366986,0.146354858767566,41,0.943427112805271,node
auc_cc,alpha,switching,15,7Networks_LH_SomMot_6,-0.15774155712793,-0.450825953210866,0.166045131923042,0.337524746357747,41,0.943427112805271,node
auc_cc,alpha,detail,15,7Networks_LH_SomMot_6,0.0562012633110152,-0.264002689389212,0.365246883943587,0.733987303986041,41,0.998449448690348,node
auc_cc,alpha,communication,15,7Networks_LH_SomMot_6,0.0382181402048669,-0.280689055912765,0.349525776402657,0.817321657014973,41,0.998449448690348,node
auc_cc,alpha,imagination,15,7Networks_LH_SomMot_6,-0.209982222046415,-0.492851258498232,0.113028860297187,0.199480196455892,41,0.943427112805271,node
auc_cc,alpha,total,16,7Networks_LH_DorsAttn_Post_1,-0.0166680466127595,-0.330452605304903,0.300434437257689,0.919778989601602,41,0.986051426922002,node
auc_cc,alpha,social,16,7Networks_LH_DorsAttn_Post_1,-0.0196624913971637,-0.333118295821134,0.297706925943442,0.905427094250284,41,0.986051426922002,node
auc_cc,alpha,switching,16,7Networks_LH_DorsAttn_Post_1,0.0217915302773133,-0.29576451910183,0.335010548700267,0.895240668503768,41,0.986051426922002,node
auc_cc,alpha,detail,16,7Networks_LH_DorsAttn_Post_1,-0.207554547624837,-0.490927110008824,0.115534014026931,0.204845779822562,41,0.986051426922002,node
auc_cc,alpha,communication,16,7Networks_LH_DorsAttn_Post_1,0.108552416714231,-0.214310323472013,0.410031013373528,0.510665604342309,41,0.986051426922002,node
auc_cc,alpha,imagination,16,7Networks_LH_DorsAttn_Post_1,0.0928058403824111,-0.2294350066407,0.396711656255948,0.574163237728121,41,0.986051426922002,node
auc_cc,alpha,total,17,7Networks_LH_DorsAttn_Post_2,-0.0162868100811841,-0.330112864362491,0.300781317492318,0.921608089864017,41,0.986051426922002,node
auc_cc,alpha,social,17,7Networks_LH_DorsAttn_Post_2,-0.102855654946964,-0.405227165003016,0.219800030752108,0.533224860699709,41,0.986051426922002,node
auc_cc,alpha,switching,17,7Networks_LH_DorsAttn_Post_2,-0.0127663517145058,-0.326971742635306,0.303980559656505,0.938516170453419,41,0.986051426922002,node
auc_cc,alpha,detail,17,7Networks_LH_DorsAttn_Post_2,0.0775455141784807,-0.243945645787121,0.383680329057495,0.638910086719183,41,0.986051426922002,node
auc_cc,alpha,communication,17,7Networks_LH_DorsAttn_Post_2,0.118225874582848,-0.204941497564818,0.418150111328828,0.473485993332322,41,0.986051426922002,node
auc_cc,alpha,imagination,17,7Networks_LH_DorsAttn_Post_2,-0.132977049254327,-0.430439451831098,0.19053993783835,0.419657310696211,41,0.986051426922002,node
auc_cc,alpha,total,18,7Networks_LH_DorsAttn_Post_3,0.0640436479674953,-0.256665297572612,0.372048051394308,0.69850609046525,41,0.986051426922002,node
auc_cc,alpha,social,18,7Networks_LH_DorsAttn_Post_3,0.122570321278806,-0.200714505240554,0.421780952181491,0.457265680118864,41,0.986051426922002,node
auc_cc,alpha,switching,18,7Networks_LH_DorsAttn_Post_3,-0.148231383989768,-0.44303303861294,0.175499229135859,0.367813945391071,41,0.986051426922002,node
auc_cc,alpha,detail,18,7Networks_LH_DorsAttn_Post_3,0.0627512900713847,-0.257876986350335,0.370929548497144,0.704312134857988,41,0.986051426922002,node
auc_cc,alpha,communication,18,7Networks_LH_DorsAttn_Post_3,0.154529723554328,-0.169244697562088,0.448199069720069,0.347577471757937,41,0.986051426922002,node
auc_cc,alpha,imagination,18,7Networks_LH_DorsAttn_Post_3,-0.026144986121861,-0.338871975488072,0.291784496750897,0.874464672709172,41,0.986051426922002,node
auc_cc,alpha,total,19,7Networks_LH_DorsAttn_Post_4,0.340887924153646,0.0284225329262835,0.592664674699212,0.0336993874522609,41,0.684438498269715,node
auc_cc,alpha,social,19,7Networks_LH_DorsAttn_Post_4,0.202935428647915,-0.120289229289845,0.487258396028902,0.215330890997506,41,0.986051426922002,node
auc_cc,alpha,switching,19,7Networks_LH_DorsAttn_Post_4,0.176488086058512,-0.14723319089702,0.466057675776489,0.282476517915881,41,0.986051426922002,node
auc_cc,alpha,detail,19,7Networks_LH_DorsAttn_Post_4,0.00289363757870031,-0.312914511960778,0.31812564263829,0.986051426922002,41,0.986051426922002,node
auc_cc,alpha,communication,19,7Networks_LH_DorsAttn_Post_4,0.395109152051616,0.0909214980648506,0.631860239598374,0.0127960294468228,41,0.684438498269715,node
auc_cc,alpha,imagination,19,7Networks_LH_DorsAttn_Post_4,0.191290277100324,-0.132212017622328,0.477964525681039,0.243391676215963,41,0.986051426922002,node
auc_cc,alpha,total,20,7Networks_LH_DorsAttn_Post_5,0.068959201498943,-0.252047345362312,0.376294182412043,0.676579030208701,41,0.986051426922002,node
auc_cc,alpha,social,20,7Networks_LH_DorsAttn_Post_5,0.0840744182252252,-0.237755053522479,0.389270551662131,0.610847209413752,41,0.986051426922002,node
auc_cc,alpha,switching,20,7Networks_LH_DorsAttn_Post_5,-0.178461175115641,-0.467650906369254,0.145239500717903,0.277043779500518,41,0.986051426922002,node
auc_cc,alpha,detail,20,7Networks_LH_DorsAttn_Post_5,-0.0484140672339987,-0.358460775065033,0.271251959415083,0.769766429896619,41,0.986051426922002,node
auc_cc,alpha,communication,20,7Networks_LH_DorsAttn_Post_5,0.320696549046976,0.00575658410874824,0.577757480528782,0.0465346179745109,41,0.684438498269715,node
auc_cc,alpha,imagination,20,7Networks_LH_DorsAttn_Post_5,0.047446061278999,-0.272150569998672,0.357614915696816,0.774248766709372,41,0.986051426922002,node
auc_cc,alpha,total,21,7Networks_LH_DorsAttn_Post_6,-0.140836616708258,-0.436942604064542,0.182809360091233,0.392450008627633,41,0.986051426922002,node
auc_cc,alpha,social,21,7Networks_LH_DorsAttn_Post_6,-0.0697609475571548,-0.376985520604733,0.251292749930295,0.673026873262204,41,0.986051426922002,node
auc_cc,alpha,switching,21,7Networks_LH_DorsAttn_Post_6,-0.0521111829151897,-0.361686696596894,0.267814749936785,0.752715928946353,41,0.986051426922002,node
auc_cc,alpha,detail,21,7Networks_LH_DorsAttn_Post_6,-0.139991903222409,-0.436245153957578,0.183642134240898,0.395323919897041,41,0.986051426922002,node
auc_cc,alpha,communication,21,7Networks_LH_DorsAttn_Post_6,0.0465627097918695,-0.272970108752162,0.356842584415953,0.77834542267812,41,0.986051426922002,node
auc_cc,alpha,imagination,21,7Networks_LH_DorsAttn_Post_6,-0.205028691871577,-0.488922205203047,0.118136127003496,0.21053430536066,41,0.986051426922002,node
auc_cc,alpha,total,22,7Networks_LH_DorsAttn_PrCv_1,0.083289308029641,-0.238500866769516,0.388599506361284,0.614194001303043,41,0.986051426922002,node
auc_cc,alpha,social,22,7Networks_LH_DorsAttn_PrCv_1,-0.0259951092807004,-0.338739212662367,0.291921700597999,0.875178633225641,41,0.986051426922002,node
auc_cc,alpha,switching,22,7Networks_LH_DorsAttn_PrCv_1,0.0722895592835493,-0.248910286489837,0.379163678977952,0.66186983418351,41,0.986051426922002,node
auc_cc,alpha,detail,22,7Networks_LH_DorsAttn_PrCv_1,0.182179154048093,-0.141475544832768,0.470648003319604,0.266993314981061,41,0.986051426922002,node
auc_cc,alpha,communication,22,7Networks_LH_DorsAttn_PrCv_1,-0.0386157402942406,-0.34987526959769,0.280322198924141,0.815453866444328,41,0.986051426922002,node
auc_cc,alpha,imagination,22,7Networks_LH_DorsAttn_PrCv_1,0.0447091685208786,-0.274688245166507,0.355220617460272,0.786960560065705,41,0.986051426922002,node
auc_cc,alpha,total,23,7Networks_LH_DorsAttn_FEF_1,0.113152152773902,-0.209862835871986,0.413897617538368,0.492806454177019,41,0.986051426922002,node
auc_cc,alpha,social,23,7Networks_LH_DorsAttn_FEF_1,-0.00350782798737817,-0.318677572328128,0.312360348178814,0.983091153759257,41,0.986051426922002,node
auc_cc,alpha,switching,23,7Networks_LH_DorsAttn_FEF_1,0.0240601830035073,-0.293691843058157,0.337024111214359,0.884404493186637,41,0.986051426922002,node
auc_cc,alpha,detail,23,7Networks_LH_DorsAttn_FEF_1,0.184093460325178,-0.139533909635358,0.472188551396349,0.261913531551473,41,0.986051426922002,node
auc_cc,alpha,communication,23,7Networks_LH_DorsAttn_FEF_1,0.0440870247276434,-0.275264483293984,0.354675782491807,0.789857912076213,41,0.986051426922002,node
auc_cc,alpha,imagination,23,7Networks_LH_DorsAttn_FEF_1,0.0846372597492966,-0.237220150142657,0.389751421359507,0.608452694721987,41,0.986051426922002,node
auc_cc,alpha,total,24,7Networks_LH_SalVentAttn_ParOper_1,0.054693907063801,-0.265408749299604,0.363935865300754,0.740872547404669,41,0.931218809547017,node
auc_cc,alpha,social,24,7Networks_LH_SalVentAttn_ParOper_1,-0.0521236001652953,-0.361697518803199,0.267803191878023,0.75265885203132,41,0.931218809547017,node
auc_cc,alpha,switching,24,7Networks_LH_SalVentAttn_ParOper_1,-0.0465419893741173,-0.356824463061212,0.272989326775137,0.778441587678705,41,0.931218809547017,node
auc_cc,alpha,detail,24,7Networks_LH_SalVentAttn_ParOper_1,0.181445694268691,-0.142218816349122,0.470057281277531,0.268956712614048,41,0.931218809547017,node
auc_cc,alpha,communication,24,7Networks_LH_SalVentAttn_ParOper_1,0.139726761538945,-0.183903432605147,0.436026162404406,0.396228501641763,41,0.931218809547017,node
auc_cc,alpha,imagination,24,7Networks_LH_SalVentAttn_ParOper_1,-0.0711900425945454,-0.378216967672424,0.24994673135685,0.666712584767897,41,0.931218809547017,node
auc_cc,alpha,total,25,7Networks_LH_SalVentAttn_FrOperIns_1,0.0329720806715873,-0.285520771424709,0.344906327390344,0.842055281399819,41,0.931218809547017,node
auc_cc,alpha,social,25,7Networks_LH_SalVentAttn_FrOperIns_1,-0.116013310380646,-0.416297285762379,0.207089620938023,0.481861828621744,41,0.931218809547017,node
auc_cc,alpha,switching,25,7Networks_LH_SalVentAttn_FrOperIns_1,0.0581120608736019,-0.262218341734439,0.366907034373631,0.725288691117236,41,0.931218809547017,node
auc_cc,alpha,detail,25,7Networks_LH_SalVentAttn_FrOperIns_1,0.11583881939032,-0.207258897452321,0.416151058917376,0.48252564810997,41,0.931218809547017,node
auc_cc,alpha,communication,25,7Networks_LH_SalVentAttn_FrOperIns_1,0.045271660236305,-0.274167060056717,0.355713031307864,0.784343441151528,41,0.931218809547017,node
auc_cc,alpha,imagination,25,7Networks_LH_SalVentAttn_FrOperIns_1,0.0108336540770757,-0.305733880367181,0.325244340187284,0.947810329482646,41,0.957476197742989,node
auc_cc,alpha,total,26,7Networks_LH_SalVentAttn_FrOperIns_2,0.0754270262185468,-0.245948744621138,0.3818615887962,0.648125991016623,41,0.931218809547017,node
auc_cc,alpha,social,26,7Networks_LH_SalVentAttn_FrOperIns_2,0.121141915817369,-0.202105622548504,0.4205882302679,0.462565454865872,41,0.931218809547017,node
auc_cc,alpha,switching,26,7Networks_LH_SalVentAttn_FrOperIns_2,-0.126301242737467,-0.424891403320968,0.197074818059455,0.443578460200883,41,0.931218809547017,node
auc_cc,alpha,detail,26,7Networks_LH_SalVentAttn_FrOperIns_2,0.0978923003932267,-0.224566386996758,0.401028113404584,0.553265533660342,41,0.931218809547017,node
auc_cc,alpha,communication,26,7Networks_LH_SalVentAttn_FrOperIns_2,0.0365179390503654,-0.282256744226731,0.348030310032841,0.825319730141805,41,0.931218809547017,node
auc_cc,alpha,imagination,26,7Networks_LH_SalVentAttn_FrOperIns_2,0.0883306361697393,-0.233705255443851,0.392902774457453,0.592840459197078,41,0.931218809547017,node
auc_cc,alpha,total,27,7Networks_LH_SalVentAttn_PFCl_1,0.168805399121869,-0.154971112044891,0.459836112947884,0.304285667051671,41,0.931218809547017,node
auc_cc,alpha,social,27,7Networks_LH_SalVentAttn_PFCl_1,0.262677295735155,-0.0576208066606655,0.533945995207052,0.106189307523311,41,0.931218809547017,node
auc_cc,alpha,switching,27,7Networks_LH_SalVentAttn_PFCl_1,0.149435914778991,-0.174305094039976,0.444022536597497,0.363890411412017,41,0.931218809547017,node
auc_cc,alpha,detail,27,7Networks_LH_SalVentAttn_PFCl_1,0.0707857253650906,-0.250327670674344,0.377868678873558,0.668496741059035,41,0.931218809547017,node
auc_cc,alpha,communication,27,7Networks_LH_SalVentAttn_PFCl_1,-0.207390356569854,-0.490796874066597,0.115703296983662,0.205212267461735,41,0.931218809547017,node
auc_cc,alpha,imagination,27,7Networks_LH_SalVentAttn_PFCl_1,0.148509370516613,-0.175223726297036,0.443261462764265,0.366906221948344,41,0.931218809547017,node
auc_cc,alpha,total,28,7Networks_LH_SalVentAttn_Med_1,-0.0643178272020627,-0.372285231593241,0.25640810294184,0.697276471878436,41,0.931218809547017,node
auc_cc,alpha,social,28,7Networks_LH_SalVentAttn_Med_1,-0.219930093845526,-0.50070704448904,0.10272042911575,0.178523133006681,41,0.931218809547017,node
auc_cc,alpha,switching,28,7Networks_LH_SalVentAttn_Med_1,0.033809883524192,-0.284750224714849,0.34564507497327,0.838094602019683,41,0.931218809547017,node
auc_cc,alpha,detail,28,7Networks_LH_SalVentAttn_Med_1,0.183491890566953,-0.140144335749703,0.471704624505481,0.263502902516711,41,0.931218809547017,node
auc_cc,alpha,communication,28,7Networks_LH_SalVentAttn_Med_1,-0.203046703679456,-0.487346893846595,0.120174849770851,0.215074027470503,41,0.931218809547017,node
auc_cc,alpha,imagination,28,7Networks_LH_SalVentAttn_Med_1,0.0706173993789503,-0.2504862346234,0.377723653104075,0.669240054130588,41,0.931218809547017,node
auc_cc,alpha,total,29,7Networks_LH_SalVentAttn_Med_2,-0.107055129277068,-0.40877002986583,0.215755169180382,0.516548180381567,41,0.931218809547017,node
auc_cc,alpha,social,29,7Networks_LH_SalVentAttn_Med_2,-0.208584987588408,-0.491744163402016,0.114471189340508,0.202556170800338,41,0.931218809547017,node
auc_cc,alpha,switching,29,7Networks_LH_SalVentAttn_Med_2,-0.0602149222090006,-0.368731784187455,0.260252105423278,0.715754905505388,41,0.931218809547017,node
auc_cc,alpha,detail,29,7Networks_LH_SalVentAttn_Med_2,-0.0325924591377117,-0.344571462071094,0.285869782642358,0.843851195275956,41,0.931218809547017,node
auc_cc,alpha,communication,29,7Networks_LH_SalVentAttn_Med_2,0.0938238246009703,-0.228461909115116,0.397576612184619,0.569952307177142,41,0.931218809547017,node
auc_cc,alpha,imagination,29,7Networks_LH_SalVentAttn_Med_2,-0.0446376902573229,-0.355158031952745,0.274754460983202,0.787293294655592,41,0.931218809547017,node
auc_cc,alpha,total,30,7Networks_LH_SalVentAttn_Med_3,-0.0356637994881833,-0.347278425466923,0.283043670606108,0.829344390298805,41,0.931218809547017,node
auc_cc,alpha,social,30,7Networks_LH_SalVentAttn_Med_3,-0.128247545347941,-0.426511232825017,0.195172564886854,0.43652836599553,41,0.931218809547017,node
auc_cc,alpha,switching,30,7Networks_LH_SalVentAttn_Med_3,-0.0639094414073545,-0.371931940634838,0.256791173872081,0.699108246915785,41,0.931218809547017,node
auc_cc,alpha,detail,30,7Networks_LH_SalVentAttn_Med_3,0.0930755941417803,-0.22917721004147,0.396940911898496,0.573046016455952,41,0.931218809547017,node
auc_cc,alpha,communication,30,7Networks_LH_SalVentAttn_Med_3,0.0103693304646292,-0.306154789695076,0.324829025152662,0.950044278461837,41,0.957476197742989,node
auc_cc,alpha,imagination,30,7Networks_LH_SalVentAttn_Med_3,0.0278076892689527,-0.290261507002735,0.340343984226394,0.866550836661807,41,0.931218809547017,node
auc_cc,alpha,total,31,7Networks_LH_Limbic_OFC_1,0.0824983443971437,-0.239251856838505,0.387923130380506,0.617573554013703,41,0.979769165446906,node
auc_cc,alpha,social,31,7Networks_LH_Limbic_OFC_1,0.0629020716993736,-0.257735668479221,0.371060092251709,0.703633874167681,41,0.979769165446906,node
auc_cc,alpha,switching,31,7Networks_LH_Limbic_OFC_1,0.0245320578436591,-0.293260355252587,0.337442568476142,0.882153128574605,41,0.979769165446906,node
auc_cc,alpha,detail,31,7Networks_LH_Limbic_OFC_1,0.159771456330246,-0.164019464191545,0.452483546234292,0.331264747447014,41,0.979769165446906,node
auc_cc,alpha,communication,31,7Networks_LH_Limbic_OFC_1,-0.107367759055148,-0.409033415178742,0.215453605818685,0.515317138513665,41,0.979769165446906,node
auc_cc,alpha,imagination,31,7Networks_LH_Limbic_OFC_1,0.0841423801237767,-0.237690475454766,0.38932862447159,0.610557864331959,41,0.979769165446906,node
auc_cc,alpha,total,32,7Networks_LH_Limbic_TempPole_1,0.058038255954699,-0.262287303194137,0.366842947246321,0.725624054481858,41,0.979769165446906,node
auc_cc,alpha,social,32,7Networks_LH_Limbic_TempPole_1,0.0318878659554933,-0.286517337964839,0.343949727762531,0.8471865426302,41,0.979769165446906,node
auc_cc,alpha,switching,32,7Networks_LH_Limbic_TempPole_1,0.00419712173894488,-0.311738164999106,0.319296737688861,0.979769165446906,41,0.979769165446906,node
auc_cc,alpha,detail,32,7Networks_LH_Limbic_TempPole_1,-0.0503590617133515,-0.360158805247725,0.269444713314545,0.760782562002983,41,0.979769165446906,node
auc_cc,alpha,communication,32,7Networks_LH_Limbic_TempPole_1,0.178018358103887,-0.145687170101202,0.467293503808656,0.278257056940886,41,0.979769165446906,node
auc_cc,alpha,imagination,32,7Networks_LH_Limbic_TempPole_1,0.00602966180628464,-0.310082724825746,0.320941528769298,0.970939190120177,41,0.979769165446906,node
auc_cc,alpha,total,33,7Networks_LH_Limbic_TempPole_2,0.0251133037354808,-0.29272867927532,0.337957845746475,0.879381199272895,41,0.979769165446906,node
auc_cc,alpha,social,33,7Networks_LH_Limbic_TempPole_2,-0.0644385407387388,-0.372389642725755,0.256294852854937,0.696735346193965,41,0.979769165446906,node
auc_cc,alpha,switching,33,7Networks_LH_Limbic_TempPole_2,-0.107051611064212,-0.408767065544856,0.215758562505771,0.516562042354123,41,0.979769165446906,node
auc_cc,alpha,detail,33,7Networks_LH_Limbic_TempPole_2,0.0239752441493509,-0.293769498378252,0.336948774546834,0.884809840999436,41,0.979769165446906,node
auc_cc,alpha,communication,33,7Networks_LH_Limbic_TempPole_2,0.22272195174406,-0.0998148725798427,0.502903480752889,0.17293481571067,41,0.979769165446906,node
auc_cc,alpha,imagination,33,7Networks_LH_Limbic_TempPole_2,0.0442000460626151,-0.275159818434889,0.354774775251919,0.789331358238021,41,0.979769165446906,node
auc_cc,alpha,total,34,7Networks_LH_Cont_Par_1,0.236775528095824,-0.0851049482550002,0.513905159590189,0.146701178666833,41,0.861703275932258,node
auc_cc,alpha,social,34,7Networks_LH_Cont_Par_1,0.184520381846649,-0.139100553671061,0.47253187890984,0.260789448996898,41,0.861703275932258,node
auc_cc,alpha,switching,34,7Networks_LH_Cont_Par_1,0.0802493969089896,-0.241385046172064,0.385998191001266,0.627224953872866,41,0.861703275932258,node
auc_cc,alpha,detail,34,7Networks_LH_Cont_Par_1,-0.0309007436346907,-0.343078228778384,0.287424062259536,0.851863708908217,41,0.935850271758323,node
auc_cc,alpha,communication,34,7Networks_LH_Cont_Par_1,0.319006328550738,0.00387378276473897,0.576501771285902,0.0477671845300733,41,0.861703275932258,node
auc_cc,alpha,imagination,34,7Networks_LH_Cont_Par_1,0.112834847619945,-0.210170068275042,0.413631234288777,0.494028039985861,41,0.861703275932258,node
auc_cc,alpha,total,35,7Networks_LH_Cont_PFCl_1,0.169403757520047,-0.154369874960252,0.460321701318613,0.302549612096029,41,0.861703275932258,node
auc_cc,alpha,social,35,7Networks_LH_Cont_PFCl_1,0.0862506492816759,-0.235685763217478,0.391128916609781,0.601611135451561,41,0.861703275932258,node
auc_cc,alpha,switching,35,7Networks_LH_Cont_PFCl_1,0.241667098409405,-0.079951793712262,0.517713200127741,0.138293086109417,41,0.861703275932258,node
auc_cc,alpha,detail,35,7Networks_LH_Cont_PFCl_1,0.185757088933192,-0.137844507305761,0.473525937564235,0.257551283477618,41,0.861703275932258,node
auc_cc,alpha,communication,35,7Networks_LH_Cont_PFCl_1,-0.222802253174234,-0.502966602745445,0.0997312194055081,0.172775957721027,41,0.861703275932258,node
auc_cc,alpha,imagination,35,7Networks_LH_Cont_PFCl_1,0.164636979347015,-0.159152941233133,0.456448460679434,0.316555328541197,41,0.861703275932258,node
auc_cc,alpha,total,36,7Networks_LH_Cont_pCun_1,0.0855451843109209,-0.236356881319735,0.39052676594584,0.604598558994453,41,0.861703275932258,node
auc_cc,alpha,social,36,7Networks_LH_Cont_pCun_1,0.170526321555752,-0.153241262997474,0.46123223114371,0.299309722712727,41,0.861703275932258,node
auc_cc,alpha,switching,36,7Networks_LH_Cont_pCun_1,0.0594069812827909,-0.261007868166163,0.368030977742117,0.719412949668569,41,0.908317765571467,node
auc_cc,alpha,detail,36,7Networks_LH_Cont_pCun_1,-0.235587111951053,-0.512978337006689,0.0863543221702214,0.148799365755043,41,0.861703275932258,node
auc_cc,alpha,communication,36,7Networks_LH_Cont_pCun_1,0.331387631576785,0.0177177472740345,0.585672075330187,0.039320356621703,41,0.861703275932258,node
auc_cc,alpha,imagination,36,7Networks_LH_Cont_pCun_1,-0.136130088800392,-0.433052050050199,0.187443457528772,0.408617167068712,41,0.861703275932258,node
auc_cc,alpha,total,37,7Networks_LH_Cont_Cing_1,-0.175317791058094,-0.465111797468266,0.148414463503227,0.285731319187879,41,0.861703275932258,node
auc_cc,alpha,social,37,7Networks_LH_Cont_Cing_1,-0.295349742562155,-0.558798096812815,0.0222457868642168,0.0679391538597186,41,0.861703275932258,node
auc_cc,alpha,switching,37,7Networks_LH_Cont_Cing_1,-0.153981927105564,-0.447750532979265,0.16978972124783,0.349310058993971,41,0.861703275932258,node
auc_cc,alpha,detail,37,7Networks_LH_Cont_Cing_1,0.0160078376685964,-0.301035096307708,0.329864205100753,0.922946798839518,41,0.986162333006608,node
auc_cc,alpha,communication,37,7Networks_LH_Cont_Cing_1,0.0864956794260413,-0.235452590950643,0.391338001393043,0.600575005601779,41,0.861703275932258,node
auc_cc,alpha,imagination,37,7Networks_LH_Cont_Cing_1,-0.0805266395853053,-0.386235635018968,0.241122241636141,0.626031807963943,41,0.861703275932258,node
auc_cc,alpha,total,38,7Networks_LH_Default_Temp_1,-0.185797977682544,-0.473558791210988,0.13780296136669,0.257444680110609,41,0.981377215588994,node
auc_cc,alpha,social,38,7Networks_LH_Default_Temp_1,-0.266587948065217,-0.536945509692246,0.0534286297680586,0.100897860021153,41,0.981377215588994,node
auc_cc,alpha,switching,38,7Networks_LH_Default_Temp_1,-0.0821627694229355,-0.387636071049169,0.23957035632559,0.619009720214217,41,0.981377215588994,node
auc_cc,alpha,detail,38,7Networks_LH_Default_Temp_1,0.179030477535282,-0.144663765103722,0.468110257825681,0.275489029138673,41,0.981377215588994,node
auc_cc,alpha,communication,38,7Networks_LH_Default_Temp_1,-0.246977368070476,-0.521834849139262,0.0743380200129865,0.129574208510462,41,0.981377215588994,node
auc_cc,alpha,imagination,38,7Networks_LH_Default_Temp_1,-0.0805621582397944,-0.386266051982563,0.241088569299637,0.62587901706015,41,0.981377215588994,node
auc_cc,alpha,total,39,7Networks_LH_Default_Temp_2,-0.0813148114687275,-0.386910442242741,0.240374858104304,0.622644951585146,41,0.981377215588994,node
auc_cc,alpha,social,39,7Networks_LH_Default_Temp_2,-0.197303917029852,-0.482771975261848,0.126066670548236,0.228608112718416,41,0.981377215588994,node
auc_cc,alpha,switching,39,7Networks_LH_Default_Temp_2,-0.00901932498178375,-0.323620821188096,0.307377867021066,0.956541489057404,41,0.981951027852633,node
auc_cc,alpha,detail,39,7Networks_LH_Default_Temp_2,0.0365055115246725,-0.282268196892944,0.348019373165091,0.825378256696312,41,0.981377215588994,node
auc_cc,alpha,communication,39,7Networks_LH_Default_Temp_2,0.0477275165216604,-0.271889349462684,0.357860908357279,0.772944741245539,41,0.981377215588994,node
auc_cc,alpha,imagination,39,7Networks_LH_Default_Temp_2,-0.0806390361061722,-0.386331885286957,0.241015685018867,0.625548363626935,41,0.981377215588994,node
auc_cc,alpha,total,40,7Networks_LH_Default_Par_1,-0.0885209304510548,-0.393064948448671,0.233523928806414,0.592040859679636,41,0.981377215588994,node
auc_cc,alpha,social,40,7Networks_LH_Default_Par_1,-0.124019489766108,-0.422989953982986,0.199301833325964,0.451922458745771,41,0.981377215588994,node
auc_cc,alpha,switching,40,7Networks_LH_Default_Par_1,-0.0436769875724796,-0.354316582013054,0.275644139925298,0.791769000466179,41,0.981377215588994,node
auc_cc,alpha,detail,40,7Networks_LH_Default_Par_1,-0.160309635962762,-0.45292267875993,0.163481948078311,0.329617210380403,41,0.981377215588994,node
auc_cc,alpha,communication,40,7Networks_LH_Default_Par_1,0.00799073089811683,-0.308309051051251,0.322699579158404,0.96149371477237,41,0.981951027852633,node
auc_cc,alpha,imagination,40,7Networks_LH_Default_Par_1,0.151805786295697,-0.171952892696829,0.44596724346077,0.356244611518302,41,0.981377215588994,node
auc_cc,alpha,total,41,7Networks_LH_Default_Par_2,0.044703042111045,-0.274693920650141,0.355215253358607,0.786989077323744,41,0.981377215588994,node
auc_cc,alpha,social,41,7Networks_LH_Default_Par_2,0.0296706740300413,-0.288553148634246,0.341991486660597,0.85769898449965,41,0.981377215588994,node
auc_cc,alpha,switching,41,7Networks_LH_Default_Par_2,-0.034143017933812,-0.345938714800363,0.284443718842643,0.836520809035286,41,0.981377215588994,node
auc_cc,alpha,detail,41,7Networks_LH_Default_Par_2,-0.0903861240980932,-0.3946535151553,0.231745446155707,0.584228745091506,41,0.981377215588994,node
auc_cc,alpha,communication,41,7Networks_LH_Default_Par_2,0.257548929962185,-0.0631012932494757,0.530002105452539,0.113444865927402,41,0.981377215588994,node
auc_cc,alpha,imagination,41,7Networks_LH_Default_Par_2,-0.029056070962972,-0.341448183862999,0.289116964138131,0.860617389843301,41,0.981377215588994,node
auc_cc,alpha,total,42,7Networks_LH_Default_PFC_1,-0.0866856096712119,-0.391500047656145,0.235271826601433,0.59977240262402,41,0.981377215588994,node
auc_cc,alpha,social,42,7Networks_LH_Default_PFC_1,0.055524474864139,-0.264634165148093,0.364658400794647,0.737076211844747,41,0.981377215588994,node
auc_cc,alpha,switching,42,7Networks_LH_Default_PFC_1,-0.0968381239464111,-0.400134625625909,0.225576739925802,0.557567100312431,41,0.981377215588994,node
auc_cc,alpha,detail,42,7Networks_LH_Default_PFC_1,0.104380023664141,-0.218333066462707,0.406514241678541,0.527141347207792,41,0.981377215588994,node
auc_cc,alpha,communication,42,7Networks_LH_Default_PFC_1,-0.311139036096425,-0.570640902850373,0.00486059088741805,0.0538547853873138,41,0.981377215588994,node
auc_cc,alpha,imagination,42,7Networks_LH_Default_PFC_1,-0.0300159856461393,-0.342296646996229,0.288236274891912,0.856060108575539,41,0.981377215588994,node
auc_cc,alpha,total,43,7Networks_LH_Default_PFC_2,-0.0381070760687348,-0.349428134785836,0.280791515737896,0.817843576942333,41,0.981377215588994,node
auc_cc,alpha,social,43,7Networks_LH_Default_PFC_2,0.0503623876567003,-0.26944162099066,0.360161707124716,0.760767225664248,41,0.981377215588994,node
auc_cc,alpha,switching,43,7Networks_LH_Default_PFC_2,-0.158682404776771,-0.451594490306606,0.165106585163389,0.334614264085382,41,0.981377215588994,node
auc_cc,alpha,detail,43,7Networks_LH_Default_PFC_2,0.183171162012679,-0.140469685577045,0.4714465465869,0.264352882004852,41,0.981377215588994,node
auc_cc,alpha,communication,43,7Networks_LH_Default_PFC_2,-0.265379832221634,-0.536019600306055,0.0547249221070606,0.102510576169224,41,0.981377215588994,node
auc_cc,alpha,imagination,43,7Networks_LH_Default_PFC_2,0.0861091160060102,-0.235820430309961,0.391008131600866,0.602209972447654,41,0.981377215588994,node
auc_cc,alpha,total,44,7Networks_LH_Default_PFC_3,0.0899567288544404,-0.232155070144387,0.39428796464091,0.586023129228961,41,0.981377215588994,node
auc_cc,alpha,social,44,7Networks_LH_Default_PFC_3,0.107495835017852,-0.215330045685402,0.409141302504422,0.514813236043323,41,0.981377215588994,node
auc_cc,alpha,switching,44,7Networks_LH_Default_PFC_3,0.0736758822778168,-0.247602438085412,0.380356422706425,0.655783160301871,41,0.981377215588994,node
auc_cc,alpha,detail,44,7Networks_LH_Default_PFC_3,0.0468233548321199,-0.27272834076312,0.357070515535942,0.777136028034396,41,0.981377215588994,node
auc_cc,alpha,communication,44,7Networks_LH_Default_PFC_3,-0.0947721450265887,-0.398381891124849,0.227554823903979,0.566042296936345,41,0.981377215588994,node
auc_cc,alpha,imagination,44,7Networks_LH_Default_PFC_3,0.109279909246889,-0.213607800605592,0.410643276304414,0.507819586684108,41,0.981377215588994,node
auc_cc,alpha,total,45,7Networks_LH_Default_PFC_4,-0.101609568640658,-0.404174160564922,0.22099810918861,0.5382229414156,41,0.981377215588994,node
auc_cc,alpha,social,45,7Networks_LH_Default_PFC_4,-0.0249873300017645,-0.337846185344115,0.292843926379109,0.879981841853724,41,0.981377215588994,node
auc_cc,alpha,switching,45,7Networks_LH_Default_PFC_4,-0.218621961188959,-0.499676652834812,0.104079943924663,0.181185399512364,41,0.981377215588994,node
auc_cc,alpha,detail,45,7Networks_LH_Default_PFC_4,0.28207947916315,-0.0367102804755483,0.548760893287403,0.0818945102106862,41,0.981377215588994,node
auc_cc,alpha,communication,45,7Networks_LH_Default_PFC_4,-0.243666412698986,-0.519266504640134,0.0778406021959733,0.134960966619299,41,0.981377215588994,node
auc_cc,alpha,imagination,45,7Networks_LH_Default_PFC_4,-0.109952467973546,-0.41120906489158,0.212958028841724,0.505195594199914,41,0.981377215588994,node
auc_cc,alpha,total,46,7Networks_LH_Default_PFC_5,0.144840595377895,-0.178855646201227,0.44024371127986,0.378993675998215,41,0.981377215588994,node
auc_cc,alpha,social,46,7Networks_LH_Default_PFC_5,0.0287325211291743,-0.289413688853285,0.341162085231583,0.862154482705662,41,0.981377215588994,node
auc_cc,alpha,switching,46,7Networks_LH_Default_PFC_5,0.147042353777089,-0.176677063888833,0.44205556907515,0.371711656041258,41,0.981377215588994,node
auc_cc,alpha,detail,46,7Networks_LH_Default_PFC_5,0.242876867439155,-0.0786746733235525,0.518653309700195,0.136269666301714,41,0.981377215588994,node
auc_cc,alpha,communication,46,7Networks_LH_Default_PFC_5,-0.0796599365634629,-0.385493214021362,0.241943652080976,0.629764870395475,41,0.981377215588994,node
auc_cc,alpha,imagination,46,7Networks_LH_Default_PFC_5,0.0433819928243567,-0.27591721628219,0.354058104197587,0.7931446459719,41,0.981377215588994,node
auc_cc,alpha,total,47,7Networks_LH_Default_PFC_6,0.0595126579027778,-0.260909038642734,0.368122661380758,0.718934134346806,41,0.981377215588994,node
auc_cc,alpha,social,47,7Networks_LH_Default_PFC_6,0.0965819102361758,-0.225822197770208,0.399917379574986,0.558614932586962,41,0.981377215588994,node
auc_cc,alpha,switching,47,7Networks_LH_Default_PFC_6,0.0130331508303022,-0.30373835395151,0.32721003697977,0.937233761913689,41,0.981377215588994,node
auc_cc,alpha,detail,47,7Networks_LH_Default_PFC_6,0.053143175348137,-0.266853850245778,0.362585841036933,0.747976740082239,41,0.981377215588994,node
auc_cc,alpha,communication,47,7Networks_LH_Default_PFC_6,0.0488525219200632,-0.270844753651613,0.358843736470173,0.767738586992937,41,0.981377215588994,node
auc_cc,alpha,imagination,47,7Networks_LH_Default_PFC_6,-0.0915440094251578,-0.39563876022539,0.230640305338929,0.57940236418058,41,0.981377215588994,node
auc_cc,alpha,total,48,7Networks_LH_Default_PFC_7,0.0582653398175709,-0.262075111290942,0.367040121926795,0.724592365886455,41,0.981377215588994,node
auc_cc,alpha,social,48,7Networks_LH_Default_PFC_7,-0.015778306640444,-0.3296595822584,0.301243865050191,0.924048409839708,41,0.981377215588994,node
auc_cc,alpha,switching,48,7Networks_LH_Default_PFC_7,0.0111993975601461,-0.305402246779341,0.325571394681888,0.946050944297974,41,0.981377215588994,node
auc_cc,alpha,detail,48,7Networks_LH_Default_PFC_7,0.1351159871312,-0.188440070291166,0.432212312639291,0.412149748729828,41,0.981377215588994,node
auc_cc,alpha,communication,48,7Networks_LH_Default_PFC_7,-0.0636280649995803,-0.37168847244637,0.257055049806971,0.700371312241963,41,0.981377215588994,node
auc_cc,alpha,imagination,48,7Networks_LH_Default_PFC_7,0.122010930976357,-0.201259448162707,0.421313983291816,0.459337266051853,41,0.981377215588994,node
auc_cc,alpha,total,49,7Networks_LH_Default_pCunPCC_1,-0.0515785990260711,-0.361222446627357,0.268310395896921,0.755165211098603,41,0.981377215588994,node
auc_cc,alpha,social,49,7Networks_LH_Default_pCunPCC_1,0.00250098481664157,-0.313268676982503,0.31777268123292,0.987944032529087,41,0.987944032529087,node
auc_cc,alpha,switching,49,7Networks_LH_Default_pCunPCC_1,-0.0624699227662046,-0.370685913669436,0.258140657053448,0.70557841158743,41,0.981377215588994,node
auc_cc,alpha,detail,49,7Networks_LH_Default_pCunPCC_1,-0.208857340776747,-0.491960033600867,0.114190153002972,0.201954008331931,41,0.981377215588994,node
auc_cc,alpha,communication,49,7Networks_LH_Default_pCunPCC_1,0.133387987592627,-0.190136735418435,0.430780236691973,0.418208988438623,41,0.981377215588994,node
auc_cc,alpha,imagination,49,7Networks_LH_Default_pCunPCC_1,0.0178482579126223,-0.299360052258151,0.33150384155223,0.914119180840999,41,0.981377215588994,node
auc_cc,alpha,total,50,7Networks_LH_Default_pCunPCC_2,0.032731189006461,-0.285742248881551,0.344693845319947,0.843194801143303,41,0.981377215588994,node
auc_cc,alpha,social,50,7Networks_LH_Default_pCunPCC_2,0.0592119980272594,-0.261190200259702,0.367861797093456,0.720296685786853,41,0.981377215588994,node
auc_cc,alpha,switching,50,7Networks_LH_Default_pCunPCC_2,-0.0599947899101638,-0.368540876599522,0.2604580601356,0.716750963486254,41,0.981377215588994,node
auc_cc,alpha,detail,50,7Networks_LH_Default_pCunPCC_2,-0.153969027927841,-0.447739969326843,0.169802552747813,0.349350920153365,41,0.981377215588994,node
auc_cc,alpha,communication,50,7Networks_LH_Default_pCunPCC_2,0.222218601620481,-0.100339128457685,0.502507747695822,0.173932963983584,41,0.981377215588994,node
auc_cc,alpha,imagination,50,7Networks_LH_Default_pCunPCC_2,0.050000704758431,-0.269777860083989,0.359846104602163,0.762435517430947,41,0.981377215588994,node
auc_cc,alpha,total,51,7Networks_RH_Vis_1,0.183586850256322,-0.140047994406037,0.471781025438104,0.263251592158543,41,0.994975402687945,node
auc_cc,alpha,social,51,7Networks_RH_Vis_1,0.0508750187744789,-0.268964919026441,0.360608904789111,0.758404500736884,41,0.994975402687945,node
auc_cc,alpha,switching,51,7Networks_RH_Vis_1,-0.0125043883541352,-0.326737728512808,0.304218335530139,0.939775484033974,41,0.994975402687945,node
auc_cc,alpha,detail,51,7Networks_RH_Vis_1,0.0921268126356936,-0.230083735584502,0.396134403029429,0.57697989044149,41,0.994975402687945,node
auc_cc,alpha,communication,51,7Networks_RH_Vis_1,0.31853227749889,0.00334612003610665,0.576149367761488,0.0481175615291253,41,0.994975402687945,node
auc_cc,alpha,imagination,51,7Networks_RH_Vis_1,0.0969195571431094,-0.225498716725755,0.400203666473049,0.557234256739665,41,0.994975402687945,node
auc_cc,alpha,total,52,7Networks_RH_Vis_2,-0.0673345083610061,-0.374892174327822,0.253575294297714,0.683798403661306,41,0.994975402687945,node
auc_cc,alpha,social,52,7Networks_RH_Vis_2,-0.0711253843167732,-0.378161275280926,0.250007657725308,0.666997785385105,41,0.994975402687945,node
auc_cc,alpha,switching,52,7Networks_RH_Vis_2,-0.0926821836552522,-0.396606551431898,0.229553167023556,0.574675708940951,41,0.994975402687945,node
auc_cc,alpha,detail,52,7Networks_RH_Vis_2,-0.164877488162436,-0.456644151160103,0.158911974165693,0.315839052716042,41,0.994975402687945,node
auc_cc,alpha,communication,52,7Networks_RH_Vis_2,0.248040543280511,-0.0732116277973245,0.522658510236388,0.1278788942575,41,0.994975402687945,node
auc_cc,alpha,imagination,52,7Networks_RH_Vis_2,-0.0836475574149673,-0.388905747591645,0.238160595840119,0.612665883534665,41,0.994975402687945,node
auc_cc,alpha,total,53,7Networks_RH_Vis_3,-0.0307876051963052,-0.342978308097413,0.287527949494191,0.85240010188564,41,0.994975402687945,node
auc_cc,alpha,social,53,7Networks_RH_Vis_3,-0.0558681805621265,-0.364957291683272,0.264313505718786,0.735507003574408,41,0.994975402687945,node
auc_cc,alpha,switching,53,7Networks_RH_Vis_3,-0.159441324919522,-0.452214102265995,0.164349093464337,0.332277905427281,41,0.994975402687945,node
auc_cc,alpha,detail,53,7Networks_RH_Vis_3,-0.0187885638052028,-0.332340832496181,0.298503484873849,0.909612833173408,41,0.994975402687945,node
auc_cc,alpha,communication,53,7Networks_RH_Vis_3,0.224524854955776,-0.0979356183856291,0.504319957156968,0.169393337721663,41,0.994975402687945,node
auc_cc,alpha,imagination,53,7Networks_RH_Vis_3,-0.0474004742882574,-0.357575068490036,0.272192875164435,0.774460035839227,41,0.994975402687945,node
auc_cc,alpha,total,54,7Networks_RH_Vis_4,-0.105447689675121,-0.407414995108989,0.217304737220473,0.522900781871661,41,0.994975402687945,node
auc_cc,alpha,social,54,7Networks_RH_Vis_4,-0.200384439043168,-0.485227973123089,0.122909038246803,0.221277695041243,41,0.994975402687945,node
auc_cc,alpha,switching,54,7Networks_RH_Vis_4,-0.235566961142759,-0.512962616206049,0.0863754978528175,0.148835131025201,41,0.994975402687945,node
auc_cc,alpha,detail,54,7Networks_RH_Vis_4,0.0462442400730354,-0.273265458727525,0.356564036116558,0.779823822905959,41,0.994975402687945,node
auc_cc,alpha,communication,54,7Networks_RH_Vis_4,0.157788370030994,-0.165998447366493,0.450864202889348,0.337379564517289,41,0.994975402687945,node
auc_cc,alpha,imagination,54,7Networks_RH_Vis_4,0.0153206216523583,-0.301660059327587,0.329251476159807,0.926245437693651,41,0.994975402687945,node
auc_cc,alpha,total,55,7Networks_RH_Vis_5,-0.157976240940331,-0.451017696788734,0.165811076940017,0.336797303698029,41,0.994975402687945,node
auc_cc,alpha,social,55,7Networks_RH_Vis_5,-0.0328876504130812,-0.344831858065818,0.285598401058508,0.842454636354486,41,0.994975402687945,node
auc_cc,alpha,switching,55,7Networks_RH_Vis_5,-0.296274342146758,-0.559494569994599,0.0212330006026741,0.0670415237046631,41,0.994975402687945,node
auc_cc,alpha,detail,55,7Networks_RH_Vis_5,0.0598082132570497,-0.260632597516923,0.368379049438469,0.717595550305686,41,0.994975402687945,node
auc_cc,alpha,communication,55,7Networks_RH_Vis_5,-0.0712796701132006,-0.378294163251736,0.249862272701914,0.666317323927498,41,0.994975402687945,node
auc_cc,alpha,imagination,55,7Networks_RH_Vis_5,-0.101256723555413,-0.403875843280777,0.221337183438528,0.539642293901454,41,0.994975402687945,node
auc_cc,alpha,total,56,7Networks_RH_Vis_6,-0.0838628600315672,-0.389089761623271,0.237956059997829,0.611748282947185,41,0.994975402687945,node
auc_cc,alpha,social,56,7Networks_RH_Vis_6,-0.111761401481268,-0.412729675423808,0.211208965448072,0.498172163398897,41,0.994975402687945,node
auc_cc,alpha,switching,56,7Networks_RH_Vis_6,-0.109219701816946,-0.410592615612793,0.213665954218974,0.508054820346333,41,0.994975402687945,node
auc_cc,alpha,detail,56,7Networks_RH_Vis_6,0.0569907320754357,-0.263265730519243,0.365933033252387,0.730389327839455,41,0.994975402687945,node
auc_cc,alpha,communication,56,7Networks_RH_Vis_6,0.167500540819624,-0.156281416705559,0.458776571684424,0.308093483056157,41,0.994975402687945,node
auc_cc,alpha,imagination,56,7Networks_RH_Vis_6,-0.266696504867071,-0.537028676588855,0.0533120969173172,0.100753901792077,41,0.994975402687945,node
auc_cc,alpha,total,57,7Networks_RH_Vis_7,-0.180216189271403,-0.469066468476788,0.143463950628058,0.272269239383233,41,0.994975402687945,node
auc_cc,alpha,social,57,7Networks_RH_Vis_7,-0.200642511124783,-0.485433521584683,0.122644208725219,0.220671005959661,41,0.994975402687945,node
auc_cc,alpha,switching,57,7Networks_RH_Vis_7,-0.1648128103681,-0.456591528718108,0.158976778985753,0.316031573720522,41,0.994975402687945,node
auc_cc,alpha,detail,57,7Networks_RH_Vis_7,-0.218991503138623,-0.499967814755877,0.103696008913378,0.180430474089937,41,0.994975402687945,node
auc_cc,alpha,communication,57,7Networks_RH_Vis_7,0.127193742173905,-0.196202820164296,0.425634432209091,0.440337846224397,41,0.994975402687945,node
auc_cc,alpha,imagination,57,7Networks_RH_Vis_7,0.040583294547186,-0.278505406894546,0.351603488895742,0.80622594421199,41,0.994975402687945,node
auc_cc,alpha,total,58,7Networks_RH_Vis_8,0.041147738851508,-0.277983790809589,0.352098882712717,0.803583383530072,41,0.994975402687945,node
auc_cc,alpha,social,58,7Networks_RH_Vis_8,0.0494607193969436,-0.270279713270685,0.359374784331984,0.764928212312103,41,0.994975402687945,node
auc_cc,alpha,switching,58,7Networks_RH_Vis_8,0.023116252776553,-0.294554595349526,0.33618666535362,0.888910753382237,41,0.994975402687945,node
auc_cc,alpha,detail,58,7Networks_RH_Vis_8,-0.243776049799221,-0.51935163111375,0.0777247465884568,0.13477997804953,41,0.994975402687945,node
auc_cc,alpha,communication,58,7Networks_RH_Vis_8,0.332928228372259,0.0194487969611511,0.586808593981023,0.0383602552035847,41,0.994975402687945,node
auc_cc,alpha,imagination,58,7Networks_RH_Vis_8,-0.039585475523571,-0.350727310277878,0.279427054335442,0.810902612985853,41,0.994975402687945,node
auc_cc,alpha,total,59,7Networks_RH_SomMot_1,0.156016587982639,-0.167764360266883,0.449415772142594,0.342901250246721,41,0.943427112805271,node
auc_cc,alpha,social,59,7Networks_RH_SomMot_1,0.153209321663169,-0.170558079500494,0.447117670817597,0.351762597257465,41,0.943427112805271,node
auc_cc,alpha,switching,59,7Networks_RH_SomMot_1,-0.0116321623133922,-0.325958283675345,0.305009743216161,0.943969484124342,41,0.998449448690348,node
auc_cc,alpha,detail,59,7Networks_RH_SomMot_1,0.0263080049931141,-0.291635247255284,0.339016365553342,0.873688219447899,41,0.998449448690348,node
auc_cc,alpha,communication,59,7Networks_RH_SomMot_1,0.147390735546067,-0.176332058351536,0.442342036881637,0.370567104928942,41,0.943427112805271,node
auc_cc,alpha,imagination,59,7Networks_RH_SomMot_1,0.131773121831311,-0.191720573320078,0.429440564881463,0.423916700450695,41,0.943427112805271,node
auc_cc,alpha,total,60,7Networks_RH_SomMot_2,0.0391458935018783,-0.279832893063685,0.350341143140432,0.812964951237889,41,0.998449448690348,node
auc_cc,alpha,social,60,7Networks_RH_SomMot_2,0.0975583957182572,-0.224886485849103,0.400745168390312,0.554626342668083,41,0.943427112805271,node
auc_cc,alpha,switching,60,7Networks_RH_SomMot_2,-0.181575885135365,-0.470162154731173,0.142086910514496,0.268607512991527,41,0.943427112805271,node
auc_cc,alpha,detail,60,7Networks_RH_SomMot_2,-0.0542441444195284,-0.363544448075073,0.265828023716051,0.742930843758274,41,0.998449448690348,node
auc_cc,alpha,communication,60,7Networks_RH_SomMot_2,0.136108119010386,-0.187465055496173,0.433033863198016,0.408693514263773,41,0.943427112805271,node
auc_cc,alpha,imagination,60,7Networks_RH_SomMot_2,0.160264916617855,-0.163526619613435,0.452886195014898,0.329753916169199,41,0.943427112805271,node
auc_cc,alpha,total,61,7Networks_RH_SomMot_3,0.124597092555586,-0.198738402364947,0.423471535758651,0.449802255809701,41,0.943427112805271,node
auc_cc,alpha,social,61,7Networks_RH_SomMot_3,0.158786761012938,-0.165002447993813,0.451679707558679,0.334292399752801,41,0.943427112805271,node
auc_cc,alpha,switching,61,7Networks_RH_SomMot_3,0.134305764043098,-0.189235841888089,0.431541028514932,0.414984561646142,41,0.943427112805271,node
auc_cc,alpha,detail,61,7Networks_RH_SomMot_3,0.0175758366902261,-0.29960811764757,0.331261260000174,0.915425240696111,41,0.998449448690348,node
auc_cc,alpha,communication,61,7Networks_RH_SomMot_3,-0.0185537534852223,-0.332131867925072,0.298717432163227,0.910737888904274,41,0.998449448690348,node
auc_cc,alpha,imagination,61,7Networks_RH_SomMot_3,0.00947573514160288,-0.3069644856965,0.324029405882983,0.95434458009093,41,0.998449448690348,node
auc_cc,alpha,total,62,7Networks_RH_SomMot_4,0.0956601558277095,-0.226704918451228,0.399135533234926,0.5623921811472,41,0.943427112805271,node
auc_cc,alpha,social,62,7Networks_RH_SomMot_4,-0.0228169035294853,-0.335920982129756,0.294828092472749,0.890340552780156,41,0.998449448690348,node
auc_cc,alpha,switching,62,7Networks_RH_SomMot_4,-0.00537849034383992,-0.320357289177509,0.310671185571827,0.974076480104829,41,0.998449448690348,node
auc_cc,alpha,detail,62,7Networks_RH_SomMot_4,0.102212446039962,-0.220418580358309,0.404683721889789,0.535801974409432,41,0.943427112805271,node
auc_cc,alpha,communication,62,7Networks_RH_SomMot_4,0.0615406940417945,-0.259011102719068,0.369880996736852,0.7097658911258,41,0.998449448690348,node
auc_cc,alpha,imagination,62,7Networks_RH_SomMot_4,0.188077839303361,-0.135484653105601,0.475389367964201,0.251547138741668,41,0.943427112805271,node
auc_cc,alpha,total,63,7Networks_RH_SomMot_5,0.0101949062913901,-0.306312873228735,0.324672979815971,0.950883564438342,41,0.998449448690348,node
auc_cc,alpha,social,63,7Networks_RH_SomMot_5,0.0552317880718649,-0.264907170806168,0.364403826369501,0.738413319720137,41,0.998449448690348,node
auc_cc,alpha,switching,63,7Networks_RH_SomMot_5,-0.157336980487241,-0.450495338675778,0.166448538874657,0.338781071760949,41,0.943427112805271,node
auc_cc,alpha,detail,63,7Networks_RH_SomMot_5,-0.159222994186651,-0.452035877503156,0.164567052390203,0.332949005485452,41,0.943427112805271,node
auc_cc,alpha,communication,63,7Networks_RH_SomMot_5,0.231887131927525,-0.0902376131495399,0.510088647493478,0.155472377470934,41,0.943427112805271,node
auc_cc,alpha,imagination,63,7Networks_RH_SomMot_5,0.110752465919625,-0.212184763518166,0.411881759316092,0.502083339025144,41,0.943427112805271,node
auc_cc,alpha,total,64,7Networks_RH_SomMot_6,-0.14040432506953,-0.436585720594418,0.183235599669251,0.393919244619304,41,0.943427112805271,node
auc_cc,alpha,social,64,7Networks_RH_SomMot_6,-0.0897989252336525,-0.394153599883215,0.232305579084907,0.586683184456056,41,0.943427112805271,node
auc_cc,alpha,switching,64,7Networks_RH_SomMot_6,-0.288538100202516,-0.553655611107798,0.0296870747033007,0.0748474891425523,41,0.943427112805271,node
auc_cc,alpha,detail,64,7Networks_RH_SomMot_6,-0.179003256574964,-0.468088297681122,0.144691298654888,0.275563238676223,41,0.943427112805271,node
auc_cc,alpha,communication,64,7Networks_RH_SomMot_6,0.143929790985479,-0.179755936133937,0.439493493491492,0.382030474267944,41,0.943427112805271,node
auc_cc,alpha,imagination,64,7Networks_RH_SomMot_6,0.113725625274475,-0.209307406200801,0.414378927148026,0.490602599592552,41,0.943427112805271,node
auc_cc,alpha,total,65,7Networks_RH_SomMot_7,0.00583854410312225,-0.310255462158326,0.320770080299775,0.971859936710613,41,0.998449448690348,node
auc_cc,alpha,social,65,7Networks_RH_SomMot_7,0.0135018948274676,-0.303312719363689,0.327628603698049,0.934981056058776,41,0.998449448690348,node
auc_cc,alpha,switching,65,7Networks_RH_SomMot_7,-0.101963345706661,-0.40447320119535,0.220658061013626,0.536801645578092,41,0.943427112805271,node
auc_cc,alpha,detail,65,7Networks_RH_SomMot_7,-0.214257189180833,-0.496232839281889,0.108607451641067,0.19027258487735,41,0.943427112805271,node
auc_cc,alpha,communication,65,7Networks_RH_SomMot_7,0.26973473015238,-0.0500471030977302,0.53935417402622,0.0967881937650912,41,0.943427112805271,node
auc_cc,alpha,imagination,65,7Networks_RH_SomMot_7,0.111096963722553,-0.211851652792792,0.412171336184792,0.50074613190004,41,0.943427112805271,node
auc_cc,alpha,total,66,7Networks_RH_SomMot_8,-0.138106197816459,-0.434686908243373,0.185499512179467,0.401783354811876,41,0.943427112805271,node
auc_cc,alpha,social,66,7Networks_RH_SomMot_8,-0.226579105989485,-0.505932075376439,0.0957915654818454,0.165422037632358,41,0.943427112805271,node
auc_cc,alpha,switching,66,7Networks_RH_SomMot_8,-0.143311028989608,-0.438983591914695,0.180367245896178,0.384101683702759,41,0.943427112805271,node
auc_cc,alpha,detail,66,7Networks_RH_SomMot_8,0.0827573626460646,-0.239005971186027,0.388144660639704,0.616465986407242,41,0.943427112805271,node
auc_cc,alpha,communication,66,7Networks_RH_SomMot_8,-0.000321647030273458,-0.315812052456982,0.315232801157792,0.998449448690348,41,0.998449448690348,node
auc_cc,alpha,imagination,66,7Networks_RH_SomMot_8,-0.0528445785247572,-0.362325741683022,0.267131942513147,0.749347047677255,41,0.998449448690348,node
auc_cc,alpha,total,67,7Networks_RH_DorsAttn_Post_1,0.0367058225146467,-0.28208358794064,0.348195646904119,0.82443501982842,41,0.986051426922002,node
auc_cc,alpha,social,67,7Networks_RH_DorsAttn_Post_1,0.0504457698730789,-0.269364093516346,0.360234455934228,0.760382769357756,41,0.986051426922002,node
auc_cc,alpha,switching,67,7Networks_RH_DorsAttn_Post_1,-0.358880511846872,-0.605804751475191,-0.0488946325457353,0.0248570342011358,41,0.684438498269715,node
auc_cc,alpha,detail,67,7Networks_RH_DorsAttn_Post_1,0.210565942127059,-0.112425897710489,0.493313496514144,0.198204892266307,41,0.986051426922002,node
auc_cc,alpha,communication,67,7Networks_RH_DorsAttn_Post_1,0.125733976575925,-0.197628787769931,0.42441893033537,0.44564494050925,41,0.986051426922002,node
auc_cc,alpha,imagination,67,7Networks_RH_DorsAttn_Post_1,0.130878834158473,-0.192596953934864,0.428698111303857,0.427096240319592,41,0.986051426922002,node
auc_cc,alpha,total,68,7Networks_RH_DorsAttn_Post_2,-0.156209810912763,-0.449573806749951,0.167571878293474,0.342296403699148,41,0.986051426922002,node
auc_cc,alpha,social,68,7Networks_RH_DorsAttn_Post_2,-0.129014326162344,-0.427148868782381,0.194422469376837,0.433767950490943,41,0.986051426922002,node
auc_cc,alpha,switching,68,7Networks_RH_DorsAttn_Post_2,-0.325004028422008,-0.580952127484356,-0.010564968180894,0.0435091907204087,41,0.684438498269715,node
auc_cc,alpha,detail,68,7Networks_RH_DorsAttn_Post_2,0.125636184074981,-0.19772426719375,0.424337463038548,0.44600171713946,41,0.986051426922002,node
auc_cc,alpha,communication,68,7Networks_RH_DorsAttn_Post_2,-0.0821178744577137,-0.387597662265082,0.239612961592024,0.619201963970555,41,0.986051426922002,node
auc_cc,alpha,imagination,68,7Networks_RH_DorsAttn_Post_2,0.0295087734833632,-0.288701691985656,0.341848388494647,0.858467580136765,41,0.986051426922002,node
auc_cc,alpha,total,69,7Networks_RH_DorsAttn_Post_3,0.0236946946145369,-0.294025960898782,0.336699912156206,0.886148893005203,41,0.986051426922002,node
auc_cc,alpha,social,69,7Networks_RH_DorsAttn_Post_3,0.00675570698238209,-0.309426315315716,0.321592663574164,0.96744167523278,41,0.986051426922002,node
auc_cc,alpha,switching,69,7Networks_RH_DorsAttn_Post_3,-0.121344098008597,-0.420757115781258,0.201908797486213,0.461813313939178,41,0.986051426922002,node
auc_cc,alpha,detail,69,7Networks_RH_DorsAttn_Post_3,-0.0868922979038482,-0.391676370158932,0.235075087682003,0.598899513477923,41,0.986051426922002,node
auc_cc,alpha,communication,69,7Networks_RH_DorsAttn_Post_3,0.0714849450055178,-0.249668817700768,0.378470949048313,0.665412388500674,41,0.986051426922002,node
auc_cc,alpha,imagination,69,7Networks_RH_DorsAttn_Post_3,0.29250497815914,-0.0253577970347057,0.556652887743675,0.0707604744846831,41,0.684438498269715,node
auc_cc,alpha,total,70,7Networks_RH_DorsAttn_Post_4,0.0267230602136466,-0.291255179740871,0.339383924292966,0.871711853844505,41,0.986051426922002,node
auc_cc,alpha,social,70,7Networks_RH_DorsAttn_Post_4,0.00305530071074184,-0.312768669486737,0.318270938639018,0.985272223972429,41,0.986051426922002,node
auc_cc,alpha,switching,70,7Networks_RH_DorsAttn_Post_4,-0.0846041975768288,-0.389723178936514,0.237251576582085,0.60859324130346,41,0.986051426922002,node
auc_cc,alpha,detail,70,7Networks_RH_DorsAttn_Post_4,-0.177220616523132,-0.46664939898207,0.1464933189289,0.280451531352565,41,0.986051426922002,node
auc_cc,alpha,communication,70,7Networks_RH_DorsAttn_Post_4,0.287404515061767,-0.0309220306072136,0.552797837921846,0.0760487220299683,41,0.684438498269715,node
auc_cc,alpha,imagination,70,7Networks_RH_DorsAttn_Post_4,0.107273947939634,-0.215544102690618,0.408954386174884,0.515686384982359,41,0.986051426922002,node
auc_cc,alpha,total,71,7Networks_RH_DorsAttn_Post_5,-0.00995234956920116,-0.324455952503337,0.30653267741255,0.952050774033075,41,0.986051426922002,node
auc_cc,alpha,social,71,7Networks_RH_DorsAttn_Post_5,-0.131045909421997,-0.428836850731072,0.192433263345301,0.426501213003815,41,0.986051426922002,node
auc_cc,alpha,switching,71,7Networks_RH_DorsAttn_Post_5,-0.00694444299249328,-0.321761877826571,0.309255631792366,0.966532589229571,41,0.986051426922002,node
auc_cc,alpha,detail,71,7Networks_RH_DorsAttn_Post_5,-0.132126941524566,-0.42973420125206,0.191373695963374,0.422662408881128,41,0.986051426922002,node
auc_cc,alpha,communication,71,7Networks_RH_DorsAttn_Post_5,0.301714139198047,-0.0152611407673163,0.563584692969132,0.0619483340071443,41,0.684438498269715,node
auc_cc,alpha,imagination,71,7Networks_RH_DorsAttn_Post_5,-0.00703812115860936,-0.321845858999294,0.309170906321102,0.966081384396048,41,0.986051426922002,node
auc_cc,alpha,total,72,7Networks_RH_DorsAttn_PrCv_1,0.0155383752162191,-0.301462060933813,0.329445656118568,0.925200085775345,41,0.986051426922002,node
auc_cc,alpha,social,72,7Networks_RH_DorsAttn_PrCv_1,0.0281964008600601,-0.289905225489901,0.340687893942182,0.8647025363882,41,0.986051426922002,node
auc_cc,alpha,switching,72,7Networks_RH_DorsAttn_PrCv_1,-0.0131237005700158,-0.327290903319744,0.30365614173506,0.93679855681145,41,0.986051426922002,node
auc_cc,alpha,detail,72,7Networks_RH_DorsAttn_PrCv_1,-0.0404228818352992,-0.351462668249607,0.278653613663477,0.806977337537137,41,0.986051426922002,node
auc_cc,alpha,communication,72,7Networks_RH_DorsAttn_PrCv_1,-0.0682885878914876,-0.375715655542297,0.25267822055605,0.67955551385214,41,0.986051426922002,node
auc_cc,alpha,imagination,72,7Networks_RH_DorsAttn_PrCv_1,0.176900652224233,-0.146816534501671,0.466390970197452,0.281334865788073,41,0.986051426922002,node
auc_cc,alpha,total,73,7Networks_RH_DorsAttn_FEF_1,-0.294672764718323,-0.558287913901502,0.0229869205196207,0.0686023732526857,41,0.684438498269715,node
auc_cc,alpha,social,73,7Networks_RH_DorsAttn_FEF_1,-0.24889981149404,-0.523323826500421,0.0723006677412217,0.126520852744006,41,0.986051426922002,node
auc_cc,alpha,switching,73,7Networks_RH_DorsAttn_FEF_1,-0.364865175739131,-0.610145729658383,-0.0557622452177019,0.0223823683107426,41,0.684438498269715,node
auc_cc,alpha,detail,73,7Networks_RH_DorsAttn_FEF_1,0.00613486315349047,-0.309987632104819,0.321035894317811,0.970432378004946,41,0.986051426922002,node
auc_cc,alpha,communication,73,7Networks_RH_DorsAttn_FEF_1,-0.0249713238545955,-0.337831997209655,0.292858568945908,0.880058163888532,41,0.986051426922002,node
auc_cc,alpha,imagination,73,7Networks_RH_DorsAttn_FEF_1,-0.143532025038655,-0.439165729415828,0.180148940176719,0.383361178762722,41,0.986051426922002,node
auc_cc,alpha,total,74,7Networks_RH_SalVentAttn_TempOccPar_1,0.18681305758301,-0.136771201296785,0.47437413978935,0.254807615091538,41,0.931218809547017,node
auc_cc,alpha,social,74,7Networks_RH_SalVentAttn_TempOccPar_1,0.113881117253299,-0.209156770445341,0.414509401001823,0.490005920640004,41,0.931218809547017,node
auc_cc,alpha,switching,74,7Networks_RH_SalVentAttn_TempOccPar_1,-0.00882515839837641,-0.323446964992692,0.307553692023233,0.957476197742989,41,0.957476197742989,node
auc_cc,alpha,detail,74,7Networks_RH_SalVentAttn_TempOccPar_1,0.0837824416595135,-0.238032460177077,0.389021032800932,0.612090950646752,41,0.931218809547017,node
auc_cc,alpha,communication,74,7Networks_RH_SalVentAttn_TempOccPar_1,0.186083197245319,-0.137513125896347,0.47378793962487,0.256701884573789,41,0.931218809547017,node
auc_cc,alpha,imagination,74,7Networks_RH_SalVentAttn_TempOccPar_1,0.179929343163777,-0.143754295730731,0.468835205106978,0.273045893352721,41,0.931218809547017,node
auc_cc,alpha,total,75,7Networks_RH_SalVentAttn_TempOccPar_2,-0.0621934835342634,-0.370446504722679,0.258399663128595,0.706823271702981,41,0.931218809547017,node
auc_cc,alpha,social,75,7Networks_RH_SalVentAttn_TempOccPar_2,-0.0279460304852206,-0.340466390182532,0.290134717653902,0.865892951768688,41,0.931218809547017,node
auc_cc,alpha,switching,75,7Networks_RH_SalVentAttn_TempOccPar_2,-0.199937958837735,-0.484872287573779,0.12336710051901,0.222330008194725,41,0.931218809547017,node
auc_cc,alpha,detail,75,7Networks_RH_SalVentAttn_TempOccPar_2,-0.144849975001888,-0.440251435009648,0.178846372036243,0.378962476799536,41,0.931218809547017,node
auc_cc,alpha,communication,75,7Networks_RH_SalVentAttn_TempOccPar_2,0.145794951191033,-0.17791172568767,0.441029359540596,0.375826998834069,41,0.931218809547017,node
auc_cc,alpha,imagination,75,7Networks_RH_SalVentAttn_TempOccPar_2,0.126354518247821,-0.197022780692369,0.424935767856867,0.443384654108883,41,0.931218809547017,node
auc_cc,alpha,total,76,7Networks_RH_SalVentAttn_FrOperIns_1,-0.106601231833354,-0.408387539451665,0.216192890060787,0.518338089029924,41,0.931218809547017,node
auc_cc,alpha,social,76,7Networks_RH_SalVentAttn_FrOperIns_1,-0.111841985947223,-0.412797376653383,0.211130999926709,0.497860446427751,41,0.931218809547017,node
auc_cc,alpha,switching,76,7Networks_RH_SalVentAttn_FrOperIns_1,0.0795112601964348,-0.242084512543321,0.38536581749496,0.630406164614716,41,0.931218809547017,node
auc_cc,alpha,detail,76,7Networks_RH_SalVentAttn_FrOperIns_1,0.0374807474174964,-0.281369185692947,0.348877373696486,0.820788305269495,41,0.931218809547017,node
auc_cc,alpha,communication,76,7Networks_RH_SalVentAttn_FrOperIns_1,-0.26278422764817,-0.534028104089408,0.0575063268216667,0.106041869497166,41,0.931218809547017,node
auc_cc,alpha,imagination,76,7Networks_RH_SalVentAttn_FrOperIns_1,-0.0560459417109334,-0.365111850068632,0.264147636091678,0.734695839312445,41,0.931218809547017,node
auc_cc,alpha,total,77,7Networks_RH_SalVentAttn_Med_1,-0.0227565863469276,-0.335867442428885,0.29488319429931,0.890628690826396,41,0.943018613816184,node
auc_cc,alpha,social,77,7Networks_RH_SalVentAttn_Med_1,-0.0871938613214376,-0.391933589049363,0.234787993232337,0.597626937616503,41,0.931218809547017,node
auc_cc,alpha,switching,77,7Networks_RH_SalVentAttn_Med_1,-0.119791080511287,-0.41945932652544,0.203419995690961,0.46760748861755,41,0.931218809547017,node
auc_cc,alpha,detail,77,7Networks_RH_SalVentAttn_Med_1,-0.0974598647965976,-0.40066166394872,0.224980929555378,0.555028199335668,41,0.931218809547017,node
auc_cc,alpha,communication,77,7Networks_RH_SalVentAttn_Med_1,0.244400879197467,-0.0770643116917619,0.519836668381831,0.133751943449197,41,0.931218809547017,node
auc_cc,alpha,imagination,77,7Networks_RH_SalVentAttn_Med_1,0.0630752651370106,-0.257573328538143,0.371210024679541,0.702855077405273,41,0.931218809547017,node
auc_cc,alpha,total,78,7Networks_RH_SalVentAttn_Med_2,-0.0388158983215178,-0.35005117708926,0.280137482184771,0.814513971489536,41,0.931218809547017,node
auc_cc,alpha,social,78,7Networks_RH_SalVentAttn_Med_2,-0.0604574744691327,-0.36894210513425,0.260025140930518,0.714657938320763,41,0.931218809547017,node
auc_cc,alpha,switching,78,7Networks_RH_SalVentAttn_Med_2,-0.209919879186275,-0.492801880807898,0.113093244249729,0.199616741234557,41,0.931218809547017,node
auc_cc,alpha,detail,78,7Networks_RH_SalVentAttn_Med_2,0.210140555815297,-0.112865330519337,0.492976656102304,0.199133704254618,41,0.931218809547017,node
auc_cc,alpha,communication,78,7Networks_RH_SalVentAttn_Med_2,0.0169527298997475,-0.300175354358694,0.330706249293683,0.91841339825982,41,0.957476197742989,node
auc_cc,alpha,imagination,78,7Networks_RH_SalVentAttn_Med_2,-0.0548450690348621,-0.364067393279964,0.265267807012622,0.740181167148765,41,0.931218809547017,node
auc_cc,alpha,total,79,7Networks_RH_Limbic_OFC_1,0.255165757009551,-0.0656415336154568,0.528165343392671,0.116941283870023,41,0.979769165446906,node
auc_cc,alpha,social,79,7Networks_RH_Limbic_OFC_1,0.102479629996607,-0.220161671185827,0.404909489858964,0.534730731615724,41,0.979769165446906,node
auc_cc,alpha,switching,79,7Networks_RH_Limbic_OFC_1,0.179047081691473,-0.144646970028204,0.468123652830616,0.275443769457728,41,0.979769165446906,node
auc_cc,alpha,detail,79,7Networks_RH_Limbic_OFC_1,0.0733144890045655,-0.247943487094883,0.380045590874864,0.657367772628098,41,0.979769165446906,node
auc_cc,alpha,communication,79,7Networks_RH_Limbic_OFC_1,0.177598181200816,-0.146111828754834,0.466954286889941,0.279411503558385,41,0.979769165446906,node
auc_cc,alpha,imagination,79,7Networks_RH_Limbic_OFC_1,0.206052831373254,-0.117081602741102,0.489735480355777,0.208214759987498,41,0.979769165446906,node
auc_cc,alpha,total,80,7Networks_RH_Limbic_TempPole_1,0.0175923383316144,-0.299593092556376,0.331275955313538,0.91534612117114,41,0.979769165446906,node
auc_cc,alpha,social,80,7Networks_RH_Limbic_TempPole_1,-0.0114943274708239,-0.325835071610115,0.305134766613292,0.944632386517341,41,0.979769165446906,node
auc_cc,alpha,switching,80,7Networks_RH_Limbic_TempPole_1,-0.0445583967196773,-0.355088600228208,0.274827913145516,0.787662453264292,41,0.979769165446906,node
auc_cc,alpha,detail,80,7Networks_RH_Limbic_TempPole_1,0.0211660989715688,-0.29633539748327,0.334454938157551,0.89823141202257,41,0.979769165446906,node
auc_cc,alpha,communication,80,7Networks_RH_Limbic_TempPole_1,0.0180391503840605,-0.299186200981318,0.331673799900092,0.913204123791439,41,0.979769165446906,node
auc_cc,alpha,imagination,80,7Networks_RH_Limbic_TempPole_1,0.099840692874751,-0.222697165110763,0.402677994680888,0.545356418945324,41,0.979769165446906,node
auc_cc,alpha,total,81,7Networks_RH_Cont_Par_1,-0.108924972040341,-0.410344592554258,0.21395059705633,0.509207135797727,41,0.861703275932258,node
auc_cc,alpha,social,81,7Networks_RH_Cont_Par_1,-0.288559986157801,-0.553672166469892,0.0296632220347973,0.074824444181603,41,0.861703275932258,node
auc_cc,alpha,switching,81,7Networks_RH_Cont_Par_1,-0.15475033426804,-0.448379664422216,0.169025147558213,0.346881200432048,41,0.861703275932258,node
auc_cc,alpha,detail,81,7Networks_RH_Cont_Par_1,0.139594809150718,-0.184033455254824,0.435917164355421,0.39667912870623,41,0.861703275932258,node
auc_cc,alpha,communication,81,7Networks_RH_Cont_Par_1,-0.0803272639993713,-0.386064884229681,0.241311238978958,0.626889749263209,41,0.861703275932258,node
auc_cc,alpha,imagination,81,7Networks_RH_Cont_Par_1,0.201335410450757,-0.121932938483996,0.485985244217254,0.219047762974829,41,0.861703275932258,node
auc_cc,alpha,total,82,7Networks_RH_Cont_Par_2,0.100017055751912,-0.222527851400945,0.402827240125788,0.544643173361465,41,0.861703275932258,node
auc_cc,alpha,social,82,7Networks_RH_Cont_Par_2,0.001769223666729,-0.313928476763679,0.317114657016735,0.991471322967067,41,0.991471322967067,node
auc_cc,alpha,switching,82,7Networks_RH_Cont_Par_2,-0.0796735323858989,-0.385504863310882,0.241930770313309,0.629706240104343,41,0.861703275932258,node
auc_cc,alpha,detail,82,7Networks_RH_Cont_Par_2,0.128704867097396,-0.194725240081222,0.426891565962718,0.434880838712885,41,0.861703275932258,node
auc_cc,alpha,communication,82,7Networks_RH_Cont_Par_2,0.128248737068264,-0.195171399392088,0.426512224060236,0.436524068280577,41,0.861703275932258,node
auc_cc,alpha,imagination,82,7Networks_RH_Cont_Par_2,0.151285997337689,-0.172469122274928,0.445540944413991,0.357913210574339,41,0.861703275932258,node
auc_cc,alpha,total,83,7Networks_RH_Cont_PFCl_1,-0.120973375427497,-0.42044743034307,0.202269677247192,0.463192944782932,41,0.861703275932258,node
auc_cc,alpha,social,83,7Networks_RH_Cont_PFCl_1,0.0121444252059213,-0.304544998357068,0.32641610747804,0.94150613837269,41,0.991471322967067,node
auc_cc,alpha,switching,83,7Networks_RH_Cont_PFCl_1,-0.175927537356217,-0.465604700914617,0.14779911291282,0.284032485251624,41,0.861703275932258,node
auc_cc,alpha,detail,83,7Networks_RH_Cont_PFCl_1,-0.100172720286288,-0.402958956413109,0.222378392560911,0.544014005297312,41,0.861703275932258,node
auc_cc,alpha,communication,83,7Networks_RH_Cont_PFCl_1,-0.104512201445206,-0.406625787432702,0.218205797459015,0.526615451339602,41,0.861703275932258,node
auc_cc,alpha,imagination,83,7Networks_RH_Cont_PFCl_1,0.0556341410869645,-0.26453185999154,0.364753774871154,0.736575409821544,41,0.908317765571467,node
auc_cc,alpha,total,84,7Networks_RH_Cont_PFCl_2,0.111428294935787,-0.211531202639971,0.412449788151333,0.499461742161227,41,0.861703275932258,node
auc_cc,alpha,social,84,7Networks_RH_Cont_PFCl_2,0.09974280840906,-0.222791128770179,0.402595153912953,0.545752474343815,41,0.861703275932258,node
auc_cc,alpha,switching,84,7Networks_RH_Cont_PFCl_2,-0.059682367636197,-0.368269886745082,0.260750310842722,0.718165409655032,41,0.908317765571467,node
auc_cc,alpha,detail,84,7Networks_RH_Cont_PFCl_2,0.0835007462544886,-0.238300048955631,0.388780257612213,0.613291913810816,41,0.861703275932258,node
auc_cc,alpha,communication,84,7Networks_RH_Cont_PFCl_2,-0.0703308285583407,-0.377476715656327,0.250756146192293,0.670506241000814,41,0.901715289621784,node
auc_cc,alpha,imagination,84,7Networks_RH_Cont_PFCl_2,0.319951067259372,0.00492588806225621,0.577203792463361,0.0470750473457819,41,0.861703275932258,node
auc_cc,alpha,total,85,7Networks_RH_Cont_PFCl_3,0.0459332609013855,-0.273553803821453,0.356291986146833,0.78126818769573,41,0.908317765571467,node
auc_cc,alpha,social,85,7Networks_RH_Cont_PFCl_3,0.00259031367264383,-0.313188111839566,0.317852987948413,0.987513456970415,41,0.991471322967067,node
auc_cc,alpha,switching,85,7Networks_RH_Cont_PFCl_3,-0.0391625022989529,-0.350355735677944,0.279817561266829,0.812887006882026,41,0.908317765571467,node
auc_cc,alpha,detail,85,7Networks_RH_Cont_PFCl_3,0.104648203992754,-0.218074834272732,0.406740551532698,0.526074606148619,41,0.861703275932258,node
auc_cc,alpha,communication,85,7Networks_RH_Cont_PFCl_3,-0.153846152646363,-0.447639337734266,0.169924777839634,0.349740302171477,41,0.861703275932258,node
auc_cc,alpha,imagination,85,7Networks_RH_Cont_PFCl_3,0.278191497916403,-0.0409230019856779,0.545805512455192,0.0863790419169548,41,0.861703275932258,node
auc_cc,alpha,total,86,7Networks_RH_Cont_PFCl_4,0.101985839238033,-0.220636437727921,0.404492212337577,0.536711339267808,41,0.861703275932258,node
auc_cc,alpha,social,86,7Networks_RH_Cont_PFCl_4,0.0634194628931788,-0.257250646845803,0.371507946740232,0.70130821564906,41,0.908317765571467,node
auc_cc,alpha,switching,86,7Networks_RH_Cont_PFCl_4,0.0486647467175347,-0.271019160014007,0.358679739925179,0.768606857253337,41,0.908317765571467,node
auc_cc,alpha,detail,86,7Networks_RH_Cont_PFCl_4,-0.0863805981158836,-0.391239806167082,0.235562107684139,0.60106153995539,41,0.861703275932258,node
auc_cc,alpha,communication,86,7Networks_RH_Cont_PFCl_4,0.137165897633571,-0.186424823774211,0.433909230554909,0.40502687874391,41,0.861703275932258,node
auc_cc,alpha,imagination,86,7Networks_RH_Cont_PFCl_4,0.158721367673083,-0.165067704903259,0.451626308014099,0.334494069030231,41,0.861703275932258,node
auc_cc,alpha,total,87,7Networks_RH_Cont_Cing_1,-0.0415560404865433,-0.352457126787449,0.277606352442894,0.801673175562318,41,0.908317765571467,node
auc_cc,alpha,social,87,7Networks_RH_Cont_Cing_1,-0.131573797512969,-0.429275117117067,0.191915951090681,0.424624223746248,41,0.861703275932258,node
auc_cc,alpha,switching,87,7Networks_RH_Cont_Cing_1,-0.14290161992376,-0.438646106530471,0.180771586716142,0.385475730955222,41,0.861703275932258,node
auc_cc,alpha,detail,87,7Networks_RH_Cont_Cing_1,0.00289741542022226,-0.312911103995866,0.318129038171811,0.986033217889405,41,0.991471322967067,node
auc_cc,alpha,communication,87,7Networks_RH_Cont_Cing_1,0.119427878865122,-0.203773195078495,0.41915563784553,0.468968113165842,41,0.861703275932258,node
auc_cc,alpha,imagination,87,7Networks_RH_Cont_Cing_1,0.117254253213285,-0.205885204050795,0.417336772135018,0.477154655084544,41,0.861703275932258,node
auc_cc,alpha,total,88,7Networks_RH_Cont_PFCmp_1,0.163428374203739,-0.160363265421978,0.455464649095154,0.320170213704056,41,0.861703275932258,node
auc_cc,alpha,social,88,7Networks_RH_Cont_PFCmp_1,0.0554330395425099,-0.264719457597642,0.364578876735539,0.737493842453626,41,0.908317765571467,node
auc_cc,alpha,switching,88,7Networks_RH_Cont_PFCmp_1,0.148870613377736,-0.174865635215365,0.44355824224748,0.365728639849854,41,0.861703275932258,node
auc_cc,alpha,detail,88,7Networks_RH_Cont_PFCmp_1,0.147546488799019,-0.176177788799043,0.442470090399811,0.370056082640221,41,0.861703275932258,node
auc_cc,alpha,communication,88,7Networks_RH_Cont_PFCmp_1,0.0483680622346274,-0.271294678978918,0.358420586666202,0.769979289757166,41,0.908317765571467,node
auc_cc,alpha,imagination,88,7Networks_RH_Cont_PFCmp_1,0.0386789610470722,-0.280263857918873,0.34993083308873,0.815156969102598,41,0.908317765571467,node
auc_cc,alpha,total,89,7Networks_RH_Cont_pCun_1,0.0434581785130574,-0.275846696199527,0.354124863526901,0.792789310854637,41,0.908317765571467,node
auc_cc,alpha,social,89,7Networks_RH_Cont_pCun_1,0.0096196889010137,-0.306834078646525,0.324158250944064,0.953651733628532,41,0.991471322967067,node
auc_cc,alpha,switching,89,7Networks_RH_Cont_pCun_1,-0.0965603159179055,-0.399899067988862,0.225842883687429,0.558703288353949,41,0.861703275932258,node
auc_cc,alpha,detail,89,7Networks_RH_Cont_pCun_1,-0.0939904573405349,-0.397718144492347,0.228302562473783,0.569264371917133,41,0.861703275932258,node
auc_cc,alpha,communication,89,7Networks_RH_Cont_pCun_1,0.31782337769013,0.00255737623387791,0.575622201887707,0.0486453772504829,41,0.861703275932258,node
auc_cc,alpha,imagination,89,7Networks_RH_Cont_pCun_1,0.0207728572837112,-0.296694222736937,0.334105484918065,0.900112562972788,41,0.97512194322052,node
auc_cc,alpha,total,90,7Networks_RH_Default_Par_1,0.124653689293458,-0.19868318276208,0.423518714737668,0.449594797765243,41,0.981377215588994,node
auc_cc,alpha,social,90,7Networks_RH_Default_Par_1,-0.00351396182640834,-0.31868308329987,0.312354812733407,0.983061590960302,41,0.987944032529087,node
auc_cc,alpha,switching,90,7Networks_RH_Default_Par_1,-0.0730960823297963,-0.37985770722796,0.248149560193613,0.658326144120125,41,0.981377215588994,node
auc_cc,alpha,detail,90,7Networks_RH_Default_Par_1,-0.0245882783974266,-0.337492416459414,0.293208937895682,0.881884954886053,41,0.981377215588994,node
auc_cc,alpha,communication,90,7Networks_RH_Default_Par_1,0.254867952094939,-0.0659586739123666,0.527935639108229,0.117383840545363,41,0.981377215588994,node
auc_cc,alpha,imagination,90,7Networks_RH_Default_Par_1,0.300469017711475,-0.0166300453205638,0.562649631722822,0.0630861276369292,41,0.981377215588994,node
auc_cc,alpha,total,91,7Networks_RH_Default_Temp_1,0.121497938351636,-0.201759015886187,0.420885606793911,0.461241449148134,41,0.981377215588994,node
auc_cc,alpha,social,91,7Networks_RH_Default_Temp_1,0.0236472185330442,-0.294069356322221,0.336657794014978,0.886375525435642,41,0.981377215588994,node
auc_cc,alpha,switching,91,7Networks_RH_Default_Temp_1,-0.0422085907415986,-0.353029485607083,0.277002923420316,0.798622632103481,41,0.981377215588994,node
auc_cc,alpha,detail,91,7Networks_RH_Default_Temp_1,-0.110713697830349,-0.411849167951012,0.212222245464398,0.502233935051455,41,0.981377215588994,node
auc_cc,alpha,communication,91,7Networks_RH_Default_Temp_1,0.331241606993554,0.0175537682297289,0.585564299159305,0.0394123649513652,41,0.981377215588994,node
auc_cc,alpha,imagination,91,7Networks_RH_Default_Temp_1,0.221499862740251,-0.101087408538823,0.501942472688548,0.175365372048002,41,0.981377215588994,node
auc_cc,alpha,total,92,7Networks_RH_Default_Temp_2,0.129625692271897,-0.193824135567195,0.427657053332674,0.431573979476643,41,0.981377215588994,node
auc_cc,alpha,social,92,7Networks_RH_Default_Temp_2,0.0758088303112833,-0.245587939178503,0.382189546333062,0.646461181994655,41,0.981377215588994,node
auc_cc,alpha,switching,92,7Networks_RH_Default_Temp_2,-0.0200894304047943,-0.333497954319531,0.297317623030452,0.903383147780036,41,0.981377215588994,node
auc_cc,alpha,detail,92,7Networks_RH_Default_Temp_2,0.0461923839405786,-0.273313544590917,0.356518675128728,0.780064621907194,41,0.981377215588994,node
auc_cc,alpha,communication,92,7Networks_RH_Default_Temp_2,0.0617339159011605,-0.258830146952567,0.370048407590431,0.708894458275322,41,0.981377215588994,node
auc_cc,alpha,imagination,92,7Networks_RH_Default_Temp_2,0.254418941144264,-0.066436714992035,0.52758923032974,0.118053479809105,41,0.981377215588994,node
auc_cc,alpha,total,93,7Networks_RH_Default_Temp_3,0.304414499556558,-0.0122882370253072,0.565610306102833,0.0595366792418337,41,0.981377215588994,node
auc_cc,alpha,social,93,7Networks_RH_Default_Temp_3,0.196121248355215,-0.127277205040962,0.481827878400449,0.231465931150809,41,0.981377215588994,node
auc_cc,alpha,switching,93,7Networks_RH_Default_Temp_3,0.0370971902269385,-0.281722830743598,0.348539987071367,0.822592825603584,41,0.981377215588994,node
auc_cc,alpha,detail,93,7Networks_RH_Default_Temp_3,0.0129572080002064,-0.303807300577732,0.327142211936492,0.937598776357708,41,0.981377215588994,node
auc_cc,alpha,communication,93,7Networks_RH_Default_Temp_3,0.329194721886064,0.015256982986697,0.584052610433732,0.040720623442245,41,0.981377215588994,node
auc_cc,alpha,imagination,93,7Networks_RH_Default_Temp_3,0.341258727917122,0.0288418073217407,0.592936833845142,0.0334941202565782,41,0.981377215588994,node
auc_cc,alpha,total,94,7Networks_RH_Default_PFCv_1,0.0812586923338508,-0.24042808565641,0.386862405678664,0.622885849417627,41,0.981377215588994,node
auc_cc,alpha,social,94,7Networks_RH_Default_PFCv_1,0.0187075238221433,-0.298577328012097,0.332268716123706,0.910001103637384,41,0.981377215588994,node
auc_cc,alpha,switching,94,7Networks_RH_Default_PFCv_1,0.00268665923905681,-0.313101213273966,0.317939597622395,0.987049063957173,41,0.987944032529087,node
auc_cc,alpha,detail,94,7Networks_RH_Default_PFCv_1,0.0800064411417823,-0.241615310600106,0.385790078636458,0.62827131129564,41,0.981377215588994,node
auc_cc,alpha,communication,94,7Networks_RH_Default_PFCv_1,-0.0446410250909167,-0.355160951954823,0.274751371737558,0.787277770024034,41,0.981377215588994,node
auc_cc,alpha,imagination,94,7Networks_RH_Default_PFCv_1,0.219085781125236,-0.103598043552547,0.500042086167422,0.18023823576451,41,0.981377215588994,node
auc_cc,alpha,total,95,7Networks_RH_Default_PFCv_2,-0.0182206192121766,-0.331835349169706,0.299020912558681,0.912334341930102,41,0.981377215588994,node
auc_cc,alpha,social,95,7Networks_RH_Default_PFCv_2,-0.0398922823449128,-0.35099677342903,0.27914373113019,0.80946394583532,41,0.981377215588994,node
auc_cc,alpha,switching,95,7Networks_RH_Default_PFCv_2,-0.117919708445358,-0.417893873129786,0.205238932336079,0.474640411987597,41,0.981377215588994,node
auc_cc,alpha,detail,95,7Networks_RH_Default_PFCv_2,0.143298155058414,-0.180379962121722,0.438972980905085,0.384144847019734,41,0.981377215588994,node
auc_cc,alpha,communication,95,7Networks_RH_Default_PFCv_2,-0.130316878863708,-0.42823136009362,0.193147392850381,0.42910100621187,41,0.981377215588994,node
auc_cc,alpha,imagination,95,7Networks_RH_Default_PFCv_2,0.136118263700303,-0.187455082536583,0.433042261122436,0.4086582594503,41,0.981377215588994,node
auc_cc,alpha,total,96,7Networks_RH_Default_PFCdPFCm_1,0.184789228796857,-0.13882759111517,0.472748039031576,0.260083220289645,41,0.981377215588994,node
auc_cc,alpha,social,96,7Networks_RH_Default_PFCdPFCm_1,0.0314447880057685,-0.286924399164534,0.343558614785258,0.849285298628029,41,0.981377215588994,node
auc_cc,alpha,switching,96,7Networks_RH_Default_PFCdPFCm_1,0.15433800899748,-0.169435464251234,0.448042110305552,0.348183235295207,41,0.981377215588994,node
auc_cc,alpha,detail,96,7Networks_RH_Default_PFCdPFCm_1,0.121802906724303,-0.201462048739278,0.421140287923083,0.460108924277959,41,0.981377215588994,node
auc_cc,alpha,communication,96,7Networks_RH_Default_PFCdPFCm_1,0.0249191290215589,-0.292906316211051,0.337785729790466,0.880307051679387,41,0.981377215588994,node
auc_cc,alpha,imagination,96,7Networks_RH_Default_PFCdPFCm_1,0.219121626076608,-0.103560795000656,0.500070323436755,0.180165184103594,41,0.981377215588994,node
auc_cc,alpha,total,97,7Networks_RH_Default_PFCdPFCm_2,0.195665685913111,-0.127743244472712,0.481464036464352,0.232573220909565,41,0.981377215588994,node
auc_cc,alpha,social,97,7Networks_RH_Default_PFCdPFCm_2,0.152929858125685,-0.170835909826904,0.446888682131021,0.35265228743921,41,0.981377215588994,node
auc_cc,alpha,switching,97,7Networks_RH_Default_PFCdPFCm_2,0.0109394004877625,-0.305638003950106,0.325338908287358,0.947301617825488,41,0.981377215588994,node
auc_cc,alpha,detail,97,7Networks_RH_Default_PFCdPFCm_2,0.17651629591083,-0.147204705027686,0.466080467918095,0.28239835991067,41,0.981377215588994,node
auc_cc,alpha,communication,97,7Networks_RH_Default_PFCdPFCm_2,0.0922127338130957,-0.230001664106075,0.396207459390449,0.576623138842688,41,0.981377215588994,node
auc_cc,alpha,imagination,97,7Networks_RH_Default_PFCdPFCm_2,0.107305388655125,-0.21551377335883,0.408980873182405,0.515562617678057,41,0.981377215588994,node
auc_cc,alpha,total,98,7Networks_RH_Default_PFCdPFCm_3,-0.128141219996133,-0.426422791881506,0.19527654671673,0.436911902418633,41,0.981377215588994,node
auc_cc,alpha,social,98,7Networks_RH_Default_PFCdPFCm_3,-0.170815815362966,-0.461466944980162,0.152950072451234,0.29847781353504,41,0.981377215588994,node
auc_cc,alpha,switching,98,7Networks_RH_Default_PFCdPFCm_3,-0.106457791772967,-0.408266643303634,0.216331191048063,0.518904372056059,41,0.981377215588994,node
auc_cc,alpha,detail,98,7Networks_RH_Default_PFCdPFCm_3,0.170615936038427,-0.153151129287649,0.46130489251769,0.299052042064244,41,0.981377215588994,node
auc_cc,alpha,communication,98,7Networks_RH_Default_PFCdPFCm_3,-0.166942355642113,-0.458323073793613,0.15684158388741,0.309731558820809,41,0.981377215588994,node
auc_cc,alpha,imagination,98,7Networks_RH_Default_PFCdPFCm_3,-0.0745190956269818,-0.381081395303916,0.246806382837378,0.652091677774702,41,0.981377215588994,node
auc_cc,alpha,total,99,7Networks_RH_Default_pCunPCC_1,-0.0766691747416231,-0.382928271960059,0.244774585850604,0.64271598275268,41,0.981377215588994,node
auc_cc,alpha,social,99,7Networks_RH_Default_pCunPCC_1,-0.0742051455650847,-0.380811513366168,0.247102825405275,0.653465163004303,41,0.981377215588994,node
auc_cc,alpha,switching,99,7Networks_RH_Default_pCunPCC_1,-0.0767130804367394,-0.382965960618049,0.244733066101753,0.64252508745966,41,0.981377215588994,node
auc_cc,alpha,detail,99,7Networks_RH_Default_pCunPCC_1,-0.0192113410162499,-0.332716996707334,0.298118191245812,0.907587603980777,41,0.981377215588994,node
auc_cc,alpha,communication,99,7Networks_RH_Default_pCunPCC_1,0.222559871446786,-0.0999837041449371,0.502776066304862,0.173255773316303,41,0.981377215588994,node
auc_cc,alpha,imagination,99,7Networks_RH_Default_pCunPCC_1,-0.312670945732583,-0.571784200440757,0.00316361607823862,0.0526231473960297,41,0.981377215588994,node
auc_cc,alpha,total,100,7Networks_RH_Default_pCunPCC_2,0.0940308808548431,-0.228263903894809,0.39775247670268,0.569097542689976,41,0.981377215588994,node
auc_cc,alpha,social,100,7Networks_RH_Default_pCunPCC_2,0.0416191533620912,-0.277548001437215,0.352512493928623,0.801378007908097,41,0.981377215588994,node
auc_cc,alpha,switching,100,7Networks_RH_Default_pCunPCC_2,0.113189530509651,-0.209826640480361,0.413928993413419,0.49266265675487,41,0.981377215588994,node
auc_cc,alpha,detail,100,7Networks_RH_Default_pCunPCC_2,-0.234454346105513,-0.512094312567425,0.087544249450879,0.150819667779861,41,0.981377215588994,node
auc_cc,alpha,communication,100,7Networks_RH_Default_pCunPCC_2,0.400832394739955,0.097661324646001,0.63592800487164,0.0114458185542043,41,0.981377215588994,node
auc_cc,alpha,imagination,100,7Networks_RH_Default_pCunPCC_2,-0.0587431159665169,-0.367454879665989,0.261628566117122,0.722423297772975,41,0.981377215588994,node
auc_cc,beta,total,1,7Networks_LH_Vis_1,-0.184770552623675,-0.472733024009989,0.138846554779344,0.26013223929796,41,0.891685648854206,node
auc_cc,beta,social,1,7Networks_LH_Vis_1,-0.0253546113145109,-0.338171710993432,0.292507893183244,0.878230831184558,41,0.985535732232741,node
auc_cc,beta,switching,1,7Networks_LH_Vis_1,-0.181081965241913,-0.469764241192526,0.14258727576541,0.269933894225441,41,0.891685648854206,node
auc_cc,beta,detail,1,7Networks_LH_Vis_1,-0.127537710992006,-0.425920687757721,0.195866616021063,0.439092399831002,41,0.891685648854206,node
auc_cc,beta,communication,1,7Networks_LH_Vis_1,0.00395770025971486,-0.311954306793522,0.319081705316447,0.980923000094638,41,0.985535732232741,node
auc_cc,beta,imagination,1,7Networks_LH_Vis_1,-0.218181031204311,-0.499329161197864,0.104537921611575,0.182089099087958,41,0.891685648854206,node
auc_cc,beta,total,2,7Networks_LH_Vis_2,0.0642510695652102,-0.25647072932101,0.372227486250286,0.697575791491496,41,0.924061438079644,node
auc_cc,beta,social,2,7Networks_LH_Vis_2,0.24411667048464,-0.0773647508337298,0.51961606726712,0.134218829879813,41,0.891685648854206,node
auc_cc,beta,switching,2,7Networks_LH_Vis_2,-0.153787746464437,-0.447591502012883,0.169982871475044,0.349925479285293,41,0.891685648854206,node
auc_cc,beta,detail,2,7Networks_LH_Vis_2,0.0398530036219917,-0.279180006480802,0.350962278478499,0.809648095811557,41,0.985535732232741,node
auc_cc,beta,communication,2,7Networks_LH_Vis_2,0.156116059303431,-0.167665273474223,0.449497130779952,0.342589793010405,41,0.891685648854206,node
auc_cc,beta,imagination,2,7Networks_LH_Vis_2,-0.18996696508541,-0.476904327474818,0.133560981896167,0.246729337120649,41,0.891685648854206,node
auc_cc,beta,total,3,7Networks_LH_Vis_3,-0.130884250581732,-0.428702609326214,0.192591647521896,0.427076942821326,41,0.891685648854206,node
auc_cc,beta,social,3,7Networks_LH_Vis_3,0.0969159133666364,-0.225502208008306,0.400200577273149,0.557249148038927,41,0.891685648854206,node
auc_cc,beta,switching,3,7Networks_LH_Vis_3,-0.190790613389255,-0.477564308111857,0.132721508108324,0.24464833618229,41,0.891685648854206,node
auc_cc,beta,detail,3,7Networks_LH_Vis_3,-0.0314993339190819,-0.343606769301028,0.28687429336338,0.84902687187969,41,0.985535732232741,node
auc_cc,beta,communication,3,7Networks_LH_Vis_3,-0.118067124228412,-0.418017255092167,0.205095728065203,0.474084386612739,41,0.891685648854206,node
auc_cc,beta,imagination,3,7Networks_LH_Vis_3,-0.182366553687694,-0.470798891870763,0.141285579738963,0.266493184938598,41,0.891685648854206,node
auc_cc,beta,total,4,7Networks_LH_Vis_4,0.272053023411558,-0.0475511699728133,0.541125864134554,0.0938435569878994,41,0.891685648854206,node
auc_cc,beta,social,4,7Networks_LH_Vis_4,0.195286456862806,-0.128131086109081,0.481161084216981,0.233497718791015,41,0.891685648854206,node
auc_cc,beta,switching,4,7Networks_LH_Vis_4,0.265749006556331,-0.0543289173747293,0.536302607490716,0.102015692769179,41,0.891685648854206,node
auc_cc,beta,detail,4,7Networks_LH_Vis_4,0.00853040797543136,-0.307820558116248,0.323183005715271,0.958895218987487,41,0.985535732232741,node
auc_cc,beta,communication,4,7Networks_LH_Vis_4,0.158908359907634,-0.164881095254107,0.451778998416072,0.333917595656735,41,0.891685648854206,node
auc_cc,beta,imagination,4,7Networks_LH_Vis_4,0.102089347189643,-0.220536930277671,0.404579692091904,0.53629587330097,41,0.891685648854206,node
auc_cc,beta,total,5,7Networks_LH_Vis_5,0.12753873248958,-0.195865617469307,0.425921537772998,0.439088704071986,41,0.891685648854206,node
auc_cc,beta,social,5,7Networks_LH_Vis_5,0.229591177679436,-0.0926424027838126,0.508292340836952,0.159721183422851,41,0.891685648854206,node
auc_cc,beta,switching,5,7Networks_LH_Vis_5,0.158255814627837,-0.165532204743349,0.45124608141429,0.335931979929481,41,0.891685648854206,node
auc_cc,beta,detail,5,7Networks_LH_Vis_5,-0.0147018536798156,-0.328699549918064,0.302222541865276,0.929216567685603,41,0.985535732232741,node
auc_cc,beta,communication,5,7Networks_LH_Vis_5,-0.0245895533928471,-0.337493546914417,0.293207771808037,0.881878873270985,41,0.985535732232741,node
auc_cc,beta,imagination,5,7Networks_LH_Vis_5,-0.079862217085728,-0.385666523693452,0.241751983659002,0.62889279191655,41,0.903479785570255,node
auc_cc,beta,total,6,7Networks_LH_Vis_6,-0.142075332870288,-0.437964724785866,0.181587311711726,0.388257647192106,41,0.891685648854206,node
auc_cc,beta,social,6,7Networks_LH_Vis_6,0.0127332984922218,-0.304010563198713,0.326942218031681,0.938675056257213,41,0.985535732232741,node
auc_cc,beta,switching,6,7Networks_LH_Vis_6,-0.338574915807039,-0.590965695196211,-0.0258096529264979,0.0350032093292416,41,0.891685648854206,node
auc_cc,beta,detail,6,7Networks_LH_Vis_6,0.0184346065382231,-0.298825980641009,0.332025823798948,0.911308828031883,41,0.985535732232741,node
auc_cc,beta,communication,6,7Networks_LH_Vis_6,0.113149094938688,-0.209865796941631,0.413895050677761,0.49281821905471,41,0.891685648854206,node
auc_cc,beta,imagination,6,7Networks_LH_Vis_6,-0.231118386840903,-0.509487467513584,0.0910432176621481,0.156885726208246,41,0.891685648854206,node
auc_cc,beta,total,7,7Networks_LH_Vis_7,-0.0523137949590958,-0.361863271915183,0.26762614579486,0.751784768142772,41,0.983103158340548,node
auc_cc,beta,social,7,7Networks_LH_Vis_7,0.0196237840979541,-0.297742215847451,0.333083870058568,0.905612433166915,41,0.985535732232741,node
auc_cc,beta,switching,7,7Networks_LH_Vis_7,-0.119628760212016,-0.419323611758894,0.203577856227241,0.468215312866766,41,0.891685648854206,node
auc_cc,beta,detail,7,7Networks_LH_Vis_7,0.102718685545585,-0.219931770773657,0.40511145833163,0.533773145314804,41,0.891685648854206,node
auc_cc,beta,communication,7,7Networks_LH_Vis_7,-0.0911813661429643,-0.395330262178072,0.230986518753056,0.580912029339043,41,0.891685648854206,node
auc_cc,beta,imagination,7,7Networks_LH_Vis_7,-0.0838713169229316,-0.389096989030274,0.237948025432961,0.611712252337467,41,0.903479785570255,node
auc_cc,beta,total,8,7Networks_LH_Vis_8,0.102634573579785,-0.220012665581147,0.405040398860814,0.534109978402689,41,0.891685648854206,node
auc_cc,beta,social,8,7Networks_LH_Vis_8,0.251870333012889,-0.0691473116352879,0.525621274365087,0.121908931571915,41,0.891685648854206,node
auc_cc,beta,switching,8,7Networks_LH_Vis_8,-0.112660426295644,-0.413484782584828,0.210338925481753,0.494700201620919,41,0.891685648854206,node
auc_cc,beta,detail,8,7Networks_LH_Vis_8,0.111407609529505,-0.211551210760913,0.412432405706096,0.499541879036421,41,0.891685648854206,node
auc_cc,beta,communication,8,7Networks_LH_Vis_8,0.133825021660722,-0.189707808733972,0.431142569301343,0.416671794840673,41,0.891685648854206,node
auc_cc,beta,imagination,8,7Networks_LH_Vis_8,-0.19064681836341,-0.477449109998682,0.132868099445415,0.245010789907848,41,0.891685648854206,node
auc_cc,beta,total,9,7Networks_LH_Vis_9,0.0707112880222348,-0.250397793160743,0.37780454724212,0.668825411582092,41,0.91459112440774,node
auc_cc,beta,social,9,7Networks_LH_Vis_9,0.0698814753114915,-0.251179276649293,0.377089420978871,0.672493473829221,41,0.91459112440774,node
auc_cc,beta,switching,9,7Networks_LH_Vis_9,0.0240826553617118,-0.293671297010269,0.337044042441964,0.884297254756173,41,0.985535732232741,node
auc_cc,beta,detail,9,7Networks_LH_Vis_9,0.153215161429015,-0.170552273313617,0.447122455432778,0.351744020536723,41,0.891685648854206,node
auc_cc,beta,communication,9,7Networks_LH_Vis_9,-0.109096747979992,-0.410489152063139,0.213784706704381,0.50853537779718,41,0.891685648854206,node
auc_cc,beta,imagination,9,7Networks_LH_Vis_9,0.0395566532243752,-0.279453667663188,0.350701993500832,0.811037796990257,41,0.985535732232741,node
auc_cc,beta,total,10,7Networks_LH_SomMot_1,0.0986491022098635,-0.223840618661042,0.401669200064994,0.550187053164977,41,0.941705551264973,node
auc_cc,beta,social,10,7Networks_LH_SomMot_1,-0.047454685433007,-0.357622453870561,0.272142566561849,0.774208800585071,41,0.941705551264973,node
auc_cc,beta,switching,10,7Networks_LH_SomMot_1,0.177165705464672,-0.146548792872196,0.466605051927685,0.28060299732558,41,0.941705551264973,node
auc_cc,beta,detail,10,7Networks_LH_SomMot_1,0.0726121425267947,-0.248606068020589,0.379441309362545,0.660451595347804,41,0.941705551264973,node
auc_cc,beta,communication,10,7Networks_LH_SomMot_1,0.027206036600007,-0.290812790177875,0.339811511540184,0.86941303562731,41,0.941705551264973,node
auc_cc,beta,imagination,10,7Networks_LH_SomMot_1,0.0544621252192309,-0.265624834382636,0.363734164974208,0.741933054125547,41,0.941705551264973,node
auc_cc,beta,total,11,7Networks_LH_SomMot_2,0.136158257608061,-0.187415764999793,0.43307536816887,0.40851928958613,41,0.941705551264973,node
auc_cc,beta,social,11,7Networks_LH_SomMot_2,-0.0390662041891507,-0.350271125776578,0.279906453042934,0.813338954382331,41,0.941705551264973,node
auc_cc,beta,switching,11,7Networks_LH_SomMot_2,0.182711820381946,-0.140935524008696,0.47107684604833,0.265573360321448,41,0.941705551264973,node
auc_cc,beta,detail,11,7Networks_LH_SomMot_2,0.114148100328756,-0.208898089844362,0.414733398593309,0.48898228384826,41,0.941705551264973,node
auc_cc,beta,communication,11,7Networks_LH_SomMot_2,0.13602242286527,-0.187549298306543,0.432962920604121,0.408991394663258,41,0.941705551264973,node
auc_cc,beta,imagination,11,7Networks_LH_SomMot_2,-0.0228382267704273,-0.335939908921354,0.294808612451304,0.890238693965648,41,0.941705551264973,node
auc_cc,beta,total,12,7Networks_LH_SomMot_3,-0.0177807410247844,-0.331443723994892,0.299421536792524,0.914442854182088,41,0.941705551264973,node
auc_cc,beta,social,12,7Networks_LH_SomMot_3,0.03242865022059,-0.286020356939028,0.344426941197879,0.844626383659587,41,0.941705551264973,node
auc_cc,beta,switching,12,7Networks_LH_SomMot_3,-0.0232517258476362,-0.336306886200997,0.294430804772226,0.888263798995071,41,0.941705551264973,node
auc_cc,beta,detail,12,7Networks_LH_SomMot_3,-0.0551742074321045,-0.364353738183232,0.264960873510804,0.738676460098149,41,0.941705551264973,node
auc_cc,beta,communication,12,7Networks_LH_SomMot_3,-0.0216253961420378,-0.33486298238877,0.295916184399404,0.896034966091879,41,0.941705551264973,node
auc_cc,beta,imagination,12,7Networks_LH_SomMot_3,0.0185793431561829,-0.298694117697354,0.332154642416236,0.910615271757002,41,0.941705551264973,node
auc_cc,beta,total,13,7Networks_LH_SomMot_4,0.10385094029834,-0.218842391004211,0.406067654321967,0.529248980968251,41,0.941705551264973,node
auc_cc,beta,social,13,7Networks_LH_SomMot_4,0.155919130505273,-0.167861434656801,0.44933605592824,0.343206570097588,41,0.941705551264973,node
auc_cc,beta,switching,13,7Networks_LH_SomMot_4,0.0160061631529224,-0.301036619464708,0.3298627124065,0.922954834997827,41,0.941705551264973,node
auc_cc,beta,detail,13,7Networks_LH_SomMot_4,0.0823605612523251,-0.239382637367711,0.387805274358358,0.618163057790245,41,0.941705551264973,node
auc_cc,beta,communication,13,7Networks_LH_SomMot_4,0.207404650573538,-0.115688560439394,0.490808212538575,0.205180343949732,41,0.941705551264973,node
auc_cc,beta,imagination,13,7Networks_LH_SomMot_4,-0.270359434384797,-0.539831821642679,0.0493749236467198,0.0959878280876202,41,0.920920800439023,node
auc_cc,beta,total,14,7Networks_LH_SomMot_5,0.0413585826896907,-0.277788896830555,0.352283888587152,0.802596825561374,41,0.941705551264973,node
auc_cc,beta,social,14,7Networks_LH_SomMot_5,-0.0955777251244658,-0.399065592733191,0.22678383265487,0.562730548288451,41,0.941705551264973,node
auc_cc,beta,switching,14,7Networks_LH_SomMot_5,0.0872078917358682,-0.234774634627397,0.391945555148973,0.597567758973582,41,0.941705551264973,node
auc_cc,beta,detail,14,7Networks_LH_SomMot_5,0.0979972325128137,-0.224465779090535,0.401117019115208,0.552838213178392,41,0.941705551264973,node
auc_cc,beta,communication,14,7Networks_LH_SomMot_5,0.0267464920150038,-0.291233720164729,0.339404671849796,0.871600301578616,41,0.941705551264973,node
auc_cc,beta,imagination,14,7Networks_LH_SomMot_5,0.0144357159860767,-0.302464402827667,0.328462095476321,0.930494770892771,41,0.941705551264973,node
auc_cc,beta,total,15,7Networks_LH_SomMot_6,-0.239179443612697,-0.515777950574045,0.0825746296833163,0.142523457210801,41,0.920920800439023,node
auc_cc,beta,social,15,7Networks_LH_SomMot_6,0.0797588859029563,-0.241849896986594,0.385577994418279,0.629338214808076,41,0.941705551264973,node
auc_cc,beta,switching,15,7Networks_LH_SomMot_6,-0.135668560604661,-0.432669940734728,0.187897108957409,0.410222733566371,41,0.941705551264973,node
auc_cc,beta,detail,15,7Networks_LH_SomMot_6,-0.325992272829511,-0.581683949615375,-0.01167018739413,0.0428380509451723,41,0.718995776258701,node
auc_cc,beta,communication,15,7Networks_LH_SomMot_6,-0.110919152158884,-0.412021879500525,0.212023596319207,0.501436101458755,41,0.941705551264973,node
auc_cc,beta,imagination,15,7Networks_LH_SomMot_6,-0.240560878224231,-0.516852974332524,0.0811186769273252,0.140162662039476,41,0.920920800439023,node
auc_cc,beta,total,16,7Networks_LH_DorsAttn_Post_1,0.0991269777927121,-0.223382154590273,0.402073855453398,0.5482473507326,41,0.913745584554333,node
auc_cc,beta,social,16,7Networks_LH_DorsAttn_Post_1,0.261001890135676,-0.0594133736866287,0.532658847585294,0.108519760000609,41,0.693371836349107,node
auc_cc,beta,switching,16,7Networks_LH_DorsAttn_Post_1,-0.101314997143329,-0.403925115850808,0.221281189528432,0.539407759109181,41,0.913745584554333,node
auc_cc,beta,detail,16,7Networks_LH_DorsAttn_Post_1,0.0239641774510172,-0.293779615794824,0.336938958623992,0.884862655968456,41,0.948067131394774,node
auc_cc,beta,communication,16,7Networks_LH_DorsAttn_Post_1,0.105600149034901,-0.217157836548624,0.407543571954569,0.522296615910526,41,0.913745584554333,node
auc_cc,beta,imagination,16,7Networks_LH_DorsAttn_Post_1,-0.0756923020694118,-0.382089460472817,0.245698067985121,0.646969109386796,41,0.923473531084838,node
auc_cc,beta,total,17,7Networks_LH_DorsAttn_Post_2,-0.0141618801383873,-0.328217731115706,0.302713217139508,0.931810126131583,41,0.970875439028884,node
auc_cc,beta,social,17,7Networks_LH_DorsAttn_Post_2,0.0552525987898859,-0.264887761157698,0.364421928734888,0.738318223101883,41,0.923473531084838,node
auc_cc,beta,switching,17,7Networks_LH_DorsAttn_Post_2,-0.24265786207256,-0.51848317039981,0.0789059496224218,0.136634333754031,41,0.693371836349107,node
auc_cc,beta,detail,17,7Networks_LH_DorsAttn_Post_2,0.136621683571598,-0.186960100800795,0.433458934802704,0.40691095691916,41,0.913745584554333,node
auc_cc,beta,communication,17,7Networks_LH_DorsAttn_Post_2,0.0714837607470335,-0.249669933842237,0.378469929211485,0.665417607856609,41,0.923473531084838,node
auc_cc,beta,imagination,17,7Networks_LH_DorsAttn_Post_2,-0.0705804084671786,-0.377691780571925,0.250521077944714,0.669403444498871,41,0.923473531084838,node
auc_cc,beta,total,18,7Networks_LH_DorsAttn_Post_3,-0.0883624960675898,-0.392929927654287,0.233674898509152,0.592706553687087,41,0.919410366000986,node
auc_cc,beta,social,18,7Networks_LH_DorsAttn_Post_3,-0.102363084279548,-0.404811014341576,0.220273740543282,0.535197880612726,41,0.913745584554333,node
auc_cc,beta,switching,18,7Networks_LH_DorsAttn_Post_3,0.00578045728665073,-0.31030795845342,0.320717967506155,0.972139788391249,41,0.982901071438249,node
auc_cc,beta,detail,18,7Networks_LH_DorsAttn_Post_3,0.153822798205234,-0.169948007575149,0.447620210225526,0.349814340396981,41,0.913745584554333,node
auc_cc,beta,communication,18,7Networks_LH_DorsAttn_Post_3,-0.0825590530907591,-0.387975055805959,0.239194229865125,0.617313887399002,41,0.923473531084838,node
auc_cc,beta,imagination,18,7Networks_LH_DorsAttn_Post_3,-0.288585285515001,-0.553691303596804,0.0296356487780179,0.0747978119797233,41,0.693371836349107,node
auc_cc,beta,total,19,7Networks_LH_DorsAttn_Post_4,0.0374643650199449,-0.281384292261609,0.348862964974393,0.8208653609643,41,0.923473531084838,node
auc_cc,beta,social,19,7Networks_LH_DorsAttn_Post_4,-0.0251725619351732,-0.33801036789181,0.292674463701773,0.879098679256206,41,0.948067131394774,node
auc_cc,beta,switching,19,7Networks_LH_DorsAttn_Post_4,-0.0662681723351667,-0.37397122803929,0.254577264455416,0.68855185833112,41,0.923473531084838,node
auc_cc,beta,detail,19,7Networks_LH_DorsAttn_Post_4,0.316033684849989,0.000567852469834867,0.574290361580276,0.0499986569910363,41,0.693371836349107,node
auc_cc,beta,communication,19,7Networks_LH_DorsAttn_Post_4,-0.0943870160782784,-0.398054910174414,0.227923274005744,0.567628728798882,41,0.919410366000986,node
auc_cc,beta,imagination,19,7Networks_LH_DorsAttn_Post_4,-0.0442887362291778,-0.354852452031327,0.275077680465477,0.788918225187428,41,0.923473531084838,node
auc_cc,beta,total,20,7Networks_LH_DorsAttn_Post_5,-0.23692099658697,-0.514018563204642,0.0849519486428514,0.146445847448156,41,0.693371836349107,node
auc_cc,beta,social,20,7Networks_LH_DorsAttn_Post_5,0.0336552514834922,-0.284892474373248,0.345508754500161,0.838825325895845,41,0.932028139884272,node
auc_cc,beta,switching,20,7Networks_LH_DorsAttn_Post_5,-0.127236818868231,-0.425670284494566,0.196160720038091,0.440181767303664,41,0.913745584554333,node
auc_cc,beta,detail,20,7Networks_LH_DorsAttn_Post_5,-0.353275142879521,-0.601725517637996,-0.0424887476563129,0.0273768127300212,41,0.693371836349107,node
auc_cc,beta,communication,20,7Networks_LH_DorsAttn_Post_5,-0.0510485621676475,-0.360760264434101,0.268803503385158,0.757605125187867,41,0.923473531084838,node
auc_cc,beta,imagination,20,7Networks_LH_DorsAttn_Post_5,-0.205233501591625,-0.489084885284776,0.117925299163098,0.21006900977474,41,0.72716195691256,node
auc_cc,beta,total,21,7Networks_LH_DorsAttn_Post_6,-0.103585127343974,-0.405843233100152,0.219098210723685,0.530309410749383,41,0.913745584554333,node
auc_cc,beta,social,21,7Networks_LH_DorsAttn_Post_6,0.116801207136786,-0.206325028651088,0.4169573652055,0.478870357630655,41,0.913745584554333,node
auc_cc,beta,switching,21,7Networks_LH_DorsAttn_Post_6,0.0405452664797351,-0.278540542747528,0.351570106673164,0.806404056981997,41,0.923473531084838,node
auc_cc,beta,detail,21,7Networks_LH_DorsAttn_Post_6,-0.373128695871907,-0.616115568817923,-0.0652932449044733,0.0193057312797919,41,0.693371836349107,node
auc_cc,beta,communication,21,7Networks_LH_DorsAttn_Post_6,0.0127670270014696,-0.303979946668844,0.326972345825169,0.938512924394588,41,0.970875439028884,node
auc_cc,beta,imagination,21,7Networks_LH_DorsAttn_Post_6,-0.137954043253121,-0.434561098408051,0.185649280294957,0.402307189383041,41,0.913745584554333,node
auc_cc,beta,total,22,7Networks_LH_DorsAttn_PrCv_1,-0.071082091584002,-0.378123984523614,0.250048450291651,0.667188770704759,41,0.923473531084838,node
auc_cc,beta,social,22,7Networks_LH_DorsAttn_PrCv_1,-0.237145483355904,-0.514193548495411,0.0847158100688809,0.146052460528387,41,0.693371836349107,node
auc_cc,beta,switching,22,7Networks_LH_DorsAttn_PrCv_1,0.00758419038209954,-0.308676924258624,0.322335303880802,0.963451430663443,41,0.982901071438249,node
auc_cc,beta,detail,22,7Networks_LH_DorsAttn_PrCv_1,0.46201133777705,0.17148745747332,0.678609523240793,0.00306722503524257,41,0.276050253171831,node
auc_cc,beta,communication,22,7Networks_LH_DorsAttn_PrCv_1,-0.261406832294468,-0.532970063778626,0.05898030313597,0.107952971172597,41,0.693371836349107,node
auc_cc,beta,imagination,22,7Networks_LH_DorsAttn_PrCv_1,-0.208838014452019,-0.491944716485964,0.114210097192942,0.201996696809495,41,0.72716195691256,node
auc_cc,beta,total,23,7Networks_LH_DorsAttn_FEF_1,-0.042072117030525,-0.352909802289284,0.277129144791871,0.799260377638348,41,0.923473531084838,node
auc_cc,beta,social,23,7Networks_LH_DorsAttn_FEF_1,-0.0902492870938003,-0.394537034247489,0.231875994982319,0.584800302056725,41,0.919410366000986,node
auc_cc,beta,switching,23,7Networks_LH_DorsAttn_FEF_1,0.114141461236276,-0.208904523026598,0.414727828866431,0.489007725318133,41,0.913745584554333,node
auc_cc,beta,detail,23,7Networks_LH_DorsAttn_FEF_1,-0.0432645614579928,-0.353955196264737,0.276025908044325,0.79369243431266,41,0.923473531084838,node
auc_cc,beta,communication,23,7Networks_LH_DorsAttn_FEF_1,0.0406474248635524,-0.278446152057461,0.351659782694161,0.805925597683673,41,0.923473531084838,node
auc_cc,beta,imagination,23,7Networks_LH_DorsAttn_FEF_1,-0.170844305616234,-0.461490041916523,0.152921412176002,0.298396022086838,41,0.839238812119231,node
auc_cc,beta,total,24,7Networks_LH_SalVentAttn_ParOper_1,0.0845940526236253,-0.237261219484167,0.389714512782939,0.608636370059581,41,0.894322829475303,node
auc_cc,beta,social,24,7Networks_LH_SalVentAttn_ParOper_1,0.185130730291907,-0.138480790877554,0.473022565386772,0.259187968332781,41,0.763758777552678,node
auc_cc,beta,switching,24,7Networks_LH_SalVentAttn_ParOper_1,-0.0568829640968126,-0.365839388889434,0.263366352565672,0.730880143434149,41,0.932186470191346,node
auc_cc,beta,detail,24,7Networks_LH_SalVentAttn_ParOper_1,0.0202895653081594,-0.297135094345164,0.333675890693328,0.902425223690834,41,0.969770389637911,node
auc_cc,beta,communication,24,7Networks_LH_SalVentAttn_ParOper_1,0.0898065685762742,-0.232298289421333,0.394160108245897,0.586651206550618,41,0.894322829475303,node
auc_cc,beta,imagination,24,7Networks_LH_SalVentAttn_ParOper_1,-0.0451586973053639,-0.355614155660118,0.27427174260975,0.784868839919895,41,0.932186470191346,node
auc_cc,beta,total,25,7Networks_LH_SalVentAttn_FrOperIns_1,-0.103480278359889,-0.405754700913735,0.219199105711811,0.530727977874611,41,0.894322829475303,node
auc_cc,beta,social,25,7Networks_LH_SalVentAttn_FrOperIns_1,-0.102784131739213,-0.405166746057696,0.219868824730389,0.533511132000128,41,0.894322829475303,node
auc_cc,beta,switching,25,7Networks_LH_SalVentAttn_FrOperIns_1,0.120209091636283,-0.203013392081822,0.419808760788113,0.466044137096633,41,0.860389176178398,node
auc_cc,beta,detail,25,7Networks_LH_SalVentAttn_FrOperIns_1,-0.156732720205853,-0.450001395608959,0.167050850388727,0.340662821761631,41,0.766491348963671,node
auc_cc,beta,communication,25,7Networks_LH_SalVentAttn_FrOperIns_1,-0.0402012031948423,-0.351268041244427,0.278858399574215,0.808015989199753,41,0.932186470191346,node
auc_cc,beta,imagination,25,7Networks_LH_SalVentAttn_FrOperIns_1,-0.128904679976407,-0.427057707892746,0.194529752822066,0.434162083509166,41,0.860389176178398,node
auc_cc,beta,total,26,7Networks_LH_SalVentAttn_FrOperIns_2,-0.0971078263317343,-0.400363272034026,0.225318315431241,0.55646509561463,41,0.894322829475303,node
auc_cc,beta,social,26,7Networks_LH_SalVentAttn_FrOperIns_2,-0.12966179347639,-0.427687055770594,0.193788796394964,0.431444618496636,41,0.860389176178398,node
auc_cc,beta,switching,26,7Networks_LH_SalVentAttn_FrOperIns_2,0.0847836539642035,-0.237080990606412,0.389876467568653,0.60783054273008,41,0.894322829475303,node
auc_cc,beta,detail,26,7Networks_LH_SalVentAttn_FrOperIns_2,-0.0981436368033591,-0.401241053360699,0.224325396578523,0.552242262889667,41,0.894322829475303,node
auc_cc,beta,communication,26,7Networks_LH_SalVentAttn_FrOperIns_2,-0.137742529409874,-0.434386187794364,0.185857451702645,0.40303603679561,41,0.853488077920116,node
auc_cc,beta,imagination,26,7Networks_LH_SalVentAttn_FrOperIns_2,0.0349851035215567,-0.283668653447045,0.346680695126024,0.832545439319489,41,0.936613619234425,node
auc_cc,beta,total,27,7Networks_LH_SalVentAttn_PFCl_1,-0.0607610209203365,-0.369205270620688,0.259741052176846,0.71328591484535,41,0.932186470191346,node
auc_cc,beta,social,27,7Networks_LH_SalVentAttn_PFCl_1,-0.00610106064334139,-0.321005574167217,0.310018187276425,0.970595221844794,41,0.98221616324473,node
auc_cc,beta,switching,27,7Networks_LH_SalVentAttn_PFCl_1,0.0215524681287475,-0.295982755961037,0.334798200252479,0.896383671045741,41,0.969770389637911,node
auc_cc,beta,detail,27,7Networks_LH_SalVentAttn_PFCl_1,-0.00368937743412277,-0.318840677123383,0.312196500915647,0.98221616324473,41,0.98221616324473,node
auc_cc,beta,communication,27,7Networks_LH_SalVentAttn_PFCl_1,-0.16407505148785,-0.455991136885729,0.159715789432075,0.318232823980283,41,0.763758777552678,node
auc_cc,beta,imagination,27,7Networks_LH_SalVentAttn_PFCl_1,-0.0390067741238291,-0.350218906516572,0.279961309584359,0.813617902063701,41,0.932186470191346,node
auc_cc,beta,total,28,7Networks_LH_SalVentAttn_Med_1,-0.289347271558212,-0.554267559515867,0.0288049486087153,0.0739991548556408,41,0.590759417974008,node
auc_cc,beta,social,28,7Networks_LH_SalVentAttn_Med_1,-0.226193261311522,-0.505629424147109,0.0961945057018444,0.166162784997677,41,0.703748265872512,node
auc_cc,beta,switching,28,7Networks_LH_SalVentAttn_Med_1,-0.221102216597146,-0.501629628279353,0.101501241748044,0.17616147518534,41,0.704645900741359,node
auc_cc,beta,detail,28,7Networks_LH_SalVentAttn_Med_1,0.190784266378863,-0.132727978844494,0.47755922355689,0.244664327016512,41,0.763758777552678,node
auc_cc,beta,communication,28,7Networks_LH_SalVentAttn_Med_1,-0.29087913847401,-0.555425273878711,0.0271336106734186,0.0724137971718974,41,0.590759417974008,node
auc_cc,beta,imagination,28,7Networks_LH_SalVentAttn_Med_1,-0.297659525052121,-0.560537291657407,0.0197144809874552,0.0657142870094082,41,0.590759417974008,node
auc_cc,beta,total,29,7Networks_LH_SalVentAttn_Med_2,-0.30743687976407,-0.567873743279422,0.00895415885147792,0.0569266285575345,41,0.590759417974008,node
auc_cc,beta,social,29,7Networks_LH_SalVentAttn_Med_2,-0.122686875860144,-0.421878229856422,0.20060093572441,0.456834678623483,41,0.860389176178398,node
auc_cc,beta,switching,29,7Networks_LH_SalVentAttn_Med_2,-0.166233005349349,-0.457746542710707,0.157553152480454,0.311821193524677,41,0.763758777552678,node
auc_cc,beta,detail,29,7Networks_LH_SalVentAttn_Med_2,-0.160375269479497,-0.452976223308385,0.163416382326345,0.329416634298107,41,0.765096699014958,node
auc_cc,beta,communication,29,7Networks_LH_SalVentAttn_Med_2,-0.177756688215099,-0.467082262664151,0.145951645062776,0.278975635371298,41,0.763758777552678,node
auc_cc,beta,imagination,29,7Networks_LH_SalVentAttn_Med_2,-0.267350221854807,-0.537529387306536,0.0526101647205681,0.0998903163962239,41,0.590759417974008,node
auc_cc,beta,total,30,7Networks_LH_SalVentAttn_Med_3,-0.262920354077396,-0.534132622910099,0.0573605795466312,0.105854403213651,41,0.590759417974008,node
auc_cc,beta,social,30,7Networks_LH_SalVentAttn_Med_3,-0.169298260136798,-0.46023609921104,0.154475897303579,0.302855238721645,41,0.763758777552678,node
auc_cc,beta,switching,30,7Networks_LH_SalVentAttn_Med_3,-0.173819388959633,-0.463899763397975,0.149925573479764,0.289933979880732,41,0.763758777552678,node
auc_cc,beta,detail,30,7Networks_LH_SalVentAttn_Med_3,-0.256571033597108,-0.529248729088446,0.0641441425628398,0.114869886828279,41,0.590759417974008,node
auc_cc,beta,communication,30,7Networks_LH_SalVentAttn_Med_3,0.0606361667723035,-0.259857909738522,0.369097031882576,0.713850145558959,41,0.932186470191346,node
auc_cc,beta,imagination,30,7Networks_LH_SalVentAttn_Med_3,-0.176246129599098,-0.465862171342375,0.147477492706405,0.28314745808044,41,0.763758777552678,node
auc_cc,beta,total,31,7Networks_LH_Limbic_OFC_1,0.146108690299071,-0.177601286967,0.441287538203352,0.374789402867194,41,0.962392378596214,node
auc_cc,beta,social,31,7Networks_LH_Limbic_OFC_1,0.0722890249525839,-0.248910790348585,0.379163219061631,0.661872184339154,41,0.962392378596214,node
auc_cc,beta,switching,31,7Networks_LH_Limbic_OFC_1,0.321521270794452,0.00667608455236794,0.578369746581363,0.0459425883609762,41,0.689138825414644,node
auc_cc,beta,detail,31,7Networks_LH_Limbic_OFC_1,-0.129754407993339,-0.427764021426551,0.193698132966754,0.431112852675566,41,0.962392378596214,node
auc_cc,beta,communication,31,7Networks_LH_Limbic_OFC_1,0.0171411464272102,-0.300003855612978,0.330874097657966,0.917509713578803,41,0.962392378596214,node
auc_cc,beta,imagination,31,7Networks_LH_Limbic_OFC_1,0.121109502953518,-0.202137174155118,0.420561153434899,0.462686095337627,41,0.962392378596214,node
auc_cc,beta,total,32,7Networks_LH_Limbic_TempPole_1,-0.0652481895920275,-0.373089746798199,0.255535035126548,0.693109747288984,41,0.962392378596214,node
auc_cc,beta,social,32,7Networks_LH_Limbic_TempPole_1,-0.111556415750996,-0.412557446275862,0.211407270749031,0.49896553800215,41,0.962392378596214,node
auc_cc,beta,switching,32,7Networks_LH_Limbic_TempPole_1,0.210840722448559,-0.112141976809592,0.493531035118387,0.197606539042369,41,0.962392378596214,node
auc_cc,beta,detail,32,7Networks_LH_Limbic_TempPole_1,-0.0640373750719873,-0.372042624522161,0.256671181349108,0.698534231571673,41,0.962392378596214,node
auc_cc,beta,communication,32,7Networks_LH_Limbic_TempPole_1,-0.216571905298363,-0.498060260544248,0.106208100868604,0.185414236233715,41,0.962392378596214,node
auc_cc,beta,imagination,32,7Networks_LH_Limbic_TempPole_1,-0.00899493895300627,-0.323598987175076,0.307399950655798,0.956658879117883,41,0.962392378596214,node
auc_cc,beta,total,33,7Networks_LH_Limbic_TempPole_2,-0.0180607734816178,-0.331693050428319,0.299166506874981,0.913100478822977,41,0.962392378596214,node
auc_cc,beta,social,33,7Networks_LH_Limbic_TempPole_2,0.132740172680431,-0.190772305625543,0.430242975183725,0.4204934476344,41,0.962392378596214,node
auc_cc,beta,switching,33,7Networks_LH_Limbic_TempPole_2,-0.0275091679019892,-0.340079812869683,0.290535062982082,0.867970763502274,41,0.962392378596214,node
auc_cc,beta,detail,33,7Networks_LH_Limbic_TempPole_2,-0.0118734255720616,-0.326173925826285,0.304790878572146,0.942809243298139,41,0.962392378596214,node
auc_cc,beta,communication,33,7Networks_LH_Limbic_TempPole_2,-0.108189564290725,-0.40972553258146,0.214660596934311,0.512088097847631,41,0.962392378596214,node
auc_cc,beta,imagination,33,7Networks_LH_Limbic_TempPole_2,-0.0947258498803415,-0.398342589847722,0.227599119019189,0.566232888996006,41,0.962392378596214,node
auc_cc,beta,total,34,7Networks_LH_Cont_Par_1,-0.240558212534421,-0.516850900748194,0.0811214877339211,0.140167189607303,41,0.79728977917905,node
auc_cc,beta,social,34,7Networks_LH_Cont_Par_1,-0.19530518181286,-0.481176044498906,0.128111938222207,0.233452011914513,41,0.79728977917905,node
auc_cc,beta,switching,34,7Networks_LH_Cont_Par_1,-0.152746072718367,-0.446738069826028,0.171018593116744,0.353238123486843,41,0.833978116834538,node
auc_cc,beta,detail,34,7Networks_LH_Cont_Par_1,0.0555317955110825,-0.264627336105421,0.364664767587284,0.737042778024422,41,0.919241866756344,node
auc_cc,beta,communication,34,7Networks_LH_Cont_Par_1,-0.262651875682453,-0.533926475378504,0.0576480197811685,0.106224379677466,41,0.79728977917905,node
auc_cc,beta,imagination,34,7Networks_LH_Cont_Par_1,-0.108341913616962,-0.409853801758573,0.214513539197545,0.511490600206051,41,0.833978116834538,node
auc_cc,beta,total,35,7Networks_LH_Cont_PFCl_1,-0.304091940690532,-0.56536851163592,0.0126436459816128,0.0598207625125354,41,0.79728977917905,node
auc_cc,beta,social,35,7Networks_LH_Cont_PFCl_1,-0.205819056566322,-0.489549881889729,0.117322377510531,0.208742658806855,41,0.79728977917905,node
auc_cc,beta,switching,35,7Networks_LH_Cont_PFCl_1,-0.237153598682784,-0.514199873883211,0.0847072728453126,0.14603825389888,41,0.79728977917905,node
auc_cc,beta,detail,35,7Networks_LH_Cont_PFCl_1,0.0137086273571184,-0.303124959412162,0.327813167114734,0.933987691393371,41,0.985844003362434,node
auc_cc,beta,communication,35,7Networks_LH_Cont_PFCl_1,-0.263821801586682,-0.534824551409498,0.0563950768417729,0.104619329709511,41,0.79728977917905,node
auc_cc,beta,imagination,35,7Networks_LH_Cont_PFCl_1,-0.146960819236648,-0.441988516057546,0.176757796777669,0.371979827602411,41,0.833978116834538,node
auc_cc,beta,total,36,7Networks_LH_Cont_pCun_1,0.00822860349627888,-0.308093759361963,0.322912678543207,0.960348330052064,41,0.985844003362434,node
auc_cc,beta,social,36,7Networks_LH_Cont_pCun_1,0.091563243047787,-0.230621940833937,0.395655120214541,0.579322344932439,41,0.833978116834538,node
auc_cc,beta,switching,36,7Networks_LH_Cont_pCun_1,-0.043916012197227,-0.354525983351405,0.275422837252312,0.790654815326185,41,0.920463814857349,node
auc_cc,beta,detail,36,7Networks_LH_Cont_pCun_1,0.105898352262317,-0.216870463580259,0.407795027520468,0.521115891409578,41,0.833978116834538,node
auc_cc,beta,communication,36,7Networks_LH_Cont_pCun_1,-0.105971109890716,-0.407856372391425,0.216800339900649,0.52082801040043,41,0.833978116834538,node
auc_cc,beta,imagination,36,7Networks_LH_Cont_pCun_1,-0.071107466961085,-0.378145842054892,0.25002454048738,0.667076825054948,41,0.897103316453206,node
auc_cc,beta,total,37,7Networks_LH_Cont_Cing_1,-0.119402440429159,-0.419134365150197,0.203797929809742,0.469063489157272,41,0.833978116834538,node
auc_cc,beta,social,37,7Networks_LH_Cont_Cing_1,0.0518793410395823,-0.2680305329841,0.361484620384997,0.753781846990216,41,0.919241866756344,node
auc_cc,beta,switching,37,7Networks_LH_Cont_Cing_1,-0.16749955659131,-0.458775772181052,0.156282404612012,0.308096366572285,41,0.79728977917905,node
auc_cc,beta,detail,37,7Networks_LH_Cont_Cing_1,-0.0267707934909838,-0.339426189133774,0.291211463775331,0.871484611621272,41,0.95281683904958,node
auc_cc,beta,communication,37,7Networks_LH_Cont_Cing_1,-0.103334415469688,-0.405631528047782,0.219339456438983,0.531310543679884,41,0.833978116834538,node
auc_cc,beta,imagination,37,7Networks_LH_Cont_Cing_1,-0.1233973446369,-0.422471045610111,0.19990847471393,0.454212209648673,41,0.833978116834538,node
auc_cc,beta,total,38,7Networks_LH_Default_Temp_1,-0.0471351030906543,-0.357343087323947,0.272439117660473,0.775690194157157,41,0.94660498270026,node
auc_cc,beta,social,38,7Networks_LH_Default_Temp_1,-0.150555995713715,-0.444942016438015,0.173193824883345,0.360264569135834,41,0.94660498270026,node
auc_cc,beta,switching,38,7Networks_LH_Default_Temp_1,0.155631008700673,-0.168148387189656,0.449100356794362,0.344110186577808,41,0.94660498270026,node
auc_cc,beta,detail,38,7Networks_LH_Default_Temp_1,-0.108018889761426,-0.40958182049742,0.214825325996367,0.512757879292185,41,0.94660498270026,node
auc_cc,beta,communication,38,7Networks_LH_Default_Temp_1,-0.0454656971637645,-0.355882854227641,0.273987228699897,0.783441181413266,41,0.948029664903448,node
auc_cc,beta,imagination,38,7Networks_LH_Default_Temp_1,0.051307896580264,-0.268562258580198,0.360986418182008,0.756411042375611,41,0.94660498270026,node
auc_cc,beta,total,39,7Networks_LH_Default_Temp_2,0.226120544965419,-0.0962704320450413,0.505572378747866,0.166302653754319,41,0.921060851562384,node
auc_cc,beta,social,39,7Networks_LH_Default_Temp_2,0.175136245343594,-0.148597629419558,0.464965005793892,0.286238398903089,41,0.94660498270026,node
auc_cc,beta,switching,39,7Networks_LH_Default_Temp_2,0.245468693284129,-0.0759349955242017,0.520665171175308,0.132008543663707,41,0.917806973175759,node
auc_cc,beta,detail,39,7Networks_LH_Default_Temp_2,0.0516399064122694,-0.268253349175051,0.361275895702983,0.754883145886017,41,0.94660498270026,node
auc_cc,beta,communication,39,7Networks_LH_Default_Temp_2,0.0567026006810764,-0.263534740766411,0.365682649142641,0.731701822050058,41,0.94660498270026,node
auc_cc,beta,imagination,39,7Networks_LH_Default_Temp_2,0.0599076704967253,-0.260539560582682,0.368465315949766,0.717145290471317,41,0.94660498270026,node
auc_cc,beta,total,40,7Networks_LH_Default_Par_1,-0.167476225468989,-0.458756819823518,0.156305822734896,0.308164725305726,41,0.94660498270026,node
auc_cc,beta,social,40,7Networks_LH_Default_Par_1,-0.271764769694982,-0.540905704334835,0.0478617286349934,0.0942058935280325,41,0.904376577869112,node
auc_cc,beta,switching,40,7Networks_LH_Default_Par_1,-0.100933551956233,-0.403602557335339,0.221647673878268,0.540943856481714,41,0.94660498270026,node
auc_cc,beta,detail,40,7Networks_LH_Default_Par_1,0.0834087341924515,-0.238387442690848,0.388701602559649,0.613684408411416,41,0.94660498270026,node
auc_cc,beta,communication,40,7Networks_LH_Default_Par_1,-0.0792126385018291,-0.385109901873675,0.242367394766168,0.631695033079098,41,0.94660498270026,node
auc_cc,beta,imagination,40,7Networks_LH_Default_Par_1,-0.0526940355185735,-0.362194589595022,0.267272127570451,0.750038201195903,41,0.94660498270026,node
auc_cc,beta,total,41,7Networks_LH_Default_Par_2,-0.0955226481544561,-0.399018859258822,0.2268365576787,0.562956684459037,41,0.94660498270026,node
auc_cc,beta,social,41,7Networks_LH_Default_Par_2,-0.0642308913107241,-0.3722100315948,0.256489658325925,0.69766627312943,41,0.94660498270026,node
auc_cc,beta,switching,41,7Networks_LH_Default_Par_2,0.0720914647513258,-0.249097072027127,0.378993162075442,0.662741334975896,41,0.94660498270026,node
auc_cc,beta,detail,41,7Networks_LH_Default_Par_2,-0.043982884694235,-0.354584562492927,0.27536091680867,0.79034317037699,41,0.948411804452388,node
auc_cc,beta,communication,41,7Networks_LH_Default_Par_2,-0.231063189958129,-0.509444291561009,0.0911010448787315,0.1569875645828,41,0.917806973175759,node
auc_cc,beta,imagination,41,7Networks_LH_Default_Par_2,-0.00699978944824841,-0.321811495752981,0.309205575328824,0.966266009443056,41,0.986855276162174,node
auc_cc,beta,total,42,7Networks_LH_Default_PFC_1,0.0213969004253195,-0.296124753977514,0.33465999917695,0.89712758134729,41,0.963880652266173,node
auc_cc,beta,social,42,7Networks_LH_Default_PFC_1,-0.132474469660503,-0.43002255497129,0.191032908031816,0.421432452567176,41,0.94660498270026,node
auc_cc,beta,switching,42,7Networks_LH_Default_PFC_1,0.0478694930670445,-0.271757562185069,0.35798497991884,0.772287174962084,41,0.94660498270026,node
auc_cc,beta,detail,42,7Networks_LH_Default_PFC_1,0.0354877798748685,-0.283205785734342,0.347123428581479,0.830174322806499,41,0.963880652266173,node
auc_cc,beta,communication,42,7Networks_LH_Default_PFC_1,0.0992703297109126,-0.223244597859891,0.402195219890708,0.5476661159314,41,0.94660498270026,node
auc_cc,beta,imagination,42,7Networks_LH_Default_PFC_1,0.0544957297612638,-0.265593507605202,0.363763409990257,0.741779268977102,41,0.94660498270026,node
auc_cc,beta,total,43,7Networks_LH_Default_PFC_2,0.152733760532712,-0.171030830673578,0.446727979383328,0.353277390998504,41,0.94660498270026,node
auc_cc,beta,social,43,7Networks_LH_Default_PFC_2,0.0225862492702441,-0.295038791687696,0.335716234186765,0.891442473798888,41,0.963880652266173,node
auc_cc,beta,switching,43,7Networks_LH_Default_PFC_2,0.103617930870006,-0.219066642845314,0.405870930514345,0.530178488970907,41,0.94660498270026,node
auc_cc,beta,detail,43,7Networks_LH_Default_PFC_2,0.0537526613079991,-0.266286052063073,0.363116597656775,0.745182085905232,41,0.94660498270026,node
auc_cc,beta,communication,43,7Networks_LH_Default_PFC_2,0.146412600673683,-0.177300512143998,0.441537582129101,0.373785933018211,41,0.94660498270026,node
auc_cc,beta,imagination,43,7Networks_LH_Default_PFC_2,0.12806670678677,-0.195349413244047,0.426360808734105,0.437180797046244,41,0.94660498270026,node
auc_cc,beta,total,44,7Networks_LH_Default_PFC_3,0.102550579237683,-0.220093442835826,0.404969435115001,0.534446443113988,41,0.94660498270026,node
auc_cc,beta,social,44,7Networks_LH_Default_PFC_3,0.0319529341252789,-0.286457549349363,0.344007155504253,0.846878417151038,41,0.963880652266173,node
auc_cc,beta,switching,44,7Networks_LH_Default_PFC_3,0.25143816826288,-0.0696064750682104,0.525287279400643,0.122571946279451,41,0.917806973175759,node
auc_cc,beta,detail,44,7Networks_LH_Default_PFC_3,-0.0950892022296886,-0.398651020116839,0.227251428270199,0.564737801263989,41,0.94660498270026,node
auc_cc,beta,communication,44,7Networks_LH_Default_PFC_3,0.00349881873749886,-0.312368478482213,0.318669477893595,0.983134574998243,41,0.986855276162174,node
auc_cc,beta,imagination,44,7Networks_LH_Default_PFC_3,0.0946432275134362,-0.227678168641218,0.398272446580989,0.566573109603684,41,0.94660498270026,node
auc_cc,beta,total,45,7Networks_LH_Default_PFC_4,-0.324502794440618,-0.580580791713804,-0.0100046984967997,0.0438528302943923,41,0.574073414762954,node
auc_cc,beta,social,45,7Networks_LH_Default_PFC_4,-0.243243466552604,-0.518938061687727,0.078287456079948,0.135660852076342,41,0.917806973175759,node
auc_cc,beta,switching,45,7Networks_LH_Default_PFC_4,-0.163932106897066,-0.455874777133537,0.159858934560852,0.318660438481364,41,0.94660498270026,node
auc_cc,beta,detail,45,7Networks_LH_Default_PFC_4,-0.0530188360806118,-0.362477538430478,0.266969657647694,0.748547259970754,41,0.94660498270026,node
auc_cc,beta,communication,45,7Networks_LH_Default_PFC_4,-0.262004781228445,-0.533429480012585,0.0583405984398696,0.107120146650081,41,0.917806973175759,node
auc_cc,beta,imagination,45,7Networks_LH_Default_PFC_4,-0.179097143795343,-0.468164038428636,0.144596331167028,0.275307339404838,41,0.94660498270026,node
auc_cc,beta,total,46,7Networks_LH_Default_PFC_5,-0.0748607246427312,-0.381375011647937,0.246483736499129,0.650598385697589,41,0.94660498270026,node
auc_cc,beta,social,46,7Networks_LH_Default_PFC_5,-0.210303021297372,-0.493105313738249,0.112697515247241,0.198778608894992,41,0.94660498270026,node
auc_cc,beta,switching,46,7Networks_LH_Default_PFC_5,0.0711727070558634,-0.249963066582381,0.378202036196651,0.666789045410686,41,0.94660498270026,node
auc_cc,beta,detail,46,7Networks_LH_Default_PFC_5,-0.0397946450190813,-0.350911025835385,0.279233901123442,0.809921716423733,41,0.963873778223285,node
auc_cc,beta,communication,46,7Networks_LH_Default_PFC_5,-0.0922221417273296,-0.396215458441566,0.229992677435109,0.576584082489177,41,0.94660498270026,node
auc_cc,beta,imagination,46,7Networks_LH_Default_PFC_5,0.134076653452847,-0.189460788909775,0.431351146625936,0.415788174172922,41,0.94660498270026,node
auc_cc,beta,total,47,7Networks_LH_Default_PFC_6,-0.106829696050186,-0.408580074983874,0.215972584354704,0.517436774393542,41,0.94660498270026,node
auc_cc,beta,social,47,7Networks_LH_Default_PFC_6,-0.100078715768057,-0.402879415542323,0.222468651325134,0.544393913209644,41,0.94660498270026,node
auc_cc,beta,switching,47,7Networks_LH_Default_PFC_6,-0.15722374861482,-0.450402792724443,0.166561423968294,0.33913320356818,41,0.94660498270026,node
auc_cc,beta,detail,47,7Networks_LH_Default_PFC_6,0.230149105375479,-0.0920583731331117,0.508729074985602,0.158681044624278,41,0.917806973175759,node
auc_cc,beta,communication,47,7Networks_LH_Default_PFC_6,-0.208560294155729,-0.491724589388524,0.114496667491432,0.202610828977235,41,0.94660498270026,node
auc_cc,beta,imagination,47,7Networks_LH_Default_PFC_6,-0.066964052551614,-0.374572297164162,0.253923466839577,0.685448451029189,41,0.94660498270026,node
auc_cc,beta,total,48,7Networks_LH_Default_PFC_7,0.184528482396913,-0.13909232983314,0.47253839247476,0.260768151259217,41,0.94660498270026,node
auc_cc,beta,social,48,7Networks_LH_Default_PFC_7,0.0659474005247253,-0.254878539211003,0.373694073129877,0.689984098063954,41,0.94660498270026,node
auc_cc,beta,switching,48,7Networks_LH_Default_PFC_7,0.326782323671927,0.0125543063639762,0.582268706380924,0.0423075647549033,41,0.574073414762954,node
auc_cc,beta,detail,48,7Networks_LH_Default_PFC_7,0.0497686071474808,-0.269993588935016,0.359643540136849,0.763506644770449,41,0.94660498270026,node
auc_cc,beta,communication,48,7Networks_LH_Default_PFC_7,-0.121877507717222,-0.421202580526683,0.201389395948538,0.45983211471559,41,0.94660498270026,node
auc_cc,beta,imagination,48,7Networks_LH_Default_PFC_7,0.193653125645533,-0.129800381781774,0.479855494667699,0.237508040257483,41,0.94660498270026,node
auc_cc,beta,total,49,7Networks_LH_Default_pCunPCC_1,-0.0831073539084004,-0.38844394124061,0.238673659419945,0.614970745189292,41,0.94660498270026,node
auc_cc,beta,social,49,7Networks_LH_Default_pCunPCC_1,0.0755123994676684,-0.245868074502166,0.381934928393211,0.647753584824265,41,0.94660498270026,node
auc_cc,beta,switching,49,7Networks_LH_Default_pCunPCC_1,-0.371825368495852,-0.615175852841819,-0.0637862698619193,0.0197660124584965,41,0.474384299003915,node
auc_cc,beta,detail,49,7Networks_LH_Default_pCunPCC_1,0.0537208475449486,-0.266315695315366,0.363088898349359,0.745327881248966,41,0.94660498270026,node
auc_cc,beta,communication,49,7Networks_LH_Default_pCunPCC_1,0.0797668084072609,-0.241842390106447,0.385584782244958,0.629304059213715,41,0.94660498270026,node
auc_cc,beta,imagination,49,7Networks_LH_Default_pCunPCC_1,-0.068293599561709,-0.375719979913166,0.252673506873299,0.679533251974005,41,0.94660498270026,node
auc_cc,beta,total,50,7Networks_LH_Default_pCunPCC_2,-0.32502489441127,-0.580967583600269,-0.0105882960627896,0.0434949326796166,41,0.574073414762954,node
auc_cc,beta,social,50,7Networks_LH_Default_pCunPCC_2,-0.138655854269667,-0.435141298274972,0.1849583514527,0.399894281047798,41,0.94660498270026,node
auc_cc,beta,switching,50,7Networks_LH_Default_pCunPCC_2,-0.376255790738954,-0.618367427516709,-0.0689146902436188,0.0182378640529977,41,0.474384299003915,node
auc_cc,beta,detail,50,7Networks_LH_Default_pCunPCC_2,0.00903343298768874,-0.30736509085948,0.323633452627874,0.956473576006773,41,0.986855276162174,node
auc_cc,beta,communication,50,7Networks_LH_Default_pCunPCC_2,-0.0847965868457924,-0.389887513965783,0.237068696221914,0.607775593131378,41,0.94660498270026,node
auc_cc,beta,imagination,50,7Networks_LH_Default_pCunPCC_2,-0.354706763916257,-0.602768595011406,-0.0441223957723239,0.0267139985288107,41,0.549545112592677,node
auc_cc,beta,total,51,7Networks_RH_Vis_1,-0.0850847328080592,-0.390133606086912,0.236794749302512,0.606551861684859,41,0.903479785570255,node
auc_cc,beta,social,51,7Networks_RH_Vis_1,0.0185294172728937,-0.298739604265488,0.332110208657407,0.910854501787905,41,0.985535732232741,node
auc_cc,beta,switching,51,7Networks_RH_Vis_1,-0.201609482800294,-0.486203412336077,0.121651507956361,0.218407973293748,41,0.891685648854206,node
auc_cc,beta,detail,51,7Networks_RH_Vis_1,0.0940410124207871,-0.228254214524956,0.397761081438571,0.569055732879541,41,0.891685648854206,node
auc_cc,beta,communication,51,7Networks_RH_Vis_1,-0.143118608861967,-0.438824985933092,0.180557297600921,0.384747120474298,41,0.891685648854206,node
auc_cc,beta,imagination,51,7Networks_RH_Vis_1,-0.00622657072152761,-0.32111815085327,0.309904731407406,0.96999058209734,41,0.985535732232741,node
auc_cc,beta,total,52,7Networks_RH_Vis_2,-0.128620496122438,-0.426821406498665,0.194807776848939,0.435184530698755,41,0.891685648854206,node
auc_cc,beta,social,52,7Networks_RH_Vis_2,-0.0319802689443636,-0.344031279920624,0.286432431705403,0.846748981840301,41,0.985535732232741,node
auc_cc,beta,switching,52,7Networks_RH_Vis_2,-0.184118678024967,-0.472208833735942,0.139508315305924,0.261847044396762,41,0.891685648854206,node
auc_cc,beta,detail,52,7Networks_RH_Vis_2,-0.00408383131414173,-0.319194991844504,0.311840443923907,0.980315136680174,41,0.985535732232741,node
auc_cc,beta,communication,52,7Networks_RH_Vis_2,0.0701999366576365,-0.250879412333848,0.377363911857961,0.671084873771459,41,0.91459112440774,node
auc_cc,beta,imagination,52,7Networks_RH_Vis_2,-0.248187494830875,-0.522772315952682,0.0730558739275132,0.127645875758866,41,0.891685648854206,node
auc_cc,beta,total,53,7Networks_RH_Vis_3,-0.0658630934266986,-0.373621220556751,0.25495771164533,0.690360704567881,41,0.924061438079644,node
auc_cc,beta,social,53,7Networks_RH_Vis_3,-0.0736922991920364,-0.380370541134772,0.24758694345373,0.655711211742024,41,0.91459112440774,node
auc_cc,beta,switching,53,7Networks_RH_Vis_3,-0.0201415838706535,-0.333544325187382,0.297270059831459,0.903133507804504,41,0.985535732232741,node
auc_cc,beta,detail,53,7Networks_RH_Vis_3,0.187900762067186,-0.135664843495744,0.475247275813418,0.25200193775593,41,0.891685648854206,node
auc_cc,beta,communication,53,7Networks_RH_Vis_3,-0.221785624869247,-0.502167248081299,0.100789944877463,0.174794856429609,41,0.891685648854206,node
auc_cc,beta,imagination,53,7Networks_RH_Vis_3,-0.0818297876816267,-0.387351171461551,0.239886326101071,0.620436167995273,41,0.903479785570255,node
auc_cc,beta,total,54,7Networks_RH_Vis_4,0.0066790200170379,-0.309495661398305,0.32152390291762,0.967811065507788,41,0.985535732232741,node
auc_cc,beta,social,54,7Networks_RH_Vis_4,0.197954285394297,-0.125400567663833,0.483290866562093,0.227046861561292,41,0.891685648854206,node
auc_cc,beta,switching,54,7Networks_RH_Vis_4,-0.134580832377956,-0.431768964397778,0.188965727432371,0.414020914613289,41,0.891685648854206,node
auc_cc,beta,detail,54,7Networks_RH_Vis_4,0.111400390580298,-0.211558193282252,0.412426339397567,0.499569847348659,41,0.891685648854206,node
auc_cc,beta,communication,54,7Networks_RH_Vis_4,-0.105485578785904,-0.40744695006924,0.21726823091673,0.522750602778557,41,0.891685648854206,node
auc_cc,beta,imagination,54,7Networks_RH_Vis_4,-0.128275410005391,-0.426534409577042,0.195145313193137,0.43642788347153,41,0.891685648854206,node
auc_cc,beta,total,55,7Networks_RH_Vis_5,-0.183135096436745,-0.471417522918012,0.14050626643887,0.264448574491791,41,0.891685648854206,node
auc_cc,beta,social,55,7Networks_RH_Vis_5,0.129490997480411,-0.193955979782874,0.427545107445925,0.43205681977369,41,0.891685648854206,node
auc_cc,beta,switching,55,7Networks_RH_Vis_5,-0.252552993818069,-0.526148691256872,0.0684217256558192,0.120867094582006,41,0.891685648854206,node
auc_cc,beta,detail,55,7Networks_RH_Vis_5,-0.185177868026724,-0.473060454097329,0.138432915518731,0.259064556905138,41,0.891685648854206,node
auc_cc,beta,communication,55,7Networks_RH_Vis_5,-0.00300062970538689,-0.318221804303762,0.312817991951306,0.985535732232741,41,0.985535732232741,node
auc_cc,beta,imagination,55,7Networks_RH_Vis_5,-0.273523330710936,-0.542248268461138,0.0459661289707396,0.0920120185909791,41,0.891685648854206,node
auc_cc,beta,total,56,7Networks_RH_Vis_6,0.0900304024706591,-0.232084796905981,0.394350690923849,0.5857150830709,41,0.891685648854206,node
auc_cc,beta,social,56,7Networks_RH_Vis_6,0.183179934147065,-0.140460787977442,0.471453605842496,0.264329610436036,41,0.891685648854206,node
auc_cc,beta,switching,56,7Networks_RH_Vis_6,-0.0959374098672048,-0.399370750815702,0.226439461025407,0.561254781800923,41,0.891685648854206,node
auc_cc,beta,detail,56,7Networks_RH_Vis_6,0.0309933008377241,-0.28733906778522,0.343159967438262,0.85142494107382,41,0.985535732232741,node
auc_cc,beta,communication,56,7Networks_RH_Vis_6,0.225773208679951,-0.0966330494220827,0.505299862462777,0.166971920746502,41,0.891685648854206,node
auc_cc,beta,imagination,56,7Networks_RH_Vis_6,-0.152283997466057,-0.446359325116065,0.171477799090431,0.354713643385251,41,0.891685648854206,node
auc_cc,beta,total,57,7Networks_RH_Vis_7,0.0426230086606622,-0.276619570363895,0.353392855257585,0.796686836361683,41,0.985535732232741,node
auc_cc,beta,social,57,7Networks_RH_Vis_7,0.107365641786581,-0.215455648347645,0.409031631584735,0.515325470764308,41,0.891685648854206,node
auc_cc,beta,switching,57,7Networks_RH_Vis_7,-0.199568262723193,-0.484577700219194,0.123746282619073,0.223203944266192,41,0.891685648854206,node
auc_cc,beta,detail,57,7Networks_RH_Vis_7,0.191183344368319,-0.132321067755125,0.477878885367983,0.243660246802207,41,0.891685648854206,node
auc_cc,beta,communication,57,7Networks_RH_Vis_7,-0.0165255983852506,-0.330325671331637,0.300564058143646,0.920462381947338,41,0.985535732232741,node
auc_cc,beta,imagination,57,7Networks_RH_Vis_7,0.0303975417286601,-0.287886060490153,0.342633760857222,0.854249905764041,41,0.985535732232741,node
auc_cc,beta,total,58,7Networks_RH_Vis_8,-0.153932962802212,-0.447710433718206,0.169838428069044,0.349465180304548,41,0.891685648854206,node
auc_cc,beta,social,58,7Networks_RH_Vis_8,0.091423185084032,-0.230755664691174,0.395535983444769,0.579905153502341,41,0.891685648854206,node
auc_cc,beta,switching,58,7Networks_RH_Vis_8,-0.144323841368983,-0.439818118307788,0.179366501263106,0.380714882026081,41,0.891685648854206,node
auc_cc,beta,detail,58,7Networks_RH_Vis_8,-0.0408160609760957,-0.351807801283829,0.278290324838821,0.805135942067847,41,0.985535732232741,node
auc_cc,beta,communication,58,7Networks_RH_Vis_8,-0.108932147227931,-0.410350631197828,0.213943668086077,0.509179067133572,41,0.891685648854206,node
auc_cc,beta,imagination,58,7Networks_RH_Vis_8,-0.329192901633786,-0.58405126533323,-0.0152549419767524,0.0407218023570859,41,0.891685648854206,node
auc_cc,beta,total,59,7Networks_RH_SomMot_1,0.248021658329777,-0.0732316428102619,0.522643884193748,0.127908862773415,41,0.920920800439023,node
auc_cc,beta,social,59,7Networks_RH_SomMot_1,0.332740266432818,0.019237497930348,0.586669985526382,0.0384763599294185,41,0.718995776258701,node
auc_cc,beta,switching,59,7Networks_RH_SomMot_1,0.401719444723719,0.0987084307683165,0.6365573040434,0.0112478073128163,41,0.718995776258701,node
auc_cc,beta,detail,59,7Networks_RH_SomMot_1,-0.124891736570981,-0.423717132940258,0.198450905270642,0.448722793863856,41,0.941705551264973,node
auc_cc,beta,communication,59,7Networks_RH_SomMot_1,-0.0066202417879605,-0.321471197715474,0.309548810787197,0.96809419641812,41,0.96809419641812,node
auc_cc,beta,imagination,59,7Networks_RH_SomMot_1,-0.0209106850808591,-0.334227975050113,0.296568467803719,0.899453174130666,41,0.941705551264973,node
auc_cc,beta,total,60,7Networks_RH_SomMot_2,0.0682199462122268,-0.25274277935595,0.375656426020428,0.679860447682286,41,0.941705551264973,node
auc_cc,beta,social,60,7Networks_RH_SomMot_2,0.161321593004307,-0.162470717821477,0.453748009937207,0.326533099537633,41,0.941705551264973,node
auc_cc,beta,switching,60,7Networks_RH_SomMot_2,0.163818415969847,-0.159972775264448,0.455782223322234,0.319000798937939,41,0.941705551264973,node
auc_cc,beta,detail,60,7Networks_RH_SomMot_2,-0.160357904351041,-0.452962056850004,0.163433729804064,0.329469694768013,41,0.941705551264973,node
auc_cc,beta,communication,60,7Networks_RH_SomMot_2,0.1734135734234,-0.150334570594306,0.463571318551215,0.29107902566031,41,0.941705551264973,node
auc_cc,beta,imagination,60,7Networks_RH_SomMot_2,-0.247446710912936,-0.522198520737032,0.0738408708355316,0.128823754618408,41,0.920920800439023,node
auc_cc,beta,total,61,7Networks_RH_SomMot_3,-0.108264418521331,-0.409788556933558,0.214588344464716,0.511794484005977,41,0.941705551264973,node
auc_cc,beta,social,61,7Networks_RH_SomMot_3,-0.218589680483341,-0.499651215866106,0.104113477344514,0.181251451323063,41,0.941705551264973,node
auc_cc,beta,switching,61,7Networks_RH_SomMot_3,0.148574000492634,-0.175159666496732,0.443314564341246,0.36669537441286,41,0.941705551264973,node
auc_cc,beta,detail,61,7Networks_RH_SomMot_3,-0.109767515365239,-0.411053497042756,0.213136743547835,0.505916504718207,41,0.941705551264973,node
auc_cc,beta,communication,61,7Networks_RH_SomMot_3,-0.0552032167897237,-0.364378973036277,0.264933818120706,0.738543885248308,41,0.941705551264973,node
auc_cc,beta,imagination,61,7Networks_RH_SomMot_3,-0.0433013956430583,-0.353987475757477,0.27599181605184,0.793520601413056,41,0.941705551264973,node
auc_cc,beta,total,62,7Networks_RH_SomMot_4,-0.169164346924882,-0.460127432295621,0.154610466134838,0.303243469577282,41,0.941705551264973,node
auc_cc,beta,social,62,7Networks_RH_SomMot_4,-0.212392492250774,-0.494758879624481,0.110537596881953,0.194251233990307,41,0.941705551264973,node
auc_cc,beta,switching,62,7Networks_RH_SomMot_4,-0.0727215224009445,-0.379535434309001,0.248502900790674,0.65997097122237,41,0.941705551264973,node
auc_cc,beta,detail,62,7Networks_RH_SomMot_4,-0.0520534979680741,-0.361636420410278,0.267868442260716,0.752981099560085,41,0.941705551264973,node
auc_cc,beta,communication,62,7Networks_RH_SomMot_4,-0.0557847930358361,-0.364884782672675,0.264391308421324,0.735887617211493,41,0.941705551264973,node
auc_cc,beta,imagination,62,7Networks_RH_SomMot_4,-0.0379143287862806,-0.349258665687055,0.280969313337641,0.81874953137645,41,0.941705551264973,node
auc_cc,beta,total,63,7Networks_RH_SomMot_5,-0.120192623716914,-0.419794996195519,0.203029412701455,0.466105674009428,41,0.941705551264973,node
auc_cc,beta,social,63,7Networks_RH_SomMot_5,-0.0794719149320787,-0.385332101712154,0.242121787161955,0.63057591948632,41,0.941705551264973,node
auc_cc,beta,switching,63,7Networks_RH_SomMot_5,0.0398775397149417,-0.279157346599949,0.350983826409228,0.809533062349332,41,0.941705551264973,node
auc_cc,beta,detail,63,7Networks_RH_SomMot_5,-0.147865078599095,-0.442731983556452,0.175862184336074,0.369012106291074,41,0.941705551264973,node
auc_cc,beta,communication,63,7Networks_RH_SomMot_5,0.0291450121922035,-0.289035386202268,0.341526819917425,0.860194943914966,41,0.941705551264973,node
auc_cc,beta,imagination,63,7Networks_RH_SomMot_5,-0.213506652731333,-0.495639769127991,0.109384623726242,0.191867005289672,41,0.941705551264973,node
auc_cc,beta,total,64,7Networks_RH_SomMot_6,-0.105507365380255,-0.407465324136509,0.217247239040546,0.522664258009304,41,0.941705551264973,node
auc_cc,beta,social,64,7Networks_RH_SomMot_6,0.0360886683777555,-0.282652288745815,0.347652480429008,0.82734188722931,41,0.941705551264973,node
auc_cc,beta,switching,64,7Networks_RH_SomMot_6,-0.124850143721147,-0.423682466354597,0.19849149261249,0.448875088492038,41,0.941705551264973,node
auc_cc,beta,detail,64,7Networks_RH_SomMot_6,-0.102936619911628,-0.405295556647746,0.219722151429033,0.532900888699887,41,0.941705551264973,node
auc_cc,beta,communication,64,7Networks_RH_SomMot_6,0.0885923169377758,-0.233455900639731,0.393125781078598,0.591741022538705,41,0.941705551264973,node
auc_cc,beta,imagination,64,7Networks_RH_SomMot_6,-0.245017236492957,-0.520314955068201,0.0764125551644137,0.132743557250404,41,0.920920800439023,node
auc_cc,beta,total,65,7Networks_RH_SomMot_7,-0.162562997929093,-0.454759789322888,0.16122927479718,0.322774347518176,41,0.941705551264973,node
auc_cc,beta,social,65,7Networks_RH_SomMot_7,-0.0291305925390984,-0.341514071294348,0.289048612390641,0.860263430626284,41,0.941705551264973,node
auc_cc,beta,switching,65,7Networks_RH_SomMot_7,-0.193100455888133,-0.479413435547162,0.13036480595591,0.238875510506523,41,0.941705551264973,node
auc_cc,beta,detail,65,7Networks_RH_SomMot_7,-0.019192916533488,-0.332700605681661,0.298134984362439,0.90767585084946,41,0.941705551264973,node
auc_cc,beta,communication,65,7Networks_RH_SomMot_7,0.0727098972536148,-0.248513865989869,0.37952543079249,0.660022046687037,41,0.941705551264973,node
auc_cc,beta,imagination,65,7Networks_RH_SomMot_7,-0.351196280834678,-0.600209350912601,-0.0401194763740084,0.0283634523553027,41,0.718995776258701,node
auc_cc,beta,total,66,7Networks_RH_SomMot_8,-0.31427622939805,-0.572981179753236,0.00138340712384952,0.0513568411613358,41,0.718995776258701,node
auc_cc,beta,social,66,7Networks_RH_SomMot_8,-0.105246127414101,-0.407244988875229,0.217498928056334,0.523700060593758,41,0.941705551264973,node
auc_cc,beta,switching,66,7Networks_RH_SomMot_8,-0.352268928018503,-0.600991883188286,-0.0413415316953458,0.0278507636488051,41,0.718995776258701,node
auc_cc,beta,detail,66,7Networks_RH_SomMot_8,-0.102389692044384,-0.404833497239299,0.220248155496147,0.535091211609453,41,0.941705551264973,node
auc_cc,beta,communication,66,7Networks_RH_SomMot_8,-0.0728339063082834,-0.379632137708996,0.248396892561535,0.659477287220274,41,0.941705551264973,node
auc_cc,beta,imagination,66,7Networks_RH_SomMot_8,-0.262069449805782,-0.533479156591153,0.0582713981806043,0.1070303693598,41,0.920920800439023,node
auc_cc,beta,total,67,7Networks_RH_DorsAttn_Post_1,-0.107319926540179,-0.408993120348586,0.21549974915635,0.515505393862816,41,0.913745584554333,node
auc_cc,beta,social,67,7Networks_RH_DorsAttn_Post_1,-0.0136926366372258,-0.327798892026781,0.303139483484772,0.93406452445437,41,0.970875439028884,node
auc_cc,beta,switching,67,7Networks_RH_DorsAttn_Post_1,-0.22968599741781,-0.508366573860576,0.0925431626582309,0.159544064203737,41,0.693371836349107,node
auc_cc,beta,detail,67,7Networks_RH_DorsAttn_Post_1,0.249717985249265,-0.0714327759513384,0.523957013245241,0.12523779201853,41,0.693371836349107,node
auc_cc,beta,communication,67,7Networks_RH_DorsAttn_Post_1,-0.225686306215126,-0.505231671009885,0.0967237617852233,0.167139672347594,41,0.693371836349107,node
auc_cc,beta,imagination,67,7Networks_RH_DorsAttn_Post_1,-0.111200523475387,-0.412258374223523,0.211751501446906,0.500344507178519,41,0.913745584554333,node
auc_cc,beta,total,68,7Networks_RH_DorsAttn_Post_2,-0.135439727973208,-0.432480445603648,0.188121984987248,0.411020128654036,41,0.913745584554333,node
auc_cc,beta,social,68,7Networks_RH_DorsAttn_Post_2,-0.268850050874063,-0.538677453052414,0.0509985193763112,0.0979303786834081,41,0.693371836349107,node
auc_cc,beta,switching,68,7Networks_RH_DorsAttn_Post_2,0.119748002388446,-0.203461891877104,0.419423310540632,0.467768757981265,41,0.913745584554333,node
auc_cc,beta,detail,68,7Networks_RH_DorsAttn_Post_2,-0.0581866795910352,-0.366971825168091,0.262148616555655,0.724949681268328,41,0.923473531084838,node
auc_cc,beta,communication,68,7Networks_RH_DorsAttn_Post_2,0.0646302916228685,-0.25611493939694,0.372555481563029,0.695876083752714,41,0.923473531084838,node
auc_cc,beta,imagination,68,7Networks_RH_DorsAttn_Post_2,-0.247145082030517,-0.521964814237518,0.0741603881341216,0.129305670185574,41,0.693371836349107,node
auc_cc,beta,total,69,7Networks_RH_DorsAttn_Post_3,-0.10025704750756,-0.403030305055671,0.222297420782276,0.543673314612328,41,0.913745584554333,node
auc_cc,beta,social,69,7Networks_RH_DorsAttn_Post_3,0.0872648521136584,-0.234720400398305,0.391994133806416,0.597327533010467,41,0.919410366000986,node
auc_cc,beta,switching,69,7Networks_RH_DorsAttn_Post_3,-0.224474830259311,-0.504280674846213,0.0979877926106048,0.169490893329782,41,0.693371836349107,node
auc_cc,beta,detail,69,7Networks_RH_DorsAttn_Post_3,0.00354726730959786,-0.312324756029965,0.31871300636996,0.982901071438249,41,0.982901071438249,node
auc_cc,beta,communication,69,7Networks_RH_DorsAttn_Post_3,-0.0534752522767346,-0.362875047369655,0.266544514343124,0.746453683336638,41,0.923473531084838,node
auc_cc,beta,imagination,69,7Networks_RH_DorsAttn_Post_3,-0.131356556594549,-0.429094775046164,0.192128861521306,0.425396096951448,41,0.913745584554333,node
auc_cc,beta,total,70,7Networks_RH_DorsAttn_Post_4,-0.255438620348525,-0.528375774554172,0.0653508973514235,0.116536895670349,41,0.693371836349107,node
auc_cc,beta,social,70,7Networks_RH_DorsAttn_Post_4,-0.0567099847407953,-0.365689066395851,0.263527847353875,0.731668176812426,41,0.923473531084838,node
auc_cc,beta,switching,70,7Networks_RH_DorsAttn_Post_4,-0.332128617291938,-0.586218835133395,-0.0185501010712697,0.0388561608961296,41,0.693371836349107,node
auc_cc,beta,detail,70,7Networks_RH_DorsAttn_Post_4,0.0540149341740697,-0.266041649832233,0.363344930090232,0.74398048204606,41,0.923473531084838,node
auc_cc,beta,communication,70,7Networks_RH_DorsAttn_Post_4,-0.186431839171178,-0.474067989328532,0.137158766370019,0.255795858058092,41,0.793849214663045,node
auc_cc,beta,imagination,70,7Networks_RH_DorsAttn_Post_4,-0.22511905596297,-0.504786469906322,0.0973157493458154,0.168237643662767,41,0.693371836349107,node
auc_cc,beta,total,71,7Networks_RH_DorsAttn_Post_5,-0.17533680203485,-0.465127168174106,0.148395281578478,0.285678252860778,41,0.837646051539647,node
auc_cc,beta,social,71,7Networks_RH_DorsAttn_Post_5,-0.0380251790491038,-0.349356130997979,0.280867063412555,0.818228482439828,41,0.923473531084838,node
auc_cc,beta,switching,71,7Networks_RH_DorsAttn_Post_5,-0.115514533229071,-0.415879259540472,0.207573441287281,0.483760600811288,41,0.913745584554333,node
auc_cc,beta,detail,71,7Networks_RH_DorsAttn_Post_5,-0.285433856679531,-0.55130531943069,0.0330666040559498,0.0781728110270253,41,0.693371836349107,node
auc_cc,beta,communication,71,7Networks_RH_DorsAttn_Post_5,0.127994954647853,-0.195419576343894,0.426301119710881,0.437439814152159,41,0.913745584554333,node
auc_cc,beta,imagination,71,7Networks_RH_DorsAttn_Post_5,-0.193000711631789,-0.479333638501606,0.130466649286832,0.239122873780271,41,0.793849214663045,node
auc_cc,beta,total,72,7Networks_RH_DorsAttn_PrCv_1,-0.205508002568108,-0.489302890070257,0.117642686564665,0.209446506424622,41,0.72716195691256,node
auc_cc,beta,social,72,7Networks_RH_DorsAttn_PrCv_1,-0.319887845517764,-0.577156825203315,-0.00485545958693129,0.0471211111168022,41,0.693371836349107,node
auc_cc,beta,switching,72,7Networks_RH_DorsAttn_PrCv_1,0.131710775729497,-0.1917816877479,0.429388817080567,0.424137933616873,41,0.913745584554333,node
auc_cc,beta,detail,72,7Networks_RH_DorsAttn_PrCv_1,-0.174321047233512,-0.464305667909455,0.149419829033215,0.288522528863656,41,0.837646051539647,node
auc_cc,beta,communication,72,7Networks_RH_DorsAttn_PrCv_1,-0.189043505018351,-0.476163983789306,0.134501633468313,0.249076618279655,41,0.793849214663045,node
auc_cc,beta,imagination,72,7Networks_RH_DorsAttn_PrCv_1,0.0425814904092224,-0.27665798097797,0.353356455477783,0.79688071924426,41,0.923473531084838,node
auc_cc,beta,total,73,7Networks_RH_DorsAttn_FEF_1,-0.13731366234567,-0.43403146903161,0.186279452471735,0.404516179399149,41,0.913745584554333,node
auc_cc,beta,social,73,7Networks_RH_DorsAttn_FEF_1,-0.0859875402665151,-0.390904370039697,0.23593609819231,0.602724573267313,41,0.919410366000986,node
auc_cc,beta,switching,73,7Networks_RH_DorsAttn_FEF_1,0.0289316984826376,-0.289231032283329,0.341338214465017,0.861208188397163,41,0.945228499460301,node
auc_cc,beta,detail,73,7Networks_RH_DorsAttn_FEF_1,-0.245242715255535,-0.520489881045639,0.0761740578436502,0.132376078070261,41,0.693371836349107,node
auc_cc,beta,communication,73,7Networks_RH_DorsAttn_FEF_1,0.107348364929556,-0.215472315225832,0.409017077417393,0.515393464221513,41,0.913745584554333,node
auc_cc,beta,imagination,73,7Networks_RH_DorsAttn_FEF_1,-0.213464127868203,-0.495606158315709,0.109428645931307,0.191957625140259,41,0.72716195691256,node
auc_cc,beta,total,74,7Networks_RH_SalVentAttn_TempOccPar_1,-0.0286577550563639,-0.341095965168812,0.289482247466979,0.862509746374692,41,0.95539541136889,node
auc_cc,beta,social,74,7Networks_RH_SalVentAttn_TempOccPar_1,-0.088639486374065,-0.393165975470791,0.233410948521915,0.591542938420992,41,0.894322829475303,node
auc_cc,beta,switching,74,7Networks_RH_SalVentAttn_TempOccPar_1,0.0470250081748286,-0.272541264340577,0.357246833741743,0.77620071025015,41,0.932186470191346,node
auc_cc,beta,detail,74,7Networks_RH_SalVentAttn_TempOccPar_1,0.09987536368388,-0.222663881619191,0.402707335802355,0.545216168398354,41,0.894322829475303,node
auc_cc,beta,communication,74,7Networks_RH_SalVentAttn_TempOccPar_1,-0.204684962746351,-0.488649137239692,0.118489890783599,0.211316809832013,41,0.763758777552678,node
auc_cc,beta,imagination,74,7Networks_RH_SalVentAttn_TempOccPar_1,0.0887061859069001,-0.233347382019555,0.393222810016499,0.591262889155452,41,0.894322829475303,node
auc_cc,beta,total,75,7Networks_RH_SalVentAttn_TempOccPar_2,-0.00881065333456888,-0.323433976347892,0.307566826026241,0.957546026695175,41,0.98221616324473,node
auc_cc,beta,social,75,7Networks_RH_SalVentAttn_TempOccPar_2,-0.0618325110290835,-0.370133824446909,0.258737802160774,0.708449933723071,41,0.932186470191346,node
auc_cc,beta,switching,75,7Networks_RH_SalVentAttn_TempOccPar_2,0.164109671369621,-0.159681118933437,0.456019316659874,0.318129313869839,41,0.763758777552678,node
auc_cc,beta,detail,75,7Networks_RH_SalVentAttn_TempOccPar_2,-0.0399731580818775,-0.351067796616399,0.279069036533693,0.809084808931353,41,0.932186470191346,node
auc_cc,beta,communication,75,7Networks_RH_SalVentAttn_TempOccPar_2,-0.236761639375414,-0.513894331782936,0.085119555221416,0.146725573679778,41,0.660265081559002,node
auc_cc,beta,imagination,75,7Networks_RH_SalVentAttn_TempOccPar_2,0.185175526031253,-0.138435294198086,0.473058571656352,0.259070687568077,41,0.763758777552678,node
auc_cc,beta,total,76,7Networks_RH_SalVentAttn_FrOperIns_1,0.0385711766738628,-0.280363321447799,0.349836102181822,0.815663161417428,41,0.932186470191346,node
auc_cc,beta,social,76,7Networks_RH_SalVentAttn_FrOperIns_1,-0.015158381804285,-0.329106782839271,0.301807562582113,0.927024368875582,41,0.981555214103558,node
auc_cc,beta,switching,76,7Networks_RH_SalVentAttn_FrOperIns_1,0.23898190877226,-0.0827827078830164,0.515624158985263,0.14286341034121,41,0.660265081559002,node
auc_cc,beta,detail,76,7Networks_RH_SalVentAttn_FrOperIns_1,-0.316741331454758,-0.574817136222446,-0.00135421405668479,0.0494599969982833,41,0.590759417974008,node
auc_cc,beta,communication,76,7Networks_RH_SalVentAttn_FrOperIns_1,0.170777175713594,-0.152988941821163,0.461435619338692,0.298588765381065,41,0.763758777552678,node
auc_cc,beta,imagination,76,7Networks_RH_SalVentAttn_FrOperIns_1,0.0482050308234749,-0.271446057403423,0.358278158731664,0.770733751102503,41,0.932186470191346,node
auc_cc,beta,total,77,7Networks_RH_SalVentAttn_Med_1,-0.306168950374261,-0.566924680091535,0.0103537068222111,0.0580102411604746,41,0.590759417974008,node
auc_cc,beta,social,77,7Networks_RH_SalVentAttn_Med_1,-0.00453373170064264,-0.319599003392712,0.311434229346852,0.978147023279596,41,0.98221616324473,node
auc_cc,beta,switching,77,7Networks_RH_SalVentAttn_Med_1,-0.332731141943056,-0.586663256490684,-0.0192272412693828,0.0384820034360942,41,0.590759417974008,node
auc_cc,beta,detail,77,7Networks_RH_SalVentAttn_Med_1,-0.0568597375982869,-0.365819205538135,0.263388038037387,0.730985939423029,41,0.932186470191346,node
auc_cc,beta,communication,77,7Networks_RH_SalVentAttn_Med_1,-0.344422191967571,-0.595256388742857,-0.032423267432979,0.0317842594297173,41,0.590759417974008,node
auc_cc,beta,imagination,77,7Networks_RH_SalVentAttn_Med_1,-0.145500045858707,-0.440786634798092,0.178203470020495,0.376803856596246,41,0.822117505300901,node
auc_cc,beta,total,78,7Networks_RH_SalVentAttn_Med_2,-0.261993110589945,-0.53342051475755,0.0583530865761109,0.107136354709696,41,0.590759417974008,node
auc_cc,beta,social,78,7Networks_RH_SalVentAttn_Med_2,-0.122233430918162,-0.421499741222287,0.201042718694034,0.458512680635408,41,0.860389176178398,node
auc_cc,beta,switching,78,7Networks_RH_SalVentAttn_Med_2,-0.0776551773917456,-0.383774411270603,0.243841880946317,0.638434463819373,41,0.919345627899897,node
auc_cc,beta,detail,78,7Networks_RH_SalVentAttn_Med_2,-0.335608883850656,-0.588783767312816,-0.0224653294464803,0.0367352504710239,41,0.590759417974008,node
auc_cc,beta,communication,78,7Networks_RH_SalVentAttn_Med_2,0.0577430760948191,-0.262563079123763,0.366586604003451,0.726965830851916,41,0.932186470191346,node
auc_cc,beta,imagination,78,7Networks_RH_SalVentAttn_Med_2,-0.278817255672854,-0.54628162126044,0.0402457435659885,0.0856447103851116,41,0.590759417974008,node
auc_cc,beta,total,79,7Networks_RH_Limbic_OFC_1,0.193687923564473,-0.129764836749742,0.479883323312421,0.237422117594254,41,0.962392378596214,node
auc_cc,beta,social,79,7Networks_RH_Limbic_OFC_1,0.144796619015377,-0.178899127352168,0.440207497993509,0.37913997363278,41,0.962392378596214,node
auc_cc,beta,switching,79,7Networks_RH_Limbic_OFC_1,0.376509846917781,0.0692092653889756,0.618550201981822,0.0181533284144649,41,0.544599852433948,node
auc_cc,beta,detail,79,7Networks_RH_Limbic_OFC_1,-0.126976063008821,-0.425453245768253,0.196415546210459,0.441127024023513,41,0.962392378596214,node
auc_cc,beta,communication,79,7Networks_RH_Limbic_OFC_1,-0.00780410820447391,-0.322532369925286,0.308477935238019,0.962392378596214,41,0.962392378596214,node
auc_cc,beta,imagination,79,7Networks_RH_Limbic_OFC_1,0.127815866959726,-0.19559468347309,0.426152129275576,0.438086669748313,41,0.962392378596214,node
auc_cc,beta,total,80,7Networks_RH_Limbic_TempPole_1,-0.0175732957428808,-0.33125899718039,0.299610431219537,0.915437423709932,41,0.962392378596214,node
auc_cc,beta,social,80,7Networks_RH_Limbic_TempPole_1,-0.019582501703463,-0.333047153119175,0.29777985254056,0.905810107628306,41,0.962392378596214,node
auc_cc,beta,switching,80,7Networks_RH_Limbic_TempPole_1,0.0500496367321484,-0.269732374956159,0.359888806523213,0.762209752628903,41,0.962392378596214,node
auc_cc,beta,detail,80,7Networks_RH_Limbic_TempPole_1,-0.0449759587053218,-0.355454191152306,0.274441070127572,0.785718969320848,41,0.962392378596214,node
auc_cc,beta,communication,80,7Networks_RH_Limbic_TempPole_1,0.0892426515790728,-0.232836015254519,0.393679846787341,0.589012575626893,41,0.962392378596214,node
auc_cc,beta,imagination,80,7Networks_RH_Limbic_TempPole_1,-0.159553676751813,-0.452305806669179,0.164236920639001,0.331932887650791,41,0.962392378596214,node
auc_cc,beta,total,81,7Networks_RH_Cont_Par_1,-0.0132310557062179,-0.327386771923295,0.303558665396061,0.936282604160717,41,0.985844003362434,node
auc_cc,beta,social,81,7Networks_RH_Cont_Par_1,0.0901263601487628,-0.231993263075882,0.394432385776472,0.585313970278309,41,0.833978116834538,node
auc_cc,beta,switching,81,7Networks_RH_Cont_Par_1,0.0022943564504527,-0.31345501641363,0.31758690482682,0.988940018178365,41,0.994539862513674,node
auc_cc,beta,detail,81,7Networks_RH_Cont_Par_1,-0.146208628416324,-0.441369767895296,0.177502386620202,0.37445924504691,41,0.833978116834538,node
auc_cc,beta,communication,81,7Networks_RH_Cont_Par_1,-0.133624394209383,-0.430976246649917,0.189904729695707,0.417377070896701,41,0.833978116834538,node
auc_cc,beta,imagination,81,7Networks_RH_Cont_Par_1,0.174360912520535,-0.149379631763478,0.464337918706568,0.288410555864447,41,0.79728977917905,node
auc_cc,beta,total,82,7Networks_RH_Cont_Par_2,-0.0947537091626221,-0.398366240524873,0.227572463466311,0.566118191836469,41,0.833978116834538,node
auc_cc,beta,social,82,7Networks_RH_Cont_Par_2,-0.10553662715095,-0.407490002126724,0.217219044193198,0.522548298627153,41,0.833978116834538,node
auc_cc,beta,switching,82,7Networks_RH_Cont_Par_2,-0.126593315643568,-0.425134605873742,0.1967895106502,0.442516525166555,41,0.833978116834538,node
auc_cc,beta,detail,82,7Networks_RH_Cont_Par_2,0.212414354398759,-0.11051498150575,0.494776170093259,0.194204250883792,41,0.79728977917905,node
auc_cc,beta,communication,82,7Networks_RH_Cont_Par_2,-0.174828479165084,-0.464716120145163,0.148908091513825,0.287099358785021,41,0.79728977917905,node
auc_cc,beta,imagination,82,7Networks_RH_Cont_Par_2,-0.0753098121607743,-0.381760890174715,0.246059494217255,0.648637427338214,41,0.887609111094398,node
auc_cc,beta,total,83,7Networks_RH_Cont_PFCl_1,-0.16684762282029,-0.458246092991484,0.15693663241303,0.310010112538011,41,0.79728977917905,node
auc_cc,beta,social,83,7Networks_RH_Cont_PFCl_1,-0.267099494894834,-0.537337366973233,0.0528794215496908,0.10022086487573,41,0.79728977917905,node
auc_cc,beta,switching,83,7Networks_RH_Cont_PFCl_1,0.192508144102667,-0.130969482615403,0.47893950694888,0.240346968679558,41,0.79728977917905,node
auc_cc,beta,detail,83,7Networks_RH_Cont_PFCl_1,-0.221213706311013,-0.501717349178907,0.101385224860796,0.175938008292226,41,0.79728977917905,node
auc_cc,beta,communication,83,7Networks_RH_Cont_PFCl_1,-0.0869268799922601,-0.391705869412503,0.235042167688636,0.598753519778643,41,0.833978116834538,node
auc_cc,beta,imagination,83,7Networks_RH_Cont_PFCl_1,-0.0526744226758493,-0.362177502111636,0.267290389975626,0.750128259315489,41,0.919241866756344,node
auc_cc,beta,total,84,7Networks_RH_Cont_PFCl_2,0.252187168182901,-0.0688105963500738,0.52586608421188,0.121424562460151,41,0.79728977917905,node
auc_cc,beta,social,84,7Networks_RH_Cont_PFCl_2,0.217600148006082,-0.10514105467117,0.498871235999948,0.183284523376734,41,0.79728977917905,node
auc_cc,beta,switching,84,7Networks_RH_Cont_PFCl_2,0.17855747251237,-0.145142130549443,0.467728616558977,0.276780391806283,41,0.79728977917905,node
auc_cc,beta,detail,84,7Networks_RH_Cont_PFCl_2,0.0327249048055787,-0.28574802616384,0.344688301819357,0.843224532302329,41,0.95281683904958,node
auc_cc,beta,communication,84,7Networks_RH_Cont_PFCl_2,0.203219521089674,-0.11999719387428,0.487484325174585,0.214675521423323,41,0.79728977917905,node
auc_cc,beta,imagination,84,7Networks_RH_Cont_PFCl_2,0.027600857594387,-0.290451046844124,0.34016095733767,0.867534594756798,41,0.95281683904958,node
auc_cc,beta,total,85,7Networks_RH_Cont_PFCl_3,0.0476567931290631,-0.27195499275813,0.357799099965624,0.773272355949765,41,0.919241866756344,node
auc_cc,beta,social,85,7Networks_RH_Cont_PFCl_3,-0.00113266106043263,-0.316541991484155,0.314502191933452,0.994539862513675,41,0.994539862513674,node
auc_cc,beta,switching,85,7Networks_RH_Cont_PFCl_3,0.278671516947975,-0.0404035029670417,0.546170751151965,0.0858153022883017,41,0.79728977917905,node
auc_cc,beta,detail,85,7Networks_RH_Cont_PFCl_3,-0.11677269947184,-0.416933487743178,0.206352699996279,0.478978425138189,41,0.833978116834538,node
auc_cc,beta,communication,85,7Networks_RH_Cont_PFCl_3,-0.0574164703696668,-0.366302914920081,0.262868154141044,0.728451393424104,41,0.919241866756344,node
auc_cc,beta,imagination,85,7Networks_RH_Cont_PFCl_3,0.00818340670274876,-0.308134668181168,0.322872191219525,0.960565951994167,41,0.985844003362434,node
auc_cc,beta,total,86,7Networks_RH_Cont_PFCl_4,-0.165148584005835,-0.456864694994736,0.158640315536806,0.315032907805287,41,0.79728977917905,node
auc_cc,beta,social,86,7Networks_RH_Cont_PFCl_4,-0.306686842111447,-0.567312413069835,0.0097822046320751,0.057565666316012,41,0.79728977917905,node
auc_cc,beta,switching,86,7Networks_RH_Cont_PFCl_4,0.20651422203742,-0.116606285073515,0.490101712144409,0.20717559484561,41,0.79728977917905,node
auc_cc,beta,detail,86,7Networks_RH_Cont_PFCl_4,-0.0358141248997704,-0.347410783434252,0.28290520557395,0.828635750454755,41,0.950493949051042,node
auc_cc,beta,communication,86,7Networks_RH_Cont_PFCl_4,-0.200691757556816,-0.485472741655264,0.122593667577696,0.220555364981921,41,0.79728977917905,node
auc_cc,beta,imagination,86,7Networks_RH_Cont_PFCl_4,-0.118817350349146,-0.418644997249562,0.20436672065405,0.471259996478425,41,0.833978116834538,node
auc_cc,beta,total,87,7Networks_RH_Cont_Cing_1,-0.188352678497429,-0.475609877595648,0.13520493962925,0.250842339071607,41,0.79728977917905,node
auc_cc,beta,social,87,7Networks_RH_Cont_Cing_1,0.0466759247576238,-0.272865098266346,0.35694159415307,0.777820041101522,41,0.919241866756344,node
auc_cc,beta,switching,87,7Networks_RH_Cont_Cing_1,-0.236629670021968,-0.513791442540919,0.0852583423799493,0.146957521302488,41,0.79728977917905,node
auc_cc,beta,detail,87,7Networks_RH_Cont_Cing_1,-0.0882346266653855,-0.392820945340712,0.233796731986264,0.593244062576348,41,0.833978116834538,node
auc_cc,beta,communication,87,7Networks_RH_Cont_Cing_1,-0.121639406884669,-0.42100375398209,0.201621266346847,0.460715908632792,41,0.833978116834538,node
auc_cc,beta,imagination,87,7Networks_RH_Cont_Cing_1,-0.164530898767836,-0.456362139030097,0.159259211673162,0.316871578904494,41,0.79728977917905,node
auc_cc,beta,total,88,7Networks_RH_Cont_PFCmp_1,0.0893223633842818,-0.23276001761896,0.393747743652334,0.588678532041748,41,0.833978116834538,node
auc_cc,beta,social,88,7Networks_RH_Cont_PFCmp_1,0.109585774556959,-0.213312333732475,0.410900613616517,0.506625401499557,41,0.833978116834538,node
auc_cc,beta,switching,88,7Networks_RH_Cont_PFCmp_1,0.326797082182394,0.0125708267861087,0.582279627389714,0.0422977059532519,41,0.79728977917905,node
auc_cc,beta,detail,88,7Networks_RH_Cont_PFCmp_1,-0.109084696933883,-0.410479010896478,0.213796345450917,0.508582490855857,41,0.833978116834538,node
auc_cc,beta,communication,88,7Networks_RH_Cont_PFCmp_1,-0.0874725277005482,-0.392171235536201,0.234522647276906,0.596452034177084,41,0.833978116834538,node
auc_cc,beta,imagination,88,7Networks_RH_Cont_PFCmp_1,-0.061902101491566,-0.370194110277227,0.25867261978596,0.708136236486233,41,0.919241866756344,node
auc_cc,beta,total,89,7Networks_RH_Cont_pCun_1,-0.177416294658206,-0.466807419959884,0.146295618370255,0.279912208244472,41,0.79728977917905,node
auc_cc,beta,social,89,7Networks_RH_Cont_pCun_1,0.025083512877397,-0.292755934283464,0.337931440567046,0.879523236045766,41,0.95281683904958,node
auc_cc,beta,switching,89,7Networks_RH_Cont_pCun_1,-0.149312610378183,-0.443921277496251,0.174427378027334,0.364290895444559,41,0.833978116834538,node
auc_cc,beta,detail,89,7Networks_RH_Cont_pCun_1,-0.165311105227241,-0.456996893231834,0.158477433419227,0.314550248239194,41,0.79728977917905,node
auc_cc,beta,communication,89,7Networks_RH_Cont_pCun_1,-0.168374387827599,-0.459486224619888,0.155404048369778,0.30554010865793,41,0.79728977917905,node
auc_cc,beta,imagination,89,7Networks_RH_Cont_pCun_1,-0.0472640528666382,-0.357455816920698,0.272319468175056,0.775092365224716,41,0.919241866756344,node
auc_cc,beta,total,90,7Networks_RH_Default_Par_1,-0.0305790213256348,-0.342794074178818,0.287719458063188,0.853389176145446,41,0.963880652266173,node
auc_cc,beta,social,90,7Networks_RH_Default_Par_1,0.0898744458956055,-0.232233551389665,0.394217904945259,0.586367258172518,41,0.94660498270026,node
auc_cc,beta,switching,90,7Networks_RH_Default_Par_1,-0.0832993270832019,-0.388608071835235,0.238491351587879,0.614151243010403,41,0.94660498270026,node
auc_cc,beta,detail,90,7Networks_RH_Default_Par_1,0.00981989735959564,-0.306652690966631,0.324337427081152,0.952688190405356,41,0.986855276162174,node
auc_cc,beta,communication,90,7Networks_RH_Default_Par_1,-0.100835425279685,-0.403519567071234,0.221741937148735,0.541339355756304,41,0.94660498270026,node
auc_cc,beta,imagination,90,7Networks_RH_Default_Par_1,-0.0279242629580303,-0.340447130717402,0.290154668273741,0.865996461859137,41,0.963880652266173,node
auc_cc,beta,total,91,7Networks_RH_Default_Temp_1,-0.0200361667052515,-0.333450594751609,0.297366197120366,0.903638111499537,41,0.963880652266173,node
auc_cc,beta,social,91,7Networks_RH_Default_Temp_1,-0.0266581573449516,-0.339326454824258,0.291314618146089,0.872020851053394,41,0.963880652266173,node
auc_cc,beta,switching,91,7Networks_RH_Default_Temp_1,0.0724514360254559,-0.248757633368033,0.379303004658904,0.661157996502869,41,0.94660498270026,node
auc_cc,beta,detail,91,7Networks_RH_Default_Temp_1,-0.0773539411235579,-0.383515959541825,0.244126897186696,0.639741304383242,41,0.94660498270026,node
auc_cc,beta,communication,91,7Networks_RH_Default_Temp_1,-0.101981664721363,-0.404488684128315,0.220640450761901,0.536728098430149,41,0.94660498270026,node
auc_cc,beta,imagination,91,7Networks_RH_Default_Temp_1,0.100572467954678,-0.22199451169583,0.403297147353853,0.542399886584058,41,0.94660498270026,node
auc_cc,beta,total,92,7Networks_RH_Default_Temp_2,-0.0487515188980471,-0.358755526207108,0.270938568272751,0.768205589081899,41,0.94660498270026,node
auc_cc,beta,social,92,7Networks_RH_Default_Temp_2,-0.0481673468398167,-0.358245235096027,0.271481045601033,0.770908171102509,41,0.94660498270026,node
auc_cc,beta,switching,92,7Networks_RH_Default_Temp_2,0.0605066118366043,-0.259979157091552,0.368984709084094,0.714435778346402,41,0.94660498270026,node
auc_cc,beta,detail,92,7Networks_RH_Default_Temp_2,-0.142401113284677,-0.438233413946967,0.181265748782038,0.387159423186183,41,0.94660498270026,node
auc_cc,beta,communication,92,7Networks_RH_Default_Temp_2,0.101825097892286,-0.220790953234627,0.404356350801028,0.537356839315155,41,0.94660498270026,node
auc_cc,beta,imagination,92,7Networks_RH_Default_Temp_2,-0.12415168019874,-0.423100183908936,0.199172905125065,0.451436750708463,41,0.94660498270026,node
auc_cc,beta,total,93,7Networks_RH_Default_Temp_3,0.1826465417374,-0.141001714307816,0.471024298389743,0.265747108184198,41,0.94660498270026,node
auc_cc,beta,social,93,7Networks_RH_Default_Temp_3,0.107891951155401,-0.214947830770951,0.409474925412706,0.513256310660594,41,0.94660498270026,node
auc_cc,beta,switching,93,7Networks_RH_Default_Temp_3,0.17075161197652,-0.153014656989238,0.461414894102614,0.298662184899995,41,0.94660498270026,node
auc_cc,beta,detail,93,7Networks_RH_Default_Temp_3,0.235900943010613,-0.0860244920497734,0.513223150592435,0.148243164877919,41,0.917806973175759,node
auc_cc,beta,communication,93,7Networks_RH_Default_Temp_3,-0.160929407715126,-0.453428211274749,0.162862702181355,0.327726210599777,41,0.94660498270026,node
auc_cc,beta,imagination,93,7Networks_RH_Default_Temp_3,0.134286942104759,-0.18925432306053,0.431525430293534,0.41505054697781,41,0.94660498270026,node
auc_cc,beta,total,94,7Networks_RH_Default_PFCv_1,-0.0669242616945014,-0.374537934631083,0.253960859293758,0.685625769248375,41,0.94660498270026,node
auc_cc,beta,social,94,7Networks_RH_Default_PFCv_1,0.0236982991188967,-0.294022666154817,0.336703109821014,0.886131686861471,41,0.963880652266173,node
auc_cc,beta,switching,94,7Networks_RH_Default_PFCv_1,0.0224320279578698,-0.295179653319371,0.335579317989424,0.892179358531189,41,0.963880652266173,node
auc_cc,beta,detail,94,7Networks_RH_Default_PFCv_1,-0.394190540722498,-0.631206124429607,-0.0898423085854211,0.0130248521339266,41,0.468894676821358,node
auc_cc,beta,communication,94,7Networks_RH_Default_PFCv_1,0.290200797945769,-0.0278739310914317,0.554912741874756,0.0731125034668414,41,0.86002901375102,node
auc_cc,beta,imagination,94,7Networks_RH_Default_PFCv_1,-0.140331302748864,-0.436525426950702,0.183307587669817,0.394167741430677,41,0.94660498270026,node
auc_cc,beta,total,95,7Networks_RH_Default_PFCv_2,-0.00846709269938508,-0.323126298289798,0.307877877071427,0.959200055083438,41,0.986855276162174,node
auc_cc,beta,social,95,7Networks_RH_Default_PFCv_2,0.0275501859925857,-0.290497478321392,0.340116114048235,0.867775635281102,41,0.963880652266173,node
auc_cc,beta,switching,95,7Networks_RH_Default_PFCv_2,0.0858113602820576,-0.23610370069262,0.390753991498035,0.603470637328514,41,0.94660498270026,node
auc_cc,beta,detail,95,7Networks_RH_Default_PFCv_2,-0.095103219036252,-0.398662916854722,0.227238013984549,0.564680162734627,41,0.94660498270026,node
auc_cc,beta,communication,95,7Networks_RH_Default_PFCv_2,0.0758940539580922,-0.24550739054509,0.382262740192244,0.646089806146028,41,0.94660498270026,node
auc_cc,beta,imagination,95,7Networks_RH_Default_PFCv_2,-0.168527301794112,-0.459610368164168,0.155250465676298,0.305094682672632,41,0.94660498270026,node
auc_cc,beta,total,96,7Networks_RH_Default_PFCdPFCm_1,0.141922146416443,-0.181738491124188,0.437838365153477,0.388774675531406,41,0.94660498270026,node
auc_cc,beta,social,96,7Networks_RH_Default_PFCdPFCm_1,-0.00572630697231075,-0.32066938464208,0.310356895375812,0.972400677685855,41,0.986855276162174,node
auc_cc,beta,switching,96,7Networks_RH_Default_PFCdPFCm_1,0.280569699400296,-0.0383475100339216,0.547614051771233,0.0836139318924603,41,0.86002901375102,node
auc_cc,beta,detail,96,7Networks_RH_Default_PFCdPFCm_1,0.0634316281943246,-0.257239240698339,0.371518475315732,0.701253565145917,41,0.94660498270026,node
auc_cc,beta,communication,96,7Networks_RH_Default_PFCdPFCm_1,0.0779047369581968,-0.243605716812986,0.383988489613462,0.637352624921459,41,0.94660498270026,node
auc_cc,beta,imagination,96,7Networks_RH_Default_PFCdPFCm_1,-0.0559732228585119,-0.365048625103847,0.264215492628223,0.735027637613273,41,0.94660498270026,node
auc_cc,beta,total,97,7Networks_RH_Default_PFCdPFCm_2,0.118111628056967,-0.205052492944435,0.418054501098177,0.473916593783036,41,0.94660498270026,node
auc_cc,beta,social,97,7Networks_RH_Default_PFCdPFCm_2,0.0700379809889552,-0.251031918057637,0.377224324411576,0.671801088750819,41,0.94660498270026,node
auc_cc,beta,switching,97,7Networks_RH_Default_PFCdPFCm_2,0.333024137621868,0.0195566249597774,0.586879314444075,0.0383011218289606,41,0.574073414762954,node
auc_cc,beta,detail,97,7Networks_RH_Default_PFCdPFCm_2,-0.229794538815711,-0.508451544292297,0.0924295533260653,0.159341488398569,41,0.917806973175759,node
auc_cc,beta,communication,97,7Networks_RH_Default_PFCdPFCm_2,0.108439111154323,-0.214419709998977,0.409935630141155,0.511109584366674,41,0.94660498270026,node
auc_cc,beta,imagination,97,7Networks_RH_Default_PFCdPFCm_2,0.0258877058336441,-0.292020014386269,0.338644065652589,0.875690325400899,41,0.963880652266173,node
auc_cc,beta,total,98,7Networks_RH_Default_PFCdPFCm_3,-0.169981949517169,-0.460790758641057,0.153788673400157,0.300878080280306,41,0.94660498270026,node
auc_cc,beta,social,98,7Networks_RH_Default_PFCdPFCm_3,-0.218657668617921,-0.499704789472745,0.104042849946267,0.181112355999406,41,0.94033089370319,node
auc_cc,beta,switching,98,7Networks_RH_Default_PFCdPFCm_3,-0.00272686379290309,-0.317975737878088,0.313064949345639,0.986855276162174,41,0.986855276162174,node
auc_cc,beta,detail,98,7Networks_RH_Default_PFCdPFCm_3,0.0233896226535527,-0.294304788521082,0.336429247429471,0.887605343303219,41,0.963880652266173,node
auc_cc,beta,communication,98,7Networks_RH_Default_PFCdPFCm_3,-0.109651916906765,-0.410956255635756,0.213248432241457,0.506367349228743,41,0.94660498270026,node
auc_cc,beta,imagination,98,7Networks_RH_Default_PFCdPFCm_3,-0.173327652458636,-0.463501768602933,0.150421150963387,0.29132183301534,41,0.94660498270026,node
auc_cc,beta,total,99,7Networks_RH_Default_pCunPCC_1,-0.153049220145946,-0.446986490487737,0.170717251668033,0.352272123878966,41,0.94660498270026,node
auc_cc,beta,social,99,7Networks_RH_Default_pCunPCC_1,0.0523605559188512,-0.267582614245082,0.361904020688461,0.751569914104404,41,0.94660498270026,node
auc_cc,beta,switching,99,7Networks_RH_Default_pCunPCC_1,-0.248299191562549,-0.522858812246854,0.072937476138446,0.127468972104866,41,0.917806973175759,node
auc_cc,beta,detail,99,7Networks_RH_Default_pCunPCC_1,0.00797510728719806,-0.308323190401049,0.322685581549898,0.961568947000215,41,0.986855276162174,node
auc_cc,beta,communication,99,7Networks_RH_Default_pCunPCC_1,-0.0231530820634053,-0.33621934922833,0.294520943084166,0.888734867339322,41,0.963880652266173,node
auc_cc,beta,imagination,99,7Networks_RH_Default_pCunPCC_1,-0.284614145870057,-0.550683993109902,0.0339577933292979,0.0790698590661494,41,0.86002901375102,node
auc_cc,beta,total,100,7Networks_RH_Default_pCunPCC_2,-0.468442130801072,-0.683012586653859,-0.179441908551122,0.00263276810989565,41,0.189559303912487,node
auc_cc,beta,social,100,7Networks_RH_Default_pCunPCC_2,-0.236531890139681,-0.5137152038055,0.0853611657141877,0.147129551248694,41,0.917806973175759,node
auc_cc,beta,switching,100,7Networks_RH_Default_pCunPCC_2,-0.422440930982875,-0.651169292553374,-0.123361245924795,0.00738402323919206,41,0.354433115481219,node
auc_cc,beta,detail,100,7Networks_RH_Default_pCunPCC_2,0.00469825665053034,-0.311285651104548,0.319746718563868,0.97735419950113,41,0.986855276162174,node
auc_cc,beta,communication,100,7Networks_RH_Default_pCunPCC_2,-0.217814807768462,-0.499040476120108,0.104918200342922,0.182842118220065,41,0.94033089370319,node
auc_cc,beta,imagination,100,7Networks_RH_Default_pCunPCC_2,-0.494276514798867,-0.700545205323706,-0.211782701873268,0.00138270874710992,41,0.189559303912487,node
auc_cc,gamma,total,1,7Networks_LH_Vis_1,0.321278363243137,0.00640520624777674,0.578189444244422,0.0461163251333743,41,0.780636247583132,node
auc_cc,gamma,social,1,7Networks_LH_Vis_1,0.130336829692831,-0.193127854367034,0.428247933659742,0.429029742300625,41,0.795655158448432,node
auc_cc,gamma,switching,1,7Networks_LH_Vis_1,0.237005354316687,-0.0848632166335562,0.51408432195372,0.146297929305192,41,0.795655158448432,node
auc_cc,gamma,detail,1,7Networks_LH_Vis_1,0.372537115908481,0.0646090552451456,0.615689117689442,0.0195135276485278,41,0.780636247583132,node
auc_cc,gamma,communication,1,7Networks_LH_Vis_1,0.0667227027925659,-0.254150254453199,0.374363859692962,0.686524222046087,41,0.886493463527092,node
auc_cc,gamma,imagination,1,7Networks_LH_Vis_1,0.0423196090668629,-0.276900237018387,0.353126837818698,0.798103935292835,41,0.90451779333188,node
auc_cc,gamma,total,2,7Networks_LH_Vis_2,-0.0291030391593425,-0.341489710634623,0.289073884934809,0.860394299292648,41,0.932529968758853,node
auc_cc,gamma,social,2,7Networks_LH_Vis_2,0.048501376022917,-0.271170882298273,0.358537041886262,0.769362507880094,41,0.897204193897103,node
auc_cc,gamma,switching,2,7Networks_LH_Vis_2,-0.173348385435679,-0.463518551533687,0.150400259324754,0.291263230952017,41,0.795655158448432,node
auc_cc,gamma,detail,2,7Networks_LH_Vis_2,0.22651281256537,-0.0958608036727811,0.505880080624552,0.165549138419399,41,0.795655158448432,node
auc_cc,gamma,communication,2,7Networks_LH_Vis_2,-0.184234419301406,-0.472301919355253,0.139390839871375,0.261542032801083,41,0.795655158448432,node
auc_cc,gamma,imagination,2,7Networks_LH_Vis_2,-0.0200895461653062,-0.333498057246592,0.297317517460301,0.903382593665746,41,0.947965347679729,node
auc_cc,gamma,total,3,7Networks_LH_Vis_3,0.0455918690169623,-0.273870281984064,0.355993270006028,0.782854639772962,41,0.897204193897103,node
auc_cc,gamma,social,3,7Networks_LH_Vis_3,0.121142867543463,-0.202104696101026,0.42058902530617,0.462561912801703,41,0.813470950099547,node
auc_cc,gamma,switching,3,7Networks_LH_Vis_3,0.111157155131484,-0.211793443257105,0.412221925446522,0.500512678053573,41,0.85323091596404,node
auc_cc,gamma,detail,3,7Networks_LH_Vis_3,0.125504315957609,-0.197853006532311,0.424227600955365,0.446483058790921,41,0.807616952845619,node
auc_cc,gamma,communication,3,7Networks_LH_Vis_3,-0.0771390924146006,-0.383331596457898,0.244330143467597,0.640674028999155,41,0.884519557130356,node
auc_cc,gamma,imagination,3,7Networks_LH_Vis_3,-0.27387377556087,-0.542515649858167,0.0455881000031401,0.0915795654410575,41,0.780636247583132,node
auc_cc,gamma,total,4,7Networks_LH_Vis_4,0.0864190709814318,-0.235525496023594,0.391272634613455,0.600898867527554,41,0.884519557130356,node
auc_cc,gamma,social,4,7Networks_LH_Vis_4,0.145716265846761,-0.177989573194434,0.44096460101595,0.376087492966554,41,0.795655158448432,node
auc_cc,gamma,switching,4,7Networks_LH_Vis_4,-0.157716011872897,-0.450805080353639,0.166070606528805,0.337603986624751,41,0.795655158448432,node
auc_cc,gamma,detail,4,7Networks_LH_Vis_4,0.335954661027059,0.0228548469377557,0.589038324526731,0.0365297968757696,41,0.780636247583132,node
auc_cc,gamma,communication,4,7Networks_LH_Vis_4,-0.0667061829077361,-0.374349591448314,0.254165776299541,0.68659787861412,41,0.886493463527092,node
auc_cc,gamma,imagination,4,7Networks_LH_Vis_4,-0.0703014116490559,-0.377451364697667,0.250783850180222,0.670636267785256,41,0.886493463527092,node
auc_cc,gamma,total,5,7Networks_LH_Vis_5,0.229771238625316,-0.0924539421388309,0.508433304453615,0.15938495888308,41,0.795655158448432,node
auc_cc,gamma,social,5,7Networks_LH_Vis_5,0.132089075081705,-0.19141082328624,0.42970277874801,0.422796545816436,41,0.795655158448432,node
auc_cc,gamma,switching,5,7Networks_LH_Vis_5,-0.0633182714939359,-0.371420366611017,0.257345520115647,0.701762857839127,41,0.894747643744886,node
auc_cc,gamma,detail,5,7Networks_LH_Vis_5,0.303034713291191,-0.0138079829395409,0.564575684836675,0.0607594434710145,41,0.780636247583132,node
auc_cc,gamma,communication,5,7Networks_LH_Vis_5,0.175381928490322,-0.148349748367455,0.465163652999731,0.285552314615377,41,0.795655158448432,node
auc_cc,gamma,imagination,5,7Networks_LH_Vis_5,0.0969445741688683,-0.225474746451804,0.40022487576399,0.557132022769511,41,0.884519557130356,node
auc_cc,gamma,total,6,7Networks_LH_Vis_6,0.0769658355925355,-0.244494023369087,0.383182905870204,0.641426586987488,41,0.884519557130356,node
auc_cc,gamma,social,6,7Networks_LH_Vis_6,0.131377206849831,-0.192108624218574,0.429111918831216,0.425322691286979,41,0.795655158448432,node
auc_cc,gamma,switching,6,7Networks_LH_Vis_6,0.152226831254176,-0.171534600548832,0.446312460920541,0.354896448129052,41,0.795655158448432,node
auc_cc,gamma,detail,6,7Networks_LH_Vis_6,0.156508975825753,-0.167273811890511,0.449818453749312,0.341361217921416,41,0.795655158448432,node
auc_cc,gamma,communication,6,7Networks_LH_Vis_6,-0.16486613404765,-0.456634913496737,0.158923350781613,0.315872844219909,41,0.795655158448432,node
auc_cc,gamma,imagination,6,7Networks_LH_Vis_6,-0.163890159207302,-0.455840628982102,0.159900938515136,0.318785992178618,41,0.795655158448432,node
auc_cc,gamma,total,7,7Networks_LH_Vis_7,0.0812929143970832,-0.24039562714219,0.386891699099004,0.622738942673967,41,0.884519557130356,node
auc_cc,gamma,social,7,7Networks_LH_Vis_7,0.172418176408623,-0.151337302437531,0.462765360979771,0.293899958967,41,0.795655158448432,node
auc_cc,gamma,switching,7,7Networks_LH_Vis_7,-0.283706102934353,-0.549995368212107,0.0349444261636378,0.0800729215668706,41,0.780636247583132,node
auc_cc,gamma,detail,7,7Networks_LH_Vis_7,0.287295812997758,-0.0310404022995845,0.552715554533794,0.0761646985580229,41,0.780636247583132,node
auc_cc,gamma,communication,7,7Networks_LH_Vis_7,0.0503602609734767,-0.269443598293087,0.360159851599781,0.760777032054892,41,0.897204193897103,node
auc_cc,gamma,imagination,7,7Networks_LH_Vis_7,-0.0273910277698753,-0.339975253162283,0.290643308680262,0.868532814040109,41,0.932529968758853,node
auc_cc,gamma,total,8,7Networks_LH_Vis_8,-0.0516008422222843,-0.361241838951337,0.26828969878997,0.755062870186787,41,0.897204193897103,node
auc_cc,gamma,social,8,7Networks_LH_Vis_8,-0.0219622767854943,-0.33516219587734,0.295608626444697,0.894424423802106,41,0.947965347679729,node
auc_cc,gamma,switching,8,7Networks_LH_Vis_8,-0.179837374815253,-0.468761049260753,0.143847374128105,0.273295210701409,41,0.795655158448432,node
auc_cc,gamma,detail,8,7Networks_LH_Vis_8,0.3220005155668,0.00721064980276889,0.578725400734863,0.0456013641042086,41,0.780636247583132,node
auc_cc,gamma,communication,8,7Networks_LH_Vis_8,-0.130407516669082,-0.428306653179008,0.193058626291738,0.428777303118816,41,0.795655158448432,node
auc_cc,gamma,imagination,8,7Networks_LH_Vis_8,-0.183428075464113,-0.471653278884073,0.140209075913407,0.263671878010437,41,0.795655158448432,node
auc_cc,gamma,total,9,7Networks_LH_Vis_9,0.165761150078581,-0.158026297205807,0.457362902100424,0.313216127848186,41,0.795655158448432,node
auc_cc,gamma,social,9,7Networks_LH_Vis_9,0.203552336962043,-0.119655001600151,0.487748954012897,0.213909507417175,41,0.795655158448432,node
auc_cc,gamma,switching,9,7Networks_LH_Vis_9,0.132045408160592,-0.191453636717759,0.429666541969776,0.422951259862841,41,0.795655158448432,node
auc_cc,gamma,detail,9,7Networks_LH_Vis_9,0.130880250641353,-0.192595566223292,0.428699287611373,0.427091193662523,41,0.795655158448432,node
auc_cc,gamma,communication,9,7Networks_LH_Vis_9,0.13334093022217,-0.190182912467312,0.430741217035982,0.418374695495407,41,0.795655158448432,node
auc_cc,gamma,imagination,9,7Networks_LH_Vis_9,-0.260405551737069,-0.532200401006083,0.0600509158616985,0.109358547956001,41,0.780636247583132,node
auc_cc,gamma,total,10,7Networks_LH_SomMot_1,0.0481914530975117,-0.271458663921686,0.358266296271547,0.770796594211914,41,0.883920467465618,node
auc_cc,gamma,social,10,7Networks_LH_SomMot_1,-0.217269809244914,-0.49861075137116,0.105483940692267,0.183966822910017,41,0.750115440424998,node
auc_cc,gamma,switching,10,7Networks_LH_SomMot_1,0.114044924713718,-0.208998062327621,0.414646839038088,0.489377737306287,41,0.838933263953635,node
auc_cc,gamma,detail,10,7Networks_LH_SomMot_1,0.231540691717507,-0.0906007164989888,0.509817755282464,0.156108161332446,41,0.750115440424998,node
auc_cc,gamma,communication,10,7Networks_LH_SomMot_1,0.0654890479786865,-0.255308924250108,0.373297949620591,0.692032480845331,41,0.883920467465618,node
auc_cc,gamma,imagination,10,7Networks_LH_SomMot_1,-0.0354319065704402,-0.347074224889681,0.283257241577842,0.830437803479178,41,0.905932149250012,node
auc_cc,gamma,total,11,7Networks_LH_SomMot_2,-0.0477063261557688,-0.357842389417221,0.271909018025938,0.773042898128553,41,0.883920467465618,node
auc_cc,gamma,social,11,7Networks_LH_SomMot_2,-0.170506350483407,-0.46121603763205,0.153261349048374,0.299367167586961,41,0.781945787422454,node
auc_cc,gamma,switching,11,7Networks_LH_SomMot_2,0.0569369965685098,-0.263315903776724,0.36588634087582,0.730634046173962,41,0.883920467465618,node
auc_cc,gamma,detail,11,7Networks_LH_SomMot_2,0.0874096775452339,-0.234582497347061,0.392117640520971,0.596716932709571,41,0.883920467465618,node
auc_cc,gamma,communication,11,7Networks_LH_SomMot_2,-0.0472197343076357,-0.357417074070651,0.272360591445556,0.775297817774849,41,0.883920467465618,node
auc_cc,gamma,imagination,11,7Networks_LH_SomMot_2,-0.0460291835820967,-0.356375906583138,0.27346486883015,0.780822590599982,41,0.883920467465618,node
auc_cc,gamma,total,12,7Networks_LH_SomMot_3,0.0391334249881945,-0.279844402804111,0.350330188168693,0.813023466592892,41,0.898604884128986,node
auc_cc,gamma,social,12,7Networks_LH_SomMot_3,-0.17383951173891,-0.463916047597366,0.149905290054928,0.289877277373097,41,0.781945787422454,node
auc_cc,gamma,switching,12,7Networks_LH_SomMot_3,0.120066041093444,-0.203152551325172,0.419689188414075,0.466578829210254,41,0.833885567099177,node
auc_cc,gamma,detail,12,7Networks_LH_SomMot_3,0.29495116466707,-0.0226821794374698,0.558497745344582,0.0683290164998659,41,0.626520490756863,node
auc_cc,gamma,communication,12,7Networks_LH_SomMot_3,-0.0858783252126639,-0.390811151376307,0.236039998267476,0.60318701605917,41,0.883920467465618,node
auc_cc,gamma,imagination,12,7Networks_LH_SomMot_3,-0.0480266678184433,-0.358122320235133,0.271611653452315,0.771559400826537,41,0.883920467465618,node
auc_cc,gamma,total,13,7Networks_LH_SomMot_4,0.202443467562164,-0.120794812892908,0.486867065907252,0.21646905643395,41,0.750115440424998,node
auc_cc,gamma,social,13,7Networks_LH_SomMot_4,0.0198154611661717,-0.297567453102173,0.333254336943832,0.904694690345432,41,0.961953847962231,node
auc_cc,gamma,switching,13,7Networks_LH_SomMot_4,0.139978052694135,-0.183655785133307,0.436233715098401,0.395371143986877,41,0.781945787422454,node
auc_cc,gamma,detail,13,7Networks_LH_SomMot_4,0.250850237582165,-0.0702309172802714,0.524832766499786,0.123478264350935,41,0.750115440424998,node
auc_cc,gamma,communication,13,7Networks_LH_SomMot_4,0.0766386034039908,-0.244803495168408,0.382902028915243,0.642848915647022,41,0.883920467465618,node
auc_cc,gamma,imagination,13,7Networks_LH_SomMot_4,0.0776880106335913,-0.243810812249353,0.383802578314064,0.638292089726063,41,0.883920467465618,node
auc_cc,gamma,total,14,7Networks_LH_SomMot_5,0.157921326564463,-0.16586584744357,0.45097283255247,0.336967433513812,41,0.781945787422454,node
auc_cc,gamma,social,14,7Networks_LH_SomMot_5,-0.154166545077842,-0.447901715033555,0.169606059874868,0.348725557270079,41,0.781945787422454,node
auc_cc,gamma,switching,14,7Networks_LH_SomMot_5,0.219154797379302,-0.103526323984589,0.500096453976609,0.18009760010347,41,0.750115440424998,node
auc_cc,gamma,detail,14,7Networks_LH_SomMot_5,0.199549380801085,-0.12376564649605,0.484562652679216,0.22324864298363,41,0.750115440424998,node
auc_cc,gamma,communication,14,7Networks_LH_SomMot_5,0.0509417229663025,-0.26890287845657,0.360667084231003,0.758097218550957,41,0.883920467465618,node
auc_cc,gamma,imagination,14,7Networks_LH_SomMot_5,0.186266609628548,-0.137326715942521,0.473935274494662,0.256224979235045,41,0.781945787422454,node
auc_cc,gamma,total,15,7Networks_LH_SomMot_6,-0.135850132897367,-0.432820281151115,0.187718651977053,0.409590650554619,41,0.781945787422454,node
auc_cc,gamma,social,15,7Networks_LH_SomMot_6,-0.00922276086283335,-0.323802954300105,0.307193625149886,0.955562219898224,41,0.978107739024052,node
auc_cc,gamma,switching,15,7Networks_LH_SomMot_6,-0.16982753055268,-0.460665502404116,0.153943918064939,0.301323921376698,41,0.781945787422454,node
auc_cc,gamma,detail,15,7Networks_LH_SomMot_6,0.0657441645987855,-0.255069389884165,0.373518443736711,0.690892094074092,41,0.883920467465618,node
auc_cc,gamma,communication,15,7Networks_LH_SomMot_6,-0.00854816508800923,-0.323198909214586,0.307804482292057,0.958809727083922,41,0.978107739024052,node
auc_cc,gamma,imagination,15,7Networks_LH_SomMot_6,-0.333720101527742,-0.587392380325543,-0.0203392955800537,0.0378742432039668,41,0.565607101654393,node
auc_cc,gamma,total,16,7Networks_LH_DorsAttn_Post_1,0.147066267849228,-0.176653384114857,0.442075235092844,0.371633023159308,41,0.981612494884281,node
auc_cc,gamma,social,16,7Networks_LH_DorsAttn_Post_1,0.0766823447117829,-0.24476213169363,0.382939577172279,0.642658719347031,41,0.981612494884281,node
auc_cc,gamma,switching,16,7Networks_LH_DorsAttn_Post_1,0.0223787767800747,-0.295228288317674,0.335532039033029,0.892433818707482,41,0.981612494884281,node
auc_cc,gamma,detail,16,7Networks_LH_DorsAttn_Post_1,0.169428633598498,-0.154344874010762,0.460341885341447,0.302477574597428,41,0.981612494884281,node
auc_cc,gamma,communication,16,7Networks_LH_DorsAttn_Post_1,-0.0240464072207184,-0.337011893031634,0.293704437848094,0.88447023243279,41,0.981612494884281,node
auc_cc,gamma,imagination,16,7Networks_LH_DorsAttn_Post_1,0.190917253239952,-0.132592393832417,0.477665754581701,0.244329423236266,41,0.981612494884281,node
auc_cc,gamma,total,17,7Networks_LH_DorsAttn_Post_2,0.130994598313304,-0.19248353688952,0.428794243441548,0.426683904735549,41,0.981612494884281,node
auc_cc,gamma,social,17,7Networks_LH_DorsAttn_Post_2,0.0924282171073636,-0.229795815380099,0.396390661845724,0.575728873961867,41,0.981612494884281,node
auc_cc,gamma,switching,17,7Networks_LH_DorsAttn_Post_2,0.221114659753605,-0.101488293757317,0.501639418929333,0.176136524414521,41,0.973777528032641,node
auc_cc,gamma,detail,17,7Networks_LH_DorsAttn_Post_2,0.0306575721393376,-0.287647340642732,0.342863457838414,0.853016673631299,41,0.981612494884281,node
auc_cc,gamma,communication,17,7Networks_LH_DorsAttn_Post_2,-0.0329075067321319,-0.344849372124301,0.28558014448713,0.842360712506889,41,0.981612494884281,node
auc_cc,gamma,imagination,17,7Networks_LH_DorsAttn_Post_2,0.0152741966986291,-0.301702268952992,0.329210073652963,0.926468322061971,41,0.981612494884281,node
auc_cc,gamma,total,18,7Networks_LH_DorsAttn_Post_3,0.0139249609536221,-0.302928453174543,0.328006276352699,0.932948298453489,41,0.981612494884281,node
auc_cc,gamma,social,18,7Networks_LH_DorsAttn_Post_3,0.0266181872762898,-0.29135122173398,0.339291061412033,0.87221115457606,41,0.981612494884281,node
auc_cc,gamma,switching,18,7Networks_LH_DorsAttn_Post_3,0.0333869753023502,-0.285139234672643,0.345272216426309,0.840093398446109,41,0.981612494884281,node
auc_cc,gamma,detail,18,7Networks_LH_DorsAttn_Post_3,-0.050600836041216,-0.360369737103629,0.269219904406954,0.759667945706404,41,0.981612494884281,node
auc_cc,gamma,communication,18,7Networks_LH_DorsAttn_Post_3,0.208663804242034,-0.114389865175134,0.491806637946884,0.202381781393331,41,0.973777528032641,node
auc_cc,gamma,imagination,18,7Networks_LH_DorsAttn_Post_3,-0.236498131050318,-0.513688880909379,0.0853966644933113,0.147188979884161,41,0.973777528032641,node
auc_cc,gamma,total,19,7Networks_LH_DorsAttn_Post_4,0.0477075166918903,-0.271907912996175,0.357843429871371,0.773037383298305,41,0.981612494884281,node
auc_cc,gamma,social,19,7Networks_LH_DorsAttn_Post_4,-0.084117090835176,-0.389307015293402,0.237714505919111,0.610665525662037,41,0.981612494884281,node
auc_cc,gamma,switching,19,7Networks_LH_DorsAttn_Post_4,-0.0575721910330603,-0.366438180741406,0.262722706980848,0.727742977324963,41,0.981612494884281,node
auc_cc,gamma,detail,19,7Networks_LH_DorsAttn_Post_4,0.20722793450391,-0.115870737626769,0.490668028820256,0.205575255918002,41,0.973777528032641,node
auc_cc,gamma,communication,19,7Networks_LH_DorsAttn_Post_4,0.075439821608463,-0.245936654400563,0.381872580877907,0.648070170934668,41,0.981612494884281,node
auc_cc,gamma,imagination,19,7Networks_LH_DorsAttn_Post_4,0.0177853956428032,-0.299417298129838,0.331447868584398,0.91442053968667,41,0.981612494884281,node
auc_cc,gamma,total,20,7Networks_LH_DorsAttn_Post_5,0.0185144887790102,-0.298753205065964,0.332096922110468,0.910926036210471,41,0.981612494884281,node
auc_cc,gamma,social,20,7Networks_LH_DorsAttn_Post_5,0.072075309321924,-0.249112304107429,0.378979254796764,0.662812428804306,41,0.981612494884281,node
auc_cc,gamma,switching,20,7Networks_LH_DorsAttn_Post_5,0.00467099655042043,-0.311310270066221,0.319722244730479,0.977485560823439,41,0.981612494884281,node
auc_cc,gamma,detail,20,7Networks_LH_DorsAttn_Post_5,0.0396611168202433,-0.279357207936355,0.350793749512688,0.810547861551762,41,0.981612494884281,node
auc_cc,gamma,communication,20,7Networks_LH_DorsAttn_Post_5,0.104846231495078,-0.217884123584,0.406907637590699,0.525287591565329,41,0.981612494884281,node
auc_cc,gamma,imagination,20,7Networks_LH_DorsAttn_Post_5,-0.247552149111082,-0.52228020607289,0.0737291639538902,0.128655610898373,41,0.973777528032641,node
auc_cc,gamma,total,21,7Networks_LH_DorsAttn_Post_6,-0.0829800732735902,-0.388335109905409,0.238794519307643,0.615514339622488,41,0.981612494884281,node
auc_cc,gamma,social,21,7Networks_LH_DorsAttn_Post_6,0.00466483816989891,-0.311315831723457,0.319716715742504,0.977515236988185,41,0.981612494884281,node
auc_cc,gamma,switching,21,7Networks_LH_DorsAttn_Post_6,-0.133192916479146,-0.430618477783516,0.190328147924481,0.418896150224945,41,0.981612494884281,node
auc_cc,gamma,detail,21,7Networks_LH_DorsAttn_Post_6,0.0619983659626534,-0.258582448208895,0.370277499372414,0.707702377437764,41,0.981612494884281,node
auc_cc,gamma,communication,21,7Networks_LH_DorsAttn_Post_6,0.0250413744946656,-0.292794484891458,0.337894090296431,0.879724149659905,41,0.981612494884281,node
auc_cc,gamma,imagination,21,7Networks_LH_DorsAttn_Post_6,-0.246980270303527,-0.521837098249593,0.0743349463270775,0.129569558019048,41,0.973777528032641,node
auc_cc,gamma,total,22,7Networks_LH_DorsAttn_PrCv_1,0.187570458398116,-0.136000896964486,0.474982190060264,0.252851746353205,41,0.981612494884281,node
auc_cc,gamma,social,22,7Networks_LH_DorsAttn_PrCv_1,-0.0757077846741815,-0.382102758863353,0.245683436123632,0.646901614174984,41,0.981612494884281,node
auc_cc,gamma,switching,22,7Networks_LH_DorsAttn_PrCv_1,0.168107416932703,-0.155672149274497,0.459269456436116,0.306318763886638,41,0.981612494884281,node
auc_cc,gamma,detail,22,7Networks_LH_DorsAttn_PrCv_1,0.210599944890558,-0.112390766702709,0.493340417803872,0.198130780091177,41,0.973777528032641,node
auc_cc,gamma,communication,22,7Networks_LH_DorsAttn_PrCv_1,0.149005728848753,-0.174731676591758,0.443669229912301,0.365288771291724,41,0.981612494884281,node
auc_cc,gamma,imagination,22,7Networks_LH_DorsAttn_PrCv_1,0.103204125629732,-0.21946481133082,0.405521496447642,0.531831174597345,41,0.981612494884281,node
auc_cc,gamma,total,23,7Networks_LH_DorsAttn_FEF_1,0.28223822757847,-0.0365380316409478,0.548881421637726,0.0817153281574104,41,0.973777528032641,node
auc_cc,gamma,social,23,7Networks_LH_DorsAttn_FEF_1,0.00694945269584932,-0.309251100986582,0.321766369081311,0.966508459521054,41,0.981612494884281,node
auc_cc,gamma,switching,23,7Networks_LH_DorsAttn_FEF_1,0.161025422848305,-0.162766745687735,0.453506511615573,0.327433861713869,41,0.981612494884281,node
auc_cc,gamma,detail,23,7Networks_LH_DorsAttn_FEF_1,0.242364420754778,-0.0792157782864426,0.518255169596584,0.137124076096451,41,0.973777528032641,node
auc_cc,gamma,communication,23,7Networks_LH_DorsAttn_FEF_1,0.149588743122844,-0.174153516577567,0.444148030684592,0.363394402202752,41,0.981612494884281,node
auc_cc,gamma,imagination,23,7Networks_LH_DorsAttn_FEF_1,0.291835661008013,-0.0260890976893556,0.556147649773521,0.0714374746018884,41,0.973777528032641,node
auc_cc,gamma,total,24,7Networks_LH_SalVentAttn_ParOper_1,0.219403273524718,-0.103268087428442,0.500292173639674,0.179591923130071,41,0.810399486937142,node
auc_cc,gamma,social,24,7Networks_LH_SalVentAttn_ParOper_1,0.144691093739841,-0.179003459165422,0.440120597004165,0.379491163939965,41,0.878597252300917,node
auc_cc,gamma,switching,24,7Networks_LH_SalVentAttn_ParOper_1,0.0744979097977977,-0.246826389126516,0.381063184902664,0.652184327128049,41,0.878597252300917,node
auc_cc,gamma,detail,24,7Networks_LH_SalVentAttn_ParOper_1,0.293838705187384,-0.0238995423521285,0.557659077100812,0.0694264836817813,41,0.655547558656958,node
auc_cc,gamma,communication,24,7Networks_LH_SalVentAttn_ParOper_1,-0.00626025172297711,-0.321148359626189,0.309874283656421,0.96982832802997,41,0.983487881945885,node
auc_cc,gamma,imagination,24,7Networks_LH_SalVentAttn_ParOper_1,0.0763680022491921,-0.245059360094499,0.382669717942704,0.644026044342624,41,0.878597252300917,node
auc_cc,gamma,total,25,7Networks_LH_SalVentAttn_FrOperIns_1,0.0808295737185016,-0.240835029650884,0.386495036128146,0.624729168432553,41,0.878597252300917,node
auc_cc,gamma,social,25,7Networks_LH_SalVentAttn_FrOperIns_1,-0.0722708224634877,-0.379147551487159,0.248927954668971,0.661952246518781,41,0.878597252300917,node
auc_cc,gamma,switching,25,7Networks_LH_SalVentAttn_FrOperIns_1,0.134555283578601,-0.188990818170067,0.431747794936981,0.4141103662168,41,0.878597252300917,node
auc_cc,gamma,detail,25,7Networks_LH_SalVentAttn_FrOperIns_1,0.125004776399111,-0.198340592579762,0.423811344348267,0.448309034088424,41,0.878597252300917,node
auc_cc,gamma,communication,25,7Networks_LH_SalVentAttn_FrOperIns_1,-0.0247097353185888,-0.337600100311283,0.293097851357068,0.881305646171634,41,0.947074724244144,node
auc_cc,gamma,imagination,25,7Networks_LH_SalVentAttn_FrOperIns_1,0.0833658585166042,-0.238428164544001,0.388664949447944,0.61386733887083,41,0.878597252300917,node
auc_cc,gamma,total,26,7Networks_LH_SalVentAttn_FrOperIns_2,0.0970518720180736,-0.225371933686152,0.400315838580227,0.556693641361068,41,0.878597252300917,node
auc_cc,gamma,social,26,7Networks_LH_SalVentAttn_FrOperIns_2,-0.0798597640155685,-0.385664422084094,0.241754308185813,0.628903364704096,41,0.878597252300917,node
auc_cc,gamma,switching,26,7Networks_LH_SalVentAttn_FrOperIns_2,0.0988544962668375,-0.223643585285844,0.401843138103215,0.549352959375284,41,0.878597252300917,node
auc_cc,gamma,detail,26,7Networks_LH_SalVentAttn_FrOperIns_2,0.261541899860498,-0.0588358265809011,0.533073852916496,0.107764420529455,41,0.740629824355646,node
auc_cc,gamma,communication,26,7Networks_LH_SalVentAttn_FrOperIns_2,-0.0620162064825399,-0.370292953176509,0.258565736260349,0.707621981114994,41,0.878597252300917,node
auc_cc,gamma,imagination,26,7Networks_LH_SalVentAttn_FrOperIns_2,0.0649724075731008,-0.255793888210953,0.372851317207366,0.694343944487918,41,0.878597252300917,node
auc_cc,gamma,total,27,7Networks_LH_SalVentAttn_PFCl_1,0.250876091720406,-0.0702034628430319,0.524852756901567,0.123438304059274,41,0.740629824355646,node
auc_cc,gamma,social,27,7Networks_LH_SalVentAttn_PFCl_1,0.105859735025614,-0.216907681454772,0.407762466674104,0.521268720610075,41,0.878597252300917,node
auc_cc,gamma,switching,27,7Networks_LH_SalVentAttn_PFCl_1,0.258134059935876,-0.0624769632795549,0.530452687007255,0.112598604046673,41,0.740629824355646,node
auc_cc,gamma,detail,27,7Networks_LH_SalVentAttn_PFCl_1,0.103215072300869,-0.219454279693312,0.405530741402325,0.531787422776496,41,0.878597252300917,node
auc_cc,gamma,communication,27,7Networks_LH_SalVentAttn_PFCl_1,0.0462376755638481,-0.273271546043621,0.356558293913792,0.779854304724465,41,0.878597252300917,node
auc_cc,gamma,imagination,27,7Networks_LH_SalVentAttn_PFCl_1,0.191752449321005,-0.131740603734434,0.478334607611026,0.242233185874727,41,0.810399486937142,node
auc_cc,gamma,total,28,7Networks_LH_SalVentAttn_Med_1,0.25353717457327,-0.0673750623990403,0.52690868916168,0.119376870523605,41,0.740629824355646,node
auc_cc,gamma,social,28,7Networks_LH_SalVentAttn_Med_1,0.00816901636144998,-0.30814769301607,0.322859300098576,0.960635241882577,41,0.983487881945885,node
auc_cc,gamma,switching,28,7Networks_LH_SalVentAttn_Med_1,0.195590262343236,-0.127820388850832,0.481403788767145,0.232756892463885,41,0.810399486937142,node
auc_cc,gamma,detail,28,7Networks_LH_SalVentAttn_Med_1,0.212855529218916,-0.11005853517866,0.495125041354163,0.193257847191384,41,0.810399486937142,node
auc_cc,gamma,communication,28,7Networks_LH_SalVentAttn_Med_1,0.0956260556091148,-0.226737564465408,0.399106600434408,0.562532146612223,41,0.878597252300917,node
auc_cc,gamma,imagination,28,7Networks_LH_SalVentAttn_Med_1,0.239496039155855,-0.0822410774322608,0.516024400202707,0.141979845575836,41,0.786349913958478,node
auc_cc,gamma,total,29,7Networks_LH_SalVentAttn_Med_2,-0.0183624796837346,-0.331961625022633,0.29889168761211,0.911654473376313,41,0.965281207104332,node
auc_cc,gamma,social,29,7Networks_LH_SalVentAttn_Med_2,0.0606545439726414,-0.259840710139626,0.369112963996786,0.71376708738373,41,0.878597252300917,node
auc_cc,gamma,switching,29,7Networks_LH_SalVentAttn_Med_2,-0.0812183609923479,-0.38682788204318,0.240466337698922,0.62305900023983,41,0.878597252300917,node
auc_cc,gamma,detail,29,7Networks_LH_SalVentAttn_Med_2,0.0508881033195721,-0.26895274949625,0.360620317328347,0.758344222064009,41,0.878597252300917,node
auc_cc,gamma,communication,29,7Networks_LH_SalVentAttn_Med_2,0.0555393003947232,-0.264620335164788,0.364671294581223,0.737008503279733,41,0.878597252300917,node
auc_cc,gamma,imagination,29,7Networks_LH_SalVentAttn_Med_2,-0.194199684129922,-0.480292522747552,0.129241992625834,0.236160915031166,41,0.810399486937142,node
auc_cc,gamma,total,30,7Networks_LH_SalVentAttn_Med_3,0.189615058834132,-0.133919508133276,0.476622250047959,0.247622065453016,41,0.810399486937142,node
auc_cc,gamma,social,30,7Networks_LH_SalVentAttn_Med_3,0.0578893645912799,-0.262426413581572,0.366713651281308,0.726300757851946,41,0.878597252300917,node
auc_cc,gamma,switching,30,7Networks_LH_SalVentAttn_Med_3,-0.0480482267432578,-0.358141157516829,0.271591638688503,0.771459590470886,41,0.878597252300917,node
auc_cc,gamma,detail,30,7Networks_LH_SalVentAttn_Med_3,0.191483160228568,-0.132015295364479,0.478118988188198,0.242907738426313,41,0.810399486937142,node
auc_cc,gamma,communication,30,7Networks_LH_SalVentAttn_Med_3,0.227190114476731,-0.0951532689726672,0.506411201323384,0.16425389748296,41,0.810399486937142,node
auc_cc,gamma,imagination,30,7Networks_LH_SalVentAttn_Med_3,0.136982884202272,-0.186604853216753,0.433757817400505,0.405659915531011,41,0.878597252300917,node
auc_cc,gamma,total,31,7Networks_LH_Limbic_OFC_1,0.0176408527526304,-0.299548918245476,0.331319158293083,0.915113516368134,41,0.957119887190112,node
auc_cc,gamma,social,31,7Networks_LH_Limbic_OFC_1,-0.108654913762699,-0.41011729207139,0.214211364632886,0.510264143296961,41,0.900466135229931,node
auc_cc,gamma,switching,31,7Networks_LH_Limbic_OFC_1,0.020895321354436,-0.296582486307831,0.334214321544243,0.899526673213628,41,0.957119887190112,node
auc_cc,gamma,detail,31,7Networks_LH_Limbic_OFC_1,0.133901530751104,-0.189632706253683,0.431205990967046,0.416403016117145,41,0.795327608813699,node
auc_cc,gamma,communication,31,7Networks_LH_Limbic_OFC_1,-0.0108517841703873,-0.32526055421955,0.305717442928238,0.947723110034158,41,0.957119887190112,node
auc_cc,gamma,imagination,31,7Networks_LH_Limbic_OFC_1,0.0415968798835478,-0.277568594649484,0.352492954284213,0.80148217389004,41,0.957119887190112,node
auc_cc,gamma,total,32,7Networks_LH_Limbic_TempPole_1,0.145636298542276,-0.178068684859995,0.440898784280337,0.376352340581885,41,0.795327608813699,node
auc_cc,gamma,social,32,7Networks_LH_Limbic_TempPole_1,-0.0982997279687762,-0.401373282119752,0.224175710881595,0.551607214647185,41,0.919345357745308,node
auc_cc,gamma,switching,32,7Networks_LH_Limbic_TempPole_1,0.248856997027567,-0.072346070528922,0.523290683930244,0.126588263543055,41,0.795327608813699,node
auc_cc,gamma,detail,32,7Networks_LH_Limbic_TempPole_1,0.15588546175089,-0.167894969606206,0.449308515183786,0.343312088012521,41,0.795327608813699,node
auc_cc,gamma,communication,32,7Networks_LH_Limbic_TempPole_1,-0.0107269085606576,-0.325148872216873,0.305830656126116,0.948323868203032,41,0.957119887190112,node
auc_cc,gamma,imagination,32,7Networks_LH_Limbic_TempPole_1,0.142563739505611,-0.181105201984029,0.438367521023763,0.386611881511249,41,0.795327608813699,node
auc_cc,gamma,total,33,7Networks_LH_Limbic_TempPole_2,0.0546279023028324,-0.265470287352304,0.363878429838971,0.741174501051143,41,0.957119887190112,node
auc_cc,gamma,social,33,7Networks_LH_Limbic_TempPole_2,-0.240011305111968,-0.51642540433005,0.0816980599144044,0.141098372927476,41,0.795327608813699,node
auc_cc,gamma,switching,33,7Networks_LH_Limbic_TempPole_2,0.170333945433143,-0.153434735555621,0.461076235223731,0.299863367381811,41,0.795327608813699,node
auc_cc,gamma,detail,33,7Networks_LH_Limbic_TempPole_2,0.229608472040927,-0.092624302656409,0.508305880655234,0.159688867669344,41,0.795327608813699,node
auc_cc,gamma,communication,33,7Networks_LH_Limbic_TempPole_2,0.00889917322981592,-0.307486671411728,0.323513240163407,0.957119887190112,41,0.957119887190112,node
auc_cc,gamma,imagination,33,7Networks_LH_Limbic_TempPole_2,0.0185437107302187,-0.298726581902638,0.332122929897227,0.910786010985523,41,0.957119887190112,node
auc_cc,gamma,total,34,7Networks_LH_Cont_Par_1,-0.110811900888779,-0.41193172331539,0.212127298477002,0.501852506254165,41,0.963700924269259,node
auc_cc,gamma,social,34,7Networks_LH_Cont_Par_1,-0.146769204299673,-0.44183092127629,0.17694751060124,0.372610512176769,41,0.963700924269259,node
auc_cc,gamma,switching,34,7Networks_LH_Cont_Par_1,-0.185203528438494,-0.473081079161712,0.138406852930126,0.258997391722647,41,0.92329494445723,node
auc_cc,gamma,detail,34,7Networks_LH_Cont_Par_1,0.120722494575458,-0.202513847325299,0.420237815850815,0.464127836998027,41,0.963700924269259,node
auc_cc,gamma,communication,34,7Networks_LH_Cont_Par_1,-0.0179229336380421,-0.33157033042735,0.299292045430259,0.913761204216643,41,0.968254131032626,node
auc_cc,gamma,imagination,34,7Networks_LH_Cont_Par_1,-0.0509077055258481,-0.360637414497252,0.268934517900134,0.758253920071381,41,0.968254131032626,node
auc_cc,gamma,total,35,7Networks_LH_Cont_PFCl_1,0.184662287025199,-0.138956482284834,0.472645978778179,0.260416522795629,41,0.92329494445723,node
auc_cc,gamma,social,35,7Networks_LH_Cont_PFCl_1,-0.0193824242162082,-0.332869188901941,0.297962246950757,0.906768227279105,41,0.968254131032626,node
auc_cc,gamma,switching,35,7Networks_LH_Cont_PFCl_1,0.0847381232787806,-0.237124272618984,0.389837577622477,0.60802401171469,41,0.963700924269259,node
auc_cc,gamma,detail,35,7Networks_LH_Cont_PFCl_1,0.22453177452672,-0.0979284013456902,0.504325390716682,0.169379846706845,41,0.92329494445723,node
auc_cc,gamma,communication,35,7Networks_LH_Cont_PFCl_1,0.0699720821941884,-0.251093967164286,0.377167523117796,0.672092594185982,41,0.965774203873433,node
auc_cc,gamma,imagination,35,7Networks_LH_Cont_PFCl_1,0.203669020664292,-0.119535012391227,0.487841719293187,0.213641394575238,41,0.92329494445723,node
auc_cc,gamma,total,36,7Networks_LH_Cont_pCun_1,0.257451062612173,-0.0632056925980268,0.529926727307931,0.113586877133718,41,0.92329494445723,node
auc_cc,gamma,social,36,7Networks_LH_Cont_pCun_1,0.293721520214326,-0.0240277228761221,0.55757070155658,0.0695428925465039,41,0.904057603104551,node
auc_cc,gamma,switching,36,7Networks_LH_Cont_pCun_1,0.358415880042268,0.0483626744914206,0.605467114496391,0.0250583022332829,41,0.904057603104551,node
auc_cc,gamma,detail,36,7Networks_LH_Cont_pCun_1,-0.0432938658975141,-0.353980877154871,0.275998785296156,0.793555727186363,41,0.968254131032626,node
auc_cc,gamma,communication,36,7Networks_LH_Cont_pCun_1,0.0846566258306106,-0.23720174187484,0.389767964018595,0.608370376366773,41,0.963700924269259,node
auc_cc,gamma,imagination,36,7Networks_LH_Cont_pCun_1,-0.0879650899409609,-0.392591192802891,0.234053512424605,0.594377781554091,41,0.963700924269259,node
auc_cc,gamma,total,37,7Networks_LH_Cont_Cing_1,0.198710981290453,-0.124625197753876,0.483894338233741,0.225239557514647,41,0.92329494445723,node
auc_cc,gamma,social,37,7Networks_LH_Cont_Cing_1,0.213322628336517,-0.109575118680522,0.495494313795132,0.192259375776554,41,0.92329494445723,node
auc_cc,gamma,switching,37,7Networks_LH_Cont_Cing_1,-0.0406122562427052,-0.351628911843955,0.27847864730007,0.806090302241302,41,0.968254131032626,node
auc_cc,gamma,detail,37,7Networks_LH_Cont_Cing_1,0.141302496612967,-0.18234986622762,0.437327112379972,0.390870187947437,41,0.963700924269259,node
auc_cc,gamma,communication,37,7Networks_LH_Cont_Cing_1,0.266231684071348,-0.0538110084939298,0.536672533895429,0.101371409175072,41,0.92329494445723,node
auc_cc,gamma,imagination,37,7Networks_LH_Cont_Cing_1,-0.0781096571643686,-0.384164250612485,0.243411767453798,0.636464850825481,41,0.963700924269259,node
auc_cc,gamma,total,38,7Networks_LH_Default_Temp_1,0.170605765855748,-0.153161358667457,0.461296646508254,0.299081278624016,41,0.913821690510225,node
auc_cc,gamma,social,38,7Networks_LH_Default_Temp_1,-0.0926627180496227,-0.39659000547546,0.229571766548801,0.574756399248704,41,0.959340489485947,node
auc_cc,gamma,switching,38,7Networks_LH_Default_Temp_1,0.202708728604917,-0.120522227541563,0.48707808181445,0.215854853137089,41,0.913821690510225,node
auc_cc,gamma,detail,38,7Networks_LH_Default_Temp_1,0.263136210764651,-0.0571294390219125,0.534298342182965,0.105557653293337,41,0.913821690510225,node
auc_cc,gamma,communication,38,7Networks_LH_Default_Temp_1,0.0189168640746887,-0.298386570682663,0.332454997654594,0.908998176426371,41,0.973226227051545,node
auc_cc,gamma,imagination,38,7Networks_LH_Default_Temp_1,0.106974965392502,-0.215832485519009,0.408702485048834,0.516864076832702,41,0.922872162193143,node
auc_cc,gamma,total,39,7Networks_LH_Default_Temp_2,0.0681159463541081,-0.252840587747825,0.375566681853047,0.680322552366667,41,0.96919038674126,node
auc_cc,gamma,social,39,7Networks_LH_Default_Temp_2,-0.184469702944142,-0.472491127837857,0.139152002876274,0.260922718717003,41,0.913821690510225,node
auc_cc,gamma,switching,39,7Networks_LH_Default_Temp_2,0.153683625150361,-0.17008643002763,0.447506220599001,0.350255744385894,41,0.913821690510225,node
auc_cc,gamma,detail,39,7Networks_LH_Default_Temp_2,0.32896006585574,0.0149938897674817,0.583879196585793,0.0408728308830227,41,0.578545307831103,node
auc_cc,gamma,communication,39,7Networks_LH_Default_Temp_2,-0.0821976736638331,-0.38766593178175,0.239537231387956,0.618860274785821,41,0.96919038674126,node
auc_cc,gamma,imagination,39,7Networks_LH_Default_Temp_2,-0.022571767130402,-0.33570337764522,0.295052019875204,0.89151166708563,41,0.973226227051545,node
auc_cc,gamma,total,40,7Networks_LH_Default_Par_1,0.0106844028110001,-0.30586919012689,0.325110855368563,0.948528363547635,41,0.982337772943726,node
auc_cc,gamma,social,40,7Networks_LH_Default_Par_1,-0.0429023416107792,-0.353637726896929,0.27636111893898,0.795382714233597,41,0.96919038674126,node
auc_cc,gamma,switching,40,7Networks_LH_Default_Par_1,0.0153891139969948,-0.301597783734065,0.329312556510246,0.925916618792095,41,0.973226227051545,node
auc_cc,gamma,detail,40,7Networks_LH_Default_Par_1,0.249959742810318,-0.0711762343800417,0.524144052037991,0.124860535093404,41,0.913821690510225,node
auc_cc,gamma,communication,40,7Networks_LH_Default_Par_1,-0.124473133836643,-0.423368198241334,0.1988593376979,0.450256814123817,41,0.913821690510225,node
auc_cc,gamma,imagination,40,7Networks_LH_Default_Par_1,-0.106404309597407,-0.4082215640023,0.216382753785267,0.519115591233643,41,0.922872162193143,node
auc_cc,gamma,total,41,7Networks_LH_Default_Par_2,0.0477379501367312,-0.271879665047702,0.35787002653833,0.772896412489489,41,0.96919038674126,node
auc_cc,gamma,social,41,7Networks_LH_Default_Par_2,-0.0526187315135767,-0.362128980636968,0.267342245283451,0.75038399941772,41,0.96919038674126,node
auc_cc,gamma,switching,41,7Networks_LH_Default_Par_2,-0.122323677282503,-0.421575077804252,0.200954803821004,0.458178454342072,41,0.913821690510225,node
auc_cc,gamma,detail,41,7Networks_LH_Default_Par_2,0.204791957491964,-0.118379781280789,0.48873414280083,0.211073018915056,41,0.913821690510225,node
auc_cc,gamma,communication,41,7Networks_LH_Default_Par_2,0.0395140045846435,-0.279493046766872,0.350664531182341,0.811237840003065,41,0.96919038674126,node
auc_cc,gamma,imagination,41,7Networks_LH_Default_Par_2,0.111316432773608,-0.21163939896483,0.412355785069074,0.499895182887611,41,0.913821690510225,node
auc_cc,gamma,total,42,7Networks_LH_Default_PFC_1,0.146188118621302,-0.177522683972099,0.441352892715235,0.374526987602584,41,0.913821690510225,node
auc_cc,gamma,social,42,7Networks_LH_Default_PFC_1,-0.0156145916361323,-0.329513615214206,0.301392752606032,0.924834228938951,41,0.973226227051545,node
auc_cc,gamma,switching,42,7Networks_LH_Default_PFC_1,0.0946282822633263,-0.227692467177167,0.398259758249241,0.566634660871383,41,0.959340489485947,node
auc_cc,gamma,detail,42,7Networks_LH_Default_PFC_1,0.152099277574429,-0.171661332603184,0.446207888082209,0.355304541736141,41,0.913821690510225,node
auc_cc,gamma,communication,42,7Networks_LH_Default_PFC_1,0.048810701802075,-0.270883598161958,0.35880721384249,0.767931938563281,41,0.96919038674126,node
auc_cc,gamma,imagination,42,7Networks_LH_Default_PFC_1,0.165516969758431,-0.158271086440274,0.457164329346155,0.31393953618127,41,0.913821690510225,node
auc_cc,gamma,total,43,7Networks_LH_Default_PFC_2,0.0625981063804406,-0.258020541472895,0.370796912610659,0.705001431697657,41,0.96919038674126,node
auc_cc,gamma,social,43,7Networks_LH_Default_PFC_2,-0.145750049618246,-0.440992405645277,0.177956149647174,0.375975635998372,41,0.913821690510225,node
auc_cc,gamma,switching,43,7Networks_LH_Default_PFC_2,0.223630865602373,-0.0988677547381973,0.50361776993205,0.171142843468166,41,0.913821690510225,node
auc_cc,gamma,detail,43,7Networks_LH_Default_PFC_2,0.114155976756799,-0.208890457666039,0.4147400063276,0.488952101708116,41,0.913821690510225,node
auc_cc,gamma,communication,43,7Networks_LH_Default_PFC_2,0.00465507809723149,-0.311324646038444,0.319707953114916,0.977562269142125,41,0.982337772943726,node
auc_cc,gamma,imagination,43,7Networks_LH_Default_PFC_2,-0.0185512993407076,-0.332129683747544,0.29871966808722,0.910749648451397,41,0.973226227051545,node
auc_cc,gamma,total,44,7Networks_LH_Default_PFC_3,0.196534644571911,-0.126854177954694,0.482157958395791,0.230464242161235,41,0.913821690510225,node
auc_cc,gamma,social,44,7Networks_LH_Default_PFC_3,0.0826613959790175,-0.239097077017852,0.388062587446837,0.616876244515722,41,0.96919038674126,node
auc_cc,gamma,switching,44,7Networks_LH_Default_PFC_3,0.0364996875326821,-0.282273563998944,0.348014247720624,0.8254056846955,41,0.971586136331757,node
auc_cc,gamma,detail,44,7Networks_LH_Default_PFC_3,0.194202626307951,-0.129238986206963,0.480294874928313,0.236153677373531,41,0.913821690510225,node
auc_cc,gamma,communication,44,7Networks_LH_Default_PFC_3,0.064205925350664,-0.256513078285782,0.372188435162069,0.697778229099852,41,0.96919038674126,node
auc_cc,gamma,imagination,44,7Networks_LH_Default_PFC_3,0.200836397367964,-0.122445215411807,0.485587926796871,0.22021596121997,41,0.913821690510225,node
auc_cc,gamma,total,45,7Networks_LH_Default_PFC_4,0.0787396590766907,-0.242815332975866,0.384704467238386,0.633738636501457,41,0.96919038674126,node
auc_cc,gamma,social,45,7Networks_LH_Default_PFC_4,-0.0914961388488937,-0.39559804099948,0.230686011771197,0.579601545731093,41,0.959340489485947,node
auc_cc,gamma,switching,45,7Networks_LH_Default_PFC_4,-0.0326897740264999,-0.344657311401153,0.285780322672466,0.843390743343539,41,0.971586136331757,node
auc_cc,gamma,detail,45,7Networks_LH_Default_PFC_4,0.310221921627181,-0.00587565537061967,0.56995595856379,0.0546031039982356,41,0.655237247978827,node
auc_cc,gamma,communication,45,7Networks_LH_Default_PFC_4,-0.0465467052431932,-0.356828587416365,0.272984952866422,0.778419700693442,41,0.96919038674126,node
auc_cc,gamma,imagination,45,7Networks_LH_Default_PFC_4,0.121571969859816,-0.201686932149355,0.420947435340337,0.460966389940484,41,0.913821690510225,node
auc_cc,gamma,total,46,7Networks_LH_Default_PFC_5,0.343741533518854,0.0316519948500557,0.594757660510103,0.0321459657130087,41,0.527370022329836,node
auc_cc,gamma,social,46,7Networks_LH_Default_PFC_5,0.196315573886063,-0.127078366971262,0.481983049499718,0.230994697691685,41,0.913821690510225,node
auc_cc,gamma,switching,46,7Networks_LH_Default_PFC_5,0.324007672193979,0.00945145419020286,0.580213879161144,0.0441944332370981,41,0.578545307831103,node
auc_cc,gamma,detail,46,7Networks_LH_Default_PFC_5,0.110945783255832,-0.211997845359712,0.412044264877512,0.501332732988249,41,0.913821690510225,node
auc_cc,gamma,communication,46,7Networks_LH_Default_PFC_5,0.121441526787699,-0.201813940909311,0.420838491945926,0.461451101622451,41,0.913821690510225,node
auc_cc,gamma,imagination,46,7Networks_LH_Default_PFC_5,0.190121134497409,-0.133403885600725,0.477027886405129,0.246338916512748,41,0.913821690510225,node
auc_cc,gamma,total,47,7Networks_LH_Default_PFC_6,0.185644439067057,-0.137958961861426,0.473435420531091,0.257845131155258,41,0.913821690510225,node
auc_cc,gamma,social,47,7Networks_LH_Default_PFC_6,-0.00366414471231697,-0.31881800905556,0.312219274416919,0.982337772943726,41,0.982337772943726,node
auc_cc,gamma,switching,47,7Networks_LH_Default_PFC_6,0.195206853374818,-0.128212484894406,0.481097483223515,0.233692095707283,41,0.913821690510225,node
auc_cc,gamma,detail,47,7Networks_LH_Default_PFC_6,0.144398207344555,-0.179292994955541,0.439879373491638,0.380466900440238,41,0.913821690510225,node
auc_cc,gamma,communication,47,7Networks_LH_Default_PFC_6,0.141322128107185,-0.182330500727231,0.437343312618933,0.390803698054592,41,0.913821690510225,node
auc_cc,gamma,imagination,47,7Networks_LH_Default_PFC_6,0.0388424853243082,-0.280112944472023,0.350074541240512,0.814389144414531,41,0.96919038674126,node
auc_cc,gamma,total,48,7Networks_LH_Default_PFC_7,0.373971505197271,0.0662684931423682,0.616722877233721,0.0190128926800247,41,0.456309424320592,node
auc_cc,gamma,social,48,7Networks_LH_Default_PFC_7,0.131613027312023,-0.191877500053683,0.429307681118236,0.424484921044909,41,0.913821690510225,node
auc_cc,gamma,switching,48,7Networks_LH_Default_PFC_7,0.246856895946495,-0.0744656037842444,0.521741484864497,0.129767360743725,41,0.913821690510225,node
auc_cc,gamma,detail,48,7Networks_LH_Default_PFC_7,0.217501598040616,-0.105243355893204,0.498793530936733,0.183487885377899,41,0.913821690510225,node
auc_cc,gamma,communication,48,7Networks_LH_Default_PFC_7,0.214934570251086,-0.107905692123085,0.496767876578828,0.188841625766994,41,0.913821690510225,node
auc_cc,gamma,imagination,48,7Networks_LH_Default_PFC_7,0.257837840647609,-0.0627930587441723,0.530224601450403,0.113026421856895,41,0.913821690510225,node
auc_cc,gamma,total,49,7Networks_LH_Default_pCunPCC_1,0.124246963025187,-0.19907996677222,0.42317963212088,0.45108682816742,41,0.913821690510225,node
auc_cc,gamma,social,49,7Networks_LH_Default_pCunPCC_1,0.215393146001315,-0.107430429873956,0.497129966393064,0.187877219114553,41,0.913821690510225,node
auc_cc,gamma,switching,49,7Networks_LH_Default_pCunPCC_1,0.138091218624402,-0.185514257099626,0.434674523129946,0.40183490744266,41,0.913821690510225,node
auc_cc,gamma,detail,49,7Networks_LH_Default_pCunPCC_1,0.047596280491114,-0.272011156381435,0.357746213059734,0.77355270173488,41,0.96919038674126,node
auc_cc,gamma,communication,49,7Networks_LH_Default_pCunPCC_1,0.173938073965963,-0.149805937042663,0.463995805465741,0.289599649480078,41,0.913821690510225,node
auc_cc,gamma,imagination,49,7Networks_LH_Default_pCunPCC_1,-0.381678254951634,-0.622262808067393,-0.0752136303793447,0.0165036542799389,41,0.456309424320592,node
auc_cc,gamma,total,50,7Networks_LH_Default_pCunPCC_2,-0.0548831891918996,-0.364100560172683,0.265232261904255,0.740006846021989,41,0.96919038674126,node
auc_cc,gamma,social,50,7Networks_LH_Default_pCunPCC_2,0.0230852963717282,-0.294582880738531,0.336159192740749,0.889058596292396,41,0.973226227051545,node
auc_cc,gamma,switching,50,7Networks_LH_Default_pCunPCC_2,-0.0289441025709938,-0.341349182469192,0.289219656286803,0.861149262709602,41,0.972939056414678,node
auc_cc,gamma,detail,50,7Networks_LH_Default_pCunPCC_2,0.0188172897160121,-0.298477309087192,0.332366394411197,0.909475209496839,41,0.973226227051545,node
auc_cc,gamma,communication,50,7Networks_LH_Default_pCunPCC_2,0.0528599914040079,-0.267117589336121,0.362339168591622,0.749276296946138,41,0.96919038674126,node
auc_cc,gamma,imagination,50,7Networks_LH_Default_pCunPCC_2,-0.300049490638096,-0.562334424143792,0.0170910118576953,0.0634731995651089,41,0.703087749028898,node
auc_cc,gamma,total,51,7Networks_RH_Vis_1,0.141341297107603,-0.182311591211854,0.437359131014848,0.390738780938279,41,0.795655158448432,node
auc_cc,gamma,social,51,7Networks_RH_Vis_1,-0.183499998776939,-0.471711148229976,0.140136109805326,0.263481437983439,41,0.795655158448432,node
auc_cc,gamma,switching,51,7Networks_RH_Vis_1,0.263320936190886,-0.0569316067557534,0.534440144558001,0.105304203998581,41,0.780636247583132,node
auc_cc,gamma,detail,51,7Networks_RH_Vis_1,0.14728279501551,-0.176438961315325,0.442253285838674,0.370921501278903,41,0.795655158448432,node
auc_cc,gamma,communication,51,7Networks_RH_Vis_1,0.0860883923132708,-0.235840147599533,0.390990445045105,0.602297677424491,41,0.884519557130356,node
auc_cc,gamma,imagination,51,7Networks_RH_Vis_1,0.13531977387125,-0.188239851486711,0.432381101741655,0.411438475527423,41,0.795655158448432,node
auc_cc,gamma,total,52,7Networks_RH_Vis_2,-0.191169737911359,-0.47786798783447,0.132334943075203,0.243694434877329,41,0.795655158448432,node
auc_cc,gamma,social,52,7Networks_RH_Vis_2,-0.0958664879844396,-0.399310585706615,0.226507369880277,0.561545628191169,41,0.884519557130356,node
auc_cc,gamma,switching,52,7Networks_RH_Vis_2,-0.189745407606981,-0.476726740580487,0.133786717141753,0.247291139606669,41,0.795655158448432,node
auc_cc,gamma,detail,52,7Networks_RH_Vis_2,0.204393061905305,-0.118790248825816,0.488417199414648,0.211982907557464,41,0.795655158448432,node
auc_cc,gamma,communication,52,7Networks_RH_Vis_2,-0.252413177923605,-0.526040688035885,0.0685703607197383,0.121079927626709,41,0.780636247583132,node
auc_cc,gamma,imagination,52,7Networks_RH_Vis_2,-0.255467847646624,-0.528398312546306,0.0653197631088716,0.116493642828088,41,0.780636247583132,node
auc_cc,gamma,total,53,7Networks_RH_Vis_3,0.110799532294963,-0.212139257306971,0.411921325807758,0.501900538802376,41,0.85323091596404,node
auc_cc,gamma,social,53,7Networks_RH_Vis_3,0.0769005468079539,-0.244555773862469,0.383126870321365,0.641710266937709,41,0.884519557130356,node
auc_cc,gamma,switching,53,7Networks_RH_Vis_3,0.156453409707007,-0.167329178450981,0.449773016975393,0.341534798228004,41,0.795655158448432,node
auc_cc,gamma,detail,53,7Networks_RH_Vis_3,0.0461181503318322,-0.273382378167393,0.356453736967946,0.780409368105476,41,0.897204193897103,node
auc_cc,gamma,communication,53,7Networks_RH_Vis_3,0.0185428289999595,-0.298727385225444,0.332122145156724,0.910790236006014,41,0.947965347679729,node
auc_cc,gamma,imagination,53,7Networks_RH_Vis_3,-0.0274762894217406,-0.340050714607092,0.290565188652047,0.868127176141214,41,0.932529968758853,node
auc_cc,gamma,total,54,7Networks_RH_Vis_4,-0.104402257827124,-0.406533005874378,0.218311658793111,0.527052866149918,41,0.881301513890027,node
auc_cc,gamma,social,54,7Networks_RH_Vis_4,-0.158434852250798,-0.451392317656161,0.165353589149746,0.335378552133764,41,0.795655158448432,node
auc_cc,gamma,switching,54,7Networks_RH_Vis_4,-0.251515736603225,-0.525347233667073,0.0695240708067523,0.122452744718923,41,0.780636247583132,node
auc_cc,gamma,detail,54,7Networks_RH_Vis_4,0.390854700255911,0.0859293461995989,0.628827935411055,0.0138851925806568,41,0.780636247583132,node
auc_cc,gamma,communication,54,7Networks_RH_Vis_4,-0.142675971001975,-0.438460063227361,0.180994395475955,0.386234276798665,41,0.795655158448432,node
auc_cc,gamma,imagination,54,7Networks_RH_Vis_4,-0.132380465578607,-0.429944563170166,0.19112509662783,0.421764948905729,41,0.795655158448432,node
auc_cc,gamma,total,55,7Networks_RH_Vis_5,0.00573186768790111,-0.310351870102532,0.320674373710514,0.972373886737839,41,0.991821364472596,node
auc_cc,gamma,social,55,7Networks_RH_Vis_5,0.208072060166762,-0.115000329529296,0.491337516834274,0.203693636484655,41,0.795655158448432,node
auc_cc,gamma,switching,55,7Networks_RH_Vis_5,-0.0784262393112115,-0.384435740968414,0.243112083663392,0.635094308429721,41,0.884519557130356,node
auc_cc,gamma,detail,55,7Networks_RH_Vis_5,-0.00072710008964912,-0.316177020094564,0.314867591902296,0.996494905614883,41,0.996494905614883,node
auc_cc,gamma,communication,55,7Networks_RH_Vis_5,0.0584828125957491,-0.261871871146177,0.367228925390371,0.723604791681044,41,0.895961754937364,node
auc_cc,gamma,imagination,55,7Networks_RH_Vis_5,-0.283229615796139,-0.549633873755291,0.0354619042607105,0.0806032197245903,41,0.780636247583132,node
auc_cc,gamma,total,56,7Networks_RH_Vis_6,0.0572812083171875,-0.262994480612348,0.366185409752699,0.729066918233345,41,0.895961754937364,node
auc_cc,gamma,social,56,7Networks_RH_Vis_6,0.0341071671655475,-0.284476707067835,0.345907117234472,0.836690145161913,41,0.927634726157773,node
auc_cc,gamma,switching,56,7Networks_RH_Vis_6,-0.0896955874578568,-0.394065604007622,0.23240413157833,0.587115600828335,41,0.884519557130356,node
auc_cc,gamma,detail,56,7Networks_RH_Vis_6,0.270171538161643,-0.0495771297511836,0.539688174808326,0.0962280232154656,41,0.780636247583132,node
auc_cc,gamma,communication,56,7Networks_RH_Vis_6,-0.066846251379923,-0.374470564139774,0.254034164735447,0.68597345130048,41,0.886493463527092,node
auc_cc,gamma,imagination,56,7Networks_RH_Vis_6,-0.00273833098027728,-0.31798604567393,0.313054605939062,0.986800003928478,41,0.996494905614883,node
auc_cc,gamma,total,57,7Networks_RH_Vis_7,-0.0877451077649295,-0.392403652276206,0.234263050277418,0.595303768451803,41,0.884519557130356,node
auc_cc,gamma,social,57,7Networks_RH_Vis_7,-0.0103663736025839,-0.324826379993775,0.306157469693862,0.950058505710384,41,0.978848157398577,node
auc_cc,gamma,switching,57,7Networks_RH_Vis_7,-0.225352378335496,-0.504969608821282,0.0970722795991569,0.167785397421313,41,0.795655158448432,node
auc_cc,gamma,detail,57,7Networks_RH_Vis_7,0.124184731061707,-0.199140668151156,0.423127742721783,0.451315356001963,41,0.807616952845619,node
auc_cc,gamma,communication,57,7Networks_RH_Vis_7,-0.086757608290073,-0.391561471093967,0.235203296761216,0.599468274203381,41,0.884519557130356,node
auc_cc,gamma,imagination,57,7Networks_RH_Vis_7,-0.0477316922732099,-0.357864557651647,0.271885473564491,0.772925398962552,41,0.897204193897103,node
auc_cc,gamma,total,58,7Networks_RH_Vis_8,-0.059795287005659,-0.368367837168512,0.260644688897502,0.717654076555269,41,0.895961754937364,node
auc_cc,gamma,social,58,7Networks_RH_Vis_8,0.0348171848312704,-0.283823241009065,0.346532769366861,0.833337835852247,41,0.927634726157773,node
auc_cc,gamma,switching,58,7Networks_RH_Vis_8,-0.208559774646594,-0.491724177580459,0.114497203505182,0.202611979005854,41,0.795655158448432,node
auc_cc,gamma,detail,58,7Networks_RH_Vis_8,0.0967277563350796,-0.225682479317489,0.400041048053487,0.558018356136685,41,0.884519557130356,node
auc_cc,gamma,communication,58,7Networks_RH_Vis_8,0.0682014397844044,-0.252760184512826,0.375640456766926,0.679942669242522,41,0.886493463527092,node
auc_cc,gamma,imagination,58,7Networks_RH_Vis_8,-0.200962538515165,-0.485688372299642,0.122315737679697,0.219920258783499,41,0.795655158448432,node
auc_cc,gamma,total,59,7Networks_RH_SomMot_1,0.114684611728784,-0.208378125809145,0.415183419096593,0.486928596463403,41,0.838933263953635,node
auc_cc,gamma,social,59,7Networks_RH_SomMot_1,-0.153295945210749,-0.447188641174107,0.170471951736148,0.351487102561737,41,0.781945787422454,node
auc_cc,gamma,switching,59,7Networks_RH_SomMot_1,0.211714461561067,-0.111238822146873,0.494222523577362,0.19571233610751,41,0.750115440424998,node
auc_cc,gamma,detail,59,7Networks_RH_SomMot_1,0.252608501940965,-0.0683627122944911,0.526191567024974,0.120782675889296,41,0.750115440424998,node
auc_cc,gamma,communication,59,7Networks_RH_SomMot_1,0.00663185014697322,-0.309538314247995,0.321481606841519,0.96803827940034,41,0.978107739024052,node
auc_cc,gamma,imagination,59,7Networks_RH_SomMot_1,0.011699308438162,-0.304948834222299,0.326018302458982,0.943646565243995,41,0.978107739024052,node
auc_cc,gamma,total,60,7Networks_RH_SomMot_2,0.128945676477421,-0.194489640651042,0.427091793485956,0.43401469470419,41,0.810160763447822,node
auc_cc,gamma,social,60,7Networks_RH_SomMot_2,-0.161406162636536,-0.453816960468583,0.162386178119708,0.326276175833485,41,0.781945787422454,node
auc_cc,gamma,switching,60,7Networks_RH_SomMot_2,0.172203324956266,-0.151553649679359,0.462591336075129,0.294511141926363,41,0.781945787422454,node
auc_cc,gamma,detail,60,7Networks_RH_SomMot_2,0.362150776346459,0.0526437475883398,0.608178662295293,0.0234780605758981,41,0.565607101654393,node
auc_cc,gamma,communication,60,7Networks_RH_SomMot_2,0.0616191993917985,-0.258937583752628,0.369949017582588,0.709411787102674,41,0.883920467465618,node
auc_cc,gamma,imagination,60,7Networks_RH_SomMot_2,-0.0875128814125004,-0.392205645781681,0.23448421851952,0.596281979902554,41,0.883920467465618,node
auc_cc,gamma,total,61,7Networks_RH_SomMot_3,0.136199199096657,-0.187375514833518,0.433109258795021,0.408377055041889,41,0.781945787422454,node
auc_cc,gamma,social,61,7Networks_RH_SomMot_3,-0.308709699326998,-0.568825770858999,0.00754796523958269,0.0558551350913237,41,0.586478918458899,node
auc_cc,gamma,switching,61,7Networks_RH_SomMot_3,0.255138177287448,-0.0656709067113171,0.528144072150618,0.116982216203472,41,0.750115440424998,node
auc_cc,gamma,detail,61,7Networks_RH_SomMot_3,0.319071592047398,0.00394644082679678,0.576550279838845,0.0477191088702753,41,0.572629306443304,node
auc_cc,gamma,communication,61,7Networks_RH_SomMot_3,0.052577476845619,-0.267380657248252,0.362093036018904,0.75057346246998,41,0.883920467465618,node
auc_cc,gamma,imagination,61,7Networks_RH_SomMot_3,0.135942933036918,-0.187627435798818,0.432897112551369,0.409267812580053,41,0.781945787422454,node
auc_cc,gamma,total,62,7Networks_RH_SomMot_4,-0.153919386553971,-0.447699315255772,0.169851932645562,0.349508197946802,41,0.781945787422454,node
auc_cc,gamma,social,62,7Networks_RH_SomMot_4,-0.355826163889164,-0.60358359828039,-0.0454009210933525,0.026205040179983,41,0.565607101654393,node
auc_cc,gamma,switching,62,7Networks_RH_SomMot_4,-0.0817061157153219,-0.387245342712024,0.240003662336831,0.620966310801062,41,0.883920467465618,node
auc_cc,gamma,detail,62,7Networks_RH_SomMot_4,0.146610083857316,-0.177105034045362,0.44170003793233,0.373134726276878,41,0.781945787422454,node
auc_cc,gamma,communication,62,7Networks_RH_SomMot_4,0.0552765757740881,-0.264865398088457,0.364442785011926,0.738208662678954,41,0.883920467465618,node
auc_cc,gamma,imagination,62,7Networks_RH_SomMot_4,-0.151073641678448,-0.445366744914934,0.172679972619188,0.358596257923484,41,0.781945787422454,node
auc_cc,gamma,total,63,7Networks_RH_SomMot_5,0.100720135149826,-0.221852680417068,0.403422054518042,0.541804209096695,41,0.883920467465618,node
auc_cc,gamma,social,63,7Networks_RH_SomMot_5,-0.123183897608782,-0.422292972112704,0.200116545590157,0.454999224993293,41,0.830868149987752,node
auc_cc,gamma,switching,63,7Networks_RH_SomMot_5,0.0890684575819089,-0.233002078996885,0.393531460385962,0.589742851940557,41,0.883920467465618,node
auc_cc,gamma,detail,63,7Networks_RH_SomMot_5,0.236089172393261,-0.085826632901051,0.513369963073248,0.147910298380097,41,0.750115440424998,node
auc_cc,gamma,communication,63,7Networks_RH_SomMot_5,0.219263973702667,-0.103412864455295,0.50018245350621,0.17987528920497,41,0.750115440424998,node
auc_cc,gamma,imagination,63,7Networks_RH_SomMot_5,-0.158127591272196,-0.451141340115738,0.165660112796647,0.336328680562541,41,0.781945787422454,node
auc_cc,gamma,total,64,7Networks_RH_SomMot_6,0.332453349536355,0.0189150118248096,0.586458376192956,0.0386541414049558,41,0.565607101654393,node
auc_cc,gamma,social,64,7Networks_RH_SomMot_6,0.0676428906736191,-0.25328539804031,0.37515839709981,0.682425940843365,41,0.883920467465618,node
auc_cc,gamma,switching,64,7Networks_RH_SomMot_6,0.161451479868654,-0.162340874969842,0.453853906654878,0.326138553307714,41,0.781945787422454,node
auc_cc,gamma,detail,64,7Networks_RH_SomMot_6,0.329690575383212,0.015813070348865,0.584418976091445,0.0404005072610281,41,0.565607101654393,node
auc_cc,gamma,communication,64,7Networks_RH_SomMot_6,0.243139225417338,-0.0783975697778275,0.518857099712401,0.135833760911637,41,0.750115440424998,node
auc_cc,gamma,imagination,64,7Networks_RH_SomMot_6,0.13766701445738,-0.185931766297856,0.434323735555368,0.403296434500714,41,0.781945787422454,node
auc_cc,gamma,total,65,7Networks_RH_SomMot_7,0.288786965042238,-0.0294158250278033,0.553843849503424,0.0745857727091504,41,0.626520490756863,node
auc_cc,gamma,social,65,7Networks_RH_SomMot_7,0.206412016580037,-0.116711588350253,0.49002059454131,0.207405474935863,41,0.750115440424998,node
auc_cc,gamma,switching,65,7Networks_RH_SomMot_7,-0.0212593654837812,-0.334537806571851,0.296250280485605,0.897785332895428,41,0.961953847962231,node
auc_cc,gamma,detail,65,7Networks_RH_SomMot_7,0.341355893676225,0.0289516925503654,0.59300814117158,0.0334405017157549,41,0.565607101654393,node
auc_cc,gamma,communication,65,7Networks_RH_SomMot_7,0.079614853370767,-0.241986366685946,0.385454584754764,0.629959302053329,41,0.883920467465618,node
auc_cc,gamma,imagination,65,7Networks_RH_SomMot_7,0.203873611836316,-0.119324602608339,0.488004356829047,0.213171851516011,41,0.750115440424998,node
auc_cc,gamma,total,66,7Networks_RH_SomMot_8,-0.0918502494500047,-0.395899222992138,0.230347876239056,0.57812887948475,41,0.883920467465618,node
auc_cc,gamma,social,66,7Networks_RH_SomMot_8,0.00454188377572398,-0.311426867781684,0.319606322917776,0.978107739024053,41,0.978107739024052,node
auc_cc,gamma,switching,66,7Networks_RH_SomMot_8,-0.221350421812682,-0.501824910033431,0.101242945884307,0.175664256247768,41,0.750115440424998,node
auc_cc,gamma,detail,66,7Networks_RH_SomMot_8,0.0740622395106913,-0.247237742355889,0.38068864925468,0.654090729269457,41,0.883920467465618,node
auc_cc,gamma,communication,66,7Networks_RH_SomMot_8,-0.0702368044223076,-0.377395685745983,0.250844693537674,0.670921873806677,41,0.883920467465618,node
auc_cc,gamma,imagination,66,7Networks_RH_SomMot_8,-0.0442250880033016,-0.354796707963339,0.275136626999516,0.789214703094302,41,0.883920467465618,node
auc_cc,gamma,total,67,7Networks_RH_DorsAttn_Post_1,0.0642770114651985,-0.256446393140374,0.372249926271995,0.697459471054756,41,0.981612494884281,node
auc_cc,gamma,social,67,7Networks_RH_DorsAttn_Post_1,-0.0268289530069493,-0.33947768405265,0.29115819726585,0.871207747298234,41,0.981612494884281,node
auc_cc,gamma,switching,67,7Networks_RH_DorsAttn_Post_1,0.00519125092207029,-0.310840348166962,0.32018925114023,0.974978657317034,41,0.981612494884281,node
auc_cc,gamma,detail,67,7Networks_RH_DorsAttn_Post_1,0.179153568364536,-0.144539254507067,0.468209555243288,0.275153623271413,41,0.981612494884281,node
auc_cc,gamma,communication,67,7Networks_RH_DorsAttn_Post_1,-0.0038146334397434,-0.318953196771352,0.312083447181952,0.981612494884281,41,0.981612494884281,node
auc_cc,gamma,imagination,67,7Networks_RH_DorsAttn_Post_1,0.0331686089071261,-0.285340056808986,0.345079654361553,0.841125854258108,41,0.981612494884281,node
auc_cc,gamma,total,68,7Networks_RH_DorsAttn_Post_2,-0.01062559564688,-0.325058256972265,0.30592250062356,0.948811290424774,41,0.981612494884281,node
auc_cc,gamma,social,68,7Networks_RH_DorsAttn_Post_2,-0.118904966778355,-0.418718290501699,0.204281558903472,0.4709307266686,41,0.981612494884281,node
auc_cc,gamma,switching,68,7Networks_RH_DorsAttn_Post_2,-0.0265407358065415,-0.339222475777674,0.291422147200304,0.872579932875308,41,0.981612494884281,node
auc_cc,gamma,detail,68,7Networks_RH_DorsAttn_Post_2,0.243143378669934,-0.0783931826962996,0.518860325554057,0.135826868630445,41,0.973777528032641,node
auc_cc,gamma,communication,68,7Networks_RH_DorsAttn_Post_2,-0.0639396205580375,-0.371958051406499,0.256762868902872,0.698972823616772,41,0.981612494884281,node
auc_cc,gamma,imagination,68,7Networks_RH_DorsAttn_Post_2,-0.0660586906047987,-0.373790236783109,0.254774020586623,0.689487069150241,41,0.981612494884281,node
auc_cc,gamma,total,69,7Networks_RH_DorsAttn_Post_3,0.230146894479939,-0.0920606879002273,0.508727344625655,0.158685156648921,41,0.973777528032641,node
auc_cc,gamma,social,69,7Networks_RH_DorsAttn_Post_3,0.135878816841714,-0.187690458221193,0.432844029718417,0.409490847848569,41,0.981612494884281,node
auc_cc,gamma,switching,69,7Networks_RH_DorsAttn_Post_3,0.277453719959438,-0.041721123517476,0.545243950835538,0.0872510814446733,41,0.973777528032641,node
auc_cc,gamma,detail,69,7Networks_RH_DorsAttn_Post_3,0.0279133533188824,-0.290164667195404,0.340437477992021,0.866048340778326,41,0.981612494884281,node
auc_cc,gamma,communication,69,7Networks_RH_DorsAttn_Post_3,0.0139587769650351,-0.302897734025592,0.328036459695219,0.932785836447954,41,0.981612494884281,node
auc_cc,gamma,imagination,69,7Networks_RH_DorsAttn_Post_3,0.181840913092458,-0.141818355895546,0.470375619162113,0.26789757432534,41,0.981612494884281,node
auc_cc,gamma,total,70,7Networks_RH_DorsAttn_Post_4,0.0695490083576182,-0.251492262955894,0.376802800677529,0.673965199442318,41,0.981612494884281,node
auc_cc,gamma,social,70,7Networks_RH_DorsAttn_Post_4,0.258350577646658,-0.0622458766351995,0.53061937829755,0.112286671076354,41,0.973777528032641,node
auc_cc,gamma,switching,70,7Networks_RH_DorsAttn_Post_4,-0.091519081986638,-0.395617556827853,0.230664106029505,0.579506079286094,41,0.981612494884281,node
auc_cc,gamma,detail,70,7Networks_RH_DorsAttn_Post_4,-0.0992750543784892,-0.402199219702168,0.22324006397448,0.547646964264652,41,0.981612494884281,node
auc_cc,gamma,communication,70,7Networks_RH_DorsAttn_Post_4,0.102864329044882,-0.219791687427911,0.405234492233153,0.533190147727773,41,0.981612494884281,node
auc_cc,gamma,imagination,70,7Networks_RH_DorsAttn_Post_4,-0.0202256716150379,-0.333619086376595,0.297193369719235,0.902731029213157,41,0.981612494884281,node
auc_cc,gamma,total,71,7Networks_RH_DorsAttn_Post_5,0.123871910971195,-0.199445756908323,0.422866881675143,0.452465042812706,41,0.981612494884281,node
auc_cc,gamma,social,71,7Networks_RH_DorsAttn_Post_5,0.0517824083897721,-0.268120741953834,0.361400124079404,0.754227638826163,41,0.981612494884281,node
auc_cc,gamma,switching,71,7Networks_RH_DorsAttn_Post_5,0.134331750550875,-0.189210325482009,0.43156256390606,0.414893468773246,41,0.981612494884281,node
auc_cc,gamma,detail,71,7Networks_RH_DorsAttn_Post_5,-0.0487587765383504,-0.358761864799726,0.270931827362353,0.768172029639369,41,0.981612494884281,node
auc_cc,gamma,communication,71,7Networks_RH_DorsAttn_Post_5,0.35547396310381,0.044998544457473,0.603327226723076,0.0263643020541783,41,0.973777528032641,node
auc_cc,gamma,imagination,71,7Networks_RH_DorsAttn_Post_5,-0.199181392771174,-0.484269358886794,0.124142978145142,0.224120998189314,41,0.981612494884281,node
auc_cc,gamma,total,72,7Networks_RH_DorsAttn_PrCv_1,0.0849249144966568,-0.236946698527382,0.389997118051424,0.60723046608321,41,0.981612494884281,node
auc_cc,gamma,social,72,7Networks_RH_DorsAttn_PrCv_1,-0.256961618224261,-0.529549689063476,0.0637276988736936,0.114299104348197,41,0.973777528032641,node
auc_cc,gamma,switching,72,7Networks_RH_DorsAttn_PrCv_1,0.154143893864017,-0.169628594931714,0.447883167055215,0.348797239082458,41,0.981612494884281,node
auc_cc,gamma,detail,72,7Networks_RH_DorsAttn_PrCv_1,0.243071769373035,-0.0784688218669429,0.518804705334963,0.135945739798525,41,0.973777528032641,node
auc_cc,gamma,communication,72,7Networks_RH_DorsAttn_PrCv_1,0.120228251516029,-0.202994752402735,0.419824775263082,0.465972546377593,41,0.981612494884281,node
auc_cc,gamma,imagination,72,7Networks_RH_DorsAttn_PrCv_1,0.0252144935961497,-0.292636099015936,0.338047531879963,0.878898774342704,41,0.981612494884281,node
auc_cc,gamma,total,73,7Networks_RH_DorsAttn_FEF_1,0.0191505487245466,-0.298173600036796,0.332662913167111,0.907878782071979,41,0.981612494884281,node
auc_cc,gamma,social,73,7Networks_RH_DorsAttn_FEF_1,-0.215891526529281,-0.497523374678983,0.106913747086889,0.186833058425912,41,0.973777528032641,node
auc_cc,gamma,switching,73,7Networks_RH_DorsAttn_FEF_1,-0.0678401855455795,-0.375328692803521,0.253099899819865,0.681548402906018,41,0.981612494884281,node
auc_cc,gamma,detail,73,7Networks_RH_DorsAttn_FEF_1,0.493232540751579,0.210463695588684,0.699841503244036,0.00142055406225656,41,0.12784986560309,node
auc_cc,gamma,communication,73,7Networks_RH_DorsAttn_FEF_1,-0.0539909274088876,-0.363324031558079,0.266064022545782,0.744090444308588,41,0.981612494884281,node
auc_cc,gamma,imagination,73,7Networks_RH_DorsAttn_FEF_1,-0.0967091953203759,-0.400025310073465,0.225700261237636,0.558094262571978,41,0.981612494884281,node
auc_cc,gamma,total,74,7Networks_RH_SalVentAttn_TempOccPar_1,-0.00207748871920764,-0.317391896327105,0.313650563651659,0.989985377145647,41,0.989985377145647,node
auc_cc,gamma,social,74,7Networks_RH_SalVentAttn_TempOccPar_1,-0.0433748259236117,-0.354051823885516,0.27592385003408,0.793178074993883,41,0.878597252300917,node
auc_cc,gamma,switching,74,7Networks_RH_SalVentAttn_TempOccPar_1,0.0740232145249166,-0.247274583500492,0.380655095468751,0.654261600309416,41,0.878597252300917,node
auc_cc,gamma,detail,74,7Networks_RH_SalVentAttn_TempOccPar_1,0.0690795226476847,-0.251934125182163,0.376397956054363,0.676045501650271,41,0.878597252300917,node
auc_cc,gamma,communication,74,7Networks_RH_SalVentAttn_TempOccPar_1,-0.0139763208733265,-0.328052118704884,0.302881796524932,0.932701551440504,41,0.973253792807482,node
auc_cc,gamma,imagination,74,7Networks_RH_SalVentAttn_TempOccPar_1,-0.12619818276293,-0.42480557730432,0.19717547770926,0.443953504284735,41,0.878597252300917,node
auc_cc,gamma,total,75,7Networks_RH_SalVentAttn_TempOccPar_2,-0.0315232943373957,-0.343627921647238,0.286852282805305,0.848913357512072,41,0.926087299104078,node
auc_cc,gamma,social,75,7Networks_RH_SalVentAttn_TempOccPar_2,-0.109565357532691,-0.410883437413212,0.213332058483532,0.506705071255816,41,0.878597252300917,node
auc_cc,gamma,switching,75,7Networks_RH_SalVentAttn_TempOccPar_2,0.116107260722203,-0.206998470188335,0.416376011543721,0.481504608852577,41,0.878597252300917,node
auc_cc,gamma,detail,75,7Networks_RH_SalVentAttn_TempOccPar_2,0.0908434099075381,-0.231309090161597,0.395042703443184,0.582320510625357,41,0.878597252300917,node
auc_cc,gamma,communication,75,7Networks_RH_SalVentAttn_TempOccPar_2,-0.0477901123464088,-0.35791561143047,0.271831247446383,0.772654808546315,41,0.878597252300917,node
auc_cc,gamma,imagination,75,7Networks_RH_SalVentAttn_TempOccPar_2,-0.178551128622299,-0.467723497296444,0.145148545304613,0.276797738252278,41,0.856654493329263,node
auc_cc,gamma,total,76,7Networks_RH_SalVentAttn_FrOperIns_1,0.0437223628115921,-0.275602131535668,0.354356336111465,0.791557457696281,41,0.878597252300917,node
auc_cc,gamma,social,76,7Networks_RH_SalVentAttn_FrOperIns_1,-0.338707088405805,-0.591062840602874,-0.0259588461052712,0.0349276091807446,41,0.655547558656958,node
auc_cc,gamma,switching,76,7Networks_RH_SalVentAttn_FrOperIns_1,0.108753196792514,-0.214116468119064,0.410200018477533,0.509879336436683,41,0.878597252300917,node
auc_cc,gamma,detail,76,7Networks_RH_SalVentAttn_FrOperIns_1,0.322010843229038,0.00722217159480441,0.57873306396069,0.0455940333614744,41,0.655547558656958,node
auc_cc,gamma,communication,76,7Networks_RH_SalVentAttn_FrOperIns_1,-0.139363805591438,-0.435726325071155,0.184261053234264,0.397468736335603,41,0.878597252300917,node
auc_cc,gamma,imagination,76,7Networks_RH_SalVentAttn_FrOperIns_1,0.292436941042026,-0.0254321504069788,0.556601538447938,0.0708290614181231,41,0.655547558656958,node
auc_cc,gamma,total,77,7Networks_RH_SalVentAttn_Med_1,0.30842018175876,-0.00786793021612025,0.568609282374191,0.0560974325039371,41,0.655547558656958,node
auc_cc,gamma,social,77,7Networks_RH_SalVentAttn_Med_1,0.290466091989448,-0.02758443870474,0.555113213341571,0.0728386176285509,41,0.655547558656958,node
auc_cc,gamma,switching,77,7Networks_RH_SalVentAttn_Med_1,0.201457905129401,-0.121807161544297,0.486082757284113,0.21876165426121,41,0.810399486937142,node
auc_cc,gamma,detail,77,7Networks_RH_SalVentAttn_Med_1,0.144645017267509,-0.179049012242043,0.440082650889531,0.379644567537684,41,0.878597252300917,node
auc_cc,gamma,communication,77,7Networks_RH_SalVentAttn_Med_1,0.0563534159276462,-0.263860685969575,0.365379150151072,0.733293435233199,41,0.878597252300917,node
auc_cc,gamma,imagination,77,7Networks_RH_SalVentAttn_Med_1,0.115670310569565,-0.207422352205883,0.416009830502269,0.483167161486556,41,0.878597252300917,node
auc_cc,gamma,total,78,7Networks_RH_SalVentAttn_Med_2,-0.120137824582553,-0.419749191738759,0.203082722142022,0.46631047720089,41,0.878597252300917,node
auc_cc,gamma,social,78,7Networks_RH_SalVentAttn_Med_2,-0.305105418962103,-0.566128077512399,0.0115266835265363,0.0589317849490173,41,0.655547558656958,node
auc_cc,gamma,switching,78,7Networks_RH_SalVentAttn_Med_2,-0.157652493737886,-0.450753178720504,0.166133947121603,0.337801066781354,41,0.878597252300917,node
auc_cc,gamma,detail,78,7Networks_RH_SalVentAttn_Med_2,0.441807834843462,0.146741136033103,0.664674474415669,0.00486531025511465,41,0.350302338368255,node
auc_cc,gamma,communication,78,7Networks_RH_SalVentAttn_Med_2,-0.175382221223861,-0.465163889672144,0.148349452990827,0.285551497776421,41,0.856654493329263,node
auc_cc,gamma,imagination,78,7Networks_RH_SalVentAttn_Med_2,-0.117763298531934,-0.417762951288362,0.205390858656792,0.475230736786334,41,0.878597252300917,node
auc_cc,gamma,total,79,7Networks_RH_Limbic_OFC_1,0.0249973902828577,-0.292834723067559,0.337855102884019,0.879933872010695,41,0.957119887190112,node
auc_cc,gamma,social,79,7Networks_RH_Limbic_OFC_1,-0.0386512045043075,-0.349906438672393,0.280289472339438,0.815287316266006,41,0.957119887190112,node
auc_cc,gamma,switching,79,7Networks_RH_Limbic_OFC_1,-0.075358588494854,-0.381802794817337,0.246013408961672,0.648424583811516,41,0.957119887190112,node
auc_cc,gamma,detail,79,7Networks_RH_Limbic_OFC_1,0.197103518624845,-0.12627185849132,0.482612048559325,0.229090655465464,41,0.795327608813699,node
auc_cc,gamma,communication,79,7Networks_RH_Limbic_OFC_1,0.131700409338858,-0.191791849102805,0.429380212697624,0.424174724700639,41,0.795327608813699,node
auc_cc,gamma,imagination,79,7Networks_RH_Limbic_OFC_1,-0.17640279344666,-0.465988761298867,0.147319314781296,0.282712914498482,41,0.795327608813699,node
auc_cc,gamma,total,80,7Networks_RH_Limbic_TempPole_1,0.165621385197713,-0.158166415490039,0.457249245814016,0.313630066262291,41,0.795327608813699,node
auc_cc,gamma,social,80,7Networks_RH_Limbic_TempPole_1,-0.25162965557866,-0.525435279205659,0.0694030417234595,0.122277839510164,41,0.795327608813699,node
auc_cc,gamma,switching,80,7Networks_RH_Limbic_TempPole_1,0.176084929340005,-0.147640233601373,0.465731903427997,0.283595037091303,41,0.795327608813699,node
auc_cc,gamma,detail,80,7Networks_RH_Limbic_TempPole_1,0.435511196465948,0.139103439419766,0.660299540541813,0.00558667637693304,41,0.167600291307991,node
auc_cc,gamma,communication,80,7Networks_RH_Limbic_TempPole_1,-0.0904441238959396,-0.394702883857462,0.231690108166213,0.583986559927388,41,0.922084041990613,node
auc_cc,gamma,imagination,80,7Networks_RH_Limbic_TempPole_1,0.288602757257155,-0.0296166063975448,0.553704519537775,0.0747794241079025,41,0.795327608813699,node
auc_cc,gamma,total,81,7Networks_RH_Cont_Par_1,-0.0315369409346941,-0.343639968772436,0.286839746595862,0.848848707025741,41,0.968254131032626,node
auc_cc,gamma,social,81,7Networks_RH_Cont_Par_1,-0.0273539895599147,-0.339942470971163,0.290677243202046,0.868709036096649,41,0.968254131032626,node
auc_cc,gamma,switching,81,7Networks_RH_Cont_Par_1,0.129454164777117,-0.193992030953162,0.427514493908583,0.432188906150318,41,0.963700924269259,node
auc_cc,gamma,detail,81,7Networks_RH_Cont_Par_1,-0.0143277022037656,-0.328365711659876,0.302562552093597,0.931013587531372,41,0.968254131032626,node
auc_cc,gamma,communication,81,7Networks_RH_Cont_Par_1,-0.0744408185878283,-0.381014110640772,0.246880300368584,0.652434022638669,41,0.963700924269259,node
auc_cc,gamma,imagination,81,7Networks_RH_Cont_Par_1,-0.152330605882131,-0.446397532959685,0.171431486470062,0.354564642298765,41,0.963700924269259,node
auc_cc,gamma,total,82,7Networks_RH_Cont_Par_2,0.0244949454965357,-0.293294295903072,0.337409661832646,0.882330162657171,41,0.968254131032626,node
auc_cc,gamma,social,82,7Networks_RH_Cont_Par_2,0.088465588791781,-0.233576664792378,0.393017786726728,0.592273351422415,41,0.963700924269259,node
auc_cc,gamma,switching,82,7Networks_RH_Cont_Par_2,-0.0653570664922615,-0.373183866015509,0.255432828992435,0.692622709174061,41,0.965774203873433,node
auc_cc,gamma,detail,82,7Networks_RH_Cont_Par_2,0.0236524004736405,-0.2940646198428,0.336662391205605,0.886350788424152,41,0.968254131032626,node
auc_cc,gamma,communication,82,7Networks_RH_Cont_Par_2,0.0651886019935879,-0.255590968823638,0.373038233297962,0.693376351498875,41,0.965774203873433,node
auc_cc,gamma,imagination,82,7Networks_RH_Cont_Par_2,-0.073986038887963,-0.380623131006854,0.247309677922009,0.65442439012591,41,0.963700924269259,node
auc_cc,gamma,total,83,7Networks_RH_Cont_PFCl_1,-0.0566871648136498,-0.365669234222632,0.263549150864105,0.731772156695904,41,0.968254131032626,node
auc_cc,gamma,social,83,7Networks_RH_Cont_PFCl_1,-0.0831747450518121,-0.388501560603951,0.238609663826227,0.614683010843027,41,0.963700924269259,node
auc_cc,gamma,switching,83,7Networks_RH_Cont_PFCl_1,-0.076926428129376,-0.383149083809718,0.24453129547753,0.641597806522589,41,0.963700924269259,node
auc_cc,gamma,detail,83,7Networks_RH_Cont_PFCl_1,0.17854063060865,-0.145159160527663,0.467715025781694,0.276826445106236,41,0.938802726882017,node
auc_cc,gamma,communication,83,7Networks_RH_Cont_PFCl_1,0.021587839579888,-0.295950467893138,0.334829621170654,0.896214540216976,41,0.968254131032626,node
auc_cc,gamma,imagination,83,7Networks_RH_Cont_PFCl_1,-0.244674767163819,-0.520049223841898,0.07677472743858,0.133303152268385,41,0.92329494445723,node
auc_cc,gamma,total,84,7Networks_RH_Cont_PFCl_2,0.128281478248358,-0.195139378372504,0.426539456856575,0.436406002522481,41,0.963700924269259,node
auc_cc,gamma,social,84,7Networks_RH_Cont_PFCl_2,-0.113957077845396,-0.414573135302508,0.209083176630096,0.489714568538514,41,0.963700924269259,node
auc_cc,gamma,switching,84,7Networks_RH_Cont_PFCl_2,0.103784711171606,-0.218906134397457,0.406011741639793,0.529513097577964,41,0.963700924269259,node
auc_cc,gamma,detail,84,7Networks_RH_Cont_PFCl_2,0.246904950416056,-0.0744147138494999,0.521778727221134,0.129690289626234,41,0.92329494445723,node
auc_cc,gamma,communication,84,7Networks_RH_Cont_PFCl_2,0.131743316747184,-0.191749789904966,0.429415826649074,0.424022454772279,41,0.963700924269259,node
auc_cc,gamma,imagination,84,7Networks_RH_Cont_PFCl_2,0.00673978892059515,-0.309440709892848,0.321578391064717,0.967518349738569,41,0.980083523111797,node
auc_cc,gamma,total,85,7Networks_RH_Cont_PFCl_3,-0.0409939378899859,-0.35196391403845,0.278125940505392,0.804303221956683,41,0.968254131032626,node
auc_cc,gamma,social,85,7Networks_RH_Cont_PFCl_3,-0.192185148796501,-0.478680997161436,0.131299119272286,0.24115194842833,41,0.92329494445723,node
auc_cc,gamma,switching,85,7Networks_RH_Cont_PFCl_3,-0.00377679918723089,-0.318919210540777,0.312117596615433,0.981794835121612,41,0.981794835121612,node
auc_cc,gamma,detail,85,7Networks_RH_Cont_PFCl_3,0.170079530596626,-0.153690562298053,0.460869905114446,0.300596559882419,41,0.963700924269259,node
auc_cc,gamma,communication,85,7Networks_RH_Cont_PFCl_3,0.07389515693894,-0.247395468448883,0.380544985545559,0.654822422900907,41,0.963700924269259,node
auc_cc,gamma,imagination,85,7Networks_RH_Cont_PFCl_3,-0.166292300591883,-0.457794744865378,0.157493684683625,0.311646178579051,41,0.963700924269259,node
auc_cc,gamma,total,86,7Networks_RH_Cont_PFCl_4,0.220722572447424,-0.101896236000545,0.501330878288184,0.176923944901585,41,0.92329494445723,node
auc_cc,gamma,social,86,7Networks_RH_Cont_PFCl_4,-0.0222595227873585,-0.33542615388085,0.295337198581362,0.893003711100968,41,0.968254131032626,node
auc_cc,gamma,switching,86,7Networks_RH_Cont_PFCl_4,0.0311563880029215,-0.287189294060317,0.343303980665718,0.850651933013172,41,0.968254131032626,node
auc_cc,gamma,detail,86,7Networks_RH_Cont_PFCl_4,0.333046185437586,0.0195814137129331,0.586895571262159,0.0382875386334939,41,0.904057603104551,node
auc_cc,gamma,communication,86,7Networks_RH_Cont_PFCl_4,0.198468651962288,-0.12487355036385,0.483701107967226,0.225817265078261,41,0.92329494445723,node
auc_cc,gamma,imagination,86,7Networks_RH_Cont_PFCl_4,0.107392816082826,-0.215429433089876,0.409054523126244,0.515218534749704,41,0.963700924269259,node
auc_cc,gamma,total,87,7Networks_RH_Cont_Cing_1,0.301987598622817,-0.0149603362998594,0.563789965670137,0.0617006402509142,41,0.904057603104551,node
auc_cc,gamma,social,87,7Networks_RH_Cont_Cing_1,0.270828581240019,-0.0488699328570919,0.540190416340827,0.0953901075502341,41,0.92329494445723,node
auc_cc,gamma,switching,87,7Networks_RH_Cont_Cing_1,0.0296718129327033,-0.288552103639606,0.341992493245067,0.857693578207936,41,0.968254131032626,node
auc_cc,gamma,detail,87,7Networks_RH_Cont_Cing_1,0.0788114551838798,-0.242747346836765,0.384766017957556,0.633428253890362,41,0.963700924269259,node
auc_cc,gamma,communication,87,7Networks_RH_Cont_Cing_1,0.348150360887129,0.0366543587621678,0.59798464782967,0.0298619412239336,41,0.904057603104551,node
auc_cc,gamma,imagination,87,7Networks_RH_Cont_Cing_1,0.0999984712645571,-0.222545693989474,0.402811513935152,0.544718311672531,41,0.963700924269259,node
auc_cc,gamma,total,88,7Networks_RH_Cont_PFCmp_1,0.194875900025272,-0.128550855523635,0.48083302834736,0.234501401044758,41,0.92329494445723,node
auc_cc,gamma,social,88,7Networks_RH_Cont_PFCmp_1,-0.0609781946956286,-0.369393523288863,0.259537765455971,0.712304839145289,41,0.968254131032626,node
auc_cc,gamma,switching,88,7Networks_RH_Cont_PFCmp_1,0.216460496789701,-0.106323669055253,0.497972363030594,0.185646036420028,41,0.92329494445723,node
auc_cc,gamma,detail,88,7Networks_RH_Cont_PFCmp_1,0.145925840539333,-0.177782221066175,0.441137075473514,0.37539391585872,41,0.963700924269259,node
auc_cc,gamma,communication,88,7Networks_RH_Cont_PFCmp_1,0.0150192310101707,-0.301934061923043,0.328982669704702,0.927692500449183,41,0.968254131032626,node
auc_cc,gamma,imagination,88,7Networks_RH_Cont_PFCmp_1,0.29809294890534,-0.0192390351166625,0.560863388236366,0.0653032871926666,41,0.904057603104551,node
auc_cc,gamma,total,89,7Networks_RH_Cont_pCun_1,-0.0101653876868699,-0.324646569852532,0.306339624704646,0.951025605854822,41,0.976052595482581,node
auc_cc,gamma,social,89,7Networks_RH_Cont_pCun_1,0.10406059135426,-0.218640590480352,0.406244633326544,0.528413332687752,41,0.963700924269259,node
auc_cc,gamma,switching,89,7Networks_RH_Cont_pCun_1,-0.157336167359303,-0.4504946741177,0.166449349542602,0.338783599647832,41,0.963700924269259,node
auc_cc,gamma,detail,89,7Networks_RH_Cont_pCun_1,0.10696420271332,-0.215842865582868,0.408693416334477,0.516906495906744,41,0.963700924269259,node
auc_cc,gamma,communication,89,7Networks_RH_Cont_pCun_1,-0.0431091238478456,-0.353818970975551,0.276169764951008,0.794417662452499,41,0.968254131032626,node
auc_cc,gamma,imagination,89,7Networks_RH_Cont_pCun_1,-0.0752521760607447,-0.381711372320801,0.246113948556625,0.64888896737965,41,0.963700924269259,node
auc_cc,gamma,total,90,7Networks_RH_Default_Par_1,0.146489986563471,-0.177223915011436,0.441601244472366,0.373530670418509,41,0.913821690510225,node
auc_cc,gamma,social,90,7Networks_RH_Default_Par_1,0.120197118384747,-0.203025040134443,0.419798753045147,0.466088878016898,41,0.913821690510225,node
auc_cc,gamma,switching,90,7Networks_RH_Default_Par_1,-0.0492974109305199,-0.359232211191,0.270431455162485,0.765682542555158,41,0.96919038674126,node
auc_cc,gamma,detail,90,7Networks_RH_Default_Par_1,0.11862576148672,-0.204552924883104,0.418484714944651,0.47198042731861,41,0.913821690510225,node
auc_cc,gamma,communication,90,7Networks_RH_Default_Par_1,0.0551518114951289,-0.264981760592052,0.364334255945962,0.738778816236163,41,0.96919038674126,node
auc_cc,gamma,imagination,90,7Networks_RH_Default_Par_1,0.193627101093114,-0.129826964539308,0.479834681896598,0.237572313577494,41,0.913821690510225,node
auc_cc,gamma,total,91,7Networks_RH_Default_Temp_1,-0.161458680316268,-0.453859776935827,0.162333676634075,0.326116689818108,41,0.913821690510225,node
auc_cc,gamma,social,91,7Networks_RH_Default_Temp_1,-0.463662460233156,-0.67974150827369,-0.173526175179707,0.002950089115181,41,0.414897407398709,node
auc_cc,gamma,switching,91,7Networks_RH_Default_Temp_1,0.00743286310138153,-0.308813834180272,0.322199685251484,0.964180209208232,41,0.982337772943726,node
auc_cc,gamma,detail,91,7Networks_RH_Default_Temp_1,0.252498252818521,-0.0684799212516131,0.526106406670396,0.120950389947557,41,0.913821690510225,node
auc_cc,gamma,communication,91,7Networks_RH_Default_Temp_1,-0.121312075747318,-0.420730368537352,0.20193997300861,0.46193239676675,41,0.913821690510225,node
auc_cc,gamma,imagination,91,7Networks_RH_Default_Temp_1,-0.0568088200753845,-0.365774958237176,0.263435576162813,0.731217884343466,41,0.96919038674126,node
auc_cc,gamma,total,92,7Networks_RH_Default_Temp_2,0.118423509608705,-0.204749467067395,0.418315491744313,0.47274158517568,41,0.913821690510225,node
auc_cc,gamma,social,92,7Networks_RH_Default_Temp_2,-0.176515038492152,-0.46607945199524,0.147205974760911,0.282401843406075,41,0.913821690510225,node
auc_cc,gamma,switching,92,7Networks_RH_Default_Temp_2,0.0648787517145534,-0.255881784524765,0.372770337022871,0.694763256136483,41,0.96919038674126,node
auc_cc,gamma,detail,92,7Networks_RH_Default_Temp_2,0.417111982167322,0.116985818648104,0.647427652282677,0.0082482918112272,41,0.414897407398709,node
auc_cc,gamma,communication,92,7Networks_RH_Default_Temp_2,-0.125177959047447,-0.423955668379239,0.198171572151212,0.447675536636762,41,0.913821690510225,node
auc_cc,gamma,imagination,92,7Networks_RH_Default_Temp_2,0.218857309203981,-0.103835440605855,0.499862090764731,0.180704355126455,41,0.913821690510225,node
auc_cc,gamma,total,93,7Networks_RH_Default_Temp_3,-0.0397662251218443,-0.35088606577524,0.279260146401052,0.810054974248844,41,0.96919038674126,node
auc_cc,gamma,social,93,7Networks_RH_Default_Temp_3,-0.342231245687446,-0.593650360462466,-0.0299419729247615,0.0329606263956148,41,0.527370022329836,node
auc_cc,gamma,switching,93,7Networks_RH_Default_Temp_3,0.0042970567383237,-0.311647937313081,0.319386483029314,0.979287564452448,41,0.982337772943726,node
auc_cc,gamma,detail,93,7Networks_RH_Default_Temp_3,0.347912125899109,0.0363836519251104,0.5978104814044,0.0299818443578298,41,0.527370022329836,node
auc_cc,gamma,communication,93,7Networks_RH_Default_Temp_3,-0.00517846464250915,-0.320177775369355,0.310851899278789,0.975040266682812,41,0.982337772943726,node
auc_cc,gamma,imagination,93,7Networks_RH_Default_Temp_3,-0.0741810511340137,-0.380790798831437,0.247125573720344,0.65357061918521,41,0.96919038674126,node
auc_cc,gamma,total,94,7Networks_RH_Default_PFCv_1,0.093903205814281,-0.228386001037878,0.397644037750188,0.569624538242972,41,0.959340489485947,node
auc_cc,gamma,social,94,7Networks_RH_Default_PFCv_1,-0.123832667437395,-0.422834152946941,0.199484026115631,0.452609383860994,41,0.913821690510225,node
auc_cc,gamma,switching,94,7Networks_RH_Default_PFCv_1,0.0163324479203211,-0.300739796866564,0.330153539047598,0.921389107071307,41,0.973226227051545,node
auc_cc,gamma,detail,94,7Networks_RH_Default_PFCv_1,0.400481647334901,0.0972474747196929,0.635679088137019,0.0115249279832975,41,0.414897407398709,node
auc_cc,gamma,communication,94,7Networks_RH_Default_PFCv_1,0.0171391861319667,-0.300005640000292,0.330872351457134,0.917519115036646,41,0.973226227051545,node
auc_cc,gamma,imagination,94,7Networks_RH_Default_PFCv_1,-0.0494661302118048,-0.359379507886438,0.270274685413266,0.764903223133467,41,0.96919038674126,node
auc_cc,gamma,total,95,7Networks_RH_Default_PFCv_2,0.205605052424964,-0.117542756316556,0.489379957205937,0.209226727062372,41,0.913821690510225,node
auc_cc,gamma,social,95,7Networks_RH_Default_PFCv_2,-0.0405571547779374,-0.351580542676754,0.278529558702425,0.806348374502727,41,0.96919038674126,node
auc_cc,gamma,switching,95,7Networks_RH_Default_PFCv_2,0.114856356490854,-0.208211639493865,0.415327445852669,0.48627212790994,41,0.913821690510225,node
auc_cc,gamma,detail,95,7Networks_RH_Default_PFCv_2,0.40689787104053,0.10483465568976,0.640224800138099,0.0101490979168763,41,0.414897407398709,node
auc_cc,gamma,communication,95,7Networks_RH_Default_PFCv_2,0.0288780939421821,-0.289280192869029,0.341290815015651,0.861462845564794,41,0.972939056414678,node
auc_cc,gamma,imagination,95,7Networks_RH_Default_PFCv_2,0.0675039135737532,-0.253416051258162,0.375038426106445,0.68304433740665,41,0.96919038674126,node
auc_cc,gamma,total,96,7Networks_RH_Default_PFCdPFCm_1,0.189139091467706,-0.134404294590401,0.476240634930913,0.248832961488695,41,0.913821690510225,node
auc_cc,gamma,social,96,7Networks_RH_Default_PFCdPFCm_1,0.0670486839652344,-0.253843933413918,0.37464538023294,0.685071367086034,41,0.96919038674126,node
auc_cc,gamma,switching,96,7Networks_RH_Default_PFCdPFCm_1,0.0982859635932688,-0.224188911024089,0.401361622478332,0.551663200409538,41,0.957102419987633,node
auc_cc,gamma,detail,96,7Networks_RH_Default_PFCdPFCm_1,0.125558703324545,-0.197799910942932,0.424272913272369,0.446284501063962,41,0.913821690510225,node
auc_cc,gamma,communication,96,7Networks_RH_Default_PFCdPFCm_1,0.187858879180519,-0.135707459585812,0.475213665521543,0.252109588634984,41,0.913821690510225,node
auc_cc,gamma,imagination,96,7Networks_RH_Default_PFCdPFCm_1,0.045658867501249,-0.273808178297384,0.356051898338124,0.782543228521516,41,0.96919038674126,node
auc_cc,gamma,total,97,7Networks_RH_Default_PFCdPFCm_2,0.0682947276207137,-0.252672445885132,0.375720953268561,0.679528241164065,41,0.96919038674126,node
auc_cc,gamma,social,97,7Networks_RH_Default_PFCdPFCm_2,-0.140485877509861,-0.436653054309643,0.183155198270375,0.393641827099365,41,0.913821690510225,node
auc_cc,gamma,switching,97,7Networks_RH_Default_PFCdPFCm_2,0.117154679079451,-0.205981883456638,0.417253391977695,0.477531469254932,41,0.913821690510225,node
auc_cc,gamma,detail,97,7Networks_RH_Default_PFCdPFCm_2,0.12327417137346,-0.200028549135275,0.422368288065816,0.45466628051125,41,0.913821690510225,node
auc_cc,gamma,communication,97,7Networks_RH_Default_PFCdPFCm_2,0.103977492046259,-0.21872058137823,0.406174486938978,0.528744481180362,41,0.928526893780147,node
auc_cc,gamma,imagination,97,7Networks_RH_Default_PFCdPFCm_2,0.0130779260386419,-0.303697702087179,0.327250024497255,0.937018558608113,41,0.977758495938901,node
auc_cc,gamma,total,98,7Networks_RH_Default_PFCdPFCm_3,0.0569702476289962,-0.263284857209295,0.365915233892446,0.730482613512067,41,0.96919038674126,node
auc_cc,gamma,social,98,7Networks_RH_Default_PFCdPFCm_3,-0.144264275364747,-0.439769051863227,0.179425376079743,0.380913580100621,41,0.913821690510225,node
auc_cc,gamma,switching,98,7Networks_RH_Default_PFCdPFCm_3,0.0553575881499282,-0.264789836189734,0.364513250985858,0.737838522479562,41,0.96919038674126,node
auc_cc,gamma,detail,98,7Networks_RH_Default_PFCdPFCm_3,0.286636568980176,-0.0317580983454298,0.552216420635701,0.0768710253934969,41,0.790673404047396,node
auc_cc,gamma,communication,98,7Networks_RH_Default_PFCdPFCm_3,-0.129439377807533,-0.427502203512043,0.194006503920353,0.432241940258131,41,0.913821690510225,node
auc_cc,gamma,imagination,98,7Networks_RH_Default_PFCdPFCm_3,0.134968489163256,-0.188584969061032,0.432090132480142,0.412664994042621,41,0.913821690510225,node
auc_cc,gamma,total,99,7Networks_RH_Default_pCunPCC_1,0.15954365685576,-0.16424692491077,0.45229762842836,0.331963648422235,41,0.913821690510225,node
auc_cc,gamma,social,99,7Networks_RH_Default_pCunPCC_1,0.180228408640023,-0.143451580968132,0.469076319194578,0.272236186894451,41,0.913821690510225,node
auc_cc,gamma,switching,99,7Networks_RH_Default_pCunPCC_1,-0.0328649659786502,-0.344811849231941,0.285619257611942,0.842561940310349,41,0.971586136331757,node
auc_cc,gamma,detail,99,7Networks_RH_Default_pCunPCC_1,0.209937022594551,-0.113075539840203,0.49281545915874,0.199579186820856,41,0.913821690510225,node
auc_cc,gamma,communication,99,7Networks_RH_Default_pCunPCC_1,0.0802035193894417,-0.241428529950489,0.385958895370839,0.627422483359915,41,0.96919038674126,node
auc_cc,gamma,imagination,99,7Networks_RH_Default_pCunPCC_1,-0.0434504923585221,-0.354118128514193,0.275853810923305,0.792825157720558,41,0.96919038674126,node
auc_cc,gamma,total,100,7Networks_RH_Default_pCunPCC_2,0.0331494390231797,-0.28535768518749,0.345062748526619,0.841216503717194,41,0.971586136331757,node
auc_cc,gamma,social,100,7Networks_RH_Default_pCunPCC_2,0.0281685973817692,-0.289930712261267,0.340663297796166,0.864834716813047,41,0.972939056414678,node
auc_cc,gamma,switching,100,7Networks_RH_Default_pCunPCC_2,-0.0472545247909236,-0.357447487660354,0.272328309392145,0.77513653432819,41,0.96919038674126,node
auc_cc,gamma,detail,100,7Networks_RH_Default_pCunPCC_2,0.146399414201114,-0.177313563822122,0.441526733837809,0.373829439808952,41,0.913821690510225,node
auc_cc,gamma,communication,100,7Networks_RH_Default_pCunPCC_2,0.0477037617301512,-0.271911398267218,0.357840148266917,0.773054777160314,41,0.96919038674126,node
auc_cc,gamma,imagination,100,7Networks_RH_Default_pCunPCC_2,-0.119193222511717,-0.418959395800647,0.204001344471113,0.469848297225776,41,0.913821690510225,node
