quantity,band,aqvar,node,roi,r,ci_lo,ci_hi,p,n,q4,level
auc_degree,theta,total,1,7Networks_LH_Vis_1,0.121244810188455,-0.20200545778529,0.420674181918283,0.462182594170017,41,0.887625365344492,node
auc_degree,theta,social,1,7Networks_LH_Vis_1,0.230460399939698,-0.0917324186614327,0.508972687569468,0.1581028423228,41,0.887625365344492,node
auc_degree,theta,switching,1,7Networks_LH_Vis_1,0.134282419166954,-0.189258764077659,0.43152168199288,0.41506640423016,41,0.887625365344492,node
auc_degree,theta,detail,1,7Networks_LH_Vis_1,0.00693740993946162,-0.309261992503518,0.321755572592453,0.966566464642133,41,0.988252795831517,node
auc_degree,theta,communication,1,7Networks_LH_Vis_1,-0.154116736855167,-0.447860929167002,0.169655612231256,0.348883191718872,41,0.887625365344492,node
auc_degree,theta,imagination,1,7Networks_LH_Vis_1,0.0655762561136404,-0.255227047125731,0.373373326437286,0.691642579717524,41,0.924383066137082,node
auc_degree,theta,total,2,7Networks_LH_Vis_2,0.0626688073897462,-0.257954286230426,0.370858131466956,0.704683262001602,41,0.924383066137082,node
auc_degree,theta,social,2,7Networks_LH_Vis_2,0.0695813093953231,-0.251461857517424,0.376830650035323,0.67382216041707,41,0.924383066137082,node
auc_degree,theta,switching,2,7Networks_LH_Vis_2,0.119479814010426,-0.203722695336575,0.419199067187371,0.468773425355841,41,0.887625365344492,node
auc_degree,theta,detail,2,7Networks_LH_Vis_2,-0.121469857885702,-0.420862154235578,0.201786356638145,0.46134580327157,41,0.887625365344492,node
auc_degree,theta,communication,2,7Networks_LH_Vis_2,0.214325905660718,-0.108536276768853,0.496287125554149,0.190127074249286,41,0.887625365344492,node
auc_degree,theta,imagination,2,7Networks_LH_Vis_2,-0.156728952488407,-0.449998315184551,0.167054605197135,0.340674575053129,41,0.887625365344492,node
auc_degree,theta,total,3,7Networks_LH_Vis_3,0.219058408013863,-0.103626487918418,0.500020522284376,0.180294036103217,41,0.887625365344492,node
auc_degree,theta,social,3,7Networks_LH_Vis_3,0.21382416951354,-0.109055886826394,0.495890701416759,0.191191335056904,41,0.887625365344492,node
auc_degree,theta,switching,3,7Networks_LH_Vis_3,0.222848882906278,-0.0996826412776548,0.503003255286454,0.172683759499065,41,0.887625365344492,node
auc_degree,theta,detail,3,7Networks_LH_Vis_3,-0.0957516130796364,-0.399213128417014,0.226617357818662,0.562016871496891,41,0.887625365344492,node
auc_degree,theta,communication,3,7Networks_LH_Vis_3,0.0428329417584617,-0.276425335119269,0.353576892881652,0.795706670397569,41,0.92600146868287,node
auc_degree,theta,imagination,3,7Networks_LH_Vis_3,0.229373544256352,-0.0928701578190881,0.508121943063881,0.160128252405299,41,0.887625365344492,node
auc_degree,theta,total,4,7Networks_LH_Vis_4,0.199734765255402,-0.123575519504739,0.48471038351449,0.222810052587656,41,0.887625365344492,node
auc_degree,theta,social,4,7Networks_LH_Vis_4,0.174616883034484,-0.149121504129204,0.464544979119223,0.2876922591173,41,0.887625365344492,node
auc_degree,theta,switching,4,7Networks_LH_Vis_4,0.0931362988997884,-0.229119189862857,0.396992497828882,0.572794735958454,41,0.887625365344492,node
auc_degree,theta,detail,4,7Networks_LH_Vis_4,-0.172972395331466,-0.463214162704868,0.15077908181885,0.292327153238556,41,0.887625365344492,node
auc_degree,theta,communication,4,7Networks_LH_Vis_4,0.348995672199962,0.0376152565218744,0.598602439153608,0.0294396820978958,41,0.887625365344492,node
auc_degree,theta,imagination,4,7Networks_LH_Vis_4,0.13211918979559,-0.191381296460709,0.429727768735698,0.422689866424283,41,0.887625365344492,node
auc_degree,theta,total,5,7Networks_LH_Vis_5,0.00337151013142358,-0.312483361856522,0.31855509151661,0.983748160269345,41,0.988252795831517,node
auc_degree,theta,social,5,7Networks_LH_Vis_5,0.101530254135103,-0.22107433500403,0.40410710873336,0.538541834907124,41,0.887625365344492,node
auc_degree,theta,switching,5,7Networks_LH_Vis_5,-0.153301571016699,-0.447193250248429,0.17046635795798,0.35146921496579,41,0.887625365344492,node
auc_degree,theta,detail,5,7Networks_LH_Vis_5,-0.153483210838087,-0.447342054573029,0.170285740999862,0.350891977135413,41,0.887625365344492,node
auc_degree,theta,communication,5,7Networks_LH_Vis_5,0.209676232274024,-0.113344842097215,0.492608886594812,0.200151010108067,41,0.887625365344492,node
auc_degree,theta,imagination,5,7Networks_LH_Vis_5,0.0214100879722165,-0.29611271728376,0.334671715069458,0.897064516351001,41,0.963164007029496,node
auc_degree,theta,total,6,7Networks_LH_Vis_6,0.10112178145576,-0.221466838403075,0.403761737781091,0.540185585738572,41,0.887625365344492,node
auc_degree,theta,social,6,7Networks_LH_Vis_6,0.0885901213202426,-0.233457993013189,0.393123910103314,0.591750243562994,41,0.887625365344492,node
auc_degree,theta,switching,6,7Networks_LH_Vis_6,-0.00243692802976596,-0.317715091343612,0.313326446604403,0.988252795831517,41,0.988252795831517,node
auc_degree,theta,detail,6,7Networks_LH_Vis_6,-0.131465859411672,-0.429185515506695,0.192021741356419,0.425007637743607,41,0.887625365344492,node
auc_degree,theta,communication,6,7Networks_LH_Vis_6,0.166991013522792,-0.156792761519302,0.458362611956068,0.309588546142764,41,0.887625365344492,node
auc_degree,theta,imagination,6,7Networks_LH_Vis_6,0.215471597978539,-0.10734910843087,0.497191901972753,0.187712580586666,41,0.887625365344492,node
auc_degree,theta,total,7,7Networks_LH_Vis_7,-0.0527071571118832,-0.362206021529337,0.267259909332952,0.749977951375526,41,0.92600146868287,node
auc_degree,theta,social,7,7Networks_LH_Vis_7,0.0331577732342504,-0.285350021180755,0.345070098454964,0.841177093124876,41,0.942857840645466,node
auc_degree,theta,switching,7,7Networks_LH_Vis_7,-0.0906702387647932,-0.394895333230727,0.231474350569874,0.583042818208377,41,0.887625365344492,node
auc_degree,theta,detail,7,7Networks_LH_Vis_7,-0.00794505484724216,-0.322658656382684,0.308350387431475,0.961713659155865,41,0.988252795831517,node
auc_degree,theta,communication,7,7Networks_LH_Vis_7,-0.143908330498649,-0.439475811792503,0.179777142341215,0.382102199770454,41,0.887625365344492,node
auc_degree,theta,imagination,7,7Networks_LH_Vis_7,0.0737917916747445,-0.247493036823195,0.380456100897492,0.655275242802821,41,0.924383066137082,node
auc_degree,theta,total,8,7Networks_LH_Vis_8,0.0563891667354094,-0.263827317871739,0.365410226503313,0.733130429423444,41,0.924383066137082,node
auc_degree,theta,social,8,7Networks_LH_Vis_8,0.043243603253907,-0.276045305615516,0.35393682929488,0.793790209432981,41,0.92600146868287,node
auc_degree,theta,switching,8,7Networks_LH_Vis_8,0.0975218993247398,-0.224921469022096,0.400714238474724,0.554775176672254,41,0.887625365344492,node
auc_degree,theta,detail,8,7Networks_LH_Vis_8,-0.220102563077808,-0.500842835937877,0.102541095477948,0.178174222776965,41,0.887625365344492,node
auc_degree,theta,communication,8,7Networks_LH_Vis_8,0.203373930095486,-0.119838444262296,0.48760710548843,0.214319895927615,41,0.887625365344492,node
auc_degree,theta,imagination,8,7Networks_LH_Vis_8,0.0504720967921554,-0.269339614299708,0.360257424701977,0.760261393743935,41,0.92600146868287,node
auc_degree,theta,total,9,7Networks_LH_Vis_9,-0.0421485415407588,-0.352976825526958,0.277058462891352,0.798903227883261,41,0.92600146868287,node
auc_degree,theta,social,9,7Networks_LH_Vis_9,-0.0361441698184771,-0.347701336625971,0.282601153941589,0.827080375583288,41,0.942857840645466,node
auc_degree,theta,switching,9,7Networks_LH_Vis_9,-0.123483851536133,-0.422543209570329,0.199824138384379,0.453893453726248,41,0.887625365344492,node
auc_degree,theta,detail,9,7Networks_LH_Vis_9,-0.16254552618482,-0.454745554598437,0.16124675418985,0.322827060372775,41,0.887625365344492,node
auc_degree,theta,communication,9,7Networks_LH_Vis_9,0.191139761255098,-0.132365511621807,0.47784397895002,0.243769766705753,41,0.887625365344492,node
auc_degree,theta,imagination,9,7Networks_LH_Vis_9,0.0697754692572811,-0.251279078650911,0.376998039376555,0.672962598650306,41,0.924383066137082,node
auc_degree,theta,total,10,7Networks_LH_SomMot_1,-0.0243367053785776,-0.337269345467201,0.293439003509752,0.883085066073912,41,0.982006099398351,node
auc_degree,theta,social,10,7Networks_LH_SomMot_1,-0.0086765851112181,-0.323313918555364,0.307688216024929,0.958191460399749,41,0.982006099398351,node
auc_degree,theta,switching,10,7Networks_LH_SomMot_1,0.00615911389752691,-0.30996571067823,0.321057646334622,0.97031555059599,41,0.982006099398351,node
auc_degree,theta,detail,10,7Networks_LH_SomMot_1,0.0397005734091982,-0.279320772786076,0.350828404809073,0.810362828209317,41,0.982006099398351,node
auc_degree,theta,communication,10,7Networks_LH_SomMot_1,-0.157809518919983,-0.450881482776461,0.165977355985261,0.337313987644432,41,0.981225838720111,node
auc_degree,theta,imagination,10,7Networks_LH_SomMot_1,0.0579312385875192,-0.262387291718816,0.366750015501251,0.726110422028435,41,0.981225838720111,node
auc_degree,theta,total,11,7Networks_LH_SomMot_2,0.0702069373018282,-0.25087281981058,0.377369945305809,0.671053921343164,41,0.981225838720111,node
auc_degree,theta,social,11,7Networks_LH_SomMot_2,0.088117087143433,-0.233908714273301,0.392720759574063,0.59373833775757,41,0.981225838720111,node
auc_degree,theta,switching,11,7Networks_LH_SomMot_2,0.0569355379950843,-0.263317265633836,0.365885073456406,0.73064068906951,41,0.981225838720111,node
auc_degree,theta,detail,11,7Networks_LH_SomMot_2,0.146324345529689,-0.177387862959184,0.441464974448653,0.374077174872519,41,0.981225838720111,node
auc_degree,theta,communication,11,7Networks_LH_SomMot_2,-0.0797149673202655,-0.385540365346411,0.241891510849067,0.629527570908584,41,0.981225838720111,node
auc_degree,theta,imagination,11,7Networks_LH_SomMot_2,-0.0697766697936499,-0.376999074322036,0.251277948414698,0.672957285049284,41,0.981225838720111,node
auc_degree,theta,total,12,7Networks_LH_SomMot_3,-0.0932525180721886,-0.397091253663227,0.229008103925046,0.572313799750871,41,0.981225838720111,node
auc_degree,theta,social,12,7Networks_LH_SomMot_3,-0.144850067360533,-0.440251511062929,0.178846280715738,0.378962169596917,41,0.981225838720111,node
auc_degree,theta,switching,12,7Networks_LH_SomMot_3,-0.0517445357682788,-0.361367109088766,0.268155986037693,0.754401835801076,41,0.981225838720111,node
auc_degree,theta,detail,12,7Networks_LH_SomMot_3,0.13888709144713,-0.184730629711876,0.435332412317243,0.39910109190379,41,0.981225838720111,node
auc_degree,theta,communication,12,7Networks_LH_SomMot_3,-0.137785221830337,-0.434421493940476,0.185815436266627,0.402888863557514,41,0.981225838720111,node
auc_degree,theta,imagination,12,7Networks_LH_SomMot_3,-0.0583074271518021,-0.367076662896785,0.262035780604364,0.724401207085794,41,0.981225838720111,node
auc_degree,theta,total,13,7Networks_LH_SomMot_4,-0.105547589424229,-0.407499247074775,0.217208481480409,0.522504860280252,41,0.981225838720111,node
auc_degree,theta,social,13,7Networks_LH_SomMot_4,0.0505085077514876,-0.269305758090086,0.360289190613159,0.760093536768548,41,0.981225838720111,node
auc_degree,theta,switching,13,7Networks_LH_SomMot_4,-0.114864182921198,-0.41533400881114,0.208204052245577,0.486242223490765,41,0.981225838720111,node
auc_degree,theta,detail,13,7Networks_LH_SomMot_4,-0.176918032510003,-0.466405009177084,0.146798979383774,0.281286837100716,41,0.981225838720111,node
auc_degree,theta,communication,13,7Networks_LH_SomMot_4,0.0325763089998733,-0.285884628660279,0.3445572142241,0.843927615692722,41,0.982006099398351,node
auc_degree,theta,imagination,13,7Networks_LH_SomMot_4,-0.107152425604083,-0.408852005766773,0.215661323532101,0.516164900194669,41,0.981225838720111,node
auc_degree,theta,total,14,7Networks_LH_SomMot_5,-0.110648999330054,-0.411794775820827,0.2122847954565,0.502485309693209,41,0.981225838720111,node
auc_degree,theta,social,14,7Networks_LH_SomMot_5,-0.132242788209959,-0.429830329200407,0.191260104755653,0.422252185550971,41,0.981225838720111,node
auc_degree,theta,switching,14,7Networks_LH_SomMot_5,0.184298945033012,-0.139325343391979,0.472353811774385,0.261372091179319,41,0.981225838720111,node
auc_degree,theta,detail,14,7Networks_LH_SomMot_5,-0.084803735196961,-0.389893619568623,0.237061900741004,0.607745221923236,41,0.981225838720111,node
auc_degree,theta,communication,14,7Networks_LH_SomMot_5,-0.143073022739595,-0.43878740799732,0.180602319080758,0.384900123575643,41,0.981225838720111,node
auc_degree,theta,imagination,14,7Networks_LH_SomMot_5,-0.173189160090907,-0.463389656457449,0.150560695744294,0.291713478648786,41,0.981225838720111,node
auc_degree,theta,total,15,7Networks_LH_SomMot_6,0.315876297649964,0.000393011343610935,0.574173172911362,0.0501190985334261,41,0.981225838720111,node
auc_degree,theta,social,15,7Networks_LH_SomMot_6,0.19004982264196,-0.133476553322096,0.476970734995262,0.24651945594631,41,0.981225838720111,node
auc_degree,theta,switching,15,7Networks_LH_SomMot_6,0.270068525954707,-0.0496879760828032,0.539609415220978,0.0963599033058559,41,0.981225838720111,node
auc_degree,theta,detail,15,7Networks_LH_SomMot_6,-0.00618323357206997,-0.321079280457424,0.309943907398323,0.970199355217158,41,0.982006099398351,node
auc_degree,theta,communication,15,7Networks_LH_SomMot_6,0.297022105038347,-0.0204134405085143,0.560057565640104,0.0663224392808153,41,0.981225838720111,node
auc_degree,theta,imagination,15,7Networks_LH_SomMot_6,0.116087674323212,-0.207017473402209,0.41635959947286,0.481579069227929,41,0.981225838720111,node
auc_degree,theta,total,16,7Networks_LH_DorsAttn_Post_1,-0.047322016185424,-0.357506486274849,0.272265682145398,0.774823680904933,41,0.931124251564476,node
auc_degree,theta,social,16,7Networks_LH_DorsAttn_Post_1,0.0591872352735631,-0.261213354687521,0.367840309792579,0.720408945403944,41,0.931124251564476,node
auc_degree,theta,switching,16,7Networks_LH_DorsAttn_Post_1,0.118921988080695,-0.204265013905675,0.418732528777745,0.470866773325836,41,0.931124251564476,node
auc_degree,theta,detail,16,7Networks_LH_DorsAttn_Post_1,-0.231353853595566,-0.509671637922729,0.0907965056479537,0.156451828809317,41,0.885967259589737,node
auc_degree,theta,communication,16,7Networks_LH_DorsAttn_Post_1,-0.0981200129040054,-0.401221039859626,0.224348049705037,0.552338405385098,41,0.931124251564476,node
auc_degree,theta,imagination,16,7Networks_LH_DorsAttn_Post_1,-0.00273902990067619,-0.317986673927478,0.313053975510223,0.986796635110313,41,0.988184397655044,node
auc_degree,theta,total,17,7Networks_LH_DorsAttn_Post_2,0.0601750114595996,-0.260289447891475,0.368697173911033,0.715935459903676,41,0.931124251564476,node
auc_degree,theta,social,17,7Networks_LH_DorsAttn_Post_2,0.111138158251076,-0.211811814890251,0.412205959279523,0.500586351940652,41,0.931124251564476,node
auc_degree,theta,switching,17,7Networks_LH_DorsAttn_Post_2,-0.0485371097561305,-0.35856825517039,0.271137697754957,0.769197208012504,41,0.931124251564476,node
auc_degree,theta,detail,17,7Networks_LH_DorsAttn_Post_2,-0.0325863756129823,-0.344566095128849,0.285875374941811,0.843879981582817,41,0.936097049449949,node
auc_degree,theta,communication,17,7Networks_LH_DorsAttn_Post_2,0.147795762795146,-0.175930856283035,0.44267500756248,0.369239095324158,41,0.885967259589737,node
auc_degree,theta,imagination,17,7Networks_LH_DorsAttn_Post_2,-0.0263075094583329,-0.339015926667586,0.29163570095822,0.873690579486619,41,0.936097049449949,node
auc_degree,theta,total,18,7Networks_LH_DorsAttn_Post_3,-0.0957567712920846,-0.399217504675672,0.226612419221309,0.56199570739378,41,0.931124251564476,node
auc_degree,theta,social,18,7Networks_LH_DorsAttn_Post_3,0.0647447592315891,-0.256007527664805,0.372654471342442,0.695363316741376,41,0.931124251564476,node
auc_degree,theta,switching,18,7Networks_LH_DorsAttn_Post_3,-0.0769293467135163,-0.383151588757537,0.244528535073985,0.641585125084158,41,0.931124251564476,node
auc_degree,theta,detail,18,7Networks_LH_DorsAttn_Post_3,0.18512131977469,-0.138490348471976,0.473015001205441,0.259212610707297,41,0.885967259589737,node
auc_degree,theta,communication,18,7Networks_LH_DorsAttn_Post_3,-0.203118548413687,-0.487404029368093,0.120100996064945,0.214908296019662,41,0.885967259589737,node
auc_degree,theta,imagination,18,7Networks_LH_DorsAttn_Post_3,-0.363208863943833,-0.608945795334083,-0.0538586373614462,0.0230457628997902,41,0.885967259589737,node
auc_degree,theta,total,19,7Networks_LH_DorsAttn_Post_4,-0.0419396460698413,-0.352793619533067,0.277251653576206,0.79987954101868,41,0.934924138853003,node
auc_degree,theta,social,19,7Networks_LH_DorsAttn_Post_4,-0.0359058263359703,-0.347491518281932,0.282820732676599,0.828203531930305,41,0.936097049449949,node
auc_degree,theta,switching,19,7Networks_LH_DorsAttn_Post_4,0.163865533676807,-0.159925596529703,0.455820581796081,0.318859713356918,41,0.885967259589737,node
auc_degree,theta,detail,19,7Networks_LH_DorsAttn_Post_4,-0.156896112698579,-0.450134975935971,0.166888008679476,0.340153362939041,41,0.885967259589737,node
auc_degree,theta,communication,19,7Networks_LH_DorsAttn_Post_4,0.0187134769558346,-0.298571903682267,0.332274013860724,0.909972580890694,41,0.952296886978634,node
auc_degree,theta,imagination,19,7Networks_LH_DorsAttn_Post_4,-0.145709973686298,-0.440959422396256,0.177995798181341,0.376108328280583,41,0.885967259589737,node
auc_degree,theta,total,20,7Networks_LH_DorsAttn_Post_5,-0.148397886681143,-0.443169860042405,0.175334220162848,0.367270094820995,41,0.885967259589737,node
auc_degree,theta,social,20,7Networks_LH_DorsAttn_Post_5,-0.202376700768428,-0.486813947504362,0.120863415553337,0.216623842550954,41,0.885967259589737,node
auc_degree,theta,switching,20,7Networks_LH_DorsAttn_Post_5,-0.047081902561816,-0.357296576085365,0.272488478308817,0.77593687630373,41,0.931124251564476,node
auc_degree,theta,detail,20,7Networks_LH_DorsAttn_Post_5,0.277720580102771,-0.0414324836384443,0.545447099880128,0.0869348750749884,41,0.885967259589737,node
auc_degree,theta,communication,20,7Networks_LH_DorsAttn_Post_5,-0.253719093573527,-0.527049121657835,0.0671815165635112,0.11910293094513,41,0.885967259589737,node
auc_degree,theta,imagination,20,7Networks_LH_DorsAttn_Post_5,-0.229027096537234,-0.507850644116467,0.0932326484417117,0.160777810442188,41,0.885967259589737,node
auc_degree,theta,total,21,7Networks_LH_DorsAttn_Post_6,-0.132688469442293,-0.430200086321748,0.190823019907282,0.420676076539601,41,0.899699752484946,node
auc_degree,theta,social,21,7Networks_LH_DorsAttn_Post_6,-0.153629695270366,-0.447462046788764,0.170140065612841,0.350426880468628,41,0.885967259589737,node
auc_degree,theta,switching,21,7Networks_LH_DorsAttn_Post_6,-0.079775108040351,-0.385591893151746,0.241834525840855,0.629268278552713,41,0.931124251564476,node
auc_degree,theta,detail,21,7Networks_LH_DorsAttn_Post_6,0.179497255649256,-0.144191548752046,0.468486769258504,0.274218537226071,41,0.885967259589737,node
auc_degree,theta,communication,21,7Networks_LH_DorsAttn_Post_6,-0.188784555726482,-0.475956309432607,0.134765298825282,0.249737502017369,41,0.885967259589737,node
auc_degree,theta,imagination,21,7Networks_LH_DorsAttn_Post_6,-0.145157781062792,-0.44050487622797,0.178541994846142,0.377939470516423,41,0.885967259589737,node
auc_degree,theta,total,22,7Networks_LH_DorsAttn_PrCv_1,-0.111324292083934,-0.412362389829807,0.211631797470666,0.499864723577318,41,0.931124251564476,node
auc_degree,theta,social,22,7Networks_LH_DorsAttn_PrCv_1,0.0283773351931434,-0.289739356371266,0.340847945743181,0.863842445892541,41,0.936097049449949,node
auc_degree,theta,switching,22,7Networks_LH_DorsAttn_PrCv_1,-0.0217729567354967,-0.334994051775574,0.295781475844665,0.895329464772082,41,0.947995903876322,node
auc_degree,theta,detail,22,7Networks_LH_DorsAttn_PrCv_1,-0.201268072734244,-0.485931636361481,0.122002076101309,0.219205152207023,41,0.885967259589737,node
auc_degree,theta,communication,22,7Networks_LH_DorsAttn_PrCv_1,-0.0530597846358045,-0.362513206567444,0.26693151990581,0.748359356501539,41,0.931124251564476,node
auc_degree,theta,imagination,22,7Networks_LH_DorsAttn_PrCv_1,-0.0867457480115694,-0.391551353043986,0.235214585850648,0.599518368442719,41,0.931124251564476,node
auc_degree,theta,total,23,7Networks_LH_DorsAttn_FEF_1,0.0530348801415972,-0.266954715011408,0.362491513677829,0.7484736357711,41,0.931124251564476,node
auc_degree,theta,social,23,7Networks_LH_DorsAttn_FEF_1,-0.0271712727278297,-0.33978073880568,0.290844637217197,0.869578465797514,41,0.936097049449949,node
auc_degree,theta,switching,23,7Networks_LH_DorsAttn_FEF_1,0.123811370390465,-0.199504793993131,0.42281639108895,0.452687726645348,41,0.925952168138213,node
auc_degree,theta,detail,23,7Networks_LH_DorsAttn_FEF_1,0.188209566823869,-0.135350595828945,0.475495060404457,0.251209170629229,41,0.885967259589737,node
auc_degree,theta,communication,23,7Networks_LH_DorsAttn_FEF_1,-0.102340268961649,-0.404791735675711,0.220295678559532,0.535289354097741,41,0.931124251564476,node
auc_degree,theta,imagination,23,7Networks_LH_DorsAttn_FEF_1,-0.0729310046850279,-0.379715682913286,0.248305296499573,0.659050864509201,41,0.931124251564476,node
auc_degree,theta,total,24,7Networks_LH_SalVentAttn_ParOper_1,0.133369486858059,-0.190154890222918,0.430764896139587,0.418274132202945,41,0.959680741028174,node
auc_degree,theta,social,24,7Networks_LH_SalVentAttn_ParOper_1,0.0832411936853684,-0.23854656051677,0.388558371784461,0.614399356301899,41,0.959680741028174,node
auc_degree,theta,switching,24,7Networks_LH_SalVentAttn_ParOper_1,0.0885098475163799,-0.233534490070596,0.393055503788185,0.592087416158457,41,0.959680741028174,node
auc_degree,theta,detail,24,7Networks_LH_SalVentAttn_ParOper_1,-0.056496018787898,-0.365503103432199,0.26372758269647,0.732643306285606,41,0.959680741028174,node
auc_degree,theta,communication,24,7Networks_LH_SalVentAttn_ParOper_1,0.160877264917507,-0.16291481056737,0.453385686931668,0.327885044106763,41,0.959680741028174,node
auc_degree,theta,imagination,24,7Networks_LH_SalVentAttn_ParOper_1,0.113297533183464,-0.209722049205291,0.41401964974277,0.492247276444184,41,0.959680741028174,node
auc_degree,theta,total,25,7Networks_LH_SalVentAttn_FrOperIns_1,-0.252863264745023,-0.526388333912454,0.068091832861636,0.120395791031793,41,0.959680741028174,node
auc_degree,theta,social,25,7Networks_LH_SalVentAttn_FrOperIns_1,-0.152943564474705,-0.44689991382855,0.170822284779597,0.352608620587043,41,0.959680741028174,node
auc_degree,theta,switching,25,7Networks_LH_SalVentAttn_FrOperIns_1,-0.171457615714632,-0.461987154484664,0.152304309928808,0.296638776230782,41,0.959680741028174,node
auc_degree,theta,detail,25,7Networks_LH_SalVentAttn_FrOperIns_1,-0.0783162890492693,-0.384341457267267,0.243216172015419,0.635570167785941,41,0.959680741028174,node
auc_degree,theta,communication,25,7Networks_LH_SalVentAttn_FrOperIns_1,-0.168866760936622,-0.459885918176529,0.154909466054839,0.304107342903239,41,0.959680741028174,node
auc_degree,theta,imagination,25,7Networks_LH_SalVentAttn_FrOperIns_1,-0.128166359823554,-0.426443703590326,0.195251961653718,0.43682120133251,41,0.959680741028174,node
auc_degree,theta,total,26,7Networks_LH_SalVentAttn_FrOperIns_2,-0.171691556292319,-0.462176724672048,0.152068856347236,0.29597024585816,41,0.959680741028174,node
auc_degree,theta,social,26,7Networks_LH_SalVentAttn_FrOperIns_2,-0.120093975836458,-0.419712539184838,0.203125377496488,0.466474389519696,41,0.959680741028174,node
auc_degree,theta,switching,26,7Networks_LH_SalVentAttn_FrOperIns_2,-0.0494937999521563,-0.359403662877028,0.270248973762066,0.764775437531763,41,0.959680741028174,node
auc_degree,theta,detail,26,7Networks_LH_SalVentAttn_FrOperIns_2,-0.0891125662026222,-0.393569035623345,0.232960030858599,0.589557896828596,41,0.959680741028174,node
auc_degree,theta,communication,26,7Networks_LH_SalVentAttn_FrOperIns_2,-0.174140007679405,-0.464159198233023,0.149602362751445,0.289031383416393,41,0.959680741028174,node
auc_degree,theta,imagination,26,7Networks_LH_SalVentAttn_FrOperIns_2,-0.0323371205758202,-0.344346182473836,0.286104484777326,0.845059589734053,41,0.96245905829633,node
auc_degree,theta,total,27,7Networks_LH_SalVentAttn_PFCl_1,-0.0141061469160715,-0.328167991013052,0.302763852492856,0.932077859543602,41,0.96245905829633,node
auc_degree,theta,social,27,7Networks_LH_SalVentAttn_PFCl_1,-0.0901381652001241,-0.394442435832554,0.231982001867782,0.585264632423122,41,0.959680741028174,node
auc_degree,theta,switching,27,7Networks_LH_SalVentAttn_PFCl_1,0.0964731223238011,-0.225926406380398,0.399825126956125,0.559060117691438,41,0.959680741028174,node
auc_degree,theta,detail,27,7Networks_LH_SalVentAttn_PFCl_1,0.011684580795846,-0.304962194051624,0.326005138324569,0.943717392605299,41,0.96245905829633,node
auc_degree,theta,communication,27,7Networks_LH_SalVentAttn_PFCl_1,-0.122864934020776,-0.422026825764403,0.20042742101138,0.456176668822185,41,0.959680741028174,node
auc_degree,theta,imagination,27,7Networks_LH_SalVentAttn_PFCl_1,0.0937511019101705,-0.228531446558498,0.39751483941856,0.570252658412995,41,0.959680741028174,node
auc_degree,theta,total,28,7Networks_LH_SalVentAttn_Med_1,0.0419707929862146,-0.277222849925855,0.352820937586414,0.799733950856812,41,0.959680741028174,node
auc_degree,theta,social,28,7Networks_LH_SalVentAttn_Med_1,0.0254123964990173,-0.292455017186376,0.338222919852384,0.877955392564364,41,0.96245905829633,node
auc_degree,theta,switching,28,7Networks_LH_SalVentAttn_Med_1,0.169128684554095,-0.15464630107779,0.46009849178543,0.303346912625601,41,0.959680741028174,node
auc_degree,theta,detail,28,7Networks_LH_SalVentAttn_Med_1,-0.099162512356383,-0.4021039406775,0.223348057755014,0.548103245029851,41,0.959680741028174,node
auc_degree,theta,communication,28,7Networks_LH_SalVentAttn_Med_1,-0.0105673397144286,-0.325006149691294,0.30597530945468,0.949091571375548,41,0.96245905829633,node
auc_degree,theta,imagination,28,7Networks_LH_SalVentAttn_Med_1,0.0203618784485607,-0.297069137012322,0.333740177525468,0.902079138082852,41,0.96245905829633,node
auc_degree,theta,total,29,7Networks_LH_SalVentAttn_Med_2,-0.228413564082048,-0.507370058654456,0.0938743821106547,0.161932807415837,41,0.959680741028174,node
auc_degree,theta,social,29,7Networks_LH_SalVentAttn_Med_2,-0.202301948175261,-0.486754473253705,0.120940219932833,0.216797232816243,41,0.959680741028174,node
auc_degree,theta,switching,29,7Networks_LH_SalVentAttn_Med_2,-0.100969979836797,-0.403633364809409,0.22161267868778,0.540797069262049,41,0.959680741028174,node
auc_degree,theta,detail,29,7Networks_LH_SalVentAttn_Med_2,0.187266174185062,-0.136310412161519,0.474737940096151,0.253636303910211,41,0.959680741028174,node
auc_degree,theta,communication,29,7Networks_LH_SalVentAttn_Med_2,-0.172539184488795,-0.462863364986775,0.151215438246587,0.29355608936742,41,0.959680741028174,node
auc_degree,theta,imagination,29,7Networks_LH_SalVentAttn_Med_2,-0.430345181026747,-0.656698738996197,-0.132863390055048,0.00624584051113674,41,0.449700516801845,node
auc_degree,theta,total,30,7Networks_LH_SalVentAttn_Med_3,0.119580852270574,-0.203624444682539,0.419283553733411,0.468394788984773,41,0.959680741028174,node
auc_degree,theta,social,30,7Networks_LH_SalVentAttn_Med_3,-0.0601119562160565,-0.368642491174612,0.260348443537644,0.716220749971821,41,0.959680741028174,node
auc_degree,theta,switching,30,7Networks_LH_SalVentAttn_Med_3,0.027440714280216,-0.290597784490251,0.340019229058841,0.868296423168802,41,0.96245905829633,node
auc_degree,theta,detail,30,7Networks_LH_SalVentAttn_Med_3,0.214551216757075,-0.108302881747937,0.496465106684154,0.18965051785031,41,0.959680741028174,node
auc_degree,theta,communication,30,7Networks_LH_SalVentAttn_Med_3,0.14075422333386,-0.182890609348404,0.436874590431007,0.392729794197521,41,0.959680741028174,node
auc_degree,theta,imagination,30,7Networks_LH_SalVentAttn_Med_3,0.0317243203419608,-0.286667602731387,0.343805375676934,0.847961099528175,41,0.96245905829633,node
auc_degree,theta,total,31,7Networks_LH_Limbic_OFC_1,-0.0800081830284562,-0.385791570821928,0.241613659833688,0.628263806817357,41,0.97704636350512,node
auc_degree,theta,social,31,7Networks_LH_Limbic_OFC_1,-0.179416819508117,-0.468421895538222,0.144272932535815,0.274437196791217,41,0.97704636350512,node
auc_degree,theta,switching,31,7Networks_LH_Limbic_OFC_1,-0.138913361954262,-0.435354122805444,0.184704756389832,0.399011036347179,41,0.97704636350512,node
auc_degree,theta,detail,31,7Networks_LH_Limbic_OFC_1,-0.0404102803972923,-0.351451605296591,0.278665255603316,0.807036371503525,41,0.97704636350512,node
auc_degree,theta,communication,31,7Networks_LH_Limbic_OFC_1,-0.0598678755244313,-0.368430799508215,0.260576787367492,0.717325437776667,41,0.97704636350512,node
auc_degree,theta,imagination,31,7Networks_LH_Limbic_OFC_1,0.335605786120781,0.0224618402878568,0.588781486572413,0.0367370953328018,41,0.551056429992027,node
auc_degree,theta,total,32,7Networks_LH_Limbic_TempPole_1,0.0469354087444734,-0.272624389877715,0.357168494051497,0.776616256110587,41,0.97704636350512,node
auc_degree,theta,social,32,7Networks_LH_Limbic_TempPole_1,0.0414696618384246,-0.27768621000051,0.352381345713742,0.802077197070855,41,0.97704636350512,node
auc_degree,theta,switching,32,7Networks_LH_Limbic_TempPole_1,0.0121998262407855,-0.304494727342003,0.326465612111884,0.941239760217732,41,0.988789181475334,node
auc_degree,theta,detail,32,7Networks_LH_Limbic_TempPole_1,-0.0942708921525936,-0.397956303867243,0.228034350823288,0.568107469224806,41,0.97704636350512,node
auc_degree,theta,communication,32,7Networks_LH_Limbic_TempPole_1,0.0372982784113556,-0.281537435449453,0.348716879399664,0.821646653826789,41,0.97704636350512,node
auc_degree,theta,imagination,32,7Networks_LH_Limbic_TempPole_1,0.178375657106112,-0.145325966158304,0.467581891194433,0.27727782119615,41,0.97704636350512,node
auc_degree,theta,total,33,7Networks_LH_Limbic_TempPole_2,-0.055610228472186,-0.364732979198167,0.264554168147232,0.736684600084954,41,0.97704636350512,node
auc_degree,theta,social,33,7Networks_LH_Limbic_TempPole_2,0.034227959872946,-0.284365556172404,0.346013576719601,0.836119626582093,41,0.97704636350512,node
auc_degree,theta,switching,33,7Networks_LH_Limbic_TempPole_2,0.115355361925223,-0.207727806266831,0.415745831001194,0.484367360960892,41,0.97704636350512,node
auc_degree,theta,detail,33,7Networks_LH_Limbic_TempPole_2,-0.129907547570072,-0.427891275883143,0.19354820742502,0.430564583937178,41,0.97704636350512,node
auc_degree,theta,communication,33,7Networks_LH_Limbic_TempPole_2,-0.202299020930388,-0.486752144241441,0.120943227445087,0.216804024571756,41,0.97704636350512,node
auc_degree,theta,imagination,33,7Networks_LH_Limbic_TempPole_2,0.00180130445372928,-0.313899557189743,0.317143511503486,0.991316680899209,41,0.991316680899209,node
auc_degree,theta,total,34,7Networks_LH_Cont_Par_1,-0.0157868979457469,-0.32966724178604,0.30123605142099,0.924007174208329,41,0.982483357695652,node
auc_degree,theta,social,34,7Networks_LH_Cont_Par_1,-0.0569291531422396,-0.365879525359898,0.263323227099465,0.730669768334445,41,0.920090378623421,node
auc_degree,theta,switching,34,7Networks_LH_Cont_Par_1,0.0819401919318958,-0.239781569932928,0.387445639940647,0.619963059388184,41,0.920090378623421,node
auc_degree,theta,detail,34,7Networks_LH_Cont_Par_1,0.132623485458351,-0.190886758457392,0.430146178912651,0.420905679711824,41,0.84467571891914,node
auc_degree,theta,communication,34,7Networks_LH_Cont_Par_1,-0.0734422255540554,-0.380155464105658,0.24782295044141,0.656807513006529,41,0.920090378623421,node
auc_degree,theta,imagination,34,7Networks_LH_Cont_Par_1,-0.182008883901481,-0.470510892289329,0.141648125269817,0.267448266312414,41,0.843368876171542,node
auc_degree,theta,total,35,7Networks_LH_Cont_PFCl_1,-0.0106761995084844,-0.325103518274572,0.305876626791184,0.948567830045995,41,0.982483357695652,node
auc_degree,theta,social,35,7Networks_LH_Cont_PFCl_1,-0.0710064079067152,-0.378058791012179,0.250119760478732,0.66752269790988,41,0.920090378623421,node
auc_degree,theta,switching,35,7Networks_LH_Cont_PFCl_1,-0.000944254602193934,-0.316372452840678,0.314671952924547,0.995448089548829,41,0.995448089548829,node
auc_degree,theta,detail,35,7Networks_LH_Cont_PFCl_1,-0.0211560709151725,-0.334446027820745,0.296344549000002,0.898279376484788,41,0.982483357695652,node
auc_degree,theta,communication,35,7Networks_LH_Cont_PFCl_1,-0.0328695839394972,-0.344815922533087,0.285615011784581,0.842540095788535,41,0.980867574201578,node
auc_degree,theta,imagination,35,7Networks_LH_Cont_PFCl_1,0.151629524823631,-0.172127967103726,0.445822699557428,0.356809909149499,41,0.843368876171542,node
auc_degree,theta,total,36,7Networks_LH_Cont_pCun_1,-0.0808996451366769,-0.386555031076277,0.240768586884794,0.624428015905639,41,0.920090378623421,node
auc_degree,theta,social,36,7Networks_LH_Cont_pCun_1,-0.0247360528289271,-0.337623432367982,0.293073779789262,0.881180128503399,41,0.982483357695652,node
auc_degree,theta,switching,36,7Networks_LH_Cont_pCun_1,-0.241383011153218,-0.517492339684934,0.0802515439203313,0.138771442301426,41,0.843368876171542,node
auc_degree,theta,detail,36,7Networks_LH_Cont_pCun_1,0.232628539557037,-0.0894602573221596,0.510668191447136,0.154118088310215,41,0.843368876171542,node
auc_degree,theta,communication,36,7Networks_LH_Cont_pCun_1,-0.147668810557937,-0.442570649573671,0.176056621123615,0.369655042642997,41,0.84467571891914,node
auc_degree,theta,imagination,36,7Networks_LH_Cont_pCun_1,-0.0497962043063787,-0.35966762723899,0.269967939756304,0.763379261473494,41,0.930368474920821,node
auc_degree,theta,total,37,7Networks_LH_Cont_Cing_1,-0.242691756624071,-0.51850950358165,0.0788701582136077,0.136577848516661,41,0.843368876171542,node
auc_degree,theta,social,37,7Networks_LH_Cont_Cing_1,-0.153284072421606,-0.447178914060117,0.170483756864866,0.351524854639655,41,0.843368876171542,node
auc_degree,theta,switching,37,7Networks_LH_Cont_Cing_1,-0.161613171444843,-0.453985722204026,0.162179222513986,0.325647811925954,41,0.843368876171542,node
auc_degree,theta,detail,37,7Networks_LH_Cont_Cing_1,0.086840401341738,-0.235124488589507,0.391632100117018,0.599118631967819,41,0.920090378623421,node
auc_degree,theta,communication,37,7Networks_LH_Cont_Cing_1,-0.0583034752342011,-0.367073231812376,0.262039473723462,0.724419155819168,41,0.920090378623421,node
auc_degree,theta,imagination,37,7Networks_LH_Cont_Cing_1,-0.480054122046078,-0.690923827626048,-0.193901512099674,0.00198322595351003,41,0.154691624373783,node
auc_degree,theta,total,38,7Networks_LH_Default_Temp_1,-0.118593989732738,-0.418458133045047,0.204583801426442,0.472099954742989,41,0.987104751874768,node
auc_degree,theta,social,38,7Networks_LH_Default_Temp_1,0.0455285770150108,-0.273928947530864,0.355937882859077,0.783148853814908,41,0.987104751874768,node
auc_degree,theta,switching,38,7Networks_LH_Default_Temp_1,-0.124879891449451,-0.423707260420974,0.198462464149061,0.448766162598148,41,0.987104751874768,node
auc_degree,theta,detail,38,7Networks_LH_Default_Temp_1,-0.160447951650323,-0.453035515763722,0.163343771860157,0.329194606006684,41,0.987104751874768,node
auc_degree,theta,communication,38,7Networks_LH_Default_Temp_1,-0.0643173715567428,-0.372284837468209,0.25640853039894,0.697278514691378,41,0.987104751874768,node
auc_degree,theta,imagination,38,7Networks_LH_Default_Temp_1,-0.0330670053500042,-0.344990048332352,0.285433487676386,0.841606334379196,41,0.987104751874768,node
auc_degree,theta,total,39,7Networks_LH_Default_Temp_2,0.114752783388215,-0.208312043656699,0.415240590287729,0.486667965607756,41,0.987104751874768,node
auc_degree,theta,social,39,7Networks_LH_Default_Temp_2,0.136936588964101,-0.186650390178776,0.433719513139682,0.405820138831823,41,0.987104751874768,node
auc_degree,theta,switching,39,7Networks_LH_Default_Temp_2,0.190354723286418,-0.133165831181027,0.477215074313792,0.245748164582733,41,0.987104751874768,node
auc_degree,theta,detail,39,7Networks_LH_Default_Temp_2,-0.109525135875913,-0.410849599566838,0.213370915587979,0.506862039609965,41,0.987104751874768,node
auc_degree,theta,communication,39,7Networks_LH_Default_Temp_2,-0.0629356354568666,-0.371089149432537,0.257704209472613,0.703482925123192,41,0.987104751874768,node
auc_degree,theta,imagination,39,7Networks_LH_Default_Temp_2,0.162457974797483,-0.161334340844222,0.454674221757319,0.323091286981767,41,0.987104751874768,node
auc_degree,theta,total,40,7Networks_LH_Default_Par_1,0.197031337506263,-0.126345757966814,0.48255444020169,0.229264631745305,41,0.987104751874768,node
auc_degree,theta,social,40,7Networks_LH_Default_Par_1,0.242847311693349,-0.0787058871066287,0.51863034992164,0.136318837706336,41,0.987104751874768,node
auc_degree,theta,switching,40,7Networks_LH_Default_Par_1,0.178729142811049,-0.144968532256744,0.467867140176501,0.27631125400296,41,0.987104751874768,node
auc_degree,theta,detail,40,7Networks_LH_Default_Par_1,-0.264118981887686,-0.53505257992224,0.0560766481353627,0.104214576578052,41,0.987104751874768,node
auc_degree,theta,communication,40,7Networks_LH_Default_Par_1,0.211945399809496,-0.111000019899051,0.494405231389919,0.195213817952176,41,0.987104751874768,node
auc_degree,theta,imagination,40,7Networks_LH_Default_Par_1,0.185160611794808,-0.138450441956321,0.473046583881571,0.259109730961797,41,0.987104751874768,node
auc_degree,theta,total,41,7Networks_LH_Default_Par_2,0.148896411175821,-0.174840059221571,0.443579433985726,0.365644630619175,41,0.987104751874768,node
auc_degree,theta,social,41,7Networks_LH_Default_Par_2,0.0388305414590614,-0.280123967771931,0.350064045247314,0.814445220795811,41,0.987104751874768,node
auc_degree,theta,switching,41,7Networks_LH_Default_Par_2,0.0844896134410403,-0.237360486517082,0.389625294247375,0.609080443217433,41,0.987104751874768,node
auc_degree,theta,detail,41,7Networks_LH_Default_Par_2,0.254122309377178,-0.0667524442642898,0.527360331171484,0.11849743933215,41,0.987104751874768,node
auc_degree,theta,communication,41,7Networks_LH_Default_Par_2,-0.0280906361572977,-0.340594327681378,0.29000217501071,0.865205371342461,41,0.987104751874768,node
auc_degree,theta,imagination,41,7Networks_LH_Default_Par_2,0.0532625885892761,-0.266742622157978,0.362689845084137,0.74742894737818,41,0.987104751874768,node
auc_degree,theta,total,42,7Networks_LH_Default_PFC_1,-0.123842549829305,-0.422842394839839,0.199474389173643,0.452573033235605,41,0.987104751874768,node
auc_degree,theta,social,42,7Networks_LH_Default_PFC_1,-0.2204184424229,-0.501091503679077,0.102212589504429,0.177536451916124,41,0.987104751874768,node
auc_degree,theta,switching,42,7Networks_LH_Default_PFC_1,-0.00583123469624854,-0.320763522744318,0.310262068182938,0.971895151916902,41,0.987104751874768,node
auc_degree,theta,detail,42,7Networks_LH_Default_PFC_1,-0.165467098536248,-0.457123769406036,0.158321077132605,0.314087414090967,41,0.987104751874768,node
auc_degree,theta,communication,42,7Networks_LH_Default_PFC_1,-0.0226324721674811,-0.335757267853294,0.294996570237398,0.891221633688087,41,0.987104751874768,node
auc_degree,theta,imagination,42,7Networks_LH_Default_PFC_1,0.168070533331504,-0.15570918524324,0.459239505908488,0.306426438732428,41,0.987104751874768,node
auc_degree,theta,total,43,7Networks_LH_Default_PFC_2,-0.167510915854507,-0.458784999451662,0.156271002858942,0.308063088121245,41,0.987104751874768,node
auc_degree,theta,social,43,7Networks_LH_Default_PFC_2,-0.204385724677594,-0.488411368901885,0.11879779787201,0.211999669327146,41,0.987104751874768,node
auc_degree,theta,switching,43,7Networks_LH_Default_PFC_2,0.0195135570465053,-0.297842706406519,0.332985830990832,0.906140251091921,41,0.987104751874768,node
auc_degree,theta,detail,43,7Networks_LH_Default_PFC_2,-0.22833363326139,-0.507307435348667,0.0939579672635749,0.16208372098797,41,0.987104751874768,node
auc_degree,theta,communication,43,7Networks_LH_Default_PFC_2,-0.140701979521733,-0.436831462739618,0.182942125410932,0.392907260062395,41,0.987104751874768,node
auc_degree,theta,imagination,43,7Networks_LH_Default_PFC_2,0.177026175108043,-0.14668974437346,0.466492358418803,0.280988115692434,41,0.987104751874768,node
auc_degree,theta,total,44,7Networks_LH_Default_PFC_3,0.0844984056577541,-0.237352129977098,0.3896328053341,0.609043053573522,41,0.987104751874768,node
auc_degree,theta,social,44,7Networks_LH_Default_PFC_3,-0.0907075738187985,-0.394927107024025,0.231438722612834,0.582887057509963,41,0.987104751874768,node
auc_degree,theta,switching,44,7Networks_LH_Default_PFC_3,0.0303153808494038,-0.287961479724443,0.342561176561463,0.854639636852138,41,0.987104751874768,node
auc_degree,theta,detail,44,7Networks_LH_Default_PFC_3,0.0792147405673876,-0.242365403685383,0.385111703485969,0.631685956684755,41,0.987104751874768,node
auc_degree,theta,communication,44,7Networks_LH_Default_PFC_3,-0.0471741248992672,-0.357377201658007,0.272402911278527,0.775509270208946,41,0.987104751874768,node
auc_degree,theta,imagination,44,7Networks_LH_Default_PFC_3,0.377778761231394,0.0706813592608397,0.619462699202549,0.0177360123950398,41,0.85132859496191,node
auc_degree,theta,total,45,7Networks_LH_Default_PFC_4,0.12741422811193,-0.195987320174598,0.425817930491114,0.43953928475041,41,0.987104751874768,node
auc_degree,theta,social,45,7Networks_LH_Default_PFC_4,0.178806660130527,-0.144890137824408,0.467929685534777,0.276099586394317,41,0.987104751874768,node
auc_degree,theta,switching,45,7Networks_LH_Default_PFC_4,-0.0136725594827963,-0.327780968731591,0.303157718981223,0.934160993067078,41,0.987104751874768,node
auc_degree,theta,detail,45,7Networks_LH_Default_PFC_4,-0.228082221544631,-0.507110442897164,0.0942208435770355,0.162559062862629,41,0.987104751874768,node
auc_degree,theta,communication,45,7Networks_LH_Default_PFC_4,0.107521582534842,-0.215305204751998,0.409162990417553,0.514711964574629,41,0.987104751874768,node
auc_degree,theta,imagination,45,7Networks_LH_Default_PFC_4,0.395559411440475,0.0914507262382885,0.632180732493397,0.0126851225352767,41,0.85132859496191,node
auc_degree,theta,total,46,7Networks_LH_Default_PFC_5,-0.0100546288170357,-0.324547470765376,0.306439996376217,0.951558582891128,41,0.987104751874768,node
auc_degree,theta,social,46,7Networks_LH_Default_PFC_5,-0.175820322074835,-0.46551804381986,0.147907331793845,0.284330725190864,41,0.987104751874768,node
auc_degree,theta,switching,46,7Networks_LH_Default_PFC_5,0.172436507917767,-0.151318841868697,0.462780208058969,0.293847849535905,41,0.987104751874768,node
auc_degree,theta,detail,46,7Networks_LH_Default_PFC_5,-0.00272126990458661,-0.317970709533563,0.313069995007455,0.986882238916345,41,0.988959028344601,node
auc_degree,theta,communication,46,7Networks_LH_Default_PFC_5,-0.0499141797610429,-0.359770592849985,0.269858286630678,0.762834778243958,41,0.987104751874768,node
auc_degree,theta,imagination,46,7Networks_LH_Default_PFC_5,0.066325705022676,-0.254523222114498,0.374020931915948,0.68829508905485,41,0.987104751874768,node
auc_degree,theta,total,47,7Networks_LH_Default_PFC_6,-0.0767523453633964,-0.382999664775829,0.244695933931707,0.642354388695829,41,0.987104751874768,node
auc_degree,theta,social,47,7Networks_LH_Default_PFC_6,-0.197620439691005,-0.483024535424974,0.12574252659603,0.227847366707635,41,0.987104751874768,node
auc_degree,theta,switching,47,7Networks_LH_Default_PFC_6,-0.00778806252777299,-0.322517992486024,0.30849245484062,0.962469647179979,41,0.987104751874768,node
auc_degree,theta,detail,47,7Networks_LH_Default_PFC_6,0.163276720383625,-0.160515066223567,0.455341151620791,0.320625623513023,41,0.987104751874768,node
auc_degree,theta,communication,47,7Networks_LH_Default_PFC_6,-0.0377789178098584,-0.349139596178416,0.28109420860658,0.819386131479757,41,0.987104751874768,node
auc_degree,theta,imagination,47,7Networks_LH_Default_PFC_6,-0.135284531188441,-0.432351913005416,0.188274479057646,0.411561432455455,41,0.987104751874768,node
auc_degree,theta,total,48,7Networks_LH_Default_PFC_7,0.0114388041555014,-0.305185126074894,0.325785435697374,0.944899430561494,41,0.987104751874768,node
auc_degree,theta,social,48,7Networks_LH_Default_PFC_7,-0.0389320236075241,-0.350153222928998,0.280030304612512,0.813968791730671,41,0.987104751874768,node
auc_degree,theta,switching,48,7Networks_LH_Default_PFC_7,0.0550355434261839,-0.265090190637948,0.364233109942491,0.739310267423506,41,0.987104751874768,node
auc_degree,theta,detail,48,7Networks_LH_Default_PFC_7,0.148199570202702,-0.175530755447489,0.443006894482839,0.36791791399152,41,0.987104751874768,node
auc_degree,theta,communication,48,7Networks_LH_Default_PFC_7,-0.0710923053358011,-0.37813278236111,0.250038826489391,0.667143711009449,41,0.987104751874768,node
auc_degree,theta,imagination,48,7Networks_LH_Default_PFC_7,-0.092944020130201,-0.39682909582228,0.229302957524407,0.573590824283739,41,0.987104751874768,node
auc_degree,theta,total,49,7Networks_LH_Default_pCunPCC_1,0.0673008809064818,-0.25360690246075,0.374863141079892,0.683948124128621,41,0.987104751874768,node
auc_degree,theta,social,49,7Networks_LH_Default_pCunPCC_1,0.0750069243298578,-0.246345638655862,0.381500645482021,0.649959743556493,41,0.987104751874768,node
auc_degree,theta,switching,49,7Networks_LH_Default_pCunPCC_1,0.0357426942542275,-0.282971002138514,0.347347891989456,0.828972460662411,41,0.987104751874768,node
auc_degree,theta,detail,49,7Networks_LH_Default_pCunPCC_1,0.0111906973487534,-0.305410136485232,0.325563615667508,0.946092793201461,41,0.987104751874768,node
auc_degree,theta,communication,49,7Networks_LH_Default_pCunPCC_1,-0.0840464328517359,-0.389246637715846,0.237781644674003,0.610966372972164,41,0.987104751874768,node
auc_degree,theta,imagination,49,7Networks_LH_Default_pCunPCC_1,0.170507581141197,-0.153260111313108,0.461217035514525,0.299363627513971,41,0.987104751874768,node
auc_degree,theta,total,50,7Networks_LH_Default_pCunPCC_2,-0.0857137745236525,-0.39067069010429,0.236196527156974,0.603884052028878,41,0.987104751874768,node
auc_degree,theta,social,50,7Networks_LH_Default_pCunPCC_2,-0.00719427682352861,-0.321985839370268,0.309029663082174,0.965329277270809,41,0.987104751874768,node
auc_degree,theta,switching,50,7Networks_LH_Default_pCunPCC_2,0.00229041261310447,-0.313458572767289,0.317583358747518,0.988959028344601,41,0.988959028344601,node
auc_degree,theta,detail,50,7Networks_LH_Default_pCunPCC_2,0.132327810166588,-0.191176732620598,0.429900874930704,0.421951257707198,41,0.987104751874768,node
auc_degree,theta,communication,50,7Networks_LH_Default_pCunPCC_2,-0.169303218066189,-0.460240122268035,0.154470914870272,0.302840871160961,41,0.987104751874768,node
auc_degree,theta,imagination,50,7Networks_LH_Default_pCunPCC_2,-0.290786621853443,-0.555355383169217,0.0272346010747723,0.0725087815798391,41,0.987104751874768,node
auc_degree,theta,total,51,7Networks_RH_Vis_1,0.0603414246280835,-0.260133737176996,0.368841480401191,0.715182715128476,41,0.924383066137082,node
auc_degree,theta,social,51,7Networks_RH_Vis_1,0.131981911812079,-0.191515889805138,0.429613848128997,0.423176287247786,41,0.887625365344492,node
auc_degree,theta,switching,51,7Networks_RH_Vis_1,-0.164190916970998,-0.456085446380811,0.15959975140784,0.31788648041215,41,0.887625365344492,node
auc_degree,theta,detail,51,7Networks_RH_Vis_1,0.0898386557696218,-0.232267686598217,0.394187430394897,0.586516969909491,41,0.887625365344492,node
auc_degree,theta,communication,51,7Networks_RH_Vis_1,0.0904235692230389,-0.231709719753645,0.39468538817807,0.584072383320534,41,0.887625365344492,node
auc_degree,theta,imagination,51,7Networks_RH_Vis_1,0.0113607713315367,-0.305255898592467,0.325715674137683,0.945274746005009,41,0.988252795831517,node
auc_degree,theta,total,52,7Networks_RH_Vis_2,-0.275942123049374,-0.544092643717946,0.0433550841520747,0.0890590180663573,41,0.887625365344492,node
auc_degree,theta,social,52,7Networks_RH_Vis_2,-0.291210189540645,-0.555675332320064,0.0267721848006836,0.0720747153546855,41,0.887625365344492,node
auc_degree,theta,switching,52,7Networks_RH_Vis_2,-0.108993947904991,-0.410402641602376,0.213883986760824,0.508937340826343,41,0.887625365344492,node
auc_degree,theta,detail,52,7Networks_RH_Vis_2,-0.15919416324512,-0.452012340875025,0.164595831870734,0.333037688042012,41,0.887625365344492,node
auc_degree,theta,communication,52,7Networks_RH_Vis_2,0.0343528967779846,-0.2842505828627,0.346123680207478,0.835529621409392,41,0.942857840645466,node
auc_degree,theta,imagination,52,7Networks_RH_Vis_2,-0.223639139929139,-0.503624270728979,0.098859129935611,0.171126591659515,41,0.887625365344492,node
auc_degree,theta,total,53,7Networks_RH_Vis_3,-0.220970305658806,-0.501525832363916,0.10163849775606,0.176426135745299,41,0.887625365344492,node
auc_degree,theta,social,53,7Networks_RH_Vis_3,-0.0279810799012486,-0.340497400641575,0.2901025931863,0.865726287577153,41,0.959826971009452,node
auc_degree,theta,switching,53,7Networks_RH_Vis_3,-0.326757687237765,-0.582250475696574,-0.0125267291465821,0.0423240262390688,41,0.887625365344492,node
auc_degree,theta,detail,53,7Networks_RH_Vis_3,0.00931004792086868,-0.307114566282026,0.323881093954735,0.955142070172046,41,0.988252795831517,node
auc_degree,theta,communication,53,7Networks_RH_Vis_3,-0.00430803156120552,-0.319396338483373,0.311638028196362,0.97923467565605,41,0.988252795831517,node
auc_degree,theta,imagination,53,7Networks_RH_Vis_3,-0.31908115246978,-0.576557385684098,-0.00395708475538898,0.0477120695620207,41,0.887625365344492,node
auc_degree,theta,total,54,7Networks_RH_Vis_4,-0.056183372616945,-0.36523133075065,0.264019385789365,0.7340689054618,41,0.924383066137082,node
auc_degree,theta,social,54,7Networks_RH_Vis_4,0.0451156870460534,-0.274311598152945,0.355576507260215,0.785068908471457,41,0.92600146868287,node
auc_degree,theta,switching,54,7Networks_RH_Vis_4,-0.212059676323518,-0.494495632527209,0.110881838202394,0.194967463771771,41,0.887625365344492,node
auc_degree,theta,detail,54,7Networks_RH_Vis_4,-0.122687926328821,-0.421879106557267,0.200599912119647,0.456830795142064,41,0.887625365344492,node
auc_degree,theta,communication,54,7Networks_RH_Vis_4,0.2092727289763,-0.113761421832004,0.492289207938233,0.20103801203745,41,0.887625365344492,node
auc_degree,theta,imagination,54,7Networks_RH_Vis_4,-0.067735558499512,-0.375238386217251,0.253198273946501,0.682013716924257,41,0.924383066137082,node
auc_degree,theta,total,55,7Networks_RH_Vis_5,-0.146626579988656,-0.441713607286868,0.177088704246527,0.373080360287848,41,0.887625365344492,node
auc_degree,theta,social,55,7Networks_RH_Vis_5,-0.180875163723924,-0.469597602156043,0.142796726796275,0.270490519652239,41,0.887625365344492,node
auc_degree,theta,switching,55,7Networks_RH_Vis_5,-0.129077468402949,-0.427201363096191,0.194360684262756,0.433541070077341,41,0.887625365344492,node
auc_degree,theta,detail,55,7Networks_RH_Vis_5,-0.195760581236227,-0.481539834193573,0.127646178528914,0.232342271818505,41,0.887625365344492,node
auc_degree,theta,communication,55,7Networks_RH_Vis_5,0.0944876434900144,-0.227827013390226,0.398140351985476,0.567214025187406,41,0.887625365344492,node
auc_degree,theta,imagination,55,7Networks_RH_Vis_5,0.0915988593949105,-0.230587933291324,0.395685414728628,0.579174180399485,41,0.887625365344492,node
auc_degree,theta,total,56,7Networks_RH_Vis_6,-0.135155535301709,-0.432245070570306,0.188401216640509,0.41201165981839,41,0.887625365344492,node
auc_degree,theta,social,56,7Networks_RH_Vis_6,-0.128274130155469,-0.426533345055607,0.195146564900001,0.436432498448346,41,0.887625365344492,node
auc_degree,theta,switching,56,7Networks_RH_Vis_6,-0.0495083128701778,-0.359416332125086,0.270235487689316,0.764708415795337,41,0.92600146868287,node
auc_degree,theta,detail,56,7Networks_RH_Vis_6,-0.0817011117430808,-0.387241060536355,0.240008409757084,0.620987765230904,41,0.905656242963923,node
auc_degree,theta,communication,56,7Networks_RH_Vis_6,-0.0241231277098114,-0.337079937548059,0.293634293174883,0.88410412523153,41,0.963164007029496,node
auc_degree,theta,imagination,56,7Networks_RH_Vis_6,-0.0815749474465622,-0.387133090417195,0.240128100567525,0.621528794190928,41,0.905656242963923,node
auc_degree,theta,total,57,7Networks_RH_Vis_7,-0.163495353351616,-0.455519189184998,0.160296216482029,0.319969207403109,41,0.887625365344492,node
auc_degree,theta,social,57,7Networks_RH_Vis_7,-0.103862791367831,-0.406077659123602,0.218830984442453,0.529201726602252,41,0.887625365344492,node
auc_degree,theta,switching,57,7Networks_RH_Vis_7,-0.065181408675349,-0.373032014543371,0.25559772090357,0.693408537989787,41,0.924383066137082,node
auc_degree,theta,detail,57,7Networks_RH_Vis_7,-0.137280195434549,-0.434003784459507,0.186312378545815,0.404631814230559,41,0.887625365344492,node
auc_degree,theta,communication,57,7Networks_RH_Vis_7,-0.106725504250903,-0.408492271901019,0.216073059517236,0.517847725171032,41,0.887625365344492,node
auc_degree,theta,imagination,57,7Networks_RH_Vis_7,-0.0225802540837494,-0.335710911965039,0.295044267789008,0.891471117719667,41,0.963164007029496,node
auc_degree,theta,total,58,7Networks_RH_Vis_8,-0.264516151654565,-0.535357269425153,0.0556509789869738,0.103675503097743,41,0.887625365344492,node
auc_degree,theta,social,58,7Networks_RH_Vis_8,-0.23669063541318,-0.513838974892111,0.0851942289450059,0.146850335937038,41,0.887625365344492,node
auc_degree,theta,switching,58,7Networks_RH_Vis_8,-0.122089470225416,-0.42137955601221,0.201182949421063,0.459046108469309,41,0.887625365344492,node
auc_degree,theta,detail,58,7Networks_RH_Vis_8,-0.105169925973652,-0.407180711868572,0.217572336044289,0.524002387612643,41,0.887625365344492,node
auc_degree,theta,communication,58,7Networks_RH_Vis_8,-0.177115683208569,-0.466564651881986,0.14659932612658,0.280741024440432,41,0.887625365344492,node
auc_degree,theta,imagination,58,7Networks_RH_Vis_8,-0.0574785686636934,-0.366356857796193,0.262810154460149,0.728168864518957,41,0.924383066137082,node
auc_degree,theta,total,59,7Networks_RH_SomMot_1,0.0700150079623628,-0.251053549341255,0.377204523133791,0.67190270530118,41,0.981225838720111,node
auc_degree,theta,social,59,7Networks_RH_SomMot_1,-0.0550934879417972,-0.364283518986362,0.265036153369779,0.739045393165079,41,0.981225838720111,node
auc_degree,theta,switching,59,7Networks_RH_SomMot_1,0.066039246783911,-0.254792281886797,0.373773436222192,0.689573897295913,41,0.981225838720111,node
auc_degree,theta,detail,59,7Networks_RH_SomMot_1,0.110805734326949,-0.212133260756551,0.411926539480153,0.501876453363785,41,0.981225838720111,node
auc_degree,theta,communication,59,7Networks_RH_SomMot_1,-0.0557241995769135,-0.364832091723578,0.264447841059579,0.73616422871761,41,0.981225838720111,node
auc_degree,theta,imagination,59,7Networks_RH_SomMot_1,0.175418180004733,-0.148313169099161,0.465192961705424,0.285451170491264,41,0.981225838720111,node
auc_degree,theta,total,60,7Networks_RH_SomMot_2,-0.02365520336823,-0.336664877804645,0.294062057890189,0.886337408300413,41,0.982006099398351,node
auc_degree,theta,social,60,7Networks_RH_SomMot_2,-0.098946162111244,-0.401920758304078,0.223555642244082,0.548980902570436,41,0.981225838720111,node
auc_degree,theta,switching,60,7Networks_RH_SomMot_2,-0.0565108035529984,-0.365515954021094,0.263713782130883,0.73257591279499,41,0.981225838720111,node
auc_degree,theta,detail,60,7Networks_RH_SomMot_2,0.210282356438866,-0.1127188615972,0.493088949768151,0.198823750733637,41,0.981225838720111,node
auc_degree,theta,communication,60,7Networks_RH_SomMot_2,-0.100718274191403,-0.403420480460414,0.221854467913972,0.541811714104125,41,0.981225838720111,node
auc_degree,theta,imagination,60,7Networks_RH_SomMot_2,-0.0107232698309979,-0.325145617802025,0.305833954892471,0.948341374019533,41,0.982006099398351,node
auc_degree,theta,total,61,7Networks_RH_SomMot_3,-0.072832906984828,-0.379631277846956,0.248397835226041,0.65948167645749,41,0.981225838720111,node
auc_degree,theta,social,61,7Networks_RH_SomMot_3,-0.177333941812241,-0.466740917708225,0.146378825522209,0.280139104658232,41,0.981225838720111,node
auc_degree,theta,switching,61,7Networks_RH_SomMot_3,0.0397996462564841,-0.279229282518925,0.350915418176613,0.809898266708883,41,0.982006099398351,node
auc_degree,theta,detail,61,7Networks_RH_SomMot_3,0.203485164801088,-0.119724072384316,0.48769554823395,0.214063959396218,41,0.981225838720111,node
auc_degree,theta,communication,61,7Networks_RH_SomMot_3,-0.190901570922618,-0.477653192475928,0.132608383163322,0.244368900308693,41,0.981225838720111,node
auc_degree,theta,imagination,61,7Networks_RH_SomMot_3,-0.0862312886275171,-0.391112394777598,0.235704185361015,0.601693036498472,41,0.981225838720111,node
auc_degree,theta,total,62,7Networks_RH_SomMot_4,-0.0565579631359937,-0.365556943294336,0.263669761014201,0.732360958175065,41,0.981225838720111,node
auc_degree,theta,social,62,7Networks_RH_SomMot_4,0.0111804245511251,-0.305419452220378,0.325554430520899,0.946142206588629,41,0.982006099398351,node
auc_degree,theta,switching,62,7Networks_RH_SomMot_4,-0.0136805518860454,-0.327788103744029,0.303150459741201,0.934122590300008,41,0.982006099398351,node
auc_degree,theta,detail,62,7Networks_RH_SomMot_4,0.156128198125378,-0.167653181129659,0.449507058916615,0.342551796705065,41,0.981225838720111,node
auc_degree,theta,communication,62,7Networks_RH_SomMot_4,-0.319376520174308,-0.576776900436763,-0.00428596239319185,0.0474950031830294,41,0.981225838720111,node
auc_degree,theta,imagination,62,7Networks_RH_SomMot_4,-0.0276423858111201,-0.340197707865966,0.290412992530264,0.867337057345023,41,0.982006099398351,node
auc_degree,theta,total,63,7Networks_RH_SomMot_5,0.0214254929002027,-0.296098656588004,0.33468540077344,0.896990848266931,41,0.982006099398351,node
auc_degree,theta,social,63,7Networks_RH_SomMot_5,0.0792237645969214,-0.242356856075423,0.385119437662858,0.631646992924087,41,0.981225838720111,node
auc_degree,theta,switching,63,7Networks_RH_SomMot_5,0.0999761282886634,-0.222567144740417,0.402792607075348,0.544808652336667,41,0.981225838720111,node
auc_degree,theta,detail,63,7Networks_RH_SomMot_5,-0.0269656621984139,-0.339598720127518,0.291032981763229,0.870557012359166,41,0.982006099398351,node
auc_degree,theta,communication,63,7Networks_RH_SomMot_5,0.0115910251124728,-0.305047057947366,0.325921511801791,0.944167325354637,41,0.982006099398351,node
auc_degree,theta,imagination,63,7Networks_RH_SomMot_5,-0.176285039336319,-0.465893612899449,0.147438208471676,0.283039492410352,41,0.981225838720111,node
auc_degree,theta,total,64,7Networks_RH_SomMot_6,0.0591347346826806,-0.261262444177272,0.367794752541405,0.720646971011469,41,0.981225838720111,node
auc_degree,theta,social,64,7Networks_RH_SomMot_6,0.125974838582981,-0.197393596681775,0.424619562897938,0.444766868323549,41,0.981225838720111,node
auc_degree,theta,switching,64,7Networks_RH_SomMot_6,0.00338962008853583,-0.312467019982354,0.31857136381542,0.983660875710111,41,0.983660875710111,node
auc_degree,theta,detail,64,7Networks_RH_SomMot_6,0.0216767808603392,-0.295869276553089,0.334908625784134,0.895789281862251,41,0.982006099398351,node
auc_degree,theta,communication,64,7Networks_RH_SomMot_6,0.176535389792495,-0.147185424018736,0.466095894595879,0.282345466523358,41,0.981225838720111,node
auc_degree,theta,imagination,64,7Networks_RH_SomMot_6,-0.246661927017826,-0.521590372615963,0.0746720597316257,0.130080407173866,41,0.981225838720111,node
auc_degree,theta,total,65,7Networks_RH_SomMot_7,0.150147593775049,-0.173599109397264,0.444606829194667,0.361584090591027,41,0.981225838720111,node
auc_degree,theta,social,65,7Networks_RH_SomMot_7,0.0661251729677541,-0.25471157977267,0.373847679779112,0.689190215753586,41,0.981225838720111,node
auc_degree,theta,switching,65,7Networks_RH_SomMot_7,0.0818122263387649,-0.239902988346726,0.387336144334924,0.620511436437493,41,0.981225838720111,node
auc_degree,theta,detail,65,7Networks_RH_SomMot_7,0.242071030463111,-0.0795254909741503,0.51802716922626,0.137615029792839,41,0.981225838720111,node
auc_degree,theta,communication,65,7Networks_RH_SomMot_7,0.166563024847926,-0.157222142756122,0.458014799644266,0.31084790206235,41,0.981225838720111,node
auc_degree,theta,imagination,65,7Networks_RH_SomMot_7,-0.215957708460648,-0.497575608216697,0.106845121610018,0.18669470990548,41,0.981225838720111,node
auc_degree,theta,total,66,7Networks_RH_SomMot_8,0.105701092780838,-0.217060565179754,0.407628696437677,0.521896785391713,41,0.981225838720111,node
auc_degree,theta,social,66,7Networks_RH_SomMot_8,0.0481554670322762,-0.271492075391755,0.358234855819686,0.770963158994373,41,0.981225838720111,node
auc_degree,theta,switching,66,7Networks_RH_SomMot_8,0.0121014107455312,-0.304584028551852,0.326377669911151,0.941712963974422,41,0.982006099398351,node
auc_degree,theta,detail,66,7Networks_RH_SomMot_8,0.171485731465696,-0.152276014282776,0.462009939059361,0.296558378883192,41,0.981225838720111,node
auc_degree,theta,communication,66,7Networks_RH_SomMot_8,0.152210411103096,-0.171550915531933,0.446298999573472,0.354948966634343,41,0.981225838720111,node
auc_degree,theta,imagination,66,7Networks_RH_SomMot_8,-0.133145916931119,-0.430579501470126,0.190374262307343,0.419061807025898,41,0.981225838720111,node
auc_degree,theta,total,67,7Networks_RH_DorsAttn_Post_1,-0.0938103969913975,-0.39756520659025,0.228474748844119,0.570007758963766,41,0.931124251564476,node
auc_degree,theta,social,67,7Networks_RH_DorsAttn_Post_1,0.147199586853291,-0.176521364435744,0.442184866341711,0.371194832563935,41,0.885967259589737,node
auc_degree,theta,switching,67,7Networks_RH_DorsAttn_Post_1,-0.21672126919971,-0.498178094492742,0.106053146458289,0.185103786921378,41,0.885967259589737,node
auc_degree,theta,detail,67,7Networks_RH_DorsAttn_Post_1,-0.130105473004629,-0.428055728562503,0.193354413591268,0.429856548409474,41,0.899699752484946,node
auc_degree,theta,communication,67,7Networks_RH_DorsAttn_Post_1,-0.0138888045166744,-0.327974003294344,0.302961297685058,0.933122007509917,41,0.954329325862416,node
auc_degree,theta,imagination,67,7Networks_RH_DorsAttn_Post_1,-0.0791322475591383,-0.385040999651289,0.242443539198363,0.63204218868467,41,0.931124251564476,node
auc_degree,theta,total,68,7Networks_RH_DorsAttn_Post_2,0.0924120234447816,-0.229811286002665,0.396376894943321,0.57579605652445,41,0.931124251564476,node
auc_degree,theta,social,68,7Networks_RH_DorsAttn_Post_2,0.160775759708058,-0.163016243608065,0.453302901931554,0.328194379039814,41,0.885967259589737,node
auc_degree,theta,switching,68,7Networks_RH_DorsAttn_Post_2,0.107828471788787,-0.215009089060001,0.409421466289758,0.513505656563105,41,0.931124251564476,node
auc_degree,theta,detail,68,7Networks_RH_DorsAttn_Post_2,-0.0477201275887571,-0.357854450959649,0.271896207783936,0.772978967471192,41,0.931124251564476,node
auc_degree,theta,communication,68,7Networks_RH_DorsAttn_Post_2,0.0272471319658024,-0.29077514197456,0.339847888004911,0.869217482968829,41,0.936097049449949,node
auc_degree,theta,imagination,68,7Networks_RH_DorsAttn_Post_2,-0.0433246868082306,-0.354007886496178,0.275970258428152,0.793411952184777,41,0.934924138853003,node
auc_degree,theta,total,69,7Networks_RH_DorsAttn_Post_3,0.315352318309067,-0.000188937291462039,0.573782947734486,0.0505217580338588,41,0.885967259589737,node
auc_degree,theta,social,69,7Networks_RH_DorsAttn_Post_3,0.248200078589185,-0.0730425356803821,0.52278206091129,0.127625936640585,41,0.885967259589737,node
auc_degree,theta,switching,69,7Networks_RH_DorsAttn_Post_3,0.231890389200415,-0.0902341988013696,0.510091194193049,0.155466408709405,41,0.885967259589737,node
auc_degree,theta,detail,69,7Networks_RH_DorsAttn_Post_3,0.0620836996306782,-0.258502510917013,0.370351415505643,0.707317859016423,41,0.931124251564476,node
auc_degree,theta,communication,69,7Networks_RH_DorsAttn_Post_3,0.257893704905747,-0.0627334509416477,0.530267619324406,0.112945645506911,41,0.885967259589737,node
auc_degree,theta,imagination,69,7Networks_RH_DorsAttn_Post_3,0.0267266572212953,-0.291251885509618,0.33938710926294,0.87169472933609,41,0.936097049449949,node
auc_degree,theta,total,70,7Networks_RH_DorsAttn_Post_4,-0.140450185623416,-0.436623585736927,0.183190386929805,0.393763226484328,41,0.885967259589737,node
auc_degree,theta,social,70,7Networks_RH_DorsAttn_Post_4,-0.0585931490091728,-0.36732470648827,0.261768744897758,0.723103907194016,41,0.931124251564476,node
auc_degree,theta,switching,70,7Networks_RH_DorsAttn_Post_4,-0.236666968432902,-0.513820522867498,0.0852191183235272,0.146891938865736,41,0.885967259589737,node
auc_degree,theta,detail,70,7Networks_RH_DorsAttn_Post_4,-0.0151006728553218,-0.329055311660715,0.301860026044819,0.927301452032372,41,0.954329325862416,node
auc_degree,theta,communication,70,7Networks_RH_DorsAttn_Post_4,0.0891136108774721,-0.23295903496991,0.393569925548282,0.589553516636269,41,0.931124251564476,node
auc_degree,theta,imagination,70,7Networks_RH_DorsAttn_Post_4,-0.1790645076634,-0.468137710672822,0.144629343486886,0.275396274900129,41,0.885967259589737,node
auc_degree,theta,total,71,7Networks_RH_DorsAttn_Post_5,-0.0651102650102019,-0.372970508059875,0.255664498929428,0.693726898764065,41,0.931124251564476,node
auc_degree,theta,social,71,7Networks_RH_DorsAttn_Post_5,-0.134961431595839,-0.432084286060323,0.188591901907387,0.41268965696742,41,0.899699752484946,node
auc_degree,theta,switching,71,7Networks_RH_DorsAttn_Post_5,-0.205721072428622,-0.489472082688468,0.117423284308344,0.208964198094296,41,0.885967259589737,node
auc_degree,theta,detail,71,7Networks_RH_DorsAttn_Post_5,0.371247536962676,0.0631186001019007,0.614759007439721,0.0199729977443382,41,0.885967259589737,node
auc_degree,theta,communication,71,7Networks_RH_DorsAttn_Post_5,-0.0775149662087001,-0.383654120225674,0.243974549385508,0.639042602409481,41,0.931124251564476,node
auc_degree,theta,imagination,71,7Networks_RH_DorsAttn_Post_5,-0.145222403200869,-0.440558078796881,0.178478084710339,0.377724903509646,41,0.885967259589737,node
auc_degree,theta,total,72,7Networks_RH_DorsAttn_PrCv_1,0.0529304417118506,-0.267051980984578,0.362400539645202,0.74895293013212,41,0.931124251564476,node
auc_degree,theta,social,72,7Networks_RH_DorsAttn_PrCv_1,0.187750522763307,-0.135817707339028,0.47512670748012,0.252388237926388,41,0.885967259589737,node
auc_degree,theta,switching,72,7Networks_RH_DorsAttn_PrCv_1,-0.0497206222523774,-0.359601657412187,0.270038185675408,0.763728148639617,41,0.931124251564476,node
auc_degree,theta,detail,72,7Networks_RH_DorsAttn_PrCv_1,0.17219692307352,-0.151560095655939,0.462586150348948,0.29452936573615,41,0.885967259589737,node
auc_degree,theta,communication,72,7Networks_RH_DorsAttn_PrCv_1,-0.169203689635609,-0.460159358735604,0.154570932054232,0.303129377337744,41,0.885967259589737,node
auc_degree,theta,imagination,72,7Networks_RH_DorsAttn_PrCv_1,-0.0656441016093974,-0.373431964686874,0.255163345825252,0.691339301716059,41,0.931124251564476,node
auc_degree,theta,total,73,7Networks_RH_DorsAttn_FEF_1,-0.142522113851592,-0.438333196357073,0.181146297033671,0.38675198660027,41,0.885967259589737,node
auc_degree,theta,social,73,7Networks_RH_DorsAttn_FEF_1,-0.158286905419781,-0.451271477208971,0.165501188762974,0.335835833971147,41,0.885967259589737,node
auc_degree,theta,switching,73,7Networks_RH_DorsAttn_FEF_1,-0.160557054328138,-0.453124514378192,0.163234770232399,0.328861495530292,41,0.885967259589737,node
auc_degree,theta,detail,73,7Networks_RH_DorsAttn_FEF_1,0.157805894346461,-0.165980970723929,0.450878521302152,0.337325225889662,41,0.885967259589737,node
auc_degree,theta,communication,73,7Networks_RH_DorsAttn_FEF_1,0.00245111805157627,-0.313313649532825,0.317727849002452,0.988184397655044,41,0.988184397655044,node
auc_degree,theta,imagination,73,7Networks_RH_DorsAttn_FEF_1,-0.268667274799412,-0.53853759806792,0.0511950110800486,0.0981676372745109,41,0.885967259589737,node
auc_degree,theta,total,74,7Networks_RH_SalVentAttn_TempOccPar_1,-0.0803881863385629,-0.386117062035946,0.241253490463341,0.626627540422603,41,0.959680741028174,node
auc_degree,theta,social,74,7Networks_RH_SalVentAttn_TempOccPar_1,0.0625875083293674,-0.258030472845524,0.37078773569943,0.705049129464925,41,0.959680741028174,node
auc_degree,theta,switching,74,7Networks_RH_SalVentAttn_TempOccPar_1,-0.201457776636385,-0.486082654999725,0.12180729348574,0.218761954245237,41,0.959680741028174,node
auc_degree,theta,detail,74,7Networks_RH_SalVentAttn_TempOccPar_1,-0.042548561008386,-0.353327585024898,0.276688444890784,0.797034502262537,41,0.959680741028174,node
auc_degree,theta,communication,74,7Networks_RH_SalVentAttn_TempOccPar_1,0.00376804802589526,-0.312125495352269,0.318911349321546,0.981837011024523,41,0.981837011024523,node
auc_degree,theta,imagination,74,7Networks_RH_SalVentAttn_TempOccPar_1,-0.0561156882050048,-0.365172488056058,0.264082550189699,0.734377647757813,41,0.959680741028174,node
auc_degree,theta,total,75,7Networks_RH_SalVentAttn_TempOccPar_2,0.167823909753126,-0.155956804241974,0.459039223572333,0.307147028480919,41,0.959680741028174,node
auc_degree,theta,social,75,7Networks_RH_SalVentAttn_TempOccPar_2,0.189046740524609,-0.134498338746188,0.476166578425574,0.249068368125636,41,0.959680741028174,node
auc_degree,theta,switching,75,7Networks_RH_SalVentAttn_TempOccPar_2,0.0981564742650426,-0.224313086498304,0.401251928774718,0.552190021405507,41,0.959680741028174,node
auc_degree,theta,detail,75,7Networks_RH_SalVentAttn_TempOccPar_2,-0.0624423393050157,-0.370662026977083,0.258166503081929,0.70570259145955,41,0.959680741028174,node
auc_degree,theta,communication,75,7Networks_RH_SalVentAttn_TempOccPar_2,0.15582175129226,-0.167958424818792,0.44925639906373,0.343511811030614,41,0.959680741028174,node
auc_degree,theta,imagination,75,7Networks_RH_SalVentAttn_TempOccPar_2,0.0686173182056092,-0.252369003844768,0.375999275495363,0.678095859570981,41,0.959680741028174,node
auc_degree,theta,total,76,7Networks_RH_SalVentAttn_FrOperIns_1,-0.0849041371965958,-0.389979372836751,0.236966451644294,0.607318712426035,41,0.959680741028174,node
auc_degree,theta,social,76,7Networks_RH_SalVentAttn_FrOperIns_1,-0.235383398435967,-0.512819399847769,0.0865683832035523,0.14916122260377,41,0.959680741028174,node
auc_degree,theta,switching,76,7Networks_RH_SalVentAttn_FrOperIns_1,-0.0598385685000484,-0.368405379316097,0.26060420243985,0.717458116977187,41,0.959680741028174,node
auc_degree,theta,detail,76,7Networks_RH_SalVentAttn_FrOperIns_1,0.23984321347473,-0.0818752257444189,0.516294600858014,0.141385485278124,41,0.959680741028174,node
auc_degree,theta,communication,76,7Networks_RH_SalVentAttn_FrOperIns_1,-0.152643189425054,-0.446653749599795,0.171120849725283,0.353566332660664,41,0.959680741028174,node
auc_degree,theta,imagination,76,7Networks_RH_SalVentAttn_FrOperIns_1,0.0126611315448838,-0.304076069425557,0.326877753183047,0.939021968638494,41,0.96245905829633,node
auc_degree,theta,total,77,7Networks_RH_SalVentAttn_Med_1,-0.123021764550883,-0.422157693142199,0.200274575470102,0.455597528774978,41,0.959680741028174,node
auc_degree,theta,social,77,7Networks_RH_SalVentAttn_Med_1,-0.217374299136632,-0.498693151104199,0.105375490258055,0.183750809153651,41,0.959680741028174,node
auc_degree,theta,switching,77,7Networks_RH_SalVentAttn_Med_1,-0.0441420520607932,-0.354723980523615,0.275213525470888,0.789601534339146,41,0.959680741028174,node
auc_degree,theta,detail,77,7Networks_RH_SalVentAttn_Med_1,0.228269734416436,-0.0940247842121338,0.507257370476693,0.162204438524824,41,0.959680741028174,node
auc_degree,theta,communication,77,7Networks_RH_SalVentAttn_Med_1,-0.012816329632153,-0.327016383962379,0.303935191795158,0.938275932628517,41,0.96245905829633,node
auc_degree,theta,imagination,77,7Networks_RH_SalVentAttn_Med_1,-0.349546958490461,-0.599005183930482,-0.0382422351501896,0.0291669592542916,41,0.959680741028174,node
auc_degree,theta,total,78,7Networks_RH_SalVentAttn_Med_2,0.0684415792673336,-0.2525343189839,0.375847659681096,0.678876045792898,41,0.959680741028174,node
auc_degree,theta,social,78,7Networks_RH_SalVentAttn_Med_2,-0.058662552907025,-0.367384951435349,0.261703872595378,0.722788898687554,41,0.959680741028174,node
auc_degree,theta,switching,78,7Networks_RH_SalVentAttn_Med_2,0.0218224909385245,-0.295736253074952,0.335038047374102,0.895092654773207,41,0.96245905829633,node
auc_degree,theta,detail,78,7Networks_RH_SalVentAttn_Med_2,0.137046036535896,-0.186542733021908,0.433810067339828,0.405441409903154,41,0.959680741028174,node
auc_degree,theta,communication,78,7Networks_RH_SalVentAttn_Med_2,0.0467610670859027,-0.272786121029114,0.357016048970583,0.777424996604712,41,0.959680741028174,node
auc_degree,theta,imagination,78,7Networks_RH_SalVentAttn_Med_2,0.0726754686340245,-0.248546339647765,0.379495804315753,0.660173318862712,41,0.959680741028174,node
auc_degree,theta,total,79,7Networks_RH_Limbic_OFC_1,0.0483187789051702,-0.271340441354497,0.358377533155034,0.770207336510674,41,0.97704636350512,node
auc_degree,theta,social,79,7Networks_RH_Limbic_OFC_1,-0.112389008393379,-0.413256857389324,0.210601646710648,0.495747087111333,41,0.97704636350512,node
auc_degree,theta,switching,79,7Networks_RH_Limbic_OFC_1,-0.127619004738652,-0.425988332797664,0.195787146272124,0.438798334155374,41,0.97704636350512,node
auc_degree,theta,detail,79,7Networks_RH_Limbic_OFC_1,0.126436376006236,-0.196942821788859,0.425003931118676,0.443086961694246,41,0.97704636350512,node
auc_degree,theta,communication,79,7Networks_RH_Limbic_OFC_1,-0.0319750878324176,-0.344026707348312,0.286437192601888,0.846773515037771,41,0.97704636350512,node
auc_degree,theta,imagination,79,7Networks_RH_Limbic_OFC_1,0.424605086192332,0.125957457930442,0.652685653084974,0.00705594234957314,41,0.211678270487194,node
auc_degree,theta,total,80,7Networks_RH_Limbic_TempPole_1,0.128775109263261,-0.194656521471095,0.426949973746744,0.434628092663129,41,0.97704636350512,node
auc_degree,theta,social,80,7Networks_RH_Limbic_TempPole_1,-0.0537036178325086,-0.363073896717428,0.266331749268881,0.745406844809861,41,0.97704636350512,node
auc_degree,theta,switching,80,7Networks_RH_Limbic_TempPole_1,0.0091672253526817,-0.307243923283742,0.323753236499187,0.955829542092823,41,0.988789181475334,node
auc_degree,theta,detail,80,7Networks_RH_Limbic_TempPole_1,0.265406601233292,-0.0546962109958847,0.536040123341205,0.102474630478683,41,0.97704636350512,node
auc_degree,theta,communication,80,7Networks_RH_Limbic_TempPole_1,-0.0156600784786168,-0.329554172440087,0.301351386996702,0.924615888598273,41,0.988789181475334,node
auc_degree,theta,imagination,80,7Networks_RH_Limbic_TempPole_1,0.211555935896539,-0.111402724404721,0.494097090851953,0.196055057192772,41,0.97704636350512,node
auc_degree,theta,total,81,7Networks_RH_Cont_Par_1,0.242559284775345,-0.0790100389374699,0.518406581255987,0.136798710945096,41,0.843368876171542,node
auc_degree,theta,social,81,7Networks_RH_Cont_Par_1,0.325735794750971,0.0113832771481067,0.581494060318213,0.0430114196815012,41,0.838722683789274,node
auc_degree,theta,switching,81,7Networks_RH_Cont_Par_1,0.130337376843292,-0.193127318521521,0.428248388186115,0.42902778798448,41,0.84467571891914,node
auc_degree,theta,detail,81,7Networks_RH_Cont_Par_1,-0.259125291441606,-0.531215637631456,0.0614187526671507,0.111175904285931,41,0.843368876171542,node
auc_degree,theta,communication,81,7Networks_RH_Cont_Par_1,0.355977983732455,0.04557440083706,0.60369409412963,0.0261366349334601,41,0.679552508269964,node
auc_degree,theta,imagination,81,7Networks_RH_Cont_Par_1,0.101206924650488,-0.221385032511921,0.403833734991257,0.539842759264386,41,0.920090378623421,node
auc_degree,theta,total,82,7Networks_RH_Cont_Par_2,0.156054731940344,-0.167726364536299,0.449446971061335,0.342781796206132,41,0.843368876171542,node
auc_degree,theta,social,82,7Networks_RH_Cont_Par_2,0.239727182807329,-0.0819975083052537,0.516204302022676,0.141583924768618,41,0.843368876171542,node
auc_degree,theta,switching,82,7Networks_RH_Cont_Par_2,0.00886352947385723,-0.307518947312074,0.323481324026536,0.957291476729096,41,0.982483357695652,node
auc_degree,theta,detail,82,7Networks_RH_Cont_Par_2,-0.0554390435046063,-0.364584098700935,0.264713857151605,0.737466417090273,41,0.920090378623421,node
auc_degree,theta,communication,82,7Networks_RH_Cont_Par_2,0.103419641149579,-0.219257453061987,0.405703497592099,0.53097012073967,41,0.920090378623421,node
auc_degree,theta,imagination,82,7Networks_RH_Cont_Par_2,0.129181604624409,-0.19425878065145,0.427287934022564,0.433167035343149,41,0.84467571891914,node
auc_degree,theta,total,83,7Networks_RH_Cont_PFCl_1,0.0979975098206234,-0.224465513201368,0.401117254061896,0.552837084089144,41,0.920090378623421,node
auc_degree,theta,social,83,7Networks_RH_Cont_PFCl_1,0.119696656220575,-0.203511827711318,0.419380380724506,0.467961018594276,41,0.89026730366716,node
auc_degree,theta,switching,83,7Networks_RH_Cont_PFCl_1,-0.103161314001756,-0.405485339513959,0.219505999070571,0.53200230155128,41,0.920090378623421,node
auc_degree,theta,detail,83,7Networks_RH_Cont_PFCl_1,0.0778613665184202,-0.243646762025568,0.38395128774436,0.637540582359235,41,0.920090378623421,node
auc_degree,theta,communication,83,7Networks_RH_Cont_PFCl_1,0.0374321215770456,-0.281414024186991,0.348834605642291,0.821017024980346,41,0.980867574201578,node
auc_degree,theta,imagination,83,7Networks_RH_Cont_PFCl_1,0.169943057064415,-0.15382777532243,0.460759212297267,0.300990331521949,41,0.843368876171542,node
auc_degree,theta,total,84,7Networks_RH_Cont_PFCl_2,0.269683327094731,-0.050102399701876,0.539314863623506,0.0968542780585611,41,0.843368876171542,node
auc_degree,theta,social,84,7Networks_RH_Cont_PFCl_2,0.241977289503413,-0.0796244340065205,0.517954312694783,0.137772167669372,41,0.843368876171542,node
auc_degree,theta,switching,84,7Networks_RH_Cont_PFCl_2,0.28815756570087,-0.0301017468269094,0.553367726954307,0.0752490644281427,41,0.843368876171542,node
auc_degree,theta,detail,84,7Networks_RH_Cont_PFCl_2,0.0566683090814928,-0.26356675337011,0.365652847010927,0.731858077134795,41,0.920090378623421,node
auc_degree,theta,communication,84,7Networks_RH_Cont_PFCl_2,0.10941025941468,-0.213481889146911,0.410752951237625,0.507310489418249,41,0.920090378623421,node
auc_degree,theta,imagination,84,7Networks_RH_Cont_PFCl_2,-0.0236395531375255,-0.336650993584606,0.294076362739831,0.886412117901757,41,0.982483357695652,node
auc_degree,theta,total,85,7Networks_RH_Cont_PFCl_3,-0.02403074871548,-0.336998004874091,0.293718753821398,0.884544957122004,41,0.982483357695652,node
auc_degree,theta,social,85,7Networks_RH_Cont_PFCl_3,0.00961011295057954,-0.306842753824998,0.324149680401905,0.953697821442477,41,0.982483357695652,node
auc_degree,theta,switching,85,7Networks_RH_Cont_PFCl_3,0.168922972377333,-0.154852992078067,0.459931541420661,0.303944044718516,41,0.843368876171542,node
auc_degree,theta,detail,85,7Networks_RH_Cont_PFCl_3,-0.190197628302429,-0.477089188084044,0.133325933537111,0.24614535677675,41,0.843368876171542,node
auc_degree,theta,communication,85,7Networks_RH_Cont_PFCl_3,-0.13202149862986,-0.429646700357972,0.19147707840441,0.42303598596938,41,0.84467571891914,node
auc_degree,theta,imagination,85,7Networks_RH_Cont_PFCl_3,0.0796692218960088,-0.241934854427854,0.385501169970414,0.629724828313025,41,0.920090378623421,node
auc_degree,theta,total,86,7Networks_RH_Cont_PFCl_4,-0.156790953246844,-0.45004900510719,0.166992815672712,0.340481197053588,41,0.843368876171542,node
auc_degree,theta,social,86,7Networks_RH_Cont_PFCl_4,-0.153290389473421,-0.447184089489841,0.170477475824116,0.351504767912834,41,0.843368876171542,node
auc_degree,theta,switching,86,7Networks_RH_Cont_PFCl_4,-0.0912012928507446,-0.395347215467683,0.230967496960131,0.580829029671197,41,0.920090378623421,node
auc_degree,theta,detail,86,7Networks_RH_Cont_PFCl_4,0.135669039134544,-0.187896638665941,0.432670336975381,0.410221066995045,41,0.84467571891914,node
auc_degree,theta,communication,86,7Networks_RH_Cont_PFCl_4,-0.156031478339737,-0.449427951431731,0.167749527888058,0.342854615623857,41,0.843368876171542,node
auc_degree,theta,imagination,86,7Networks_RH_Cont_PFCl_4,-0.200544889517411,-0.485355771927734,0.122744391901402,0.220900365220481,41,0.843368876171542,node
auc_degree,theta,total,87,7Networks_RH_Cont_Cing_1,-0.214165186541627,-0.496160153405514,0.10870274057275,0.190467528214229,41,0.843368876171542,node
auc_degree,theta,social,87,7Networks_RH_Cont_Cing_1,-0.193911244797362,-0.480061904402276,0.129536701009534,0.236871196243318,41,0.843368876171542,node
auc_degree,theta,switching,87,7Networks_RH_Cont_Cing_1,-0.166885477191459,-0.458276854342002,0.156898652609005,0.309898785993916,41,0.843368876171542,node
auc_degree,theta,detail,87,7Networks_RH_Cont_Cing_1,0.16418376701162,-0.159606912273624,0.456079626812727,0.317907846117286,41,0.843368876171542,node
auc_degree,theta,communication,87,7Networks_RH_Cont_Cing_1,-0.0541962960791187,-0.36350280042826,0.265872621418063,0.74314992119584,41,0.920090378623421,node
auc_degree,theta,imagination,87,7Networks_RH_Cont_Cing_1,-0.410303182879828,-0.642630747327112,-0.108875769422421,0.00947764296471539,41,0.3696280756239,node
auc_degree,theta,total,88,7Networks_RH_Cont_PFCmp_1,-0.0130083034217208,-0.327187845951312,0.303760912667357,0.937353188034306,41,0.982483357695652,node
auc_degree,theta,social,88,7Networks_RH_Cont_PFCmp_1,-0.00361834087396328,-0.318776859798356,0.312260613213913,0.982558526628694,41,0.995319026974522,node
auc_degree,theta,switching,88,7Networks_RH_Cont_PFCmp_1,0.0557701397787306,-0.264404979855842,0.364872040653323,0.735954506894378,41,0.920090378623421,node
auc_degree,theta,detail,88,7Networks_RH_Cont_PFCmp_1,-0.0710085417251834,-0.37806062911362,0.250117750013761,0.667513282332561,41,0.920090378623421,node
auc_degree,theta,communication,88,7Networks_RH_Cont_PFCmp_1,-0.0724560193501998,-0.379306949277778,0.24875331096551,0.66113784603804,41,0.920090378623421,node
auc_degree,theta,imagination,88,7Networks_RH_Cont_PFCmp_1,0.0669329610475252,-0.253952684378137,0.374545447278451,0.685587001291738,41,0.920090378623421,node
auc_degree,theta,total,89,7Networks_RH_Cont_pCun_1,-0.239196278271222,-0.515791056444618,0.082556895182889,0.14249451268854,41,0.843368876171542,node
auc_degree,theta,social,89,7Networks_RH_Cont_pCun_1,-0.193860195716294,-0.480021084577625,0.129588853659879,0.236997055105401,41,0.843368876171542,node
auc_degree,theta,switching,89,7Networks_RH_Cont_pCun_1,-0.15722826507967,-0.450406484213308,0.166556921497876,0.339119153823624,41,0.843368876171542,node
auc_degree,theta,detail,89,7Networks_RH_Cont_pCun_1,0.0335628793073437,-0.284977443021522,0.345427314781761,0.83926190030613,41,0.980867574201578,node
auc_degree,theta,communication,89,7Networks_RH_Cont_pCun_1,-0.143046043822997,-0.438765168022695,0.180628963190015,0.384990691130965,41,0.84467571891914,node
auc_degree,theta,imagination,89,7Networks_RH_Cont_pCun_1,-0.220883032113076,-0.501457155547998,0.10172930090063,0.1766013938261,41,0.843368876171542,node
auc_degree,theta,total,90,7Networks_RH_Default_Par_1,0.182914847215053,-0.140729643291768,0.471240264435783,0.265033456672867,41,0.987104751874768,node
auc_degree,theta,social,90,7Networks_RH_Default_Par_1,0.246381891162447,-0.0749685463195832,0.52137329837334,0.130531021603866,41,0.987104751874768,node
auc_degree,theta,switching,90,7Networks_RH_Default_Par_1,0.0158226038324892,-0.301203577138158,0.329699074716339,0.923835798998341,41,0.987104751874768,node
auc_degree,theta,detail,90,7Networks_RH_Default_Par_1,-0.100406384530841,-0.403156648984757,0.222154015071985,0.54307022746782,41,0.987104751874768,node
auc_degree,theta,communication,90,7Networks_RH_Default_Par_1,0.196723612479689,-0.126660768487644,0.482308814551628,0.230007344621223,41,0.987104751874768,node
auc_degree,theta,imagination,90,7Networks_RH_Default_Par_1,0.154880275966752,-0.168895815588882,0.448486025112134,0.346471488973858,41,0.987104751874768,node
auc_degree,theta,total,91,7Networks_RH_Default_Temp_1,0.0243430567406306,-0.29343319558932,0.337274977682564,0.883054764175595,41,0.987104751874768,node
auc_degree,theta,social,91,7Networks_RH_Default_Temp_1,0.0871451044218841,-0.234834414590335,0.391892005020001,0.597832608353923,41,0.987104751874768,node
auc_degree,theta,switching,91,7Networks_RH_Default_Temp_1,-0.116026489110921,-0.416308329163904,0.207076835254149,0.481811711871577,41,0.987104751874768,node
auc_degree,theta,detail,91,7Networks_RH_Default_Temp_1,-0.0767349809935727,-0.382984759679562,0.244712355235755,0.642429875626017,41,0.987104751874768,node
auc_degree,theta,communication,91,7Networks_RH_Default_Temp_1,0.134627278452535,-0.188920113002319,0.431807448277829,0.413858325430171,41,0.987104751874768,node
auc_degree,theta,imagination,91,7Networks_RH_Default_Temp_1,0.0571114793404359,-0.263152981545386,0.366037948460126,0.729839525466368,41,0.987104751874768,node
auc_degree,theta,total,92,7Networks_RH_Default_Temp_2,-0.0137650221572887,-0.327863510215665,0.303073735892095,0.933716727370519,41,0.987104751874768,node
auc_degree,theta,social,92,7Networks_RH_Default_Temp_2,-0.147216960130794,-0.442199152133768,0.176504159620094,0.371137753023519,41,0.987104751874768,node
auc_degree,theta,switching,92,7Networks_RH_Default_Temp_2,0.030169033513837,-0.288095808868066,0.342431878079743,0.855333921323587,41,0.987104751874768,node
auc_degree,theta,detail,92,7Networks_RH_Default_Temp_2,0.154093617885481,-0.169678611881838,0.447841997596014,0.348956374020801,41,0.987104751874768,node
auc_degree,theta,communication,92,7Networks_RH_Default_Temp_2,-0.0324823707684297,-0.344474337930366,0.285970978370581,0.844372147469794,41,0.987104751874768,node
auc_degree,theta,imagination,92,7Networks_RH_Default_Temp_2,-0.0289190917741607,-0.341327067211908,0.28924259401407,0.861268077391691,41,0.987104751874768,node
auc_degree,theta,total,93,7Networks_RH_Default_Temp_3,0.0399073341063051,-0.279129830031566,0.351009991806212,0.809393381519033,41,0.987104751874768,node
auc_degree,theta,social,93,7Networks_RH_Default_Temp_3,0.081535260501149,-0.240165749154746,0.387099125001044,0.621699023863749,41,0.987104751874768,node
auc_degree,theta,switching,93,7Networks_RH_Default_Temp_3,-0.133067023320754,-0.430514073196147,0.190451666866723,0.41933996217558,41,0.987104751874768,node
auc_degree,theta,detail,93,7Networks_RH_Default_Temp_3,0.0072303011668131,-0.308997076981841,0.322018130199171,0.965155774033849,41,0.987104751874768,node
auc_degree,theta,communication,93,7Networks_RH_Default_Temp_3,0.0771275223296787,-0.244341087934306,0.383321667399835,0.640724273771902,41,0.987104751874768,node
auc_degree,theta,imagination,93,7Networks_RH_Default_Temp_3,0.105723752276903,-0.217038729164993,0.40764780416025,0.521807053592556,41,0.987104751874768,node
auc_degree,theta,total,94,7Networks_RH_Default_PFCv_1,0.0492940558615881,-0.270434572436949,0.359229281964517,0.76569804202806,41,0.987104751874768,node
auc_degree,theta,social,94,7Networks_RH_Default_PFCv_1,-0.103271875540682,-0.405578713292579,0.219399628891949,0.53156041881219,41,0.987104751874768,node
auc_degree,theta,switching,94,7Networks_RH_Default_PFCv_1,0.068760306659944,-0.252234482796907,0.376122624237818,0.677461311874175,41,0.987104751874768,node
auc_degree,theta,detail,94,7Networks_RH_Default_PFCv_1,0.148273495053776,-0.175457497574305,0.443067644131665,0.36767635190072,41,0.987104751874768,node
auc_degree,theta,communication,94,7Networks_RH_Default_PFCv_1,-0.0403348682943462,-0.351385398294794,0.278734923721363,0.8073896766548,41,0.987104751874768,node
auc_degree,theta,imagination,94,7Networks_RH_Default_PFCv_1,0.0996516695409084,-0.222878611642713,0.402518017563097,0.546121358946192,41,0.987104751874768,node
auc_degree,theta,total,95,7Networks_RH_Default_PFCv_2,0.104269576877964,-0.218439403092415,0.40642102795496,0.527580978900347,41,0.987104751874768,node
auc_degree,theta,social,95,7Networks_RH_Default_PFCv_2,0.0797724441294013,-0.241837050017672,0.385589610787045,0.629279762884477,41,0.987104751874768,node
auc_degree,theta,switching,95,7Networks_RH_Default_PFCv_2,0.0412699577702246,-0.277870820676221,0.352206127213092,0.803011473162931,41,0.987104751874768,node
auc_degree,theta,detail,95,7Networks_RH_Default_PFCv_2,0.183947178975643,-0.139682367187211,0.472070892776763,0.262299426916787,41,0.987104751874768,node
auc_degree,theta,communication,95,7Networks_RH_Default_PFCv_2,0.0223436492169487,-0.295260369880283,0.335500850229665,0.892601681201759,41,0.987104751874768,node
auc_degree,theta,imagination,95,7Networks_RH_Default_PFCv_2,-0.0863759046018566,-0.391235801193337,0.235566574077112,0.601081386554137,41,0.987104751874768,node
auc_degree,theta,total,96,7Networks_RH_Default_PFCdPFCm_1,0.190535141894089,-0.132981937868237,0.477359636133564,0.245292533807745,41,0.987104751874768,node
auc_degree,theta,social,96,7Networks_RH_Default_PFCdPFCm_1,-0.0087423659854396,-0.323372826446028,0.307628657036896,0.957874773597161,41,0.987104751874768,node
auc_degree,theta,switching,96,7Networks_RH_Default_PFCdPFCm_1,0.0769219525929226,-0.244535528440008,0.383145242559895,0.641617253215086,41,0.987104751874768,node
auc_degree,theta,detail,96,7Networks_RH_Default_PFCdPFCm_1,0.0170767641380929,-0.300062459369423,0.330816745782247,0.917818492933193,41,0.987104751874768,node
auc_degree,theta,communication,96,7Networks_RH_Default_PFCdPFCm_1,0.09727408028342,-0.225158990958098,0.400504198839913,0.555786289212836,41,0.987104751874768,node
auc_degree,theta,imagination,96,7Networks_RH_Default_PFCdPFCm_1,0.480205560311887,0.194090912527887,0.691026669845158,0.00197578292009247,41,0.284512740493315,node
auc_degree,theta,total,97,7Networks_RH_Default_PFCdPFCm_2,0.0822073947984102,-0.239528005671451,0.38767424814127,0.618818655624213,41,0.987104751874768,node
auc_degree,theta,social,97,7Networks_RH_Default_PFCdPFCm_2,0.0462733881982698,-0.273238429154438,0.356589532704604,0.779688479638005,41,0.987104751874768,node
auc_degree,theta,switching,97,7Networks_RH_Default_PFCdPFCm_2,0.0808347743729583,-0.24083009841617,0.386499489002513,0.624706815025391,41,0.987104751874768,node
auc_degree,theta,detail,97,7Networks_RH_Default_PFCdPFCm_2,-0.115800271068121,-0.416118752578424,0.207296291190209,0.482672362478174,41,0.987104751874768,node
auc_degree,theta,communication,97,7Networks_RH_Default_PFCdPFCm_2,0.0957242357830511,-0.226643569227091,0.399189901121456,0.562129206499227,41,0.987104751874768,node
auc_degree,theta,imagination,97,7Networks_RH_Default_PFCdPFCm_2,0.158678294898781,-0.165110686266089,0.451591134072841,0.334626944036777,41,0.987104751874768,node
auc_degree,theta,total,98,7Networks_RH_Default_PFCdPFCm_3,0.00682279585648169,-0.309365645786152,0.321652815468151,0.967118523097536,41,0.987104751874768,node
auc_degree,theta,social,98,7Networks_RH_Default_PFCdPFCm_3,0.0562698497125808,-0.263938679697265,0.365306507619085,0.733674500362058,41,0.987104751874768,node
auc_degree,theta,switching,98,7Networks_RH_Default_PFCdPFCm_3,-0.00551993781243745,-0.320484218079932,0.310543380719331,0.973394963654285,41,0.987104751874768,node
auc_degree,theta,detail,98,7Networks_RH_Default_PFCdPFCm_3,-0.051317908534563,-0.360995148421878,0.268552944195027,0.756364954359372,41,0.987104751874768,node
auc_degree,theta,communication,98,7Networks_RH_Default_PFCdPFCm_3,-0.0368672421089224,-0.348337680175512,0.281934804574567,0.823675093959309,41,0.987104751874768,node
auc_degree,theta,imagination,98,7Networks_RH_Default_PFCdPFCm_3,0.0604331075542464,-0.260047943491099,0.368920977619711,0.714768114670607,41,0.987104751874768,node
auc_degree,theta,total,99,7Networks_RH_Default_pCunPCC_1,0.0170117822269571,-0.300121606502386,0.330758857411862,0.918130160144522,41,0.987104751874768,node
auc_degree,theta,social,99,7Networks_RH_Default_pCunPCC_1,0.0394013591608188,-0.279597051390786,0.350565579304762,0.811766259019682,41,0.987104751874768,node
auc_degree,theta,switching,99,7Networks_RH_Default_pCunPCC_1,0.0195050604613558,-0.297850452185784,0.332978273605515,0.906180938310638,41,0.987104751874768,node
auc_degree,theta,detail,99,7Networks_RH_Default_pCunPCC_1,-0.0754432525142447,-0.381875528236943,0.245933412559128,0.648055203878774,41,0.987104751874768,node
auc_degree,theta,communication,99,7Networks_RH_Default_pCunPCC_1,0.0425207877986418,-0.276714138167713,0.353303234739832,0.797164211316549,41,0.987104751874768,node
auc_degree,theta,imagination,99,7Networks_RH_Default_pCunPCC_1,0.0229109879076647,-0.294742138930686,0.336004490768779,0.88989113497281,41,0.987104751874768,node
auc_degree,theta,total,100,7Networks_RH_Default_pCunPCC_2,-0.0676004854717431,-0.375121792202894,0.253325264670007,0.682614606619023,41,0.987104751874768,node
auc_degree,theta,social,100,7Networks_RH_Default_pCunPCC_2,-0.014990083192479,-0.3289566704408,0.301960558236083,0.927832459701285,41,0.987104751874768,node
auc_degree,theta,switching,100,7Networks_RH_Default_pCunPCC_2,-0.00600665206037765,-0.320920888206958,0.310103522759627,0.971050042089225,41,0.987104751874768,node
auc_degree,theta,detail,100,7Networks_RH_Default_pCunPCC_2,0.00695537586904946,-0.309245744014669,0.32177167925364,0.96647993003685,41,0.987104751874768,node
auc_degree,theta,communication,100,7Networks_RH_Default_pCunPCC_2,-0.0598208676924751,-0.368390025847474,0.260620760299088,0.717538256298041,41,0.987104751874768,node
auc_degree,theta,imagination,100,7Networks_RH_Default_pCunPCC_2,-0.157936457587481,-0.450985194523221,0.16585075626228,0.336920550918198,41,0.987104751874768,node
auc_degree,alpha,total,1,7Networks_LH_Vis_1,-0.0357046783829065,-0.347314419595385,0.283006018290911,0.829151672393494,41,0.93660075112047,node
auc_degree,alpha,social,1,7Networks_LH_Vis_1,-0.0807655182177939,-0.38644018972804,0.240895765396441,0.625004518365443,41,0.93660075112047,node
auc_degree,alpha,switching,1,7Networks_LH_Vis_1,0.0927107017940953,-0.229525917313168,0.396630791774125,0.574557502664529,41,0.93660075112047,node
auc_degree,alpha,detail,1,7Networks_LH_Vis_1,-0.170395478495378,-0.46112613373808,0.153372854489556,0.299686208471958,41,0.830424440187061,node
auc_degree,alpha,communication,1,7Networks_LH_Vis_1,0.0509142228548937,-0.26892845621991,0.360643098906962,0.758223897222823,41,0.93660075112047,node
auc_degree,alpha,imagination,1,7Networks_LH_Vis_1,0.0373757575179432,-0.281465996446709,0.34878502994271,0.821282160945326,41,0.93660075112047,node
auc_degree,alpha,total,2,7Networks_LH_Vis_2,0.095237291932715,-0.227109698111601,0.398776705808338,0.564128978554077,41,0.93660075112047,node
auc_degree,alpha,social,2,7Networks_LH_Vis_2,0.0192704367136287,-0.298064326756206,0.332769568904681,0.907304563514723,41,0.93660075112047,node
auc_degree,alpha,switching,2,7Networks_LH_Vis_2,0.0169672752298081,-0.300162115773368,0.330719207515101,0.918343632230947,41,0.936710504875566,node
auc_degree,alpha,detail,2,7Networks_LH_Vis_2,-0.0549804674210529,-0.364185194690346,0.265141550957774,0.739562056721679,41,0.93660075112047,node
auc_degree,alpha,communication,2,7Networks_LH_Vis_2,0.239330284825243,-0.0824157184769001,0.515895376638075,0.142264263967981,41,0.761306481056959,node
auc_degree,alpha,imagination,2,7Networks_LH_Vis_2,0.078482542453782,-0.243058779410641,0.384484019133816,0.634850687109122,41,0.93660075112047,node
auc_degree,alpha,total,3,7Networks_LH_Vis_3,0.185273016634119,-0.138336273392366,0.47313693009158,0.258815567006413,41,0.830424440187061,node
auc_degree,alpha,social,3,7Networks_LH_Vis_3,0.178288127193392,-0.145414460671074,0.467511248711859,0.277517502663291,41,0.830424440187061,node
auc_degree,alpha,switching,3,7Networks_LH_Vis_3,0.0239297313015634,-0.293811106758983,0.336908405196567,0.88502705071336,41,0.93660075112047,node
auc_degree,alpha,detail,3,7Networks_LH_Vis_3,-0.0270729061454589,-0.339693661774028,0.290934746618029,0.870046590593685,41,0.93660075112047,node
auc_degree,alpha,communication,3,7Networks_LH_Vis_3,0.130920922443435,-0.192555719986564,0.428733062771655,0.426946302038319,41,0.892160139928363,node
auc_degree,alpha,imagination,3,7Networks_LH_Vis_3,0.245774616250242,-0.0756113005168451,0.520902437269982,0.131512193850587,41,0.761306481056959,node
auc_degree,alpha,total,4,7Networks_LH_Vis_4,-0.10018390430097,-0.40296841933748,0.222367653822391,0.543968814868204,41,0.93660075112047,node
auc_degree,alpha,social,4,7Networks_LH_Vis_4,-0.0289375956861347,-0.341343428929983,0.28922562387075,0.861180173608265,41,0.93660075112047,node
auc_degree,alpha,switching,4,7Networks_LH_Vis_4,-0.213442718404758,-0.495589236378656,0.109450808763478,0.192003259806612,41,0.783373300010978,node
auc_degree,alpha,detail,4,7Networks_LH_Vis_4,0.0701965683682215,-0.25088258424938,0.37736100891603,0.671099766411107,41,0.93660075112047,node
auc_degree,alpha,communication,4,7Networks_LH_Vis_4,0.0257836979641944,-0.292115213565208,0.338551920634611,0.876185887839005,41,0.93660075112047,node
auc_degree,alpha,imagination,4,7Networks_LH_Vis_4,-0.149441628848483,-0.44402722887972,0.17429942701553,0.36387185891795,41,0.843521127491611,node
auc_degree,alpha,total,5,7Networks_LH_Vis_5,-0.0196726127225549,-0.33312729745692,0.297697698067923,0.905378631970385,41,0.93660075112047,node
auc_degree,alpha,social,5,7Networks_LH_Vis_5,0.0224088050913053,-0.295200863270023,0.335558699805724,0.892290327440247,41,0.93660075112047,node
auc_degree,alpha,switching,5,7Networks_LH_Vis_5,-0.17126473905539,-0.461830839849567,0.152498406376065,0.297190686315253,41,0.830424440187061,node
auc_degree,alpha,detail,5,7Networks_LH_Vis_5,0.123230660860329,-0.200070962672559,0.422331987494593,0.454826738002695,41,0.892160139928363,node
auc_degree,alpha,communication,5,7Networks_LH_Vis_5,0.0329200769800749,-0.285568586856491,0.344860459467717,0.842301254156137,41,0.93660075112047,node
auc_degree,alpha,imagination,5,7Networks_LH_Vis_5,-0.0747634945243451,-0.381291452582843,0.24657557126076,0.651023250988826,41,0.93660075112047,node
auc_degree,alpha,total,6,7Networks_LH_Vis_6,0.146435777842253,-0.177277571620573,0.441556649390434,0.373709470703422,41,0.84707480026109,node
auc_degree,alpha,social,6,7Networks_LH_Vis_6,0.158947159222304,-0.164842372418543,0.45181067823991,0.333798059290877,41,0.830424440187061,node
auc_degree,alpha,switching,6,7Networks_LH_Vis_6,-0.055452687492041,-0.364595965530707,0.264701130073004,0.737404094218834,41,0.93660075112047,node
auc_degree,alpha,detail,6,7Networks_LH_Vis_6,0.0451434945635371,-0.274285830386395,0.35560084827807,0.78493955615452,41,0.93660075112047,node
auc_degree,alpha,communication,6,7Networks_LH_Vis_6,0.159255291006964,-0.164534812562516,0.45206224307602,0.332849679415959,41,0.830424440187061,node
auc_degree,alpha,imagination,6,7Networks_LH_Vis_6,0.108883846824174,-0.213990310429495,0.410309981029745,0.509368028794034,41,0.93660075112047,node
auc_degree,alpha,total,7,7Networks_LH_Vis_7,0.238724756108007,-0.0830535439620319,0.515423924975966,0.14330685782546,41,0.761306481056959,node
auc_degree,alpha,social,7,7Networks_LH_Vis_7,0.103531547936608,-0.219149770441881,0.405797992530436,0.530523284759757,41,0.93660075112047,node
auc_degree,alpha,switching,7,7Networks_LH_Vis_7,0.214485708141863,-0.108370744413085,0.496413361577343,0.189788988291391,41,0.783373300010978,node
auc_degree,alpha,detail,7,7Networks_LH_Vis_7,0.0370593511824467,-0.281757714173941,0.348506698514581,0.822770895765079,41,0.93660075112047,node
auc_degree,alpha,communication,7,7Networks_LH_Vis_7,0.159481359660812,-0.164309123469623,0.452246780342891,0.332154938511421,41,0.830424440187061,node
auc_degree,alpha,imagination,7,7Networks_LH_Vis_7,0.163278802496486,-0.160512982196441,0.455342847240591,0.320619368272222,41,0.830424440187061,node
auc_degree,alpha,total,8,7Networks_LH_Vis_8,0.0189052801437628,-0.29839712698231,0.332444690327098,0.909053670205162,41,0.93660075112047,node
auc_degree,alpha,social,8,7Networks_LH_Vis_8,-0.00210314721035754,-0.317414969955938,0.313627429070318,0.989861695640003,41,0.989861695640003,node
auc_degree,alpha,switching,8,7Networks_LH_Vis_8,-0.220385548498657,-0.50106561096053,0.102246801578485,0.177602789711592,41,0.783373300010978,node
auc_degree,alpha,detail,8,7Networks_LH_Vis_8,0.126228535803538,-0.19714583231634,0.424830855187936,0.443843028937045,41,0.892160139928363,node
auc_degree,alpha,communication,8,7Networks_LH_Vis_8,0.063628387930542,-0.257054746988414,0.371688751894999,0.70036986218695,41,0.93660075112047,node
auc_degree,alpha,imagination,8,7Networks_LH_Vis_8,0.143620036963516,-0.180061990799678,0.439238259114676,0.383066505396339,41,0.849408338052752,node
auc_degree,alpha,total,9,7Networks_LH_Vis_9,-0.231197649927188,-0.509549466013567,0.09096017359902,0.156739569629374,41,0.761306481056959,node
auc_degree,alpha,social,9,7Networks_LH_Vis_9,-0.168761427247921,-0.459800421396862,0.155015286008092,0.304413495066083,41,0.830424440187061,node
auc_degree,alpha,switching,9,7Networks_LH_Vis_9,-0.409645772787703,-0.642166625497867,-0.108094838222216,0.00960422758823146,41,0.489815606999805,node
auc_degree,alpha,detail,9,7Networks_LH_Vis_9,0.20316623204433,-0.120051977096716,0.487441949092813,0.214798348142075,41,0.811460426314506,node
auc_degree,alpha,communication,9,7Networks_LH_Vis_9,-0.159043406399543,-0.451889261326532,0.164746310649247,0.333501646725051,41,0.830424440187061,node
auc_degree,alpha,imagination,9,7Networks_LH_Vis_9,-0.0764141537690061,-0.382709341742054,0.245015725032095,0.643825222235652,41,0.93660075112047,node
auc_degree,alpha,total,10,7Networks_LH_SomMot_1,0.0254139053168456,-0.292453636525363,0.338224256932225,0.877948200829203,41,0.951817030505424,node
auc_degree,alpha,social,10,7Networks_LH_SomMot_1,0.014604200606027,-0.302311291893359,0.328612426111018,0.929685554634196,41,0.951817030505424,node
auc_degree,alpha,switching,10,7Networks_LH_SomMot_1,0.0663865342079731,-0.254466081085505,0.374073481794245,0.688023644917512,41,0.917485435889182,node
auc_degree,alpha,detail,10,7Networks_LH_SomMot_1,-0.126166435197605,-0.424779137568207,0.197206484482339,0.444069071360854,41,0.866425558700535,node
auc_degree,alpha,communication,10,7Networks_LH_SomMot_1,0.0666915406149759,-0.254179533849184,0.37433694476044,0.686663166020993,41,0.917485435889182,node
auc_degree,alpha,imagination,10,7Networks_LH_SomMot_1,0.067815547429746,-0.253123066063462,0.375307427468808,0.681657967001553,41,0.917485435889182,node
auc_degree,alpha,total,11,7Networks_LH_SomMot_2,0.157755741922921,-0.166030986171635,0.450837543373685,0.337480750690807,41,0.866425558700535,node
auc_degree,alpha,social,11,7Networks_LH_SomMot_2,0.165583415082028,-0.158204479362895,0.457218367010178,0.313742581065447,41,0.866425558700535,node
auc_degree,alpha,switching,11,7Networks_LH_SomMot_2,0.208338053093242,-0.114725951900618,0.491548410254524,0.203103216573314,41,0.866425558700535,node
auc_degree,alpha,detail,11,7Networks_LH_SomMot_2,-0.252843804407003,-0.526373304689991,0.0681125259555148,0.120425310810149,41,0.842977175671045,node
auc_degree,alpha,communication,11,7Networks_LH_SomMot_2,0.175967889613955,-0.147758380925727,0.46563731431755,0.283920290288379,41,0.866425558700535,node
auc_degree,alpha,imagination,11,7Networks_LH_SomMot_2,0.150031888700108,-0.173713911337764,0.444511851710513,0.361958453903092,41,0.866425558700535,node
auc_degree,alpha,total,12,7Networks_LH_SomMot_3,0.0664107677798622,-0.254443316204015,0.37409441644543,0.687915515765491,41,0.917485435889182,node
auc_degree,alpha,social,12,7Networks_LH_SomMot_3,0.0123566255019693,-0.30435243780052,0.326605713688204,0.94048587538036,41,0.951817030505424,node
auc_degree,alpha,switching,12,7Networks_LH_SomMot_3,0.0957887484911692,-0.226581803107608,0.399244634016342,0.56186451345046,41,0.917485435889182,node
auc_degree,alpha,detail,12,7Networks_LH_SomMot_3,-0.0775555982097592,-0.383688980610263,0.243936104445334,0.638866345080852,41,0.917485435889182,node
auc_degree,alpha,communication,12,7Networks_LH_SomMot_3,0.0265464825716877,-0.291416884773396,0.339227564827341,0.872552569250202,41,0.951817030505424,node
auc_degree,alpha,imagination,12,7Networks_LH_SomMot_3,0.16690676660841,-0.156877292227463,0.458294154315222,0.309836186719891,41,0.866425558700535,node
auc_degree,alpha,total,13,7Networks_LH_SomMot_4,0.18454959722471,-0.139070893434933,0.472555370531695,0.260712642172979,41,0.866425558700535,node
auc_degree,alpha,social,13,7Networks_LH_SomMot_4,0.117830539027813,-0.205325547562345,0.417819236009367,0.474976909307149,41,0.866425558700535,node
auc_degree,alpha,switching,13,7Networks_LH_SomMot_4,0.358864380573668,0.0488761608655468,0.605793030749355,0.0248639993493169,41,0.557488000379887,node
auc_degree,alpha,detail,13,7Networks_LH_SomMot_4,-0.170974281322963,-0.461595407712358,0.152790653899854,0.29802306248133,41,0.866425558700535,node
auc_degree,alpha,communication,13,7Networks_LH_SomMot_4,0.122946045603024,-0.200348372400498,0.42209451095427,0.455877092357679,41,0.866425558700535,node
auc_degree,alpha,imagination,13,7Networks_LH_SomMot_4,0.0593472305487708,-0.261063744503445,0.367979136139029,0.719683723907587,41,0.918268317967533,node
auc_degree,alpha,total,14,7Networks_LH_SomMot_5,-0.131475825501498,-0.429193788805849,0.192011973894544,0.424972228420537,41,0.866425558700535,node
auc_degree,alpha,social,14,7Networks_LH_SomMot_5,-0.15679458501373,-0.45005197427006,0.166989196200252,0.340469871802154,41,0.866425558700535,node
auc_degree,alpha,switching,14,7Networks_LH_SomMot_5,0.0746951744360201,-0.246640096774975,0.381232735653023,0.651321853507419,41,0.917485435889182,node
auc_degree,alpha,detail,14,7Networks_LH_SomMot_5,0.0888104748805284,-0.233247986222132,0.393311669789955,0.590825131416784,41,0.917485435889182,node
auc_degree,alpha,communication,14,7Networks_LH_SomMot_5,-0.138947222181824,-0.435382105086331,0.184671407434998,0.3988949804544,41,0.866425558700535,node
auc_degree,alpha,imagination,14,7Networks_LH_SomMot_5,-0.300572359574176,-0.562727264924461,0.016516475002793,0.0629910681216855,41,0.755892817460225,node
auc_degree,alpha,total,15,7Networks_LH_SomMot_6,-0.0225985174443846,-0.335727125185637,0.295027585671923,0.89138385909687,41,0.951817030505424,node
auc_degree,alpha,social,15,7Networks_LH_SomMot_6,-0.0734355230839768,-0.380149699157736,0.247829275372692,0.656836905818921,41,0.917485435889182,node
auc_degree,alpha,switching,15,7Networks_LH_SomMot_6,0.0516813102954186,-0.268214821458127,0.361311991332749,0.754692671147025,41,0.922407199843256,node
auc_degree,alpha,detail,15,7Networks_LH_SomMot_6,0.154226870489585,-0.169546042164324,0.447951111348652,0.348534695830238,41,0.866425558700535,node
auc_degree,alpha,communication,15,7Networks_LH_SomMot_6,-0.115800094582769,-0.41611860466893,0.207296462387369,0.482673034232362,41,0.866425558700535,node
auc_degree,alpha,imagination,15,7Networks_LH_SomMot_6,-0.111750268863636,-0.412720322343642,0.211219735939528,0.498215234434442,41,0.866425558700535,node
auc_degree,alpha,total,16,7Networks_LH_DorsAttn_Post_1,0.00482501273218569,-0.311171170417311,0.319860513329353,0.97674339344809,41,0.993607733687863,node
auc_degree,alpha,social,16,7Networks_LH_DorsAttn_Post_1,0.0131233337479055,-0.303656474790909,0.327290575734916,0.936800319815465,41,0.993607733687863,node
auc_degree,alpha,switching,16,7Networks_LH_DorsAttn_Post_1,0.0102814592522929,-0.306234431020497,0.324750414949689,0.950467086414493,41,0.993607733687863,node
auc_degree,alpha,detail,16,7Networks_LH_DorsAttn_Post_1,0.0346385865623876,-0.28398764211866,0.346375418557612,0.834180806726146,41,0.9878456921757,node
auc_degree,alpha,communication,16,7Networks_LH_DorsAttn_Post_1,-0.0503387240580772,-0.360141060565551,0.269463622277631,0.760876343423202,41,0.969978203447545,node
auc_degree,alpha,imagination,16,7Networks_LH_DorsAttn_Post_1,-0.00361644835078582,-0.318775159567623,0.312262321224759,0.982567647757998,41,0.993607733687863,node
auc_degree,alpha,total,17,7Networks_LH_DorsAttn_Post_2,0.156431869760805,-0.167350640490084,0.449755403214011,0.34160210038656,41,0.958695677353538,node
auc_degree,alpha,social,17,7Networks_LH_DorsAttn_Post_2,0.107994202878181,-0.214849151388615,0.409561032305194,0.512854794739756,41,0.958695677353538,node
auc_degree,alpha,switching,17,7Networks_LH_DorsAttn_Post_2,0.314046169023852,-0.00163865970308483,0.572809703024848,0.0515368052632685,41,0.958695677353538,node
auc_degree,alpha,detail,17,7Networks_LH_DorsAttn_Post_2,-0.171881480194261,-0.462330607092189,0.151877677087593,0.295428213323276,41,0.958695677353538,node
auc_degree,alpha,communication,17,7Networks_LH_DorsAttn_Post_2,0.190211385367534,-0.133311913786082,0.477100212617763,0.246110556780007,41,0.958695677353538,node
auc_degree,alpha,imagination,17,7Networks_LH_DorsAttn_Post_2,-0.0498472550834011,-0.359712183826978,0.269920491266386,0.763143636876845,41,0.969978203447545,node
auc_degree,alpha,total,18,7Networks_LH_DorsAttn_Post_3,0.0466144636299201,-0.272922106364178,0.356887845497779,0.778105243482993,41,0.969978203447545,node
auc_degree,alpha,social,18,7Networks_LH_DorsAttn_Post_3,0.0242241193886564,-0.29354195241077,0.33716950355096,0.883622233040234,41,0.993607733687863,node
auc_degree,alpha,switching,18,7Networks_LH_DorsAttn_Post_3,0.092718813838213,-0.229518165983886,0.396637686912639,0.574523880657884,41,0.958695677353538,node
auc_degree,alpha,detail,18,7Networks_LH_DorsAttn_Post_3,0.0205757464803809,-0.296874048720728,0.333930290480246,0.901055685369921,41,0.993607733687863,node
auc_degree,alpha,communication,18,7Networks_LH_DorsAttn_Post_3,0.0424408372307386,-0.276788098697756,0.353233135373062,0.79753763394576,41,0.969978203447545,node
auc_degree,alpha,imagination,18,7Networks_LH_DorsAttn_Post_3,-0.0841562331114065,-0.389340461422854,0.237677311859932,0.610498892941758,41,0.958695677353538,node
auc_degree,alpha,total,19,7Networks_LH_DorsAttn_Post_4,-0.116666615378503,-0.416844630143082,0.206455667396332,0.479380683271617,41,0.958695677353538,node
auc_degree,alpha,social,19,7Networks_LH_DorsAttn_Post_4,-0.203930498391664,-0.48804957467466,0.11926609303014,0.213041422108454,41,0.958695677353538,node
auc_degree,alpha,switching,19,7Networks_LH_DorsAttn_Post_4,0.200931185935362,-0.122347920600552,0.48566340711469,0.219993730564719,41,0.958695677353538,node
auc_degree,alpha,detail,19,7Networks_LH_DorsAttn_Post_4,0.00641357395892255,-0.309735671588304,0.321285867529027,0.969089732311012,41,0.993607733687863,node
auc_degree,alpha,communication,19,7Networks_LH_DorsAttn_Post_4,-0.129699376562511,-0.427718289050463,0.193752005729169,0.43130997040888,41,0.958695677353538,node
auc_degree,alpha,imagination,19,7Networks_LH_DorsAttn_Post_4,-0.247980325094443,-0.522611871808657,0.0732754484944148,0.12797447272705,41,0.958695677353538,node
auc_degree,alpha,total,20,7Networks_LH_DorsAttn_Post_5,-0.0825958789837793,-0.388006552823879,0.239159272239023,0.617156395977732,41,0.958695677353538,node
auc_degree,alpha,social,20,7Networks_LH_DorsAttn_Post_5,-0.0145565467375946,-0.328569908494763,0.302354599156514,0.929914424782197,41,0.993607733687863,node
auc_degree,alpha,switching,20,7Networks_LH_DorsAttn_Post_5,-0.221585430961459,-0.502009783098476,0.100998342475996,0.175194398116249,41,0.958695677353538,node
auc_degree,alpha,detail,20,7Networks_LH_DorsAttn_Post_5,0.227845917925096,-0.0944678818837083,0.506925261741605,0.163006758411391,41,0.958695677353538,node
auc_degree,alpha,communication,20,7Networks_LH_DorsAttn_Post_5,-0.0760505114965804,-0.382397102879958,0.245359504060282,0.645408237217808,41,0.958695677353538,node
auc_degree,alpha,imagination,20,7Networks_LH_DorsAttn_Post_5,-0.187852882583154,-0.475208853287283,0.135713561061853,0.252125004103475,41,0.958695677353538,node
auc_degree,alpha,total,21,7Networks_LH_DorsAttn_Post_6,-0.0770541559065335,-0.383258705153741,0.244410485378332,0.641042914847407,41,0.958695677353538,node
auc_degree,alpha,social,21,7Networks_LH_DorsAttn_Post_6,-0.111551469861902,-0.412553290470634,0.211412055124451,0.498984688469167,41,0.958695677353538,node
auc_degree,alpha,switching,21,7Networks_LH_DorsAttn_Post_6,-0.0120353808096228,-0.326318663775815,0.304643940317083,0.94203046177224,41,0.993607733687863,node
auc_degree,alpha,detail,21,7Networks_LH_DorsAttn_Post_6,0.0720134905640234,-0.249170588202263,0.378926037308457,0.663084496261636,41,0.958695677353538,node
auc_degree,alpha,communication,21,7Networks_LH_DorsAttn_Post_6,-0.0482929262672886,-0.358354947975885,0.271364446421853,0.77032697099397,41,0.969978203447545,node
auc_degree,alpha,imagination,21,7Networks_LH_DorsAttn_Post_6,-0.130837898337037,-0.428664116023688,0.192637057717302,0.427242101200492,41,0.958695677353538,node
auc_degree,alpha,total,22,7Networks_LH_DorsAttn_PrCv_1,0.111142608282701,-0.211807511343675,0.412209699381141,0.500569093290133,41,0.958695677353538,node
auc_degree,alpha,social,22,7Networks_LH_DorsAttn_PrCv_1,0.029596654119982,-0.288621063619638,0.341926064877864,0.858050365577191,41,0.990058114127528,node
auc_degree,alpha,switching,22,7Networks_LH_DorsAttn_PrCv_1,0.169974664936996,-0.153795997291278,0.460784850047511,0.300899102971087,41,0.958695677353538,node
auc_degree,alpha,detail,22,7Networks_LH_DorsAttn_PrCv_1,-0.147958720305883,-0.442808951101049,0.175769407439819,0.368705589198365,41,0.958695677353538,node
auc_degree,alpha,communication,22,7Networks_LH_DorsAttn_PrCv_1,0.108936788248948,-0.213939186304893,0.410354537070722,0.50916091230638,41,0.958695677353538,node
auc_degree,alpha,imagination,22,7Networks_LH_DorsAttn_PrCv_1,0.19314982462282,-0.130314395752113,0.479452929595395,0.238753141334618,41,0.958695677353538,node
auc_degree,alpha,total,23,7Networks_LH_DorsAttn_FEF_1,-0.0787736256983305,-0.384733587122746,0.242783169237635,0.633591787286878,41,0.958695677353538,node
auc_degree,alpha,social,23,7Networks_LH_DorsAttn_FEF_1,-0.0677972927913903,-0.375291671550583,0.253140229938875,0.681739148340294,41,0.958695677353538,node
auc_degree,alpha,switching,23,7Networks_LH_DorsAttn_FEF_1,-0.0445688270097176,-0.355097733488792,0.274818251444247,0.787613891442142,41,0.969978203447545,node
auc_degree,alpha,detail,23,7Networks_LH_DorsAttn_FEF_1,-0.016363014832523,-0.330180781130293,0.300711986873357,0.921242441888626,41,0.993607733687863,node
auc_degree,alpha,communication,23,7Networks_LH_DorsAttn_FEF_1,0.0129089470404784,-0.303851113791107,0.327099108072237,0.937830746168789,41,0.993607733687863,node
auc_degree,alpha,imagination,23,7Networks_LH_DorsAttn_FEF_1,-0.114791221447163,-0.415272824771919,0.208274782449541,0.486521042806249,41,0.958695677353538,node
auc_degree,alpha,total,24,7Networks_LH_SalVentAttn_ParOper_1,0.307331578677209,-0.00907043803146344,0.567794950275533,0.0570160029383137,41,0.681832120112613,node
auc_degree,alpha,social,24,7Networks_LH_SalVentAttn_ParOper_1,0.276612467801708,-0.0426306857397775,0.544603336145359,0.0882537187711963,41,0.681832120112613,node
auc_degree,alpha,switching,24,7Networks_LH_SalVentAttn_ParOper_1,0.350066823703052,0.038833703180822,0.59938485830097,0.0289116930179141,41,0.681832120112613,node
auc_degree,alpha,detail,24,7Networks_LH_SalVentAttn_ParOper_1,-0.211986714249298,-0.494437914859198,0.11095729467092,0.195124728169874,41,0.681832120112613,node
auc_degree,alpha,communication,24,7Networks_LH_SalVentAttn_ParOper_1,0.135512379747573,-0.188050593064605,0.432540611009371,0.410766869178206,41,0.765241172032036,node
auc_degree,alpha,imagination,24,7Networks_LH_SalVentAttn_ParOper_1,0.318926937457643,0.0037854008893234,0.576442759634026,0.0478257197350646,41,0.681832120112613,node
auc_degree,alpha,total,25,7Networks_LH_SalVentAttn_FrOperIns_1,0.00744983418381224,-0.308798480631172,0.322214895280157,0.964098476565616,41,0.964098476565616,node
auc_degree,alpha,social,25,7Networks_LH_SalVentAttn_FrOperIns_1,-0.130721926143815,-0.428567801976088,0.192750666856659,0.427655479725343,41,0.765241172032036,node
auc_degree,alpha,switching,25,7Networks_LH_SalVentAttn_FrOperIns_1,0.153320465258407,-0.170447571128687,0.447208729687713,0.351409143609419,41,0.765241172032036,node
auc_degree,alpha,detail,25,7Networks_LH_SalVentAttn_FrOperIns_1,-0.0174125477553176,-0.331115837045531,0.299756787172814,0.916208196484976,41,0.929112537280539,node
auc_degree,alpha,communication,25,7Networks_LH_SalVentAttn_FrOperIns_1,-0.0393443658462731,-0.350515511637125,0.279649670012861,0.812033645658563,41,0.913537851365883,node
auc_degree,alpha,imagination,25,7Networks_LH_SalVentAttn_FrOperIns_1,0.0937249176855837,-0.228556483111206,0.397492597103415,0.570360819317449,41,0.789730365208776,node
auc_degree,alpha,total,26,7Networks_LH_SalVentAttn_FrOperIns_2,0.114290643951908,-0.208759960440996,0.414852977132353,0.488436211612936,41,0.765241172032036,node
auc_degree,alpha,social,26,7Networks_LH_SalVentAttn_FrOperIns_2,0.0339307234154313,-0.284639051484487,0.345751595811039,0.837523658308802,41,0.914813481222105,node
auc_degree,alpha,switching,26,7Networks_LH_SalVentAttn_FrOperIns_2,0.208408790038476,-0.114652976867864,0.49160448869743,0.202946404333387,41,0.681832120112613,node
auc_degree,alpha,detail,26,7Networks_LH_SalVentAttn_FrOperIns_2,-0.134602554719722,-0.431786963039388,0.188944394215825,0.413944868847997,41,0.765241172032036,node
auc_degree,alpha,communication,26,7Networks_LH_SalVentAttn_FrOperIns_2,0.128142695291483,-0.195275103988175,0.42642401906448,0.436906579465994,41,0.765241172032036,node
auc_degree,alpha,imagination,26,7Networks_LH_SalVentAttn_FrOperIns_2,0.096969175125037,-0.225451174457761,0.400245731996691,0.557031497641923,41,0.789730365208776,node
auc_degree,alpha,total,27,7Networks_LH_SalVentAttn_PFCl_1,0.141338716728774,-0.182314136674809,0.437357001678497,0.39074751919985,41,0.765241172032036,node
auc_degree,alpha,social,27,7Networks_LH_SalVentAttn_PFCl_1,0.0570778018565518,-0.263184429114645,0.366008687467199,0.729992856852269,41,0.890838740565481,node
auc_degree,alpha,switching,27,7Networks_LH_SalVentAttn_PFCl_1,0.193961530424239,-0.129485326567953,0.480102112542823,0.236747263927991,41,0.681832120112613,node
auc_degree,alpha,detail,27,7Networks_LH_SalVentAttn_PFCl_1,-0.132013604399425,-0.429640149172736,0.191484818085318,0.423063962153347,41,0.765241172032036,node
auc_degree,alpha,communication,27,7Networks_LH_SalVentAttn_PFCl_1,0.0945184917872965,-0.227797502514374,0.39816654393625,0.567086921699375,41,0.789730365208776,node
auc_degree,alpha,imagination,27,7Networks_LH_SalVentAttn_PFCl_1,0.222726226429304,-0.0998104195861312,0.502906841000611,0.172926356587585,41,0.681832120112613,node
auc_degree,alpha,total,28,7Networks_LH_SalVentAttn_Med_1,-0.120581063977006,-0.42011963449897,0.202651477105771,0.464655313088651,41,0.765241172032036,node
auc_degree,alpha,social,28,7Networks_LH_SalVentAttn_Med_1,-0.225812118960813,-0.50533039382073,0.0965924315362849,0.166896849871754,41,0.681832120112613,node
auc_degree,alpha,switching,28,7Networks_LH_SalVentAttn_Med_1,0.118631248740856,-0.204547592174387,0.418489305814445,0.471959785527637,41,0.765241172032036,node
auc_degree,alpha,detail,28,7Networks_LH_SalVentAttn_Med_1,0.0776142042766228,-0.243880651132781,0.383739260378303,0.638612152602153,41,0.856392455640686,node
auc_degree,alpha,communication,28,7Networks_LH_SalVentAttn_Med_1,-0.247311629037093,-0.52209386241246,0.0739839720390887,0.129039410635809,41,0.681832120112613,node
auc_degree,alpha,imagination,28,7Networks_LH_SalVentAttn_Med_1,-0.0540991939058905,-0.363418277980188,0.265963122619407,0.743594572516518,41,0.892313487019821,node
auc_degree,alpha,total,29,7Networks_LH_SalVentAttn_Med_2,-0.103224660062923,-0.405538838646539,0.21944505538124,0.531749103700635,41,0.789730365208776,node
auc_degree,alpha,social,29,7Networks_LH_SalVentAttn_Med_2,-0.202616601047638,-0.487004797845916,0.120616904422269,0.216068034964562,41,0.681832120112613,node
auc_degree,alpha,switching,29,7Networks_LH_SalVentAttn_Med_2,-0.136535766043348,-0.433387831031118,0.187044589840903,0.407208862282907,41,0.765241172032036,node
auc_degree,alpha,detail,29,7Networks_LH_SalVentAttn_Med_2,0.0990650594879298,-0.223441565794689,0.402021430956625,0.548498495063736,41,0.789730365208776,node
auc_degree,alpha,communication,29,7Networks_LH_SalVentAttn_Med_2,0.0652335541447001,-0.255548773329694,0.373077094624566,0.69317522518908,41,0.873083756890035,node
auc_degree,alpha,imagination,29,7Networks_LH_SalVentAttn_Med_2,-0.0767661586372027,-0.383011521595308,0.244682870730556,0.642294341730514,41,0.856392455640686,node
auc_degree,alpha,total,30,7Networks_LH_SalVentAttn_Med_3,-0.198289151056498,-0.483557958341985,0.125057486783723,0.226245844334179,41,0.681832120112613,node
auc_degree,alpha,social,30,7Networks_LH_SalVentAttn_Med_3,-0.267627372638457,-0.537741611840045,0.0523124770811611,0.0995259023914948,41,0.681832120112613,node
auc_degree,alpha,switching,30,7Networks_LH_SalVentAttn_Med_3,-0.101653241551022,-0.40421107989645,0.220956135319587,0.538047388029166,41,0.789730365208776,node
auc_degree,alpha,detail,30,7Networks_LH_SalVentAttn_Med_3,0.155892518329197,-0.167887941133931,0.449314287448867,0.343289971042302,41,0.765241172032036,node
auc_degree,alpha,communication,30,7Networks_LH_SalVentAttn_Med_3,-0.128667330583136,-0.426860352570603,0.194761961125153,0.435015936312678,41,0.765241172032036,node
auc_degree,alpha,imagination,30,7Networks_LH_SalVentAttn_Med_3,-0.216249747472164,-0.497806073184968,0.106542263305669,0.186085090064144,41,0.681832120112613,node
auc_degree,alpha,total,31,7Networks_LH_Limbic_OFC_1,0.0974032067544807,-0.22503523459054,0.400613644272791,0.555259339950455,41,0.995786202167681,node
auc_degree,alpha,social,31,7Networks_LH_Limbic_OFC_1,-0.0106919099786596,-0.325117569801257,0.30586238450644,0.948492246294961,41,0.995786202167681,node
auc_degree,alpha,switching,31,7Networks_LH_Limbic_OFC_1,0.323286759809806,0.00864625857975174,0.579679457813017,0.0446956634207095,41,0.79102999650019,node
auc_degree,alpha,detail,31,7Networks_LH_Limbic_OFC_1,-0.149660848450136,-0.444207235533287,0.174081996096528,0.363160522977996,41,0.995786202167681,node
auc_degree,alpha,communication,31,7Networks_LH_Limbic_OFC_1,0.0952805661533513,-0.227068279675135,0.398813431059429,0.563951127884615,41,0.995786202167681,node
auc_degree,alpha,imagination,31,7Networks_LH_Limbic_OFC_1,-0.000874115402393027,-0.316309332527877,0.314735145707785,0.995786202167681,41,0.995786202167681,node
auc_degree,alpha,total,32,7Networks_LH_Limbic_TempPole_1,-0.0260224155913316,-0.33876340186993,0.291896704175952,0.875048548298747,41,0.995786202167681,node
auc_degree,alpha,social,32,7Networks_LH_Limbic_TempPole_1,-0.0934726280421252,-0.397278270165153,0.228797692892883,0.571403448763287,41,0.995786202167681,node
auc_degree,alpha,switching,32,7Networks_LH_Limbic_TempPole_1,0.124038649680495,-0.199283146938792,0.423005931451148,0.451852041818078,41,0.995786202167681,node
auc_degree,alpha,detail,32,7Networks_LH_Limbic_TempPole_1,-0.159715748488361,-0.452438082809217,0.164075092372259,0.331435577755263,41,0.995786202167681,node
auc_degree,alpha,communication,32,7Networks_LH_Limbic_TempPole_1,0.0798015641568323,-0.241809457230612,0.38561455981229,0.629154228799247,41,0.995786202167681,node
auc_degree,alpha,imagination,32,7Networks_LH_Limbic_TempPole_1,-0.00326212277058875,-0.318456799988781,0.312582065707076,0.984275378456208,41,0.995786202167681,node
auc_degree,alpha,total,33,7Networks_LH_Limbic_TempPole_2,0.0934234184277968,-0.228844736745712,0.397236461391603,0.571606917058543,41,0.995786202167681,node
auc_degree,alpha,social,33,7Networks_LH_Limbic_TempPole_2,0.0319761061379972,-0.286436256887495,0.344027606051525,0.846768693225314,41,0.995786202167681,node
auc_degree,alpha,switching,33,7Networks_LH_Limbic_TempPole_2,0.0571224900336526,-0.263142699764519,0.366047515070121,0.729789396744868,41,0.995786202167681,node
auc_degree,alpha,detail,33,7Networks_LH_Limbic_TempPole_2,0.0451338697187005,-0.274294749276705,0.355592423319065,0.784984327431396,41,0.995786202167681,node
auc_degree,alpha,communication,33,7Networks_LH_Limbic_TempPole_2,0.0879533102026277,-0.234064733642155,0.392581150911483,0.594427350859034,41,0.995786202167681,node
auc_degree,alpha,imagination,33,7Networks_LH_Limbic_TempPole_2,0.0418927137084389,-0.277295054006686,0.352752455524708,0.800098929744948,41,0.995786202167681,node
auc_degree,alpha,total,34,7Networks_LH_Cont_Par_1,-0.0631018762226089,-0.371233060298577,0.257548383482445,0.702735442143498,41,0.955551631904909,node
auc_degree,alpha,social,34,7Networks_LH_Cont_Par_1,-0.164765142141704,-0.456552744108525,0.159024539045577,0.316173511030284,41,0.955551631904909,node
auc_degree,alpha,switching,34,7Networks_LH_Cont_Par_1,0.231017097555516,-0.0911493320886975,0.509408236215681,0.157072641973857,41,0.955551631904909,node
auc_degree,alpha,detail,34,7Networks_LH_Cont_Par_1,-0.0530179366643984,-0.362476754986052,0.266970495314435,0.748551387344925,41,0.955551631904909,node
auc_degree,alpha,communication,34,7Networks_LH_Cont_Par_1,-0.109025119727881,-0.410428874537325,0.213853883009421,0.508815437670285,41,0.955551631904909,node
auc_degree,alpha,imagination,34,7Networks_LH_Cont_Par_1,-0.0953327112242018,-0.398857683383783,0.227018369259353,0.563736853735849,41,0.955551631904909,node
auc_degree,alpha,total,35,7Networks_LH_Cont_PFCl_1,-0.0102145852942896,-0.324690586126088,0.306295038694246,0.950788871313012,41,0.955551631904909,node
auc_degree,alpha,social,35,7Networks_LH_Cont_PFCl_1,-0.043848313017063,-0.354466677566172,0.27548552046242,0.790970345549219,41,0.955551631904909,node
auc_degree,alpha,switching,35,7Networks_LH_Cont_PFCl_1,0.0481419173159313,-0.271504655504479,0.358223017466134,0.771025877715914,41,0.955551631904909,node
auc_degree,alpha,detail,35,7Networks_LH_Cont_PFCl_1,-0.1569759473148,-0.450200239364951,0.166808436755242,0.33990460845235,41,0.955551631904909,node
auc_degree,alpha,communication,35,7Networks_LH_Cont_PFCl_1,0.0714693957111823,-0.249683472551861,0.378457558548253,0.665480919795637,41,0.955551631904909,node
auc_degree,alpha,imagination,35,7Networks_LH_Cont_PFCl_1,0.0942247553572732,-0.228078480040899,0.397917124988525,0.568297727319297,41,0.955551631904909,node
auc_degree,alpha,total,36,7Networks_LH_Cont_pCun_1,-0.0665281241294187,-0.37419579261698,0.254333067276847,0.687391963378805,41,0.955551631904909,node
auc_degree,alpha,social,36,7Networks_LH_Cont_pCun_1,0.0516770517767241,-0.268218784201356,0.361308278827308,0.754712261409102,41,0.955551631904909,node
auc_degree,alpha,switching,36,7Networks_LH_Cont_pCun_1,-0.425090716172988,-0.653025669028636,-0.126540602695728,0.00698407034297213,41,0.272378743375913,node
auc_degree,alpha,detail,36,7Networks_LH_Cont_pCun_1,0.281744606137456,-0.0370735699479514,0.54850660749598,0.0822734890036585,41,0.955551631904909,node
auc_degree,alpha,communication,36,7Networks_LH_Cont_pCun_1,-0.0597115072227251,-0.368295164152381,0.260723055138895,0.718033445185991,41,0.955551631904909,node
auc_degree,alpha,imagination,36,7Networks_LH_Cont_pCun_1,-0.0311501174246911,-0.343298443737286,0.287195053034595,0.850681652049775,41,0.955551631904909,node
auc_degree,alpha,total,37,7Networks_LH_Cont_Cing_1,-0.138919369016704,-0.435359087117142,0.184698840085447,0.398990445725551,41,0.955551631904909,node
auc_degree,alpha,social,37,7Networks_LH_Cont_Cing_1,-0.168034274181374,-0.459210061807504,0.155745593293989,0.306532314045405,41,0.955551631904909,node
auc_degree,alpha,switching,37,7Networks_LH_Cont_Cing_1,-0.176630191752854,-0.466172486120803,0.14708968931989,0.282082943906478,41,0.955551631904909,node
auc_degree,alpha,detail,37,7Networks_LH_Cont_Cing_1,0.0398832035914436,-0.279152115775078,0.350988800455841,0.80950650875035,41,0.955551631904909,node
auc_degree,alpha,communication,37,7Networks_LH_Cont_Cing_1,0.0684531231098707,-0.252523460429138,0.375857619442209,0.678824787214325,41,0.955551631904909,node
auc_degree,alpha,imagination,37,7Networks_LH_Cont_Cing_1,-0.131365961012113,-0.429102582594321,0.192119645202275,0.425362666096881,41,0.955551631904909,node
auc_degree,alpha,total,38,7Networks_LH_Default_Temp_1,-0.079043067309696,-0.384964560217467,0.242528004022591,0.632427390535955,41,0.993660051509784,node
auc_degree,alpha,social,38,7Networks_LH_Default_Temp_1,-0.0749024991733165,-0.381410910927057,0.246444278289533,0.650415877446478,41,0.993660051509784,node
auc_degree,alpha,switching,38,7Networks_LH_Default_Temp_1,-0.072343984105726,-0.379210523426799,0.248858964535509,0.661630473431907,41,0.993660051509784,node
auc_degree,alpha,detail,38,7Networks_LH_Default_Temp_1,-0.200168740129848,-0.485056149757029,0.12313034976905,0.221785649602339,41,0.993660051509784,node
auc_degree,alpha,communication,38,7Networks_LH_Default_Temp_1,0.200557644752668,-0.122731302345859,0.48536593095059,0.220870387846347,41,0.993660051509784,node
auc_degree,alpha,imagination,38,7Networks_LH_Default_Temp_1,-0.0414248131878157,-0.35234199782073,0.277727671096756,0.802286989063677,41,0.993660051509784,node
auc_degree,alpha,total,39,7Networks_LH_Default_Temp_2,0.166205044294202,-0.157581194089923,0.457723812078287,0.311903744502443,41,0.993660051509784,node
auc_degree,alpha,social,39,7Networks_LH_Default_Temp_2,0.179055860342488,-0.14463809036238,0.468130734743176,0.275419842538778,41,0.993660051509784,node
auc_degree,alpha,switching,39,7Networks_LH_Default_Temp_2,0.152894167402844,-0.1708713882627,0.44685943485567,0.352766009371247,41,0.993660051509784,node
auc_degree,alpha,detail,39,7Networks_LH_Default_Temp_2,-0.0116421879671279,-0.325967245299706,0.305000648999068,0.943921268227703,41,0.993660051509784,node
auc_degree,alpha,communication,39,7Networks_LH_Default_Temp_2,0.0662327537499084,-0.254610533297995,0.373940628190004,0.688709949143692,41,0.993660051509784,node
auc_degree,alpha,imagination,39,7Networks_LH_Default_Temp_2,0.0399876300097294,-0.27905567025367,0.351080505148591,0.809016970593319,41,0.993660051509784,node
auc_degree,alpha,total,40,7Networks_LH_Default_Par_1,0.260942831909788,-0.059476524182202,0.532613452552911,0.108602610781322,41,0.993660051509784,node
auc_degree,alpha,social,40,7Networks_LH_Default_Par_1,0.260018785003071,-0.060464266372628,0.531902981425135,0.109905181186033,41,0.993660051509784,node
auc_degree,alpha,switching,40,7Networks_LH_Default_Par_1,0.260179972756272,-0.060292013001349,0.532026941277682,0.1096771169225,41,0.993660051509784,node
auc_degree,alpha,detail,40,7Networks_LH_Default_Par_1,0.0325481208206238,-0.285910540284273,0.344532345926969,0.84406100197891,41,0.993660051509784,node
auc_degree,alpha,communication,40,7Networks_LH_Default_Par_1,-0.0298952553688443,-0.342189962181787,0.288347070444872,0.85663303660537,41,0.993660051509784,node
auc_degree,alpha,imagination,40,7Networks_LH_Default_Par_1,0.167308627769852,-0.156474034698366,0.458620668924765,0.308656058840678,41,0.993660051509784,node
auc_degree,alpha,total,41,7Networks_LH_Default_Par_2,0.169963721361868,-0.153806999856111,0.460775973559256,0.300930686979516,41,0.993660051509784,node
auc_degree,alpha,social,41,7Networks_LH_Default_Par_2,0.0180417242952397,-0.299183856702294,0.331676091405544,0.913191786310753,41,0.993660051509784,node
auc_degree,alpha,switching,41,7Networks_LH_Default_Par_2,0.408741410190362,0.107021162248772,0.641527880162605,0.00978072179508279,41,0.993660051509784,node
auc_degree,alpha,detail,41,7Networks_LH_Default_Par_2,-0.0108760301817324,-0.325282237526148,0.305695460268173,0.947606469337508,41,0.993660051509784,node
auc_degree,alpha,communication,41,7Networks_LH_Default_Par_2,-0.0451142181205583,-0.355575221440027,0.274312959316327,0.785075741635119,41,0.993660051509784,node
auc_degree,alpha,imagination,41,7Networks_LH_Default_Par_2,0.0836944642900454,-0.238116037098724,0.388945839858737,0.612465920926401,41,0.993660051509784,node
auc_degree,alpha,total,42,7Networks_LH_Default_PFC_1,0.1089108907433,-0.213964195057697,0.410332741646651,0.509262222776244,41,0.993660051509784,node
auc_degree,alpha,social,42,7Networks_LH_Default_PFC_1,0.0233695041521999,-0.294323174393159,0.33641139615502,0.887701404296869,41,0.993660051509784,node
auc_degree,alpha,switching,42,7Networks_LH_Default_PFC_1,0.293514735502829,-0.0242538848663489,0.557414739399999,0.0697486824278932,41,0.993660051509784,node
auc_degree,alpha,detail,42,7Networks_LH_Default_PFC_1,-0.142084430469977,-0.437972228798044,0.181578332827031,0.388226954002845,41,0.993660051509784,node
auc_degree,alpha,communication,42,7Networks_LH_Default_PFC_1,0.0812218799625742,-0.240463000190447,0.386830894316431,0.623043891774207,41,0.993660051509784,node
auc_degree,alpha,imagination,42,7Networks_LH_Default_PFC_1,0.037826234895618,-0.281050567285468,0.349181204156252,0.819163669296853,41,0.993660051509784,node
auc_degree,alpha,total,43,7Networks_LH_Default_PFC_2,0.00910898966627619,-0.307296665050052,0.323701099517052,0.956109866800205,41,0.993660051509784,node
auc_degree,alpha,social,43,7Networks_LH_Default_PFC_2,-0.0488252651681852,-0.35881993252739,0.270870071134502,0.767864604572268,41,0.993660051509784,node
auc_degree,alpha,switching,43,7Networks_LH_Default_PFC_2,0.21310863283884,-0.109796608739428,0.495325148999759,0.192716360433405,41,0.993660051509784,node
auc_degree,alpha,detail,43,7Networks_LH_Default_PFC_2,-0.0965246525677622,-0.399868825591354,0.225877046162628,0.55884922351917,41,0.993660051509784,node
auc_degree,alpha,communication,43,7Networks_LH_Default_PFC_2,-0.0627505914569369,-0.37092894362221,0.257877641084561,0.704315277959215,41,0.993660051509784,node
auc_degree,alpha,imagination,43,7Networks_LH_Default_PFC_2,0.016330791592925,-0.300741303789559,0.330152062867603,0.921397054481821,41,0.993660051509784,node
auc_degree,alpha,total,44,7Networks_LH_Default_PFC_3,0.0381002948950708,-0.280797771328072,0.349422172923522,0.817875445992031,41,0.993660051509784,node
auc_degree,alpha,social,44,7Networks_LH_Default_PFC_3,-0.101947034099339,-0.404459414744475,0.220673741347564,0.53686713747981,41,0.993660051509784,node
auc_degree,alpha,switching,44,7Networks_LH_Default_PFC_3,0.222914571070122,-0.0996142057640249,0.503054886687634,0.172553938014077,41,0.993660051509784,node
auc_degree,alpha,detail,44,7Networks_LH_Default_PFC_3,-0.0315526178340061,-0.343653808107944,0.286825345150175,0.848774439226694,41,0.993660051509784,node
auc_degree,alpha,communication,44,7Networks_LH_Default_PFC_3,0.0146088794926603,-0.302307039706858,0.328616600627026,0.929663083359565,41,0.993660051509784,node
auc_degree,alpha,imagination,44,7Networks_LH_Default_PFC_3,0.00999810875135508,-0.306491213160095,0.324496898006549,0.95183056820028,41,0.993660051509784,node
auc_degree,alpha,total,45,7Networks_LH_Default_PFC_4,-0.0867424678553054,-0.391548554716835,0.235217708019788,0.599532223154338,41,0.993660051509784,node
auc_degree,alpha,social,45,7Networks_LH_Default_PFC_4,-0.0909688857031353,-0.395149474701599,0.231189334683931,0.581797393744189,41,0.993660051509784,node
auc_degree,alpha,switching,45,7Networks_LH_Default_PFC_4,-0.154719629562938,-0.448354530600818,0.169055706558149,0.346978056784813,41,0.993660051509784,node
auc_degree,alpha,detail,45,7Networks_LH_Default_PFC_4,0.0160860179911948,-0.300963980866308,0.32993389473969,0.922571612522396,41,0.993660051509784,node
auc_degree,alpha,communication,45,7Networks_LH_Default_PFC_4,0.149762846188751,-0.173980819828208,0.44429098030149,0.362829839684118,41,0.993660051509784,node
auc_degree,alpha,imagination,45,7Networks_LH_Default_PFC_4,-0.16368552825888,-0.455674033739043,0.160105827125413,0.319398918545484,41,0.993660051509784,node
auc_degree,alpha,total,46,7Networks_LH_Default_PFC_5,0.10339184796787,-0.219284195910551,0.405680027817224,0.531081125344675,41,0.993660051509784,node
auc_degree,alpha,social,46,7Networks_LH_Default_PFC_5,-0.021985845300578,-0.335183126795326,0.295587106910744,0.894311764154765,41,0.993660051509784,node
auc_degree,alpha,switching,46,7Networks_LH_Default_PFC_5,0.286418046379568,-0.0319959238717033,0.552050928437173,0.0771062808252094,41,0.993660051509784,node
auc_degree,alpha,detail,46,7Networks_LH_Default_PFC_5,-0.0486908723246311,-0.358702558297695,0.270994895702144,0.76848603606745,41,0.993660051509784,node
auc_degree,alpha,communication,46,7Networks_LH_Default_PFC_5,-0.0494967478663133,-0.359406236307804,0.270246234434431,0.76476182370789,41,0.993660051509784,node
auc_degree,alpha,imagination,46,7Networks_LH_Default_PFC_5,0.137846735077576,-0.185754896369473,0.434472363093374,0.402676863742569,41,0.993660051509784,node
auc_degree,alpha,total,47,7Networks_LH_Default_PFC_6,0.0472711900747335,-0.272312845437696,0.357462056098276,0.775059279873875,41,0.993660051509784,node
auc_degree,alpha,social,47,7Networks_LH_Default_PFC_6,0.134000447217673,-0.189535602742326,0.431287982713256,0.416055665040888,41,0.993660051509784,node
auc_degree,alpha,switching,47,7Networks_LH_Default_PFC_6,0.19189508791788,-0.131595083360508,0.478448804151549,0.241876397291618,41,0.993660051509784,node
auc_degree,alpha,detail,47,7Networks_LH_Default_PFC_6,-0.195205564852465,-0.481096453704907,0.128213802440966,0.233695242943392,41,0.993660051509784,node
auc_degree,alpha,communication,47,7Networks_LH_Default_PFC_6,0.0168931830454414,-0.300229550281406,0.330653198640119,0.918699018373174,41,0.993660051509784,node
auc_degree,alpha,imagination,47,7Networks_LH_Default_PFC_6,-0.073622304129977,-0.380310344889494,0.247653005133854,0.656017992516479,41,0.993660051509784,node
auc_degree,alpha,total,48,7Networks_LH_Default_PFC_7,0.0569972017097966,-0.263259689654863,0.365938654804766,0.730359866075906,41,0.993660051509784,node
auc_degree,alpha,social,48,7Networks_LH_Default_PFC_7,-0.0666903399686357,-0.37433590774567,0.254180661942137,0.686668519591188,41,0.993660051509784,node
auc_degree,alpha,switching,48,7Networks_LH_Default_PFC_7,0.126214634039294,-0.197159410049674,0.424819277915367,0.443893625038737,41,0.993660051509784,node
auc_degree,alpha,detail,48,7Networks_LH_Default_PFC_7,-0.0428133794959669,-0.353559744661667,0.276443435705784,0.795797992480467,41,0.993660051509784,node
auc_degree,alpha,communication,48,7Networks_LH_Default_PFC_7,0.0229081326673982,-0.294744747494773,0.336001956549823,0.889904773251032,41,0.993660051509784,node
auc_degree,alpha,imagination,48,7Networks_LH_Default_PFC_7,0.173012255107472,-0.150738926278345,0.463246435072049,0.292214245386506,41,0.993660051509784,node
auc_degree,alpha,total,49,7Networks_LH_Default_pCunPCC_1,0.0981842496357917,-0.224286451827684,0.401275458730204,0.552076998721276,41,0.993660051509784,node
auc_degree,alpha,social,49,7Networks_LH_Default_pCunPCC_1,0.0961441671285511,-0.226241469701021,0.399546134137551,0.560407281707346,41,0.993660051509784,node
auc_degree,alpha,switching,49,7Networks_LH_Default_pCunPCC_1,-0.111405998458855,-0.412431051875415,0.211552769070232,0.499548120724353,41,0.993660051509784,node
auc_degree,alpha,detail,49,7Networks_LH_Default_pCunPCC_1,0.0232702773485519,-0.294413852226446,0.336323348288591,0.888175211473736,41,0.993660051509784,node
auc_degree,alpha,communication,49,7Networks_LH_Default_pCunPCC_1,0.250999299127632,-0.0700726225585278,0.524948016631822,0.123248007000943,41,0.993660051509784,node
auc_degree,alpha,imagination,49,7Networks_LH_Default_pCunPCC_1,0.0263616585824309,-0.291586122125629,0.339063884714442,0.873432694725808,41,0.993660051509784,node
auc_degree,alpha,total,50,7Networks_LH_Default_pCunPCC_2,-0.00130476345773705,-0.316696841215199,0.314347103840988,0.993710236290052,41,0.999290128042632,node
auc_degree,alpha,social,50,7Networks_LH_Default_pCunPCC_2,-0.0286137475035497,-0.341057045240083,0.289522599763169,0.862718868192792,41,0.993660051509784,node
auc_degree,alpha,switching,50,7Networks_LH_Default_pCunPCC_2,-0.129562913287991,-0.427604878369271,0.193885587399318,0.431798985922789,41,0.993660051509784,node
auc_degree,alpha,detail,50,7Networks_LH_Default_pCunPCC_2,0.00183386960269564,-0.313870200383319,0.317172801043802,0.991159704335232,41,0.999290128042632,node
auc_degree,alpha,communication,50,7Networks_LH_Default_pCunPCC_2,0.210349347520411,-0.112649660181729,0.493141997555946,0.198677436584121,41,0.993660051509784,node
auc_degree,alpha,imagination,50,7Networks_LH_Default_pCunPCC_2,-0.0359336677735876,-0.34751602924366,0.282795084914418,0.828072316094648,41,0.993660051509784,node
auc_degree,alpha,total,51,7Networks_RH_Vis_1,-0.0309751248141017,-0.343143916291142,0.287355759065168,0.851511101119731,41,0.93660075112047,node
auc_degree,alpha,social,51,7Networks_RH_Vis_1,0.0508649934798535,-0.268974243173412,0.360600160511908,0.758450686822625,41,0.93660075112047,node
auc_degree,alpha,switching,51,7Networks_RH_Vis_1,-0.0228940320730652,-0.335989441251665,0.294757629810214,0.889972126299583,41,0.93660075112047,node
auc_degree,alpha,detail,51,7Networks_RH_Vis_1,-0.317626122129845,-0.575475476749217,-0.00233797334971507,0.0487930708900428,41,0.761306481056959,node
auc_degree,alpha,communication,51,7Networks_RH_Vis_1,0.129801139331371,-0.193652384009845,0.427802855038062,0.430945504478576,41,0.892160139928363,node
auc_degree,alpha,imagination,51,7Networks_RH_Vis_1,0.116062458392401,-0.207041938169579,0.4163384699489,0.481674939883225,41,0.926997054114886,node
auc_degree,alpha,total,52,7Networks_RH_Vis_2,0.308082475107069,-0.00824107031505402,0.568356714667969,0.0563811187225384,41,0.761306481056959,node
auc_degree,alpha,social,52,7Networks_RH_Vis_2,0.149747620598346,-0.17399592322862,0.444278479728221,0.362879190557672,41,0.843521127491611,node
auc_degree,alpha,switching,52,7Networks_RH_Vis_2,0.23465450698005,-0.0873340549109268,0.512250563379835,0.150461228316718,41,0.761306481056959,node
auc_degree,alpha,detail,52,7Networks_RH_Vis_2,-0.0914171164193615,-0.395530821057093,0.230761458626046,0.579930412359572,41,0.93660075112047,node
auc_degree,alpha,communication,52,7Networks_RH_Vis_2,0.232530174341654,-0.0895634144964272,0.510591315801715,0.154297270498802,41,0.761306481056959,node
auc_degree,alpha,imagination,52,7Networks_RH_Vis_2,0.410499568885935,0.109109126688622,0.642769359883939,0.00944010650673836,41,0.489815606999805,node
auc_degree,alpha,total,53,7Networks_RH_Vis_3,0.254158297590063,-0.066714142512374,0.527388103985167,0.118443510095272,41,0.761306481056959,node
auc_degree,alpha,social,53,7Networks_RH_Vis_3,0.263640370320531,-0.0565894484308623,0.534685318528065,0.104867022777971,41,0.761306481056959,node
auc_degree,alpha,switching,53,7Networks_RH_Vis_3,0.0865923664825709,-0.235360572724711,0.391420496020893,0.600166369436635,41,0.93660075112047,node
auc_degree,alpha,detail,53,7Networks_RH_Vis_3,-0.220139712371822,-0.500872083151518,0.102502464868491,0.178099132417721,41,0.783373300010978,node
auc_degree,alpha,communication,53,7Networks_RH_Vis_3,0.377437901389441,0.0702857892256189,0.619217645403576,0.0178473136027872,41,0.51694592619101,node
auc_degree,alpha,imagination,53,7Networks_RH_Vis_3,0.231854411500776,-0.0902719110314436,0.510063064749556,0.155532344985612,41,0.761306481056959,node
auc_degree,alpha,total,54,7Networks_RH_Vis_4,-0.242800013720917,-0.518593606628482,0.0787558371194257,0.136397553875472,41,0.761306481056959,node
auc_degree,alpha,social,54,7Networks_RH_Vis_4,-0.260406751277473,-0.532201323335788,0.0600496337018733,0.109356855808112,41,0.761306481056959,node
auc_degree,alpha,switching,54,7Networks_RH_Vis_4,-0.103812277891293,-0.406035014594135,0.218879602655631,0.529403155836431,41,0.93660075112047,node
auc_degree,alpha,detail,54,7Networks_RH_Vis_4,0.0770880535773755,-0.244378421914032,0.383287796110471,0.64089568443336,41,0.93660075112047,node
auc_degree,alpha,communication,54,7Networks_RH_Vis_4,-0.241684349027164,-0.517726610241755,0.0799335901203128,0.138264078186866,41,0.761306481056959,node
auc_degree,alpha,imagination,54,7Networks_RH_Vis_4,-0.138519797966337,-0.435028837304858,0.185092323091188,0.400361405380436,41,0.868869432953286,node
auc_degree,alpha,total,55,7Networks_RH_Vis_5,-0.0543438254035914,-0.363631207373178,0.26573511028728,0.742474510553942,41,0.93660075112047,node
auc_degree,alpha,social,55,7Networks_RH_Vis_5,-0.0661369298887505,-0.373857837908345,0.254700537291737,0.689137724167783,41,0.93660075112047,node
auc_degree,alpha,switching,55,7Networks_RH_Vis_5,-0.125518850892951,-0.424239710744845,0.197838817008204,0.446429989841419,41,0.892160139928363,node
auc_degree,alpha,detail,55,7Networks_RH_Vis_5,0.0877877003867299,-0.234222482205378,0.392439965571683,0.59512443097738,41,0.93660075112047,node
auc_degree,alpha,communication,55,7Networks_RH_Vis_5,-0.066354722904854,-0.374046000493821,0.254495963905464,0.688165594862041,41,0.93660075112047,node
auc_degree,alpha,imagination,55,7Networks_RH_Vis_5,0.0501320351175328,-0.269655777618921,0.359960710956022,0.76182962266064,41,0.93660075112047,node
auc_degree,alpha,total,56,7Networks_RH_Vis_6,0.187444611173259,-0.136128915303235,0.474881177438227,0.253176030363407,41,0.830424440187061,node
auc_degree,alpha,social,56,7Networks_RH_Vis_6,0.168641920502155,-0.155135335451311,0.459703414159532,0.304761078676393,41,0.830424440187061,node
auc_degree,alpha,switching,56,7Networks_RH_Vis_6,0.0823175047399917,-0.2394235032052,0.387768442919419,0.618347323005425,41,0.93660075112047,node
auc_degree,alpha,detail,56,7Networks_RH_Vis_6,-0.0906623198354607,-0.394888593775722,0.231481907305344,0.583075858130573,41,0.93660075112047,node
auc_degree,alpha,communication,56,7Networks_RH_Vis_6,0.149735738552964,-0.174007709811165,0.444268724205576,0.362917706760775,41,0.843521127491611,node
auc_degree,alpha,imagination,56,7Networks_RH_Vis_6,0.249468967399568,-0.0716969773793511,0.523764329782424,0.125627268300062,41,0.761306481056959,node
auc_degree,alpha,total,57,7Networks_RH_Vis_7,0.0698483370241827,-0.251210476236718,0.377060855047492,0.672640112641932,41,0.93660075112047,node
auc_degree,alpha,social,57,7Networks_RH_Vis_7,-0.0737441598075824,-0.380415139952789,0.247537995225728,0.655483948190911,41,0.93660075112047,node
auc_degree,alpha,switching,57,7Networks_RH_Vis_7,0.162279768275886,-0.161512603394284,0.454529015703027,0.323629524650551,41,0.830424440187061,node
auc_degree,alpha,detail,57,7Networks_RH_Vis_7,-0.107306957829062,-0.408982195108528,0.215512259636597,0.515556440965866,41,0.93660075112047,node
auc_degree,alpha,communication,57,7Networks_RH_Vis_7,0.0410959025758798,-0.278031701764854,0.352053395017924,0.803825976313605,41,0.93660075112047,node
auc_degree,alpha,imagination,57,7Networks_RH_Vis_7,0.248649635093527,-0.0725659495605965,0.523130153832765,0.126915131479408,41,0.761306481056959,node
auc_degree,alpha,total,58,7Networks_RH_Vis_8,-0.164773207818476,-0.456559306715611,0.159016457936695,0.316149491784263,41,0.830424440187061,node
auc_degree,alpha,social,58,7Networks_RH_Vis_8,-0.0345604779540219,-0.346306596851996,0.284059535818451,0.834549531188279,41,0.93660075112047,node
auc_degree,alpha,switching,58,7Networks_RH_Vis_8,-0.370420540272661,-0.614162178500886,-0.0621635059073117,0.0202723892623925,41,0.51694592619101,node
auc_degree,alpha,detail,58,7Networks_RH_Vis_8,0.206045947484774,-0.117088693297995,0.489730015467249,0.208230291574631,41,0.811460426314506,node
auc_degree,alpha,communication,58,7Networks_RH_Vis_8,-0.253764749908635,-0.527084363753697,0.0671329384421925,0.119034254344952,41,0.761306481056959,node
auc_degree,alpha,imagination,58,7Networks_RH_Vis_8,0.011962712500124,-0.304709872464204,0.326253722579249,0.942379889677858,41,0.951710383635065,node
auc_degree,alpha,total,59,7Networks_RH_SomMot_1,-0.211627601661387,-0.494153797525732,0.111328630183122,0.195900068783752,41,0.866425558700535,node
auc_degree,alpha,social,59,7Networks_RH_SomMot_1,-0.138852437047956,-0.435303772680542,0.184764759483331,0.399219905462947,41,0.866425558700535,node
auc_degree,alpha,switching,59,7Networks_RH_SomMot_1,-0.14221743091451,-0.438081927417913,0.181447061749594,0.387778403198848,41,0.866425558700535,node
auc_degree,alpha,detail,59,7Networks_RH_SomMot_1,0.0354870836252978,-0.283206426948248,0.347122815453979,0.83017760598469,41,0.951817030505424,node
auc_degree,alpha,communication,59,7Networks_RH_SomMot_1,-0.119431894637333,-0.419158995973907,0.203769290357082,0.468953057824399,41,0.866425558700535,node
auc_degree,alpha,imagination,59,7Networks_RH_SomMot_1,-0.262836558578973,-0.534068285123626,0.0574502989752237,0.105969772202528,41,0.842977175671045,node
auc_degree,alpha,total,60,7Networks_RH_SomMot_2,-0.255007841154635,-0.528043543970161,0.0658097104405607,0.117175799980463,41,0.842977175671045,node
auc_degree,alpha,social,60,7Networks_RH_SomMot_2,-0.138676104239547,-0.435158035637345,0.184938410725984,0.39982478336887,41,0.866425558700535,node
auc_degree,alpha,switching,60,7Networks_RH_SomMot_2,-0.195870858223031,-0.481627912670893,0.127533371300418,0.232074084084045,41,0.866425558700535,node
auc_degree,alpha,detail,60,7Networks_RH_SomMot_2,0.084068916417895,-0.237760281269701,0.389265850312844,0.61087063569035,41,0.917485435889182,node
auc_degree,alpha,communication,60,7Networks_RH_SomMot_2,-0.193272982789021,-0.479551448729573,0.1301886321852,0.238448056840685,41,0.866425558700535,node
auc_degree,alpha,imagination,60,7Networks_RH_SomMot_2,-0.323607537956137,-0.57991728189728,-0.0090044891268346,0.044472070712354,41,0.622608989972956,node
auc_degree,alpha,total,61,7Networks_RH_SomMot_3,-0.0592332014881628,-0.367880195639235,0.261170373657737,0.720200566483548,41,0.918268317967533,node
auc_degree,alpha,social,61,7Networks_RH_SomMot_3,0.00906682286335953,-0.307334852648541,0.323663347419797,0.95631284519251,41,0.95631284519251,node
auc_degree,alpha,switching,61,7Networks_RH_SomMot_3,-0.0125802304072683,-0.326805482833994,0.304149500151115,0.939410880171216,41,0.951817030505424,node
auc_degree,alpha,detail,61,7Networks_RH_SomMot_3,-0.0306475581879945,-0.342854612739589,0.287656534641813,0.853064159898069,41,0.951817030505424,node
auc_degree,alpha,communication,61,7Networks_RH_SomMot_3,-0.0506965887372697,-0.360453266140691,0.269130861087412,0.759226643396647,41,0.922407199843256,node
auc_degree,alpha,imagination,61,7Networks_RH_SomMot_3,-0.114554658979328,-0.41507442949916,0.208504087249859,0.487425626229899,41,0.866425558700535,node
auc_degree,alpha,total,62,7Networks_RH_SomMot_4,0.109896187688763,-0.213012413246812,0.411161728120464,0.505414909241979,41,0.866425558700535,node
auc_degree,alpha,social,62,7Networks_RH_SomMot_4,0.355071993532557,0.04453943185314,0.603034565204108,0.0265470476371375,41,0.557488000379887,node
auc_degree,alpha,switching,62,7Networks_RH_SomMot_4,-0.0929177289906433,-0.396806751635243,0.229328083116729,0.573699716079288,41,0.917485435889182,node
auc_degree,alpha,detail,62,7Networks_RH_SomMot_4,0.0429480622467553,-0.276318811749347,0.353677802921551,0.79516931032709,41,0.940763691091206,node
auc_degree,alpha,communication,62,7Networks_RH_SomMot_4,-0.0541780763155464,-0.36348694144916,0.265889603038458,0.743233347078261,41,0.922407199843256,node
auc_degree,alpha,imagination,62,7Networks_RH_SomMot_4,-0.0267101399523358,-0.339372483990076,0.291267012383181,0.871773364648823,41,0.951817030505424,node
auc_degree,alpha,total,63,7Networks_RH_SomMot_5,0.241536937594676,-0.0800891380726931,0.517612012632566,0.138512104081018,41,0.866425558700535,node
auc_degree,alpha,social,63,7Networks_RH_SomMot_5,0.411273152050711,0.110028666438195,0.643315220024261,0.0092934805210271,41,0.557488000379887,node
auc_degree,alpha,switching,63,7Networks_RH_SomMot_5,-0.113935500938358,-0.414555031621841,0.209104081616879,0.489797319165982,41,0.866425558700535,node
auc_degree,alpha,detail,63,7Networks_RH_SomMot_5,0.26047843639849,-0.059973009284009,0.532256441038598,0.109255768249136,41,0.842977175671045,node
auc_degree,alpha,communication,63,7Networks_RH_SomMot_5,-0.0270430509996979,-0.339667232048654,0.290962094518674,0.870188679340331,41,0.951817030505424,node
auc_degree,alpha,imagination,63,7Networks_RH_SomMot_5,0.0701696562140289,-0.250907927156514,0.377337814605366,0.671218760935099,41,0.917485435889182,node
auc_degree,alpha,total,64,7Networks_RH_SomMot_6,0.17900857934617,-0.144685914799271,0.468092591783468,0.275548726756722,41,0.866425558700535,node
auc_degree,alpha,social,64,7Networks_RH_SomMot_6,0.184189414775478,-0.139436519785081,0.472265724957441,0.261660604698725,41,0.866425558700535,node
auc_degree,alpha,switching,64,7Networks_RH_SomMot_6,-0.0589473954257377,-0.367632177311186,0.261437598004202,0.721496535545918,41,0.918268317967533,node
auc_degree,alpha,detail,64,7Networks_RH_SomMot_6,0.380452131276602,0.0737871754979396,0.621383028691184,0.0168831267574524,41,0.557488000379887,node
auc_degree,alpha,communication,64,7Networks_RH_SomMot_6,-0.0486505170257987,-0.358667311410982,0.271032375753332,0.768672666536046,41,0.922407199843256,node
auc_degree,alpha,imagination,64,7Networks_RH_SomMot_6,-0.0141417067304328,-0.32819972720112,0.302731545510091,0.931907035077372,41,0.951817030505424,node
auc_degree,alpha,total,65,7Networks_RH_SomMot_7,-0.184422051262982,-0.472452809841073,0.139200377253747,0.261048068973769,41,0.866425558700535,node
auc_degree,alpha,social,65,7Networks_RH_SomMot_7,-0.278345978230461,-0.545923065119523,0.0407558349995329,0.086197306522299,41,0.842977175671045,node
auc_degree,alpha,switching,65,7Networks_RH_SomMot_7,-0.166138342096442,-0.457669585720904,0.157648086344631,0.312100728875971,41,0.866425558700535,node
auc_degree,alpha,detail,65,7Networks_RH_SomMot_7,0.328032383915596,0.0139542106093844,0.583193399762006,0.0414790944832279,41,0.622608989972956,node
auc_degree,alpha,communication,65,7Networks_RH_SomMot_7,-0.214554856111367,-0.496467981343124,0.108299111525339,0.18964282716917,41,0.866425558700535,node
auc_degree,alpha,imagination,65,7Networks_RH_SomMot_7,-0.183862731705406,-0.472002964548379,0.139768064141399,0.262522373135009,41,0.866425558700535,node
auc_degree,alpha,total,66,7Networks_RH_SomMot_8,-0.0663662679197451,-0.374055974118876,0.254485118849955,0.688114076916886,41,0.917485435889182,node
auc_degree,alpha,social,66,7Networks_RH_SomMot_8,-0.0967156761926801,-0.400030805258816,0.225694052422948,0.558067758090654,41,0.917485435889182,node
auc_degree,alpha,switching,66,7Networks_RH_SomMot_8,-0.0194784518702231,-0.332954606027755,0.297874709222322,0.906308359212332,41,0.951817030505424,node
auc_degree,alpha,detail,66,7Networks_RH_SomMot_8,0.212198045119509,-0.110738728690251,0.494605084255483,0.194669464813836,41,0.866425558700535,node
auc_degree,alpha,communication,66,7Networks_RH_SomMot_8,-0.122613738340322,-0.421817189321052,0.200672201143659,0.457105104703977,41,0.866425558700535,node
auc_degree,alpha,imagination,66,7Networks_RH_SomMot_8,-0.207876400639848,-0.491182366289838,0.115202125227563,0.204128702390608,41,0.866425558700535,node
auc_degree,alpha,total,67,7Networks_RH_DorsAttn_Post_1,0.0780686483580849,-0.243450582822865,0.384129078946943,0.636642472928707,41,0.958695677353538,node
auc_degree,alpha,social,67,7Networks_RH_DorsAttn_Post_1,-0.00117209065060835,-0.316577469879724,0.314466661900495,0.994349790127181,41,0.994349790127181,node
auc_degree,alpha,switching,67,7Networks_RH_DorsAttn_Post_1,0.159227765532221,-0.164562289507948,0.452039772632719,0.332934330471175,41,0.958695677353538,node
auc_degree,alpha,detail,67,7Networks_RH_DorsAttn_Post_1,-0.136917647881257,-0.433703841150043,0.186669020622185,0.405885702516191,41,0.958695677353538,node
auc_degree,alpha,communication,67,7Networks_RH_DorsAttn_Post_1,0.110445095062666,-0.212481911159438,0.411623339146085,0.503277960961692,41,0.958695677353538,node
auc_degree,alpha,imagination,67,7Networks_RH_DorsAttn_Post_1,0.116448046213315,-0.206667792557318,0.416661535300027,0.480210028233282,41,0.958695677353538,node
auc_degree,alpha,total,68,7Networks_RH_DorsAttn_Post_2,0.194488510544278,-0.128946831482986,0.480523410950229,0.235451129163347,41,0.958695677353538,node
auc_degree,alpha,social,68,7Networks_RH_DorsAttn_Post_2,0.322495415498383,0.00776286622295746,0.579092570337312,0.0452511447482487,41,0.958695677353538,node
auc_degree,alpha,switching,68,7Networks_RH_DorsAttn_Post_2,-0.143904433852434,-0.43947260124778,0.179780992784842,0.382115224038575,41,0.958695677353538,node
auc_degree,alpha,detail,68,7Networks_RH_DorsAttn_Post_2,0.153173558845527,-0.170593636189559,0.447088369392283,0.351876374381378,41,0.958695677353538,node
auc_degree,alpha,communication,68,7Networks_RH_DorsAttn_Post_2,0.0889275279003526,-0.23313641724376,0.393411398436981,0.59033396635443,41,0.958695677353538,node
auc_degree,alpha,imagination,68,7Networks_RH_DorsAttn_Post_2,0.0874684875182482,-0.234526494678828,0.392167790362187,0.596469061045104,41,0.958695677353538,node
auc_degree,alpha,total,69,7Networks_RH_DorsAttn_Post_3,-0.179613979693905,-0.468580904520556,0.144073441757803,0.273901434741781,41,0.958695677353538,node
auc_degree,alpha,social,69,7Networks_RH_DorsAttn_Post_3,-0.0721485234267595,-0.37904227949333,0.249043273217481,0.662490265017768,41,0.958695677353538,node
auc_degree,alpha,switching,69,7Networks_RH_DorsAttn_Post_3,-0.167412190882711,-0.458704801830875,0.156370094232315,0.308352392080094,41,0.958695677353538,node
auc_degree,alpha,detail,69,7Networks_RH_DorsAttn_Post_3,-0.127461460995555,-0.425857236622188,0.195941151326551,0.43936831924447,41,0.958695677353538,node
auc_degree,alpha,communication,69,7Networks_RH_DorsAttn_Post_3,-0.0566466650554963,-0.365634036302015,0.263586958586079,0.731956707043671,41,0.969978203447545,node
auc_degree,alpha,imagination,69,7Networks_RH_DorsAttn_Post_3,-0.0629531709369687,-0.371104330198909,0.257687773355203,0.703404065823205,41,0.969978203447545,node
auc_degree,alpha,total,70,7Networks_RH_DorsAttn_Post_4,-0.173640100191824,-0.463754666731241,0.150106281528261,0.290439500599383,41,0.958695677353538,node
auc_degree,alpha,social,70,7Networks_RH_DorsAttn_Post_4,-0.0761921392581472,-0.382518718873196,0.245225622046978,0.644791516699354,41,0.958695677353538,node
auc_degree,alpha,switching,70,7Networks_RH_DorsAttn_Post_4,-0.215574151784306,-0.497272860923448,0.107242797094504,0.187497516197875,41,0.958695677353538,node
auc_degree,alpha,detail,70,7Networks_RH_DorsAttn_Post_4,0.038041858211717,-0.280851677679204,0.349370795601304,0.818150089102983,41,0.98178010692358,node
auc_degree,alpha,communication,70,7Networks_RH_DorsAttn_Post_4,-0.156054417784051,-0.44944671410779,0.167726677475712,0.342782779933767,41,0.958695677353538,node
auc_degree,alpha,imagination,70,7Networks_RH_DorsAttn_Post_4,-0.0695423850974125,-0.376797090156349,0.251498497449155,0.673994530691656,41,0.958695677353538,node
auc_degree,alpha,total,71,7Networks_RH_DorsAttn_Post_5,-0.109786646488146,-0.411069589479438,0.213118258662782,0.505841911135474,41,0.958695677353538,node
auc_degree,alpha,social,71,7Networks_RH_DorsAttn_Post_5,-0.0706235863777179,-0.377728983945619,0.250480406743535,0.66921272736959,41,0.958695677353538,node
auc_degree,alpha,switching,71,7Networks_RH_DorsAttn_Post_5,-0.178138022034358,-0.467390095228364,0.145566207967517,0.277928847564671,41,0.958695677353538,node
auc_degree,alpha,detail,71,7Networks_RH_DorsAttn_Post_5,0.249217888049347,-0.0719633203841745,0.523570022763965,0.126020884208407,41,0.958695677353538,node
auc_degree,alpha,communication,71,7Networks_RH_DorsAttn_Post_5,-0.20769210203602,-0.491036208081487,0.11539217932179,0.204539098759725,41,0.958695677353538,node
auc_degree,alpha,imagination,71,7Networks_RH_DorsAttn_Post_5,-0.124622471881857,-0.423492692137875,0.198713640832719,0.449709220244065,41,0.958695677353538,node
auc_degree,alpha,total,72,7Networks_RH_DorsAttn_PrCv_1,0.176075221967053,-0.147650033190837,0.465724058379619,0.283622004659436,41,0.958695677353538,node
auc_degree,alpha,social,72,7Networks_RH_DorsAttn_PrCv_1,0.365885244056878,0.0569357343256877,0.610884170535959,0.0219817806828397,41,0.958695677353538,node
auc_degree,alpha,switching,72,7Networks_RH_DorsAttn_PrCv_1,0.0448962481859146,-0.274514924532986,0.355384408987326,0.786089872317982,41,0.969978203447545,node
auc_degree,alpha,detail,72,7Networks_RH_DorsAttn_PrCv_1,-0.0965283002485301,-0.399871918842345,0.225873552029157,0.558834296319203,41,0.958695677353538,node
auc_degree,alpha,communication,72,7Networks_RH_DorsAttn_PrCv_1,0.0304642061958166,-0.287824863220875,0.342692652246762,0.853933707140246,41,0.990058114127528,node
auc_degree,alpha,imagination,72,7Networks_RH_DorsAttn_PrCv_1,0.0928306382019931,-0.229411309901238,0.396732732762772,0.5740604929786,41,0.958695677353538,node
auc_degree,alpha,total,73,7Networks_RH_DorsAttn_FEF_1,-0.0773599603882401,-0.383521124360884,0.244121202572303,0.639715180747863,41,0.958695677353538,node
auc_degree,alpha,social,73,7Networks_RH_DorsAttn_FEF_1,0.0451404540590749,-0.274288647884588,0.355598186824986,0.784953699401498,41,0.969978203447545,node
auc_degree,alpha,switching,73,7Networks_RH_DorsAttn_FEF_1,-0.0867493490664719,-0.391554425125801,0.235211158231144,0.599503158480732,41,0.958695677353538,node
auc_degree,alpha,detail,73,7Networks_RH_DorsAttn_FEF_1,0.196193542186922,-0.127203235471038,0.481885607922862,0.231290544419791,41,0.958695677353538,node
auc_degree,alpha,communication,73,7Networks_RH_DorsAttn_FEF_1,-0.215524630845117,-0.497233768269303,0.107294133382856,0.187601344197289,41,0.958695677353538,node
auc_degree,alpha,imagination,73,7Networks_RH_DorsAttn_FEF_1,-0.245174447502536,-0.520436921496539,0.0762462710815783,0.132487259179119,41,0.958695677353538,node
auc_degree,alpha,total,74,7Networks_RH_SalVentAttn_TempOccPar_1,0.0174162820987405,-0.299753387340731,0.331119162968652,0.916190289769759,41,0.929112537280539,node
auc_degree,alpha,social,74,7Networks_RH_SalVentAttn_TempOccPar_1,0.114216429852292,-0.208831877923846,0.414790720899913,0.48872048003667,41,0.765241172032036,node
auc_degree,alpha,switching,74,7Networks_RH_SalVentAttn_TempOccPar_1,0.0310228721870633,-0.287311911615639,0.343186081345632,0.851284767248347,41,0.914813481222105,node
auc_degree,alpha,detail,74,7Networks_RH_SalVentAttn_TempOccPar_1,-0.205323023996267,-0.489155986607015,0.117833137084888,0.209865853200027,41,0.681832120112613,node
auc_degree,alpha,communication,74,7Networks_RH_SalVentAttn_TempOccPar_1,0.12048623605748,-0.20274374946088,0.420040389295563,0.4650091599581,41,0.765241172032036,node
auc_degree,alpha,imagination,74,7Networks_RH_SalVentAttn_TempOccPar_1,-0.0330731616450807,-0.344995477843026,0.285427826747769,0.841577219836118,41,0.914813481222105,node
auc_degree,alpha,total,75,7Networks_RH_SalVentAttn_TempOccPar_2,-0.188766019348629,-0.475941442242161,0.134784171036291,0.249784855092837,41,0.691711906410934,node
auc_degree,alpha,social,75,7Networks_RH_SalVentAttn_TempOccPar_2,-0.0701306544635066,-0.377304200160458,0.25094465393479,0.671391224729761,41,0.873083756890035,node
auc_degree,alpha,switching,75,7Networks_RH_SalVentAttn_TempOccPar_2,-0.206041872614099,-0.489726780553382,0.117092890489101,0.208239485770753,41,0.681832120112613,node
auc_degree,alpha,detail,75,7Networks_RH_SalVentAttn_TempOccPar_2,0.0229688041212213,-0.294689316683703,0.336055805595555,0.889614978038077,41,0.928293890126689,node
auc_degree,alpha,communication,75,7Networks_RH_SalVentAttn_TempOccPar_2,-0.147528739726,-0.442455498494754,0.17619536959783,0.370114295675871,41,0.765241172032036,node
auc_degree,alpha,imagination,75,7Networks_RH_SalVentAttn_TempOccPar_2,-0.1412917515211,-0.437318245268219,0.182360465624232,0.390906583280391,41,0.765241172032036,node
auc_degree,alpha,total,76,7Networks_RH_SalVentAttn_FrOperIns_1,-0.0483171995427362,-0.358376153415195,0.271341907858482,0.770214644945626,41,0.907512928345781,node
auc_degree,alpha,social,76,7Networks_RH_SalVentAttn_FrOperIns_1,-0.0279079996332296,-0.340432741087386,0.290169573939394,0.866073799515316,41,0.917019317133864,node
auc_degree,alpha,switching,76,7Networks_RH_SalVentAttn_FrOperIns_1,0.0458899370206543,-0.27359396989226,0.35625408148857,0.781469466075533,41,0.907512928345781,node
auc_degree,alpha,detail,76,7Networks_RH_SalVentAttn_FrOperIns_1,-0.0411917365869951,-0.352137490729961,0.27794312357239,0.80337748919743,41,0.913537851365883,node
auc_degree,alpha,communication,76,7Networks_RH_SalVentAttn_FrOperIns_1,-0.0629724273418495,-0.371121000609673,0.257669723990241,0.703317470828084,41,0.873083756890035,node
auc_degree,alpha,imagination,76,7Networks_RH_SalVentAttn_FrOperIns_1,-0.0673998764766021,-0.374948610079148,0.253513849504346,0.68350739745876,41,0.873083756890035,node
auc_degree,alpha,total,77,7Networks_RH_SalVentAttn_Med_1,-0.301371713140142,-0.563327604755475,0.0156377274165315,0.0622596078573491,41,0.681832120112613,node
auc_degree,alpha,social,77,7Networks_RH_SalVentAttn_Med_1,-0.267854875370291,-0.537915793459652,0.0520680739097032,0.0992275291071999,41,0.681832120112613,node
auc_degree,alpha,switching,77,7Networks_RH_SalVentAttn_Med_1,-0.255886970299656,-0.528721467514517,0.0648732259570382,0.115874721322922,41,0.681832120112613,node
auc_degree,alpha,detail,77,7Networks_RH_SalVentAttn_Med_1,0.114168508617091,-0.208878314340302,0.414750519556167,0.488904082131578,41,0.765241172032036,node
auc_degree,alpha,communication,77,7Networks_RH_SalVentAttn_Med_1,-0.14934245981968,-0.44394579091762,0.174397776522854,0.364193922330985,41,0.765241172032036,node
auc_degree,alpha,imagination,77,7Networks_RH_SalVentAttn_Med_1,-0.294410448566232,-0.558090174033218,0.0232740020138201,0.0688607252430197,41,0.681832120112613,node
auc_degree,alpha,total,78,7Networks_RH_SalVentAttn_Med_2,-0.244323605038701,-0.519776692274736,0.0771460045581913,0.13387876687187,41,0.681832120112613,node
auc_degree,alpha,social,78,7Networks_RH_SalVentAttn_Med_2,-0.244716293767102,-0.520081448298166,0.0767308162457082,0.133235204687241,41,0.681832120112613,node
auc_degree,alpha,switching,78,7Networks_RH_SalVentAttn_Med_2,-0.116422060743267,-0.4166397657166,0.206693009885937,0.480308678080207,41,0.765241172032036,node
auc_degree,alpha,detail,78,7Networks_RH_SalVentAttn_Med_2,0.197099710398249,-0.126275757466945,0.482609009243389,0.229099832083603,41,0.681832120112613,node
auc_degree,alpha,communication,78,7Networks_RH_SalVentAttn_Med_2,-0.262328235729828,-0.53367792990743,0.0579944468953484,0.106671677108819,41,0.681832120112613,node
auc_degree,alpha,imagination,78,7Networks_RH_SalVentAttn_Med_2,-0.296108329123429,-0.559369544729024,0.0214148956661337,0.067202001227787,41,0.681832120112613,node
auc_degree,alpha,total,79,7Networks_RH_Limbic_OFC_1,0.0824535008225386,-0.239294422589187,0.387884773480785,0.617765390888872,41,0.995786202167681,node
auc_degree,alpha,social,79,7Networks_RH_Limbic_OFC_1,-0.0734658269635904,-0.380175764028489,0.247800678241324,0.656704016142236,41,0.995786202167681,node
auc_degree,alpha,switching,79,7Networks_RH_Limbic_OFC_1,0.312530227627598,-0.00331957264408253,0.571679221409663,0.0527353331000126,41,0.79102999650019,node
auc_degree,alpha,detail,79,7Networks_RH_Limbic_OFC_1,-0.0678975355054205,-0.375378190712073,0.253045974500634,0.681293396313212,41,0.995786202167681,node
auc_degree,alpha,communication,79,7Networks_RH_Limbic_OFC_1,-0.012873007880696,-0.327067008469114,0.303883739915445,0.938003493640198,41,0.995786202167681,node
auc_degree,alpha,imagination,79,7Networks_RH_Limbic_OFC_1,0.0852965560674174,-0.236593331465052,0.390314486731658,0.605652940418817,41,0.995786202167681,node
auc_degree,alpha,total,80,7Networks_RH_Limbic_TempPole_1,-0.00465675325705606,-0.319709457083132,0.311323133206611,0.977554196822444,41,0.995786202167681,node
auc_degree,alpha,social,80,7Networks_RH_Limbic_TempPole_1,0.117409588451284,-0.205734371979504,0.41746683474848,0.476567138251789,41,0.995786202167681,node
auc_degree,alpha,switching,80,7Networks_RH_Limbic_TempPole_1,-0.0339588097645175,-0.3457763528868,0.284613210692702,0.837390967805099,41,0.995786202167681,node
auc_degree,alpha,detail,80,7Networks_RH_Limbic_TempPole_1,-0.18366799857985,-0.471846310845116,0.139965660526134,0.263036959221461,41,0.995786202167681,node
auc_degree,alpha,communication,80,7Networks_RH_Limbic_TempPole_1,0.138897664681064,-0.184720216389125,0.435341150297009,0.399064845343778,41,0.995786202167681,node
auc_degree,alpha,imagination,80,7Networks_RH_Limbic_TempPole_1,-0.080343051378681,-0.386078405743645,0.241296274281091,0.626821796277146,41,0.995786202167681,node
auc_degree,alpha,total,81,7Networks_RH_Cont_Par_1,0.0204653308461766,-0.296974772073133,0.333832142283452,0.901584053215508,41,0.955551631904909,node
auc_degree,alpha,social,81,7Networks_RH_Cont_Par_1,0.158730585720947,-0.16505850625869,0.451633835506464,0.334465636552531,41,0.955551631904909,node
auc_degree,alpha,switching,81,7Networks_RH_Cont_Par_1,-0.191200013956179,-0.477892236070248,0.132304068603973,0.243618366597209,41,0.955551631904909,node
auc_degree,alpha,detail,81,7Networks_RH_Cont_Par_1,-0.0563205234430214,-0.365350557784787,0.263891385568049,0.733443418703758,41,0.955551631904909,node
auc_degree,alpha,communication,81,7Networks_RH_Cont_Par_1,0.0609761879227165,-0.259539644036952,0.369391783874465,0.712313902592196,41,0.955551631904909,node
auc_degree,alpha,imagination,81,7Networks_RH_Cont_Par_1,0.0999676712933667,-0.222575263939951,0.402785450610088,0.54484284886287,41,0.955551631904909,node
auc_degree,alpha,total,82,7Networks_RH_Cont_Par_2,0.040162230051791,-0.27889439982111,0.351233821248703,0.808198627303616,41,0.955551631904909,node
auc_degree,alpha,social,82,7Networks_RH_Cont_Par_2,0.133972143639539,-0.18956338821478,0.43126452241116,0.416155037992246,41,0.955551631904909,node
auc_degree,alpha,switching,82,7Networks_RH_Cont_Par_2,-0.0604511216449423,-0.368936596901572,0.260031085938268,0.714686662416413,41,0.955551631904909,node
auc_degree,alpha,detail,82,7Networks_RH_Cont_Par_2,-0.0805495483535492,-0.386255253382428,0.241100523791951,0.625933259354043,41,0.955551631904909,node
auc_degree,alpha,communication,82,7Networks_RH_Cont_Par_2,0.0708622053611052,-0.25025562043064,0.377934567287642,0.668159114851777,41,0.955551631904909,node
auc_degree,alpha,imagination,82,7Networks_RH_Cont_Par_2,0.0434899614257886,-0.275817275830845,0.354152713043913,0.792641085427117,41,0.955551631904909,node
auc_degree,alpha,total,83,7Networks_RH_Cont_PFCl_1,-0.0184512495032814,-0.33204063698116,0.298810818609605,0.911229074120498,41,0.955551631904909,node
auc_degree,alpha,social,83,7Networks_RH_Cont_PFCl_1,-0.0333381877823743,-0.345229196399645,0.285184104872483,0.840324047377414,41,0.955551631904909,node
auc_degree,alpha,switching,83,7Networks_RH_Cont_PFCl_1,0.115655399662899,-0.207436815022547,0.415997332869874,0.483223948709091,41,0.955551631904909,node
auc_degree,alpha,detail,83,7Networks_RH_Cont_PFCl_1,-0.0620179887402988,-0.370294496993347,0.258564066735681,0.7076139497399,41,0.955551631904909,node
auc_degree,alpha,communication,83,7Networks_RH_Cont_PFCl_1,-0.0638131870254894,-0.371848658819024,0.256881447002155,0.699540231777545,41,0.955551631904909,node
auc_degree,alpha,imagination,83,7Networks_RH_Cont_PFCl_1,-0.0173923106832221,-0.33109781314021,0.299775211328262,0.916305236872753,41,0.955551631904909,node
auc_degree,alpha,total,84,7Networks_RH_Cont_PFCl_2,-0.0783536380321853,-0.384373485195177,0.243180815094016,0.635408507020703,41,0.955551631904909,node
auc_degree,alpha,social,84,7Networks_RH_Cont_PFCl_2,-0.0853438234889621,-0.3903548462328,0.236548382191364,0.605452428204499,41,0.955551631904909,node
auc_degree,alpha,switching,84,7Networks_RH_Cont_PFCl_2,-0.0121590465946119,-0.32642917286162,0.304531731049717,0.941435835491572,41,0.955551631904909,node
auc_degree,alpha,detail,84,7Networks_RH_Cont_PFCl_2,0.125477582000475,-0.197879104824265,0.424205327265099,0.446580676953141,41,0.955551631904909,node
auc_degree,alpha,communication,84,7Networks_RH_Cont_PFCl_2,-0.258633418117589,-0.530837098016216,0.0619439527497628,0.111880172766442,41,0.955551631904909,node
auc_degree,alpha,imagination,84,7Networks_RH_Cont_PFCl_2,0.0139965329954502,-0.302863434905682,0.32807015904439,0.93260444861144,41,0.955551631904909,node
auc_degree,alpha,total,85,7Networks_RH_Cont_PFCl_3,-0.222480338096649,-0.502713539150467,0.100066543572467,0.173413424321072,41,0.955551631904909,node
auc_degree,alpha,social,85,7Networks_RH_Cont_PFCl_3,-0.295133117457483,-0.55863486585612,0.0224829790730594,0.0681508241198746,41,0.955551631904909,node
auc_degree,alpha,switching,85,7Networks_RH_Cont_PFCl_3,-0.0428096437488003,-0.353556469893277,0.276446892295272,0.795815432292418,41,0.955551631904909,node
auc_degree,alpha,detail,85,7Networks_RH_Cont_PFCl_3,0.0222732175379243,-0.295324692091362,0.335438313798302,0.892938263766892,41,0.955551631904909,node
auc_degree,alpha,communication,85,7Networks_RH_Cont_PFCl_3,-0.287586122183699,-0.552935296161545,0.0307242486405799,0.0758552697100888,41,0.955551631904909,node
auc_degree,alpha,imagination,85,7Networks_RH_Cont_PFCl_3,0.0431753316559001,-0.276108491629827,0.353876997011228,0.794108734585808,41,0.955551631904909,node
auc_degree,alpha,total,86,7Networks_RH_Cont_PFCl_4,0.0868408585012058,-0.23512405342165,0.39163249010024,0.59911670158977,41,0.955551631904909,node
auc_degree,alpha,social,86,7Networks_RH_Cont_PFCl_4,0.288689134796914,-0.0295224604755761,0.553769855104998,0.0746885693665737,41,0.955551631904909,node
auc_degree,alpha,switching,86,7Networks_RH_Cont_PFCl_4,0.0262721254422818,-0.291668097571549,0.33898458736391,0.873859102526503,41,0.955551631904909,node
auc_degree,alpha,detail,86,7Networks_RH_Cont_PFCl_4,-0.077685050880764,-0.383800039219085,0.243813612964331,0.638304923515417,41,0.955551631904909,node
auc_degree,alpha,communication,86,7Networks_RH_Cont_PFCl_4,-0.0809671048890297,-0.386612787479628,0.240704617690736,0.624138144597991,41,0.955551631904909,node
auc_degree,alpha,imagination,86,7Networks_RH_Cont_PFCl_4,0.0242684309937363,-0.293501434651688,0.337208800182338,0.883410808676421,41,0.955551631904909,node
auc_degree,alpha,total,87,7Networks_RH_Cont_Cing_1,-0.241854121546436,-0.51785857908197,0.0797544274292626,0.13797883552435,41,0.955551631904909,node
auc_degree,alpha,social,87,7Networks_RH_Cont_Cing_1,-0.240833664270908,-0.517065151751117,0.0808310136982457,0.139699915855369,41,0.955551631904909,node
auc_degree,alpha,switching,87,7Networks_RH_Cont_Cing_1,-0.222715432286188,-0.50289835591634,0.0998216639567286,0.17294771755836,41,0.955551631904909,node
auc_degree,alpha,detail,87,7Networks_RH_Cont_Cing_1,0.0371564471717183,-0.281668200675326,0.348592116253439,0.822313980624561,41,0.955551631904909,node
auc_degree,alpha,communication,87,7Networks_RH_Cont_Cing_1,-0.0134191927970885,-0.327554763565695,0.303387824646513,0.935378472525443,41,0.955551631904909,node
auc_degree,alpha,imagination,87,7Networks_RH_Cont_Cing_1,-0.225938407124978,-0.505429482325297,0.0964605937285961,0.166653365557661,41,0.955551631904909,node
auc_degree,alpha,total,88,7Networks_RH_Cont_PFCmp_1,-0.0671771916327477,-0.374756345131376,0.253723158434409,0.684498931847389,41,0.955551631904909,node
auc_degree,alpha,social,88,7Networks_RH_Cont_PFCmp_1,-0.166696059480551,-0.458122922071022,0.157088688374663,0.310456101268709,41,0.955551631904909,node
auc_degree,alpha,switching,88,7Networks_RH_Cont_PFCmp_1,0.180743091074405,-0.142930476375163,0.469491168288855,0.270846399879673,41,0.955551631904909,node
auc_degree,alpha,detail,88,7Networks_RH_Cont_PFCmp_1,0.0280563473008993,-0.290033604588798,0.340563992224211,0.865368401390557,41,0.955551631904909,node
auc_degree,alpha,communication,88,7Networks_RH_Cont_PFCmp_1,-0.24948539563763,-0.52377704238577,0.0716795488367093,0.125601545877244,41,0.955551631904909,node
auc_degree,alpha,imagination,88,7Networks_RH_Cont_PFCmp_1,0.031975292124096,-0.286437004879639,0.344026887645502,0.846772547689041,41,0.955551631904909,node
auc_degree,alpha,total,89,7Networks_RH_Cont_pCun_1,-0.129584700315609,-0.427622985567298,0.193864261238467,0.431720891553155,41,0.955551631904909,node
auc_degree,alpha,social,89,7Networks_RH_Cont_pCun_1,0.0210761413297958,-0.296417489957651,0.334375005124062,0.898661694556198,41,0.955551631904909,node
auc_degree,alpha,switching,89,7Networks_RH_Cont_pCun_1,-0.537062012918626,-0.729044193801378,-0.266740020324092,0.000423274774984575,41,0.0330154324487968,node
auc_degree,alpha,detail,89,7Networks_RH_Cont_pCun_1,0.180160101372697,-0.143520727078662,0.469021251956512,0.272420986784705,41,0.955551631904909,node
auc_degree,alpha,communication,89,7Networks_RH_Cont_pCun_1,-0.00922496051213799,-0.323804923485938,0.307191632906072,0.955551631904909,41,0.955551631904909,node
auc_degree,alpha,imagination,89,7Networks_RH_Cont_pCun_1,0.0256497756344452,-0.292237784395403,0.338433264281745,0.876824051123811,41,0.955551631904909,node
auc_degree,alpha,total,90,7Networks_RH_Default_Par_1,-0.0772254340704592,-0.383405689730804,0.244248467895921,0.640299127697016,41,0.993660051509784,node
auc_degree,alpha,social,90,7Networks_RH_Default_Par_1,0.0167509188716076,-0.300359022185523,0.330526446596922,0.919381437805763,41,0.993660051509784,node
auc_degree,alpha,switching,90,7Networks_RH_Default_Par_1,-0.0451377503240565,-0.35559582015299,0.274291153309138,0.784966276184883,41,0.993660051509784,node
auc_degree,alpha,detail,90,7Networks_RH_Default_Par_1,-0.188608259398179,-0.475814903476849,0.134944779705669,0.250188112449227,41,0.993660051509784,node
auc_degree,alpha,communication,90,7Networks_RH_Default_Par_1,0.00975221439006907,-0.306714013908909,0.324276856875613,0.953013920872546,41,0.993660051509784,node
auc_degree,alpha,imagination,90,7Networks_RH_Default_Par_1,-0.000404893509982812,-0.31588699420105,0.315157825046577,0.998048146316968,41,0.999290128042632,node
auc_degree,alpha,total,91,7Networks_RH_Default_Temp_1,0.051420854874298,-0.268457167029995,0.361084912586999,0.755891109833692,41,0.993660051509784,node
auc_degree,alpha,social,91,7Networks_RH_Default_Temp_1,0.0908474662680763,-0.231305218879234,0.395046155255123,0.582303596097,41,0.993660051509784,node
auc_degree,alpha,switching,91,7Networks_RH_Default_Temp_1,-0.00824043737550324,-0.322923279151391,0.308083048010075,0.960291350552947,41,0.993660051509784,node
auc_degree,alpha,detail,91,7Networks_RH_Default_Temp_1,-0.0967833994767278,-0.400088227088149,0.225629170497209,0.557790828868887,41,0.993660051509784,node
auc_degree,alpha,communication,91,7Networks_RH_Default_Temp_1,0.184122577905608,-0.139504357141448,0.472211970343063,0.261836763253299,41,0.993660051509784,node
auc_degree,alpha,imagination,91,7Networks_RH_Default_Temp_1,-0.0411970340063425,-0.352142139144589,0.27793822707484,0.803352699971392,41,0.993660051509784,node
auc_degree,alpha,total,92,7Networks_RH_Default_Temp_2,0.0440960822964516,-0.275256095695067,0.354683716062447,0.78981571047526,41,0.993660051509784,node
auc_degree,alpha,social,92,7Networks_RH_Default_Temp_2,0.128366543088142,-0.195056181358411,0.426610207840359,0.436099338429433,41,0.993660051509784,node
auc_degree,alpha,switching,92,7Networks_RH_Default_Temp_2,-0.00014725607377626,-0.315655046120819,0.315389853958834,0.999290128042632,41,0.999290128042632,node
auc_degree,alpha,detail,92,7Networks_RH_Default_Temp_2,-0.186810004756261,-0.474371688388853,0.136774305341615,0.254815518892099,41,0.993660051509784,node
auc_degree,alpha,communication,92,7Networks_RH_Default_Temp_2,0.17732091075864,-0.146391991336678,0.466730394464071,0.280175018452726,41,0.993660051509784,node
auc_degree,alpha,imagination,92,7Networks_RH_Default_Temp_2,-0.00729842766963403,-0.322079194160932,0.308935450593267,0.964827662216175,41,0.993660051509784,node
auc_degree,alpha,total,93,7Networks_RH_Default_Temp_3,-0.0416067837186574,-0.352501642561684,0.277559437975923,0.8014358563822,41,0.993660051509784,node
auc_degree,alpha,social,93,7Networks_RH_Default_Temp_3,0.0285606860585233,-0.289571252433783,0.34101011669687,0.862971025945158,41,0.993660051509784,node
auc_degree,alpha,switching,93,7Networks_RH_Default_Temp_3,-0.00704289663049481,-0.32185014001071,0.309166587100097,0.96605838341229,41,0.993660051509784,node
auc_degree,alpha,detail,93,7Networks_RH_Default_Temp_3,-0.121221309521982,-0.420654551375706,0.202028335616023,0.46227002309096,41,0.993660051509784,node
auc_degree,alpha,communication,93,7Networks_RH_Default_Temp_3,0.0555106294565463,-0.264647080705595,0.364646359315478,0.737139445930874,41,0.993660051509784,node
auc_degree,alpha,imagination,93,7Networks_RH_Default_Temp_3,-0.0952127444369326,-0.398755872812109,0.227133192387145,0.564229876653644,41,0.993660051509784,node
auc_degree,alpha,total,94,7Networks_RH_Default_PFCv_1,0.0406991673847773,-0.278398341468153,0.351705200806561,0.805683287889555,41,0.993660051509784,node
auc_degree,alpha,social,94,7Networks_RH_Default_PFCv_1,-0.0397624831993447,-0.350882779361292,0.279263601965467,0.810072520112236,41,0.993660051509784,node
auc_degree,alpha,switching,94,7Networks_RH_Default_PFCv_1,0.163321985587015,-0.160469758753132,0.455378013974437,0.320489651607707,41,0.993660051509784,node
auc_degree,alpha,detail,94,7Networks_RH_Default_PFCv_1,0.0433081948210119,-0.275985522964081,0.353993434109323,0.793488884035086,41,0.993660051509784,node
auc_degree,alpha,communication,94,7Networks_RH_Default_PFCv_1,-0.105166725294141,-0.407178011984087,0.217575419310867,0.524015088093397,41,0.993660051509784,node
auc_degree,alpha,imagination,94,7Networks_RH_Default_PFCv_1,0.0517689057655146,-0.268133307530836,0.361388353422313,0.754289743432082,41,0.993660051509784,node
auc_degree,alpha,total,95,7Networks_RH_Default_PFCv_2,0.0271644419792765,-0.290850894754821,0.339774692196549,0.869610971792931,41,0.993660051509784,node
auc_degree,alpha,social,95,7Networks_RH_Default_PFCv_2,0.0700398537024532,-0.251030154706109,0.377225938558307,0.671792805433786,41,0.993660051509784,node
auc_degree,alpha,switching,95,7Networks_RH_Default_PFCv_2,0.0539334596045651,-0.266117577328804,0.363274003030509,0.744353694169299,41,0.993660051509784,node
auc_degree,alpha,detail,95,7Networks_RH_Default_PFCv_2,-0.0244801609313215,-0.337396552494115,0.293307816726159,0.882400689865003,41,0.993660051509784,node
auc_degree,alpha,communication,95,7Networks_RH_Default_PFCv_2,-0.112812694967036,-0.413612634824139,0.210191515316883,0.494113382943638,41,0.993660051509784,node
auc_degree,alpha,imagination,95,7Networks_RH_Default_PFCv_2,0.0856640649258517,-0.23624381014041,0.390628254955662,0.604094689874416,41,0.993660051509784,node
auc_degree,alpha,total,96,7Networks_RH_Default_PFCdPFCm_1,0.091297343031132,-0.230875805171273,0.395428930351262,0.580429031594629,41,0.993660051509784,node
auc_degree,alpha,social,96,7Networks_RH_Default_PFCdPFCm_1,-0.0902296973077637,-0.394520357869792,0.231894683594149,0.584882147381453,41,0.993660051509784,node
auc_degree,alpha,switching,96,7Networks_RH_Default_PFCdPFCm_1,0.288486905804843,-0.0297428681107225,0.553616884915947,0.0749014163235853,41,0.993660051509784,node
auc_degree,alpha,detail,96,7Networks_RH_Default_PFCdPFCm_1,-0.071063030244726,-0.378107565475672,0.25006641047223,0.667272866107992,41,0.993660051509784,node
auc_degree,alpha,communication,96,7Networks_RH_Default_PFCdPFCm_1,0.0431842465965266,-0.276100240924013,0.353884810086171,0.794067139536387,41,0.993660051509784,node
auc_degree,alpha,imagination,96,7Networks_RH_Default_PFCdPFCm_1,0.115753520797513,-0.207341639948145,0.416079571384059,0.482850324522713,41,0.993660051509784,node
auc_degree,alpha,total,97,7Networks_RH_Default_PFCdPFCm_2,-0.0562014230408867,-0.365247022803242,0.26400254032125,0.733986575453034,41,0.993660051509784,node
auc_degree,alpha,social,97,7Networks_RH_Default_PFCdPFCm_2,-0.172879326276524,-0.46313880658212,0.150872837298415,0.292590892460809,41,0.993660051509784,node
auc_degree,alpha,switching,97,7Networks_RH_Default_PFCdPFCm_2,0.191498740211493,-0.131999404166501,0.478131464001799,0.242868677060773,41,0.993660051509784,node
auc_degree,alpha,detail,97,7Networks_RH_Default_PFCdPFCm_2,-0.0635552590046595,-0.371625468281205,0.257123319777549,0.700698259296188,41,0.993660051509784,node
auc_degree,alpha,communication,97,7Networks_RH_Default_PFCdPFCm_2,-0.15737210479233,-0.45052404496843,0.166413520414903,0.338671886899524,41,0.993660051509784,node
auc_degree,alpha,imagination,97,7Networks_RH_Default_PFCdPFCm_2,0.0805927866866297,-0.241059532347936,0.386292280605355,0.625747274771447,41,0.993660051509784,node
auc_degree,alpha,total,98,7Networks_RH_Default_PFCdPFCm_3,-0.27021427569529,-0.539720849070748,0.0495311396969067,0.0961733496782865,41,0.993660051509784,node
auc_degree,alpha,social,98,7Networks_RH_Default_PFCdPFCm_3,-0.185343865791889,-0.473193872508528,0.138264308133604,0.258630268490275,41,0.993660051509784,node
auc_degree,alpha,switching,98,7Networks_RH_Default_PFCdPFCm_3,-0.110714198140617,-0.411849588554274,0.212221761758126,0.502231991432462,41,0.993660051509784,node
auc_degree,alpha,detail,98,7Networks_RH_Default_PFCdPFCm_3,0.0826858582149311,-0.239073854363657,0.388083508648044,0.616771657405475,41,0.993660051509784,node
auc_degree,alpha,communication,98,7Networks_RH_Default_PFCdPFCm_3,-0.334083820906419,-0.587660433822977,-0.0207484818410589,0.0376526993274189,41,0.993660051509784,node
auc_degree,alpha,imagination,98,7Networks_RH_Default_PFCdPFCm_3,-0.248352100635484,-0.522899782275738,0.0728813897143037,0.127385239333522,41,0.993660051509784,node
auc_degree,alpha,total,99,7Networks_RH_Default_pCunPCC_1,0.0472555081263498,-0.272327396945766,0.357448347275535,0.775131975868213,41,0.993660051509784,node
auc_degree,alpha,social,99,7Networks_RH_Default_pCunPCC_1,0.0604008603967421,-0.260078119833726,0.368893016992167,0.714913930734097,41,0.993660051509784,node
auc_degree,alpha,switching,99,7Networks_RH_Default_pCunPCC_1,-0.14460727319697,-0.440051566108495,0.179086326532915,0.379770257088816,41,0.993660051509784,node
auc_degree,alpha,detail,99,7Networks_RH_Default_pCunPCC_1,-0.0456382254732962,-0.356033835388895,0.273827312537127,0.782639169816051,41,0.993660051509784,node
auc_degree,alpha,communication,99,7Networks_RH_Default_pCunPCC_1,0.12626026730668,-0.197114839965933,0.424857280551483,0.443727552521749,41,0.993660051509784,node
auc_degree,alpha,imagination,99,7Networks_RH_Default_pCunPCC_1,0.198710353059033,-0.124625841652856,0.483893837326096,0.225241053894352,41,0.993660051509784,node
auc_degree,alpha,total,100,7Networks_RH_Default_pCunPCC_2,-0.0561496230017616,-0.365201990207555,0.264050881925335,0.734222849107492,41,0.993660051509784,node
auc_degree,alpha,social,100,7Networks_RH_Default_pCunPCC_2,-0.0411708876475991,-0.35211919591549,0.277962394451418,0.803475053462957,41,0.993660051509784,node
auc_degree,alpha,switching,100,7Networks_RH_Default_pCunPCC_2,-0.227224363179424,-0.506438052545746,0.0951174828546696,0.164188596807424,41,0.993660051509784,node
auc_degree,alpha,detail,100,7Networks_RH_Default_pCunPCC_2,-0.0338330206512634,-0.345665471063569,0.284728939119665,0.837985277502164,41,0.993660051509784,node
auc_degree,alpha,communication,100,7Networks_RH_Default_pCunPCC_2,0.163255933093468,-0.160535872466977,0.455324222863793,0.320688078453682,41,0.993660051509784,node
auc_degree,alpha,imagination,100,7Networks_RH_Default_pCunPCC_2,0.0320011481762715,-0.286413245729779,0.344049706664057,0.846650117572336,41,0.993660051509784,node
auc_degree,beta,total,1,7Networks_LH_Vis_1,-0.03200222243007,-0.344050654728788,0.286412258588513,0.846645030986342,41,0.994236131353275,node
auc_degree,beta,social,1,7Networks_LH_Vis_1,-0.0244883940869914,-0.337403852772797,0.29330028733265,0.88236141491144,41,0.994236131353275,node
auc_degree,beta,switching,1,7Networks_LH_Vis_1,-0.0205363636247183,-0.333895283932292,0.296909975360674,0.901244137880232,41,0.994236131353275,node
auc_degree,beta,detail,1,7Networks_LH_Vis_1,0.0467375022177742,-0.272807980014164,0.356995442482618,0.77753432767322,41,0.993860339535434,node
auc_degree,beta,communication,1,7Networks_LH_Vis_1,-0.0210492302742274,-0.334351092079425,0.296442047216915,0.898790420218645,41,0.994236131353275,node
auc_degree,beta,imagination,1,7Networks_LH_Vis_1,-0.0903867165235072,-0.39465401942928,0.231744880929253,0.584226271121072,41,0.918265044295862,node
auc_degree,beta,total,2,7Networks_LH_Vis_2,-0.06366900018499,-0.371723895304751,0.257016663596378,0.700187509565307,41,0.950603875073037,node
auc_degree,beta,social,2,7Networks_LH_Vis_2,0.115467920013157,-0.207618648640321,0.415840186415855,0.483938249187517,41,0.918265044295862,node
auc_degree,beta,switching,2,7Networks_LH_Vis_2,-0.139520350425647,-0.435855654577929,0.184106820059372,0.39693354152008,41,0.918265044295862,node
auc_degree,beta,detail,2,7Networks_LH_Vis_2,0.0150987560357461,-0.301861768601097,0.329053601998492,0.927310655575489,41,0.994236131353275,node
auc_degree,beta,communication,2,7Networks_LH_Vis_2,-0.0463143472689285,-0.356625359838425,0.27320044622971,0.779498305517987,41,0.993860339535434,node
auc_degree,beta,imagination,2,7Networks_LH_Vis_2,-0.190910247800567,-0.477660142984803,0.132599536438474,0.244347057487117,41,0.918265044295862,node
auc_degree,beta,total,3,7Networks_LH_Vis_3,0.076942444931586,-0.244516146685258,0.383162830575254,0.641528213706957,41,0.950603875073037,node
auc_degree,beta,social,3,7Networks_LH_Vis_3,0.171891947067491,-0.151867140326122,0.462339087179043,0.295398359976532,41,0.918265044295862,node
auc_degree,beta,switching,3,7Networks_LH_Vis_3,-0.0700293429225208,-0.377216878984419,0.251040051654159,0.671839296821201,41,0.950603875073037,node
auc_degree,beta,detail,3,7Networks_LH_Vis_3,0.0894153321538649,-0.232671375757415,0.393826928328866,0.588289039272263,41,0.918265044295862,node
auc_degree,beta,communication,3,7Networks_LH_Vis_3,0.0618673053253575,-0.258705212214042,0.370163966876704,0.708293083387753,41,0.950603875073037,node
auc_degree,beta,imagination,3,7Networks_LH_Vis_3,-0.0952220958535973,-0.398763809219826,0.227124242241039,0.564191438342456,41,0.918265044295862,node
auc_degree,beta,total,4,7Networks_LH_Vis_4,-0.309713826559746,-0.569576333782489,0.00643773592933185,0.0550212486214322,41,0.794175105984693,node
auc_degree,beta,social,4,7Networks_LH_Vis_4,-0.245243999658908,-0.520490877417058,0.0761726991768065,0.13237398695051,41,0.86063867650624,node
auc_degree,beta,switching,4,7Networks_LH_Vis_4,-0.263999300983993,-0.534960752679688,0.056204894063844,0.104377435718033,41,0.814776142560363,node
auc_degree,beta,detail,4,7Networks_LH_Vis_4,0.162265509545919,-0.16152686569432,0.454517396748186,0.323672614522603,41,0.918265044295862,node
auc_degree,beta,communication,4,7Networks_LH_Vis_4,-0.457342082418064,-0.675402772303051,-0.165735546919035,0.00342075249749683,41,0.174458377372338,node
auc_degree,beta,imagination,4,7Networks_LH_Vis_4,-0.025796167753373,-0.338562968470441,0.292103800206492,0.876126471037613,41,0.994236131353275,node
auc_degree,beta,total,5,7Networks_LH_Vis_5,-0.258666974439671,-0.530862925998562,0.0619081284689571,0.111832019567109,41,0.814776142560363,node
auc_degree,beta,social,5,7Networks_LH_Vis_5,-0.16667753919265,-0.458107870428491,0.157107267806039,0.310510626703851,41,0.918265044295862,node
auc_degree,beta,switching,5,7Networks_LH_Vis_5,-0.238617502585999,-0.515340402220539,0.0831664905325395,0.143492110263012,41,0.860952661578073,node
auc_degree,beta,detail,5,7Networks_LH_Vis_5,0.0273571720374802,-0.290674327437739,0.339945287783661,0.86869389411645,41,0.994236131353275,node
auc_degree,beta,communication,5,7Networks_LH_Vis_5,-0.29318854847065,-0.557168683184166,0.0246105719616324,0.0700742740574729,41,0.794175105984693,node
auc_degree,beta,imagination,5,7Networks_LH_Vis_5,-0.0182029105905076,-0.33181958520654,0.299037043054957,0.912419215109041,41,0.994236131353275,node
auc_degree,beta,total,6,7Networks_LH_Vis_6,-0.104401521236339,-0.406532384243468,0.218312368008149,0.52705579730339,41,0.918265044295862,node
auc_degree,beta,social,6,7Networks_LH_Vis_6,-0.00509709669713181,-0.320104744931642,0.310925404809827,0.97543233304362,41,0.994236131353275,node
auc_degree,beta,switching,6,7Networks_LH_Vis_6,-0.159548226185829,-0.452301357922427,0.164242362714037,0.331949620500976,41,0.918265044295862,node
auc_degree,beta,detail,6,7Networks_LH_Vis_6,0.104747140400219,-0.217979556495154,0.406824031829287,0.525681334027891,41,0.918265044295862,node
auc_degree,beta,communication,6,7Networks_LH_Vis_6,-0.124635630219783,-0.423503660889655,0.198700802637995,0.449660988510336,41,0.918265044295862,node
auc_degree,beta,imagination,6,7Networks_LH_Vis_6,-0.142310190970872,-0.438158430594339,0.181355500997747,0.387465744500928,41,0.918265044295862,node
auc_degree,beta,total,7,7Networks_LH_Vis_7,0.0909335273410218,-0.231223082081035,0.395119388002818,0.581944783780591,41,0.918265044295862,node
auc_degree,beta,social,7,7Networks_LH_Vis_7,0.11165024938484,-0.211316498427684,0.412636288028774,0.498602285423957,41,0.918265044295862,node
auc_degree,beta,switching,7,7Networks_LH_Vis_7,0.0701005918346751,-0.250972962379529,0.377278289525382,0.671524171498844,41,0.950603875073037,node
auc_degree,beta,detail,7,7Networks_LH_Vis_7,-0.116142882603925,-0.416405859757441,0.20696390832336,0.481369202794288,41,0.918265044295862,node
auc_degree,beta,communication,7,7Networks_LH_Vis_7,0.0185222786922453,-0.29874610797925,0.332103855246552,0.910888708383612,41,0.994236131353275,node
auc_degree,beta,imagination,7,7Networks_LH_Vis_7,0.198092527913567,-0.125258943030571,0.483401136442343,0.226715943144467,41,0.918265044295862,node
auc_degree,beta,total,8,7Networks_LH_Vis_8,-0.22318854894518,-0.503270213840163,0.0993287360965254,0.172013221947725,41,0.918265044295862,node
auc_degree,beta,social,8,7Networks_LH_Vis_8,-0.182408190434858,-0.470832414235926,0.141243369758758,0.266382149226049,41,0.918265044295862,node
auc_degree,beta,switching,8,7Networks_LH_Vis_8,-0.191947343903125,-0.47849063789685,0.131541768139788,0.241745775734021,41,0.918265044295862,node
auc_degree,beta,detail,8,7Networks_LH_Vis_8,0.09038311813209,-0.231748314110862,0.394650956466768,0.584241298087238,41,0.918265044295862,node
auc_degree,beta,communication,8,7Networks_LH_Vis_8,-0.275929369865759,-0.544082925963604,0.0433688624428256,0.0890743935551442,41,0.810127463978548,node
auc_degree,beta,imagination,8,7Networks_LH_Vis_8,-0.0375152806154661,-0.348907746012311,0.281337341354792,0.820625881512494,41,0.994236131353275,node
auc_degree,beta,total,9,7Networks_LH_Vis_9,-0.122381322468747,-0.421623197151953,0.200898645157469,0.457965034705911,41,0.918265044295862,node
auc_degree,beta,social,9,7Networks_LH_Vis_9,0.123200966200608,-0.200099907982539,0.422307212859707,0.454936263130242,41,0.918265044295862,node
auc_degree,beta,switching,9,7Networks_LH_Vis_9,-0.0667742364546417,-0.374408368443654,0.254101833102939,0.686294469253355,41,0.950603875073037,node
auc_degree,beta,detail,9,7Networks_LH_Vis_9,-0.303539823210099,-0.564954532704381,0.0132518066223746,0.0603095223148326,41,0.794175105984693,node
auc_degree,beta,communication,9,7Networks_LH_Vis_9,-0.113574134472541,-0.41425179880897,0.209454150998041,0.491184284515736,41,0.918265044295862,node
auc_degree,beta,imagination,9,7Networks_LH_Vis_9,0.00244051572874014,-0.313323211099378,0.317718316905429,0.988235502540353,41,0.994236131353275,node
auc_degree,beta,total,10,7Networks_LH_SomMot_1,-0.287819226163119,-0.553111711153801,0.0304703467105801,0.0756075260377601,41,0.567055339493273,node
auc_degree,beta,social,10,7Networks_LH_SomMot_1,-0.26199279180564,-0.533420269870127,0.0583534276890168,0.107136797460106,41,0.589963307231704,node
auc_degree,beta,switching,10,7Networks_LH_SomMot_1,-0.224048274581349,-0.503945671394616,0.0984326051202307,0.170324381438507,41,0.650329456401571,node
auc_degree,beta,detail,10,7Networks_LH_SomMot_1,0.0932881235493257,-0.228974069411144,0.397121507578334,0.572166494581351,41,0.831551349256015,node
auc_degree,beta,communication,10,7Networks_LH_SomMot_1,-0.277026992889343,-0.54491903666206,0.0421825671474496,0.0877585644453876,41,0.567055339493273,node
auc_degree,beta,imagination,10,7Networks_LH_SomMot_1,-0.106512093331578,-0.408312411744366,0.216278836492565,0.518689960410443,41,0.831551349256015,node
auc_degree,beta,total,11,7Networks_LH_SomMot_2,-0.328449319834087,-0.583501668219178,-0.0144213983744471,0.0412057193942066,41,0.567055339493273,node
auc_degree,beta,social,11,7Networks_LH_SomMot_2,-0.241516635199762,-0.517596228779991,0.0801105598512185,0.138546289437382,41,0.612520437512635,node
auc_degree,beta,switching,11,7Networks_LH_SomMot_2,-0.282545540910962,-0.549114715103509,0.0362045296699182,0.0813693249088883,41,0.567055339493273,node
auc_degree,beta,detail,11,7Networks_LH_SomMot_2,0.0208458089236007,-0.296627662581746,0.33417031971851,0.899763543129464,41,0.944751720285937,node
auc_degree,beta,communication,11,7Networks_LH_SomMot_2,-0.248963447203532,-0.52337308520812,0.0722331825157539,0.126420708692508,41,0.589963307231704,node
auc_degree,beta,imagination,11,7Networks_LH_SomMot_2,-0.141898619509917,-0.43781895736748,0.18176170842706,0.388854118120564,41,0.831551349256015,node
auc_degree,beta,total,12,7Networks_LH_SomMot_3,-0.266329555098463,-0.536747530053843,0.0537059727107503,0.101241149451689,41,0.589963307231704,node
auc_degree,beta,social,12,7Networks_LH_SomMot_3,-0.251587173127406,-0.525402446113723,0.0694481767678678,0.122343042934592,41,0.589963307231704,node
auc_degree,beta,switching,12,7Networks_LH_SomMot_3,-0.231252972364103,-0.509592736753068,0.0909022095377414,0.156637616899702,41,0.650329456401571,node
auc_degree,beta,detail,12,7Networks_LH_SomMot_3,0.0431494492370232,-0.2761324453336,0.353854313352714,0.794229499141874,41,0.920742492260295,node
auc_degree,beta,communication,12,7Networks_LH_SomMot_3,-0.141575629661796,-0.437552489104871,0.182080411393534,0.389945705698302,41,0.831551349256015,node
auc_degree,beta,imagination,12,7Networks_LH_SomMot_3,-0.133168672919329,-0.430598372950304,0.19035193507192,0.418981595594186,41,0.831551349256015,node
auc_degree,beta,total,13,7Networks_LH_SomMot_4,0.282072066966525,-0.0367183225637314,0.548755265370806,0.0819028839432789,41,0.567055339493273,node
auc_degree,beta,social,13,7Networks_LH_SomMot_4,0.2047118073709,-0.118462265423748,0.488670465357885,0.211255625170567,41,0.682518173627984,node
auc_degree,beta,switching,13,7Networks_LH_SomMot_4,0.191012023664119,-0.132495764499154,0.477741666638296,0.244090949158191,41,0.683454657642934,node
auc_degree,beta,detail,13,7Networks_LH_SomMot_4,0.0757653050056475,-0.245629075155548,0.382152163381194,0.646650883158002,41,0.848729284144877,node
auc_degree,beta,communication,13,7Networks_LH_SomMot_4,0.013730526540891,-0.30310506855319,0.327832716519348,0.933882469987794,41,0.956660091207009,node
auc_degree,beta,imagination,13,7Networks_LH_SomMot_4,0.326583934017427,0.0123322490565533,0.582121892970132,0.042440271581303,41,0.567055339493273,node
auc_degree,beta,total,14,7Networks_LH_SomMot_5,0.193487068994872,-0.129969992228617,0.479722687658376,0.23791835565536,41,0.683454657642934,node
auc_degree,beta,social,14,7Networks_LH_SomMot_5,0.0819434157387772,-0.239778510937609,0.387448398326205,0.619949246870002,41,0.848729284144877,node
auc_degree,beta,switching,14,7Networks_LH_SomMot_5,0.0632882821070188,-0.257373635855279,0.371394410047677,0.701897616636465,41,0.87999104175318,node
auc_degree,beta,detail,14,7Networks_LH_SomMot_5,0.112823162059535,-0.21018138166321,0.413621423072243,0.494073057592415,41,0.831551349256015,node
auc_degree,beta,communication,14,7Networks_LH_SomMot_5,-0.014850311714804,-0.32883199049559,0.302087608245509,0.928503630922988,41,0.956660091207009,node
auc_degree,beta,imagination,14,7Networks_LH_SomMot_5,0.367508371594982,0.0588047457725246,0.612058295803739,0.0213567016090907,41,0.567055339493273,node
auc_degree,beta,total,15,7Networks_LH_SomMot_6,-0.0593678404170669,-0.367997018121267,0.26104447127647,0.719590321721671,41,0.888905691538535,node
auc_degree,beta,social,15,7Networks_LH_SomMot_6,-0.00474860186839622,-0.319791916869952,0.311240182548712,0.977111596865914,41,0.977111596865914,node
auc_degree,beta,switching,15,7Networks_LH_SomMot_6,0.0955371105126755,-0.226822713088007,0.399031130897128,0.562897300537762,41,0.831551349256015,node
auc_degree,beta,detail,15,7Networks_LH_SomMot_6,-0.218703990908209,-0.499741289495059,0.103994727584775,0.181017629840122,41,0.661107865503055,node
auc_degree,beta,communication,15,7Networks_LH_SomMot_6,-0.0893645596769421,-0.393783684236031,0.232719785869203,0.5885017364737,41,0.831551349256015,node
auc_degree,beta,imagination,15,7Networks_LH_SomMot_6,0.0638525589356841,-0.256844522340653,0.371882725027722,0.699363521331267,41,0.87999104175318,node
auc_degree,beta,total,16,7Networks_LH_DorsAttn_Post_1,-0.0171764020767159,-0.330905502481128,0.29997176326532,0.91734063149794,41,0.995448007860274,node
auc_degree,beta,social,16,7Networks_LH_DorsAttn_Post_1,-0.00779228330869416,-0.322521774454733,0.308488635504511,0.962449321811574,41,0.995448007860274,node
auc_degree,beta,switching,16,7Networks_LH_DorsAttn_Post_1,-0.0831762493897563,-0.388502846784213,0.238608235253507,0.614676588545125,41,0.995448007860274,node
auc_degree,beta,detail,16,7Networks_LH_DorsAttn_Post_1,0.0961279688415084,-0.226256982187234,0.399532394626841,0.560473657181079,41,0.995448007860274,node
auc_degree,beta,communication,16,7Networks_LH_DorsAttn_Post_1,-0.119643741613658,-0.419336138155888,0.203563287144691,0.468159195975979,41,0.995448007860274,node
auc_degree,beta,imagination,16,7Networks_LH_DorsAttn_Post_1,0.0879744604209485,-0.23404458617232,0.392599180818314,0.594338351736018,41,0.995448007860274,node
auc_degree,beta,total,17,7Networks_LH_DorsAttn_Post_2,0.311077755631877,-0.00492843656035722,0.570595146966923,0.0539045298785923,41,0.716414134885654,node
auc_degree,beta,social,17,7Networks_LH_DorsAttn_Post_2,0.186929365454429,-0.136652937364561,0.474467530950232,0.254506614535322,41,0.763519843605967,node
auc_degree,beta,switching,17,7Networks_LH_DorsAttn_Post_2,0.163624742519018,-0.160166684029505,0.455624542586291,0.319581130997776,41,0.895759499339903,node
auc_degree,beta,detail,17,7Networks_LH_DorsAttn_Post_2,0.254758013556823,-0.066075733978382,0.52785083070122,0.11754753417751,41,0.758954907284326,node
auc_degree,beta,communication,17,7Networks_LH_DorsAttn_Post_2,-0.0650700178843242,-0.372935711645727,0.255702274986748,0.693907023581556,41,0.995448007860274,node
auc_degree,beta,imagination,17,7Networks_LH_DorsAttn_Post_2,0.354546077942863,0.0439389513714765,0.602651561628319,0.0267877248497858,41,0.602723809120181,node
auc_degree,beta,total,18,7Networks_LH_DorsAttn_Post_3,-0.00223143857719183,-0.31753033152091,0.313511751522737,0.989243296921628,41,0.995448007860274,node
auc_degree,beta,social,18,7Networks_LH_DorsAttn_Post_3,0.0131449640739457,-0.303636835420951,0.327309892234902,0.93669636161826,41,0.995448007860274,node
auc_degree,beta,switching,18,7Networks_LH_DorsAttn_Post_3,-0.0585418150137684,-0.3672801451652,0.261816725275286,0.72333692947243,41,0.995448007860274,node
auc_degree,beta,detail,18,7Networks_LH_DorsAttn_Post_3,0.0591620653803287,-0.261236889433565,0.367818468868091,0.720523056672183,41,0.995448007860274,node
auc_degree,beta,communication,18,7Networks_LH_DorsAttn_Post_3,-0.205194199336564,-0.489053669088205,0.117965758532975,0.210158242961271,41,0.758954907284326,node
auc_degree,beta,imagination,18,7Networks_LH_DorsAttn_Post_3,0.235609956509876,-0.0863303153805583,0.512996159131481,0.148758827009375,41,0.758954907284326,node
auc_degree,beta,total,19,7Networks_LH_DorsAttn_Post_4,0.404789980111609,0.102338191356871,0.638733219518803,0.0105847426081093,41,0.347468601869066,node
auc_degree,beta,social,19,7Networks_LH_DorsAttn_Post_4,0.244100538371735,-0.0773818024592379,0.519603544515157,0.134245367243843,41,0.758954907284326,node
auc_degree,beta,switching,19,7Networks_LH_DorsAttn_Post_4,0.256492713687857,-0.064227634280774,0.5291883724268,0.114984598248792,41,0.758954907284326,node
auc_degree,beta,detail,19,7Networks_LH_DorsAttn_Post_4,0.145690097685936,-0.178015461820236,0.440943063776667,0.37617414843001,41,0.915018198883808,node
auc_degree,beta,communication,19,7Networks_LH_DorsAttn_Post_4,0.0405240157716458,-0.278560176866718,0.351551451794917,0.80650359351447,41,0.995448007860274,node
auc_degree,beta,imagination,19,7Networks_LH_DorsAttn_Post_4,0.498834324164183,0.217553333608715,0.703612754672568,0.00122771563058508,41,0.110494406752657,node
auc_degree,beta,total,20,7Networks_LH_DorsAttn_Post_5,0.0518274947100035,-0.268078783719274,0.361439426510706,0.754020277723027,41,0.995448007860274,node
auc_degree,beta,social,20,7Networks_LH_DorsAttn_Post_5,0.0322504750023745,-0.286184118985515,0.344269728824405,0.845469721094722,41,0.995448007860274,node
auc_degree,beta,switching,20,7Networks_LH_DorsAttn_Post_5,-0.0158495502896977,-0.329723097864898,0.301179069015324,0.923706468093376,41,0.995448007860274,node
auc_degree,beta,detail,20,7Networks_LH_DorsAttn_Post_5,-0.00989322093704391,-0.32440304221609,0.306586254487644,0.952335322550975,41,0.995448007860274,node
auc_degree,beta,communication,20,7Networks_LH_DorsAttn_Post_5,-0.0617806086313572,-0.370088859998005,0.258786414990115,0.708683928255814,41,0.995448007860274,node
auc_degree,beta,imagination,20,7Networks_LH_DorsAttn_Post_5,0.261307947196071,-0.0590860681943326,0.532894072929683,0.108091170744673,41,0.758954907284326,node
auc_degree,beta,total,21,7Networks_LH_DorsAttn_Post_6,-0.0537358736099975,-0.36310198117022,0.266301694486968,0.745259019071285,41,0.995448007860274,node
auc_degree,beta,social,21,7Networks_LH_DorsAttn_Post_6,0.0352014698740457,-0.283469440077996,0.346871277358175,0.831524662259143,41,0.995448007860274,node
auc_degree,beta,switching,21,7Networks_LH_DorsAttn_Post_6,-0.145822967984607,-0.441052416792717,0.177884006237274,0.375734272788778,41,0.915018198883808,node
auc_degree,beta,detail,21,7Networks_LH_DorsAttn_Post_6,-0.160693515429504,-0.453235821942851,0.163098424392722,0.328445149757964,41,0.895759499339903,node
auc_degree,beta,communication,21,7Networks_LH_DorsAttn_Post_6,-0.0618791063853033,-0.37017419003192,0.25869415862989,0.708239887700991,41,0.995448007860274,node
auc_degree,beta,imagination,21,7Networks_LH_DorsAttn_Post_6,0.26096221975356,-0.0594557931964039,0.532628355167421,0.108575406945362,41,0.758954907284326,node
auc_degree,beta,total,22,7Networks_LH_DorsAttn_PrCv_1,0.221482799846308,-0.101105168308194,0.501929050121947,0.175399479697005,41,0.758954907284326,node
auc_degree,beta,social,22,7Networks_LH_DorsAttn_PrCv_1,0.19291118087642,-0.130558058364905,0.479262008392691,0.239345055310052,41,0.758954907284326,node
auc_degree,beta,switching,22,7Networks_LH_DorsAttn_PrCv_1,0.107686430911488,-0.215146150872331,0.409301839120338,0.514063809696056,41,0.995448007860274,node
auc_degree,beta,detail,22,7Networks_LH_DorsAttn_PrCv_1,-0.00775199469601618,-0.32248567402567,0.308525091790834,0.96264333446721,41,0.995448007860274,node
auc_degree,beta,communication,22,7Networks_LH_DorsAttn_PrCv_1,0.175426671363547,-0.148304600841002,0.465199826726412,0.285427482395283,41,0.828660432760499,node
auc_degree,beta,imagination,22,7Networks_LH_DorsAttn_PrCv_1,0.15037647999981,-0.17337198381931,0.444794692875305,0.360844215944433,41,0.915018198883808,node
auc_degree,beta,total,23,7Networks_LH_DorsAttn_FEF_1,-0.228976432744002,-0.507810965287036,0.0932856511565096,0.160872960191023,41,0.758954907284326,node
auc_degree,beta,social,23,7Networks_LH_DorsAttn_FEF_1,-0.19266092857512,-0.479061770930327,0.13081353170339,0.239966827234808,41,0.758954907284326,node
auc_degree,beta,switching,23,7Networks_LH_DorsAttn_FEF_1,-0.190828802314031,-0.477594900643072,0.132682574163611,0.244552136791616,41,0.758954907284326,node
auc_degree,beta,detail,23,7Networks_LH_DorsAttn_FEF_1,-0.0510916968300966,-0.360797882736941,0.268763380319197,0.757406476836975,41,0.995448007860274,node
auc_degree,beta,communication,23,7Networks_LH_DorsAttn_FEF_1,-0.0890148908424659,-0.393485826601575,0.233053141809768,0.589967501059724,41,0.995448007860274,node
auc_degree,beta,imagination,23,7Networks_LH_DorsAttn_FEF_1,-0.0824157624365934,-0.387852493176203,0.239330243100104,0.617926851761573,41,0.995448007860274,node
auc_degree,beta,total,24,7Networks_LH_SalVentAttn_ParOper_1,0.115285439143137,-0.207795612579302,0.415687212737906,0.484634031220108,41,0.877888069349729,node
auc_degree,beta,social,24,7Networks_LH_SalVentAttn_ParOper_1,0.128953789410025,-0.194481702593196,0.427098538695822,0.433985530734632,41,0.877888069349729,node
auc_degree,beta,switching,24,7Networks_LH_SalVentAttn_ParOper_1,0.0207466041790666,-0.296718174983457,0.334082152094632,0.900238169269276,41,0.95319335569688,node
auc_degree,beta,detail,24,7Networks_LH_SalVentAttn_ParOper_1,0.252214926560814,-0.0687810927623413,0.525887530189138,0.12138219504583,41,0.877888069349729,node
auc_degree,beta,communication,24,7Networks_LH_SalVentAttn_ParOper_1,-0.234620706968514,-0.512224179496551,0.0873695512616946,0.150521712185426,41,0.877888069349729,node
auc_degree,beta,imagination,24,7Networks_LH_SalVentAttn_ParOper_1,0.13627458074483,-0.187301403208842,0.43317165616856,0.40811524615145,41,0.877888069349729,node
auc_degree,beta,total,25,7Networks_LH_SalVentAttn_FrOperIns_1,-0.0665696290108188,-0.374231644102036,0.254294074048556,0.687206835392375,41,0.901044345195156,node
auc_degree,beta,social,25,7Networks_LH_SalVentAttn_FrOperIns_1,-0.115265164418769,-0.415670215391238,0.20781527303407,0.484711368865768,41,0.877888069349729,node
auc_degree,beta,switching,25,7Networks_LH_SalVentAttn_FrOperIns_1,-0.160410091545279,-0.453004630677519,0.16338159505201,0.329310248824287,41,0.877888069349729,node
auc_degree,beta,detail,25,7Networks_LH_SalVentAttn_FrOperIns_1,0.129263887372079,-0.194178257052804,0.427356333768799,0.432871620181152,41,0.877888069349729,node
auc_degree,beta,communication,25,7Networks_LH_SalVentAttn_FrOperIns_1,0.152118096049622,-0.171642636019297,0.44622331661231,0.355244316302279,41,0.877888069349729,node
auc_degree,beta,imagination,25,7Networks_LH_SalVentAttn_FrOperIns_1,-0.201367794750812,-0.486011024739905,0.121899687451914,0.218972098484042,41,0.877888069349729,node
auc_degree,beta,total,26,7Networks_LH_SalVentAttn_FrOperIns_2,-0.214250921254287,-0.496227887487092,0.108613943643445,0.190285861441454,41,0.877888069349729,node
auc_degree,beta,social,26,7Networks_LH_SalVentAttn_FrOperIns_2,-0.14713393030378,-0.442130876569459,0.176586382553158,0.371410592946448,41,0.877888069349729,node
auc_degree,beta,switching,26,7Networks_LH_SalVentAttn_FrOperIns_2,-0.35331732827992,-0.601756265993438,-0.042536862412067,0.0273570890187679,41,0.877888069349729,node
auc_degree,beta,detail,26,7Networks_LH_SalVentAttn_FrOperIns_2,0.0760468475564565,-0.245362967453579,0.382393956507658,0.645424195013113,41,0.901044345195156,node
auc_degree,beta,communication,26,7Networks_LH_SalVentAttn_FrOperIns_2,0.0427495242374387,-0.276502518176155,0.353503767882001,0.79609610524879,41,0.939949275554611,node
auc_degree,beta,imagination,26,7Networks_LH_SalVentAttn_FrOperIns_2,-0.209542834449442,-0.492503209569037,0.11348257554816,0.200443948479247,41,0.877888069349729,node
auc_degree,beta,total,27,7Networks_LH_SalVentAttn_PFCl_1,0.0547757598754013,-0.265332432050911,0.3640070880181,0.740498146434182,41,0.903658754970527,node
auc_degree,beta,social,27,7Networks_LH_SalVentAttn_PFCl_1,0.0615894312521126,-0.258965461562023,0.369923225410547,0.709546051356762,41,0.901044345195156,node
auc_degree,beta,switching,27,7Networks_LH_SalVentAttn_PFCl_1,-0.0130420269280823,-0.327217964070054,0.303730295344255,0.937191100331129,41,0.977938539475961,node
auc_degree,beta,detail,27,7Networks_LH_SalVentAttn_PFCl_1,0.0656304032006835,-0.255176207720698,0.373420125474037,0.691400531522834,41,0.901044345195156,node
auc_degree,beta,communication,27,7Networks_LH_SalVentAttn_PFCl_1,-0.0038008630144752,-0.318940826993491,0.312095876548604,0.981678860635668,41,0.987204633576301,node
auc_degree,beta,imagination,27,7Networks_LH_SalVentAttn_PFCl_1,0.0375228330146246,-0.281330376914813,0.348914388340726,0.8205903604723,41,0.952943644419445,node
auc_degree,beta,total,28,7Networks_LH_SalVentAttn_Med_1,-0.0260255186056158,-0.338766150639007,0.291893863623594,0.875033766009046,41,0.95319335569688,node
auc_degree,beta,social,28,7Networks_LH_SalVentAttn_Med_1,-0.084319967387533,-0.38948035968271,0.23752171685046,0.609802068999789,41,0.901044345195156,node
auc_degree,beta,switching,28,7Networks_LH_SalVentAttn_Med_1,-0.0735908344915407,-0.380283279932499,0.247682705358252,0.656155938665944,41,0.901044345195156,node
auc_degree,beta,detail,28,7Networks_LH_SalVentAttn_Med_1,0.0911539069120935,-0.231012730597409,0.395306900011868,0.581026412549886,41,0.901044345195156,node
auc_degree,beta,communication,28,7Networks_LH_SalVentAttn_Med_1,0.126689629271001,-0.196695415995885,0.425214794619253,0.442166648623123,41,0.877888069349729,node
auc_degree,beta,imagination,28,7Networks_LH_SalVentAttn_Med_1,-0.140721154161306,-0.436847291718516,0.182923218078076,0.392842120736125,41,0.877888069349729,node
auc_degree,beta,total,29,7Networks_LH_SalVentAttn_Med_2,-0.0943753081836238,-0.398044968766432,0.227934473419049,0.56767698816954,41,0.901044345195156,node
auc_degree,beta,social,29,7Networks_LH_SalVentAttn_Med_2,0.0426960203232006,-0.27655202114344,0.353456863581309,0.796345914011546,41,0.939949275554611,node
auc_degree,beta,switching,29,7Networks_LH_SalVentAttn_Med_2,-0.179115907993366,-0.46817917538301,0.144577350352878,0.275256214304444,41,0.877888069349729,node
auc_degree,beta,detail,29,7Networks_LH_SalVentAttn_Med_2,-0.261003454220848,-0.532660049796184,0.0594117011878168,0.108517566450459,41,0.877888069349729,node
auc_degree,beta,communication,29,7Networks_LH_SalVentAttn_Med_2,0.182077450002141,-0.141578631204156,0.470566107217978,0.267265000507725,41,0.877888069349729,node
auc_degree,beta,imagination,29,7Networks_LH_SalVentAttn_Med_2,-0.0273747014493505,-0.33996080297442,0.290658267003902,0.868610491368876,41,0.95319335569688,node
auc_degree,beta,total,30,7Networks_LH_SalVentAttn_Med_3,-0.111313000826794,-0.41235290093998,0.21164271831809,0.499908483935263,41,0.877888069349729,node
auc_degree,beta,social,30,7Networks_LH_SalVentAttn_Med_3,-0.0704386716056035,-0.377569648900207,0.250654578254474,0.670029640853492,41,0.901044345195156,node
auc_degree,beta,switching,30,7Networks_LH_SalVentAttn_Med_3,-0.00349360220653904,-0.318664791037505,0.312373186064907,0.983159716762307,41,0.987204633576301,node
auc_degree,beta,detail,30,7Networks_LH_SalVentAttn_Med_3,-0.00265438380192798,-0.317910584262167,0.313130324586929,0.987204633576301,41,0.987204633576301,node
auc_degree,beta,communication,30,7Networks_LH_SalVentAttn_Med_3,-0.0902109832159455,-0.394504426765174,0.231912536573573,0.584960338859468,41,0.901044345195156,node
auc_degree,beta,imagination,30,7Networks_LH_SalVentAttn_Med_3,-0.183572206206339,-0.471769243678039,0.140062851925179,0.263290337219798,41,0.877888069349729,node
auc_degree,beta,total,31,7Networks_LH_Limbic_OFC_1,-0.01401937890579,-0.328090549897049,0.302842680349139,0.932494693727197,41,0.976098676995358,node
auc_degree,beta,social,31,7Networks_LH_Limbic_OFC_1,-0.139070185130418,-0.435483717535992,0.184550294898751,0.398473688958042,41,0.818524951969382,node
auc_degree,beta,switching,31,7Networks_LH_Limbic_OFC_1,0.0275473609123951,-0.290500066958981,0.340113613870539,0.867789074295723,41,0.976098676995358,node
auc_degree,beta,detail,31,7Networks_LH_Limbic_OFC_1,0.270017105334985,-0.0497433043165733,0.539570099019954,0.0964257857622011,41,0.818524951969382,node
auc_degree,beta,communication,31,7Networks_LH_Limbic_OFC_1,-0.163209931900653,-0.455286759653541,0.160581914579398,0.320826315087479,41,0.818524951969382,node
auc_degree,beta,imagination,31,7Networks_LH_Limbic_OFC_1,-0.0370292537216313,-0.348480219984926,0.281785460115222,0.822912540361581,41,0.976098676995358,node
auc_degree,beta,total,32,7Networks_LH_Limbic_TempPole_1,-0.00495880893438496,-0.319980618475667,0.311050321443679,0.976098676995358,41,0.976098676995358,node
auc_degree,beta,social,32,7Networks_LH_Limbic_TempPole_1,-0.126611199061866,-0.425149495594349,0.196772039698965,0.442451548963129,41,0.818524951969382,node
auc_degree,beta,switching,32,7Networks_LH_Limbic_TempPole_1,0.086940537092103,-0.235029166777096,0.391717519035229,0.598695868456581,41,0.939788629252173,node
auc_degree,beta,detail,32,7Networks_LH_Limbic_TempPole_1,0.134893661202285,-0.188658473023486,0.432028144457796,0.412926525689921,41,0.818524951969382,node
auc_degree,beta,communication,32,7Networks_LH_Limbic_TempPole_1,0.0227706631369866,-0.294870334855072,0.33587993767509,0.890561444091305,41,0.976098676995358,node
auc_degree,beta,imagination,32,7Networks_LH_Limbic_TempPole_1,-0.157917003102175,-0.450969300284574,0.165870159493826,0.336980830249179,41,0.818524951969382,node
auc_degree,beta,total,33,7Networks_LH_Limbic_TempPole_2,-0.120802174340501,-0.420304392883051,0.202436303257218,0.463830806115983,41,0.818524951969382,node
auc_degree,beta,social,33,7Networks_LH_Limbic_TempPole_2,-0.0204945737599754,-0.333858136902024,0.296948096789293,0.901444114103881,41,0.976098676995358,node
auc_degree,beta,switching,33,7Networks_LH_Limbic_TempPole_2,-0.149970105370311,-0.444461133632666,0.173775208815123,0.36215844895415,41,0.818524951969382,node
auc_degree,beta,detail,33,7Networks_LH_Limbic_TempPole_2,0.00883766198572531,-0.307542370214558,0.323458161308462,0.957416004366885,41,0.976098676995358,node
auc_degree,beta,communication,33,7Networks_LH_Limbic_TempPole_2,-0.0551964439868184,-0.364373081506045,0.264940134776714,0.738574836777699,41,0.976098676995358,node
auc_degree,beta,imagination,33,7Networks_LH_Limbic_TempPole_2,-0.146128779979348,-0.441304068512818,0.177581406425679,0.374723020295504,41,0.818524951969382,node
auc_degree,beta,total,34,7Networks_LH_Cont_Par_1,0.238027028529781,-0.0837881591174129,0.514880481482211,0.144515154463977,41,0.976451605662979,node
auc_degree,beta,social,34,7Networks_LH_Cont_Par_1,0.16953479909446,-0.15423817093242,0.460428022820802,0.302170257763736,41,0.992566861756495,node
auc_degree,beta,switching,34,7Networks_LH_Cont_Par_1,0.0966603077160558,-0.225747095767302,0.399983857165764,0.558294214536644,41,0.992566861756495,node
auc_degree,beta,detail,34,7Networks_LH_Cont_Par_1,0.0641316861393333,-0.256582718059209,0.37212421366528,0.698111180568438,41,0.992566861756495,node
auc_degree,beta,communication,34,7Networks_LH_Cont_Par_1,0.00710119121185658,-0.309113860959492,0.321902397634483,0.965777610684172,41,0.992566861756495,node
auc_degree,beta,imagination,34,7Networks_LH_Cont_Par_1,0.382727097457986,0.0764348350303315,0.623014901056839,0.0161847711154219,41,0.631206073501455,node
auc_degree,beta,total,35,7Networks_LH_Cont_PFCl_1,-0.0598135564810317,-0.368383684141058,0.260627599367628,0.717571358229418,41,0.992566861756495,node
auc_degree,beta,social,35,7Networks_LH_Cont_PFCl_1,-0.0559344971635581,-0.365014954120053,0.264251627652162,0.73520435282225,41,0.992566861756495,node
auc_degree,beta,switching,35,7Networks_LH_Cont_PFCl_1,-0.0859124714335953,-0.390840296978189,0.236007514572031,0.603042416308926,41,0.992566861756495,node
auc_degree,beta,detail,35,7Networks_LH_Cont_PFCl_1,-0.0612779066329082,-0.369653280916584,0.259257171773041,0.710951649606761,41,0.992566861756495,node
auc_degree,beta,communication,35,7Networks_LH_Cont_PFCl_1,0.0609528759225953,-0.259561466697149,0.369371577529119,0.712419192435029,41,0.992566861756495,node
auc_degree,beta,imagination,35,7Networks_LH_Cont_PFCl_1,0.0019641557107428,-0.313752744120205,0.317289976133655,0.990531678441375,41,0.992566861756495,node
auc_degree,beta,total,36,7Networks_LH_Cont_pCun_1,0.0856996588878052,-0.236209953881581,0.390658640267204,0.603943861952439,41,0.992566861756495,node
auc_degree,beta,social,36,7Networks_LH_Cont_pCun_1,0.163459660945414,-0.160331946451503,0.455490125680484,0.320076311465283,41,0.992566861756495,node
auc_degree,beta,switching,36,7Networks_LH_Cont_pCun_1,0.0249062271097973,-0.29291811849516,0.337774292828409,0.880368575385691,41,0.992566861756495,node
auc_degree,beta,detail,36,7Networks_LH_Cont_pCun_1,-0.204634535827126,-0.488609072014607,0.118541782940956,0.21143177681187,41,0.992566861756495,node
auc_degree,beta,communication,36,7Networks_LH_Cont_pCun_1,0.050954966166712,-0.268890560838413,0.36067863467273,0.758036216254359,41,0.992566861756495,node
auc_degree,beta,imagination,36,7Networks_LH_Cont_pCun_1,0.24313149247286,-0.0784057380554117,0.518851093494204,0.135846594345558,41,0.976451605662979,node
auc_degree,beta,total,37,7Networks_LH_Cont_Cing_1,-0.0667251607519538,-0.374365982623029,0.254147944975761,0.686513263082071,41,0.992566861756495,node
auc_degree,beta,social,37,7Networks_LH_Cont_Cing_1,0.0127120727913287,-0.304029830163262,0.326923257971147,0.938777088770968,41,0.992566861756495,node
auc_degree,beta,switching,37,7Networks_LH_Cont_Cing_1,-0.0899985933020082,-0.394323608701106,0.232115138347011,0.585848075604289,41,0.992566861756495,node
auc_degree,beta,detail,37,7Networks_LH_Cont_Cing_1,-0.181196553799408,-0.469856566893899,0.142471206632469,0.269625793073357,41,0.992566861756495,node
auc_degree,beta,communication,37,7Networks_LH_Cont_Cing_1,0.159229594089453,-0.164560464190171,0.452041265388401,0.332928706565555,41,0.992566861756495,node
auc_degree,beta,imagination,37,7Networks_LH_Cont_Cing_1,-0.0886169613133414,-0.393146781383528,0.233432414906994,0.591637526893053,41,0.992566861756495,node
auc_degree,beta,total,38,7Networks_LH_Default_Temp_1,-0.024898565596248,-0.337767501198961,0.292925126973435,0.880405110198967,41,0.999016995499416,node
auc_degree,beta,social,38,7Networks_LH_Default_Temp_1,-0.084521612833754,-0.389652630755041,0.237330072546971,0.608944367801758,41,0.96478255060499,node
auc_degree,beta,switching,38,7Networks_LH_Default_Temp_1,-0.149924187606142,-0.44442343841115,0.173820763865684,0.362307129537679,41,0.96478255060499,node
auc_degree,beta,detail,38,7Networks_LH_Default_Temp_1,0.146355929398433,-0.177356603308622,0.441490959003669,0.373972932688204,41,0.96478255060499,node
auc_degree,beta,communication,38,7Networks_LH_Default_Temp_1,0.179272340562817,-0.144419102635664,0.468305361899294,0.274830238536933,41,0.96478255060499,node
auc_degree,beta,imagination,38,7Networks_LH_Default_Temp_1,-0.16809099521592,-0.459256121619266,0.155688638942432,0.306366701079385,41,0.96478255060499,node
auc_degree,beta,total,39,7Networks_LH_Default_Temp_2,-0.161953651015821,-0.454263248945032,0.161838768480905,0.324615947113004,41,0.96478255060499,node
auc_degree,beta,social,39,7Networks_LH_Default_Temp_2,-0.160871213131472,-0.453380751394365,0.162920858242548,0.327903481707729,41,0.96478255060499,node
auc_degree,beta,switching,39,7Networks_LH_Default_Temp_2,-0.0894547502342023,-0.393860500690357,0.232633790639034,0.588123931653916,41,0.96478255060499,node
auc_degree,beta,detail,39,7Networks_LH_Default_Temp_2,0.0648151432639734,-0.255941478228958,0.372715334862655,0.695048092006106,41,0.975562603996468,node
auc_degree,beta,communication,39,7Networks_LH_Default_Temp_2,-0.186192479954573,-0.47387572818722,0.137402059902819,0.256417658689985,41,0.96478255060499,node
auc_degree,beta,imagination,39,7Networks_LH_Default_Temp_2,-0.0707501830061421,-0.377838057655569,0.250361153194959,0.668653667137818,41,0.96478255060499,node
auc_degree,beta,total,40,7Networks_LH_Default_Par_1,-0.241274412004204,-0.517407900776845,0.080366115240034,0.138954627825591,41,0.96478255060499,node
auc_degree,beta,social,40,7Networks_LH_Default_Par_1,-0.124031322682266,-0.422999821483329,0.199290292881877,0.451878969456469,41,0.96478255060499,node
auc_degree,beta,switching,40,7Networks_LH_Default_Par_1,-0.258343597320195,-0.53061400465633,0.0622533271865793,0.11229671729908,41,0.96478255060499,node
auc_degree,beta,detail,40,7Networks_LH_Default_Par_1,-0.0790022094624076,-0.384929538160907,0.242566699873913,0.632603902354463,41,0.96478255060499,node
auc_degree,beta,communication,40,7Networks_LH_Default_Par_1,-0.0630702919883964,-0.371205719681316,0.257577990287373,0.702877435935592,41,0.975562603996468,node
auc_degree,beta,imagination,40,7Networks_LH_Default_Par_1,-0.137149546262026,-0.433895703198284,0.186440909424769,0.405083414495849,41,0.96478255060499,node
auc_degree,beta,total,41,7Networks_LH_Default_Par_2,0.182998228332917,-0.140645082002832,0.471307373021764,0.264811933755325,41,0.96478255060499,node
auc_degree,beta,social,41,7Networks_LH_Default_Par_2,0.173048654646145,-0.150702255717278,0.463275905194395,0.29211116363182,41,0.96478255060499,node
auc_degree,beta,switching,41,7Networks_LH_Default_Par_2,-0.0876019794330586,-0.392281618046765,0.234399367092593,0.595906587620519,41,0.96478255060499,node
auc_degree,beta,detail,41,7Networks_LH_Default_Par_2,0.15792153247791,-0.165865642073334,0.45097300078349,0.336966795475968,41,0.96478255060499,node
auc_degree,beta,communication,41,7Networks_LH_Default_Par_2,-0.00484825013529755,-0.319881373629305,0.311150182391055,0.976631419586072,41,0.999560157016584,node
auc_degree,beta,imagination,41,7Networks_LH_Default_Par_2,0.32304853506127,0.00838027218816307,0.57950281033321,0.044862301233587,41,0.96478255060499,node
auc_degree,beta,total,42,7Networks_LH_Default_PFC_1,-0.113737739967398,-0.414389093072433,0.209295670416711,0.490556097687605,41,0.96478255060499,node
auc_degree,beta,social,42,7Networks_LH_Default_PFC_1,-0.171787701980748,-0.462254627170558,0.151972078183483,0.29569577155791,41,0.96478255060499,node
auc_degree,beta,switching,42,7Networks_LH_Default_PFC_1,-0.229426265772459,-0.508163223785863,0.0928149874457294,0.160029571338518,41,0.96478255060499,node
auc_degree,beta,detail,42,7Networks_LH_Default_PFC_1,0.208047013480991,-0.115026163204377,0.49131765677078,0.203749293815537,41,0.96478255060499,node
auc_degree,beta,communication,42,7Networks_LH_Default_PFC_1,-0.0221985937571188,-0.335372052179774,0.295392839626836,0.893294899938058,41,0.999016995499416,node
auc_degree,beta,imagination,42,7Networks_LH_Default_PFC_1,-0.0730091051466102,-0.379782878335768,0.248231617621172,0.658707951203858,41,0.96478255060499,node
auc_degree,beta,total,43,7Networks_LH_Default_PFC_2,-0.0966815455453759,-0.400001865355037,0.225726750020961,0.55820734699024,41,0.96478255060499,node
auc_degree,beta,social,43,7Networks_LH_Default_PFC_2,-0.196629570424577,-0.482233741365937,0.126757024009436,0.230234647684082,41,0.96478255060499,node
auc_degree,beta,switching,43,7Networks_LH_Default_PFC_2,-0.0927009648055476,-0.396622515407388,0.229535221277186,0.574597860760673,41,0.96478255060499,node
auc_degree,beta,detail,43,7Networks_LH_Default_PFC_2,0.117420072341294,-0.205724191464238,0.417475612494979,0.476527499241275,41,0.96478255060499,node
auc_degree,beta,communication,43,7Networks_LH_Default_PFC_2,-0.0345665948435749,-0.346311986580992,0.284053905763954,0.834520654150764,41,0.999016995499416,node
auc_degree,beta,imagination,43,7Networks_LH_Default_PFC_2,-0.0253747781676725,-0.338189582939474,0.292489439842398,0.878134702338945,41,0.999016995499416,node
auc_degree,beta,total,44,7Networks_LH_Default_PFC_3,-0.00141093598910821,-0.316792361935962,0.314251419283304,0.993198430717424,41,0.999560157016584,node
auc_degree,beta,social,44,7Networks_LH_Default_PFC_3,-0.0994966109400725,-0.402386772183841,0.223027438199333,0.546749230854214,41,0.96478255060499,node
auc_degree,beta,switching,44,7Networks_LH_Default_PFC_3,0.0426767690054693,-0.276569832460423,0.353439986497425,0.79643580294617,41,0.999016995499416,node
auc_degree,beta,detail,44,7Networks_LH_Default_PFC_3,0.130223185149526,-0.193239146662139,0.428153524107914,0.429435766276631,41,0.96478255060499,node
auc_degree,beta,communication,44,7Networks_LH_Default_PFC_3,-0.0407315177322979,-0.351733596276955,0.278368448631168,0.805531800569765,41,0.999016995499416,node
auc_degree,beta,imagination,44,7Networks_LH_Default_PFC_3,-0.0356378634065311,-0.347255588104931,0.283067559038183,0.829466667481035,41,0.999016995499416,node
auc_degree,beta,total,45,7Networks_LH_Default_PFC_4,-0.119678921357423,-0.419365552540889,0.203529075057365,0.468027434773926,41,0.96478255060499,node
auc_degree,beta,social,45,7Networks_LH_Default_PFC_4,-0.159109888783024,-0.451943539650605,0.164679952748591,0.333296995948798,41,0.96478255060499,node
auc_degree,beta,switching,45,7Networks_LH_Default_PFC_4,-0.0925161072919738,-0.396465378542961,0.229711846613718,0.575364306342291,41,0.96478255060499,node
auc_degree,beta,detail,45,7Networks_LH_Default_PFC_4,0.0117853780049607,-0.304870755776022,0.326095232317862,0.943232652813353,41,0.999016995499416,node
auc_degree,beta,communication,45,7Networks_LH_Default_PFC_4,-0.0225326741766075,-0.335668672233857,0.295087727313777,0.891698450754611,41,0.999016995499416,node
auc_degree,beta,imagination,45,7Networks_LH_Default_PFC_4,-0.0415969760696359,-0.352493038665058,0.277568505720111,0.801481724050992,41,0.999016995499416,node
auc_degree,beta,total,46,7Networks_LH_Default_PFC_5,0.136210559096768,-0.187364346461448,0.433118662249524,0.408337594355693,41,0.96478255060499,node
auc_degree,beta,social,46,7Networks_LH_Default_PFC_5,0.0769970730372873,-0.244464477898937,0.383209715303492,0.641290877950847,41,0.96478255060499,node
auc_degree,beta,switching,46,7Networks_LH_Default_PFC_5,0.105121402053175,-0.217619079233925,0.407139779687453,0.524194949564838,41,0.96478255060499,node
auc_degree,beta,detail,46,7Networks_LH_Default_PFC_5,0.194663685660665,-0.128767786388453,0.480663426845675,0.235021345273033,41,0.96478255060499,node
auc_degree,beta,communication,46,7Networks_LH_Default_PFC_5,0.0414170651616558,-0.277734833770599,0.352335199990819,0.802323233988115,41,0.999016995499416,node
auc_degree,beta,imagination,46,7Networks_LH_Default_PFC_5,-0.0944481820756246,-0.398106846288897,0.227864763100114,0.567376636165804,41,0.96478255060499,node
auc_degree,beta,total,47,7Networks_LH_Default_PFC_6,0.283186649880085,-0.0355085580253542,0.549601272083373,0.0806511719708772,41,0.96478255060499,node
auc_degree,beta,social,47,7Networks_LH_Default_PFC_6,0.241067592363929,-0.0805842849676676,0.517247077787788,0.139303985751829,41,0.96478255060499,node
auc_degree,beta,switching,47,7Networks_LH_Default_PFC_6,0.0891314596929856,-0.232942019587063,0.39358513029254,0.589478680985079,41,0.96478255060499,node
auc_degree,beta,detail,47,7Networks_LH_Default_PFC_6,0.217516957519894,-0.105227412212156,0.498805641936655,0.18345617990861,41,0.96478255060499,node
auc_degree,beta,communication,47,7Networks_LH_Default_PFC_6,0.110748146189476,-0.212188939987004,0.411878127864907,0.50210011803697,41,0.96478255060499,node
auc_degree,beta,imagination,47,7Networks_LH_Default_PFC_6,0.0959980501384194,-0.226381394495048,0.399422191660101,0.561006155114588,41,0.96478255060499,node
auc_degree,beta,total,48,7Networks_LH_Default_PFC_7,0.121344732306446,-0.201908179953975,0.420757645586158,0.461810955309192,41,0.96478255060499,node
auc_degree,beta,social,48,7Networks_LH_Default_PFC_7,0.16120172864893,-0.162590531611944,0.453650277239563,0.326897464928587,41,0.96478255060499,node
auc_degree,beta,switching,48,7Networks_LH_Default_PFC_7,0.0457744595182634,-0.273701024977141,0.356153043645537,0.782006031435815,41,0.999016995499416,node
auc_degree,beta,detail,48,7Networks_LH_Default_PFC_7,0.0125906593536981,-0.304140034425049,0.326814799393855,0.939360744898096,41,0.999016995499416,node
auc_degree,beta,communication,48,7Networks_LH_Default_PFC_7,0.124189948747236,-0.199135578889002,0.423132093335816,0.451296193237372,41,0.96478255060499,node
auc_degree,beta,imagination,48,7Networks_LH_Default_PFC_7,-0.0507405594139418,-0.360491621916187,0.269089969597225,0.759024017764715,41,0.999016995499416,node
auc_degree,beta,total,49,7Networks_LH_Default_pCunPCC_1,0.0372590056101523,-0.281573645278069,0.348682333826072,0.821831422984591,41,0.999016995499416,node
auc_degree,beta,social,49,7Networks_LH_Default_pCunPCC_1,0.0869810988314853,-0.234990553245119,0.391752117969014,0.598524657617868,41,0.96478255060499,node
auc_degree,beta,switching,49,7Networks_LH_Default_pCunPCC_1,-0.0119988248054188,-0.326285995289053,0.304677108054587,0.942206241162168,41,0.999016995499416,node
auc_degree,beta,detail,49,7Networks_LH_Default_pCunPCC_1,-0.106481425352704,-0.408286563214732,0.216308405087504,0.518811048627301,41,0.96478255060499,node
auc_degree,beta,communication,49,7Networks_LH_Default_pCunPCC_1,0.114151168310472,-0.208895117006095,0.414735972404378,0.48897052735727,41,0.96478255060499,node
auc_degree,beta,imagination,49,7Networks_LH_Default_pCunPCC_1,0.0201486475425645,-0.297263617744731,0.333550605546894,0.903099697240615,41,0.999016995499416,node
auc_degree,beta,total,50,7Networks_LH_Default_pCunPCC_2,0.0284572960267902,-0.289666047262606,0.340918672128232,0.863462392834676,41,0.999016995499416,node
auc_degree,beta,social,50,7Networks_LH_Default_pCunPCC_2,0.0325838934003352,-0.285877656717449,0.344563905291847,0.843891727090158,41,0.999016995499416,node
auc_degree,beta,switching,50,7Networks_LH_Default_pCunPCC_2,-0.0409703235080984,-0.351943189994053,0.278147764730679,0.804413759035913,41,0.999016995499416,node
auc_degree,beta,detail,50,7Networks_LH_Default_pCunPCC_2,-0.158903066606562,-0.451774676353466,0.164886378043935,0.333933905779308,41,0.96478255060499,node
auc_degree,beta,communication,50,7Networks_LH_Default_pCunPCC_2,0.191341154618567,-0.132160129916602,0.478005270567152,0.243263963077897,41,0.96478255060499,node
auc_degree,beta,imagination,50,7Networks_LH_Default_pCunPCC_2,0.0964156717491988,-0.225981435661949,0.399776406141166,0.559295285250842,41,0.96478255060499,node
auc_degree,beta,total,51,7Networks_RH_Vis_1,0.108630153359228,-0.214235270911677,0.410096450059449,0.5103611104915,41,0.918265044295862,node
auc_degree,beta,social,51,7Networks_RH_Vis_1,0.0880141158619809,-0.234006810081496,0.392632985224,0.594171499250264,41,0.918265044295862,node
auc_degree,beta,switching,51,7Networks_RH_Vis_1,0.132762732408193,-0.190750176868987,0.430261688504689,0.420413774965058,41,0.918265044295862,node
auc_degree,beta,detail,51,7Networks_RH_Vis_1,0.0635324762681986,-0.257144682426039,0.371605752188676,0.700800579770691,41,0.950603875073037,node
auc_degree,beta,communication,51,7Networks_RH_Vis_1,0.114620189242436,-0.208440570992544,0.415129389914654,0.487174960073571,41,0.918265044295862,node
auc_degree,beta,imagination,51,7Networks_RH_Vis_1,-0.166938716188085,-0.458320116419017,0.156845235580964,0.309742257393691,41,0.918265044295862,node
auc_degree,beta,total,52,7Networks_RH_Vis_2,0.229805979230395,-0.0924175782552824,0.508460499978154,0.159320147498986,41,0.902814169160919,node
auc_degree,beta,social,52,7Networks_RH_Vis_2,0.123189095453033,-0.200111479011908,0.422297308817955,0.454980050918153,41,0.918265044295862,node
auc_degree,beta,switching,52,7Networks_RH_Vis_2,0.129463420233258,-0.19398297196567,0.42752218665431,0.432155712894178,41,0.918265044295862,node
auc_degree,beta,detail,52,7Networks_RH_Vis_2,-0.0135616049731361,-0.327681913245198,0.303258491556547,0.93469413448225,41,0.994236131353275,node
auc_degree,beta,communication,52,7Networks_RH_Vis_2,0.111850328268534,-0.211122928490858,0.412804385077362,0.497828182332068,41,0.918265044295862,node
auc_degree,beta,imagination,52,7Networks_RH_Vis_2,0.356190270125504,0.0458170051951055,0.603848582121671,0.0260412334777797,41,0.664051453683382,node
auc_degree,beta,total,53,7Networks_RH_Vis_3,-0.147034505497245,-0.44204911488836,0.17668483519347,0.371737464461379,41,0.918265044295862,node
auc_degree,beta,social,53,7Networks_RH_Vis_3,-0.00377147653966586,-0.318914429180615,0.312122400804992,0.981820487421635,41,0.994236131353275,node
auc_degree,beta,switching,53,7Networks_RH_Vis_3,-0.299979449911372,-0.56228179230019,0.0171679578395731,0.0635380046913902,41,0.794175105984693,node
auc_degree,beta,detail,53,7Networks_RH_Vis_3,-0.00557486333935124,-0.320533502847701,0.310493749682128,0.973130328704388,41,0.994236131353275,node
auc_degree,beta,communication,53,7Networks_RH_Vis_3,0.00119566863962309,-0.314445415334564,0.316598684723538,0.994236131353275,41,0.994236131353275,node
auc_degree,beta,imagination,53,7Networks_RH_Vis_3,-0.102430528584275,-0.404868002385795,0.220208887719218,0.534927520256445,41,0.918265044295862,node
auc_degree,beta,total,54,7Networks_RH_Vis_4,-0.0114185986138858,-0.325767372215887,0.305203451994196,0.944996612284302,41,0.994236131353275,node
auc_degree,beta,social,54,7Networks_RH_Vis_4,0.0303534485131183,-0.28792653616316,0.342594807562784,0.854459058212202,41,0.994236131353275,node
auc_degree,beta,switching,54,7Networks_RH_Vis_4,-0.0721144893362878,-0.379012982374928,0.249075363117086,0.662640017671532,41,0.950603875073037,node
auc_degree,beta,detail,54,7Networks_RH_Vis_4,0.147479448129642,-0.176244192790524,0.442414973965317,0.370275989819685,41,0.918265044295862,node
auc_degree,beta,communication,54,7Networks_RH_Vis_4,-0.102485385881861,-0.40491435312297,0.220156136155437,0.534707665471923,41,0.918265044295862,node
auc_degree,beta,imagination,54,7Networks_RH_Vis_4,-0.0654052609696447,-0.37322552596562,0.255387585047472,0.692407160108267,41,0.950603875073037,node
auc_degree,beta,total,55,7Networks_RH_Vis_5,0.048181362223337,-0.271468032929814,0.358257480106504,0.770843299720589,41,0.993860339535434,node
auc_degree,beta,social,55,7Networks_RH_Vis_5,0.17538703010426,-0.148344600682829,0.465167777602424,0.285538079370732,41,0.918265044295862,node
auc_degree,beta,switching,55,7Networks_RH_Vis_5,-0.0094382414252697,-0.323995845412306,0.306998449131697,0.954525042021628,41,0.994236131353275,node
auc_degree,beta,detail,55,7Networks_RH_Vis_5,-0.14745946944399,-0.442398548371434,0.176263981170937,0.37034153906483,41,0.918265044295862,node
auc_degree,beta,communication,55,7Networks_RH_Vis_5,0.0281746648680009,-0.289925150382906,0.340668665390472,0.864805871087234,41,0.994236131353275,node
auc_degree,beta,imagination,55,7Networks_RH_Vis_5,0.0786469180581001,-0.242903147878056,0.384624956443377,0.634139657779689,41,0.950603875073037,node
auc_degree,beta,total,56,7Networks_RH_Vis_6,0.422177105043929,0.123045028907727,0.650984312433183,0.00742490144598977,41,0.252446649163652,node
auc_degree,beta,social,56,7Networks_RH_Vis_6,0.304986330178385,-0.0116579732033049,0.566038847685674,0.0590356958863829,41,0.794175105984693,node
auc_degree,beta,switching,56,7Networks_RH_Vis_6,0.283381248068512,-0.0352972459918806,0.549748922785613,0.0804341674274039,41,0.810127463978548,node
auc_degree,beta,detail,56,7Networks_RH_Vis_6,-0.103682158371501,-0.405925158921745,0.219004832717759,0.529922196914233,41,0.918265044295862,node
auc_degree,beta,communication,56,7Networks_RH_Vis_6,0.270892326464292,-0.0488013047310005,0.540239132768094,0.0953091134092409,41,0.810127463978548,node
auc_degree,beta,imagination,56,7Networks_RH_Vis_6,0.482945816648703,0.197521778490392,0.692886113463614,0.00184528169348313,41,0.174458377372338,node
auc_degree,beta,total,57,7Networks_RH_Vis_7,0.207293300209115,-0.115803354435778,0.49071988324299,0.205429119824198,41,0.918265044295862,node
auc_degree,beta,social,57,7Networks_RH_Vis_7,0.118273777762979,-0.204894955105895,0.418190198396445,0.473305505434851,41,0.918265044295862,node
auc_degree,beta,switching,57,7Networks_RH_Vis_7,0.210260068394182,-0.112741884329027,0.493071300214343,0.198872446432162,41,0.918265044295862,node
auc_degree,beta,detail,57,7Networks_RH_Vis_7,-0.0201830553361527,-0.333581197356186,0.297232237336317,0.902935005293979,41,0.994236131353275,node
auc_degree,beta,communication,57,7Networks_RH_Vis_7,0.0521175625832212,-0.267808811710966,0.361692256782313,0.752686604113748,41,0.993860339535434,node
auc_degree,beta,imagination,57,7Networks_RH_Vis_7,0.243641483160951,-0.0778669445009516,0.51924714762203,0.135002145334312,41,0.86063867650624,node
auc_degree,beta,total,58,7Networks_RH_Vis_8,0.0936827453864053,-0.228596806074427,0.397456772891176,0.57053504292115,41,0.918265044295862,node
auc_degree,beta,social,58,7Networks_RH_Vis_8,0.127125379200399,-0.196269630870876,0.425577532492499,0.440585606868963,41,0.918265044295862,node
auc_degree,beta,switching,58,7Networks_RH_Vis_8,0.0351898661566669,-0.283480124579675,0.346861057095059,0.831579399586499,41,0.994236131353275,node
auc_degree,beta,detail,58,7Networks_RH_Vis_8,-0.219033291497007,-0.500000735786058,0.103652586912963,0.18034524717629,41,0.918265044295862,node
auc_degree,beta,communication,58,7Networks_RH_Vis_8,0.168383207653706,-0.155395190397943,0.45949338532448,0.305514405987942,41,0.918265044295862,node
auc_degree,beta,imagination,58,7Networks_RH_Vis_8,0.189157051542917,-0.134386004548374,0.476255036697424,0.248787197793787,41,0.918265044295862,node
auc_degree,beta,total,59,7Networks_RH_SomMot_1,-0.224825719344731,-0.504556189007368,0.0976217886569082,0.168807458815519,41,0.650329456401571,node
auc_degree,beta,social,59,7Networks_RH_SomMot_1,-0.183953736469084,-0.472076167391586,0.139675712450548,0.262282119960746,41,0.688490564896957,node
auc_degree,beta,switching,59,7Networks_RH_SomMot_1,-0.0931759493259742,-0.397026191089106,0.229081291682619,0.572630634569164,41,0.831551349256015,node
auc_degree,beta,detail,59,7Networks_RH_SomMot_1,-0.117272048047565,-0.417351672421254,0.205867925867219,0.477087331286605,41,0.831551349256015,node
auc_degree,beta,communication,59,7Networks_RH_SomMot_1,0.0328093690887867,-0.285670373303965,0.344762808726583,0.842824941578253,41,0.924325629402948,node
auc_degree,beta,imagination,59,7Networks_RH_SomMot_1,-0.288793145789303,-0.553848524201968,0.0294090877398923,0.0745792819159084,41,0.567055339493273,node
auc_degree,beta,total,60,7Networks_RH_SomMot_2,-0.29441374915458,-0.55809266227767,0.0232703901414315,0.068857469779928,41,0.567055339493273,node
auc_degree,beta,social,60,7Networks_RH_SomMot_2,-0.340499360174279,-0.592379418370007,-0.0279832946790869,0.0339155915872188,41,0.567055339493273,node
auc_degree,beta,switching,60,7Networks_RH_SomMot_2,-0.109461526825294,-0.41079608457975,0.213432364564747,0.507110329213889,41,0.831551349256015,node
auc_degree,beta,detail,60,7Networks_RH_SomMot_2,-0.102615508983914,-0.405024292201076,0.220031000367544,0.534186338403017,41,0.831551349256015,node
auc_degree,beta,communication,60,7Networks_RH_SomMot_2,-0.077286732715945,-0.383458290189817,0.244190479189085,0.640033018252173,41,0.848729284144877,node
auc_degree,beta,imagination,60,7Networks_RH_SomMot_2,-0.148573144496598,-0.443313861047379,0.17516051495895,0.366698166523728,41,0.831551349256015,node
auc_degree,beta,total,61,7Networks_RH_SomMot_3,-0.106164206619966,-0.408019166764579,0.216614217446272,0.520064363182558,41,0.831551349256015,node
auc_degree,beta,social,61,7Networks_RH_SomMot_3,-0.165247954016328,-0.456945526217123,0.158540726957884,0.314737740875338,41,0.777587359809659,node
auc_degree,beta,switching,61,7Networks_RH_SomMot_3,0.0515440420804507,-0.268342550258303,0.36119231825477,0.755324215725586,41,0.906389058870703,node
auc_degree,beta,detail,61,7Networks_RH_SomMot_3,-0.168814360223547,-0.459843386473378,0.154962109600295,0.304259620959353,41,0.774479035169261,node
auc_degree,beta,communication,61,7Networks_RH_SomMot_3,0.11684416300084,-0.206283331992579,0.416993343414251,0.478707543674222,41,0.831551349256015,node
auc_degree,beta,imagination,61,7Networks_RH_SomMot_3,-0.116222426340508,-0.416472508545016,0.206886728695247,0.48106691252477,41,0.831551349256015,node
auc_degree,beta,total,62,7Networks_RH_SomMot_4,-0.118685831165352,-0.418534970954017,0.204494545988614,0.471754484943859,41,0.831551349256015,node
auc_degree,beta,social,62,7Networks_RH_SomMot_4,-0.0550628748133846,-0.364256887208768,0.265064702479733,0.739185327296782,41,0.899877789752604,node
auc_degree,beta,switching,62,7Networks_RH_SomMot_4,-0.0785726441417987,-0.384561275001219,0.242973472793055,0.634460899792057,41,0.848729284144877,node
auc_degree,beta,detail,62,7Networks_RH_SomMot_4,0.0880631415149185,-0.233960106507625,0.39267477615859,0.593965249468582,41,0.831551349256015,node
auc_degree,beta,communication,62,7Networks_RH_SomMot_4,-0.0295435717873396,-0.34187914670661,0.288669765920218,0.85830237015988,41,0.924325629402948,node
auc_degree,beta,imagination,62,7Networks_RH_SomMot_4,-0.332321534639688,-0.586361147349837,-0.0187668776467678,0.0387360414951754,41,0.567055339493273,node
auc_degree,beta,total,63,7Networks_RH_SomMot_5,0.0418777096158674,-0.277308928679961,0.352739295298243,0.80016907065478,41,0.920742492260295,node
auc_degree,beta,social,63,7Networks_RH_SomMot_5,0.0349499548927673,-0.283701012983576,0.346649732687289,0.832711289763087,41,0.924325629402948,node
auc_degree,beta,switching,63,7Networks_RH_SomMot_5,0.187534856171386,-0.13603711449624,0.47495361432015,0.252943458263811,41,0.685395177230973,node
auc_degree,beta,detail,63,7Networks_RH_SomMot_5,-0.299596565848682,-0.56199403792937,0.0175885237262583,0.0638931945897662,41,0.567055339493273,node
auc_degree,beta,communication,63,7Networks_RH_SomMot_5,0.211642024028666,-0.11131371866738,0.49416520916215,0.195868888570325,41,0.682518173627984,node
auc_degree,beta,imagination,63,7Networks_RH_SomMot_5,-0.0230052879086916,-0.336088185853905,0.294655983241863,0.889440721228024,41,0.944751720285937,node
auc_degree,beta,total,64,7Networks_RH_SomMot_6,0.0893190546139876,-0.232763172295435,0.393744925376395,0.588692396242571,41,0.831551349256015,node
auc_degree,beta,social,64,7Networks_RH_SomMot_6,0.0330208128928031,-0.28547596254723,0.344949308482141,0.841824795813732,41,0.924325629402948,node
auc_degree,beta,switching,64,7Networks_RH_SomMot_6,0.148508450971599,-0.175224637709904,0.443260707228551,0.366909222376219,41,0.831551349256015,node
auc_degree,beta,detail,64,7Networks_RH_SomMot_6,0.104547236597475,-0.218172061590846,0.406655352332715,0.52647610002688,41,0.831551349256015,node
auc_degree,beta,communication,64,7Networks_RH_SomMot_6,-0.0897644150019692,-0.394124213786033,0.232338491980191,0.586827576598848,41,0.831551349256015,node
auc_degree,beta,imagination,64,7Networks_RH_SomMot_6,0.0312726579124964,-0.287082506210569,0.343406643210776,0.850100915512847,41,0.924325629402948,node
auc_degree,beta,total,65,7Networks_RH_SomMot_7,-0.120204196321816,-0.419804669088931,0.203018154448394,0.466062429334526,41,0.831551349256015,node
auc_degree,beta,social,65,7Networks_RH_SomMot_7,-0.123580382736797,-0.422623731315708,0.199730023620478,0.453537903646354,41,0.831551349256015,node
auc_degree,beta,switching,65,7Networks_RH_SomMot_7,0.0432965692139436,-0.275996283213787,0.353983246177507,0.793543116344811,41,0.920742492260295,node
auc_degree,beta,detail,65,7Networks_RH_SomMot_7,-0.00697108236600001,-0.321785760158373,0.309231538818287,0.966404278513388,41,0.977111596865914,node
auc_degree,beta,communication,65,7Networks_RH_SomMot_7,-0.334229906172191,-0.587768079911528,-0.0209128581047456,0.0375640158510942,41,0.567055339493273,node
auc_degree,beta,imagination,65,7Networks_RH_SomMot_7,0.120393570426367,-0.202833912255305,0.419962946646359,0.465355077067858,41,0.831551349256015,node
auc_degree,beta,total,66,7Networks_RH_SomMot_8,0.0688629963310165,-0.252137866487443,0.376211202583878,0.677005735609836,41,0.874899719865019,node
auc_degree,beta,social,66,7Networks_RH_SomMot_8,0.12348066226423,-0.199827247718389,0.422540549150531,0.453905203234142,41,0.831551349256015,node
auc_degree,beta,switching,66,7Networks_RH_SomMot_8,0.257455625015846,-0.0632008258400231,0.529930241400094,0.11358025383968,41,0.589963307231704,node
auc_degree,beta,detail,66,7Networks_RH_SomMot_8,-0.19715276373988,-0.482651350082067,0.126221438978311,0.228972012950901,41,0.683454657642934,node
auc_degree,beta,communication,66,7Networks_RH_SomMot_8,-0.199039665842431,-0.484156382607168,0.124288278737491,0.224457599457826,41,0.683454657642934,node
auc_degree,beta,imagination,66,7Networks_RH_SomMot_8,0.20830284341824,-0.114762274295422,0.491520496048206,0.203181302190725,41,0.682518173627984,node
auc_degree,beta,total,67,7Networks_RH_DorsAttn_Post_1,0.0343880374595772,-0.284218242964654,0.346154647184647,0.835363688147975,41,0.995448007860274,node
auc_degree,beta,social,67,7Networks_RH_DorsAttn_Post_1,0.00925887432695924,-0.307160916482438,0.323835283709625,0.95538838899712,41,0.995448007860274,node
auc_degree,beta,switching,67,7Networks_RH_DorsAttn_Post_1,0.00306518598106381,-0.312759751124383,0.318279822622387,0.985224578215394,41,0.995448007860274,node
auc_degree,beta,detail,67,7Networks_RH_DorsAttn_Post_1,0.0798693311335438,-0.241745242373585,0.385672618466317,0.628862130623115,41,0.995448007860274,node
auc_degree,beta,communication,67,7Networks_RH_DorsAttn_Post_1,-0.0527855799916517,-0.362274344004959,0.26718688332969,0.749617891123454,41,0.995448007860274,node
auc_degree,beta,imagination,67,7Networks_RH_DorsAttn_Post_1,0.0655587692246916,-0.255243465414513,0.37335821227833,0.691720756026968,41,0.995448007860274,node
auc_degree,beta,total,68,7Networks_RH_DorsAttn_Post_2,0.113911649133979,-0.209127190315491,0.414535018956276,0.489888802756014,41,0.995448007860274,node
auc_degree,beta,social,68,7Networks_RH_DorsAttn_Post_2,0.194482925280423,-0.128952539789921,0.480518946459156,0.235464841111596,41,0.758954907284326,node
auc_degree,beta,switching,68,7Networks_RH_DorsAttn_Post_2,0.00916756033834752,-0.307243619894802,0.323753536398114,0.955827929612848,41,0.995448007860274,node
auc_degree,beta,detail,68,7Networks_RH_DorsAttn_Post_2,-0.211746405261569,-0.494247797464139,0.111205792909448,0.195643327120548,41,0.758954907284326,node
auc_degree,beta,communication,68,7Networks_RH_DorsAttn_Post_2,0.307597234468493,-0.0087770700389051,0.56799372175127,0.0567907420396897,41,0.716414134885654,node
auc_degree,beta,imagination,68,7Networks_RH_DorsAttn_Post_2,0.00389043705014853,-0.312015023911765,0.31902128815814,0.981247166056813,41,0.995448007860274,node
auc_degree,beta,total,69,7Networks_RH_DorsAttn_Post_3,-0.200550694536411,-0.485360395397324,0.122738434744266,0.220886721908883,41,0.758954907284326,node
auc_degree,beta,social,69,7Networks_RH_DorsAttn_Post_3,-0.151480263909838,-0.445700285568156,0.172276206800944,0.357289035272686,41,0.915018198883808,node
auc_degree,beta,switching,69,7Networks_RH_DorsAttn_Post_3,0.0564215557486903,-0.263797086850716,0.365438380024501,0.732982761676953,41,0.995448007860274,node
auc_degree,beta,detail,69,7Networks_RH_DorsAttn_Post_3,-0.332796618299305,-0.586711542549488,-0.0193008434264807,0.0384415211795874,41,0.691947381232573,node
auc_degree,beta,communication,69,7Networks_RH_DorsAttn_Post_3,-0.018709765885964,-0.332270711354947,0.298575285108314,0.909990361413294,41,0.995448007860274,node
auc_degree,beta,imagination,69,7Networks_RH_DorsAttn_Post_3,-0.100782170222417,-0.403474524723742,0.221793092944404,0.541554058047406,41,0.995448007860274,node
auc_degree,beta,total,70,7Networks_RH_DorsAttn_Post_4,-0.0608731100424095,-0.369302435956281,0.259636134077352,0.712779498868828,41,0.995448007860274,node
auc_degree,beta,social,70,7Networks_RH_DorsAttn_Post_4,-0.0798263882605535,-0.385635827886621,0.241785934650859,0.629047222207119,41,0.995448007860274,node
auc_degree,beta,switching,70,7Networks_RH_DorsAttn_Post_4,0.0569828427674371,-0.263273096935509,0.365926178095965,0.730425255104166,41,0.995448007860274,node
auc_degree,beta,detail,70,7Networks_RH_DorsAttn_Post_4,-0.229586943515343,-0.508289025873544,0.0926468341904483,0.159729095984298,41,0.758954907284326,node
auc_degree,beta,communication,70,7Networks_RH_DorsAttn_Post_4,-0.0386223144530384,-0.349881047600123,0.28031613230715,0.815422991691039,41,0.995448007860274,node
auc_degree,beta,imagination,70,7Networks_RH_DorsAttn_Post_4,0.191755733971807,-0.131737252879522,0.478337237413326,0.242224965833878,41,0.758954907284326,node
auc_degree,beta,total,71,7Networks_RH_DorsAttn_Post_5,0.100701441292994,-0.221870636233541,0.403406242579932,0.541879601291252,41,0.995448007860274,node
auc_degree,beta,social,71,7Networks_RH_DorsAttn_Post_5,-0.0113098437728332,-0.325670142913843,0.305302085878502,0.945519699203321,41,0.995448007860274,node
auc_degree,beta,switching,71,7Networks_RH_DorsAttn_Post_5,0.138355696890584,-0.185253893796157,0.434893182870484,0.400925234383129,41,0.949559765644253,node
auc_degree,beta,detail,71,7Networks_RH_DorsAttn_Post_5,-0.0252359558972304,-0.33806655351794,0.29261646203946,0.87879645787625,41,0.995448007860274,node
auc_degree,beta,communication,71,7Networks_RH_DorsAttn_Post_5,-0.0309394162493442,-0.343112381721819,0.287388550143676,0.851680375851065,41,0.995448007860274,node
auc_degree,beta,imagination,71,7Networks_RH_DorsAttn_Post_5,0.27348129938877,-0.0460114625057793,0.542216195868835,0.0920639911915521,41,0.758954907284326,node
auc_degree,beta,total,72,7Networks_RH_DorsAttn_PrCv_1,-0.0127742584269709,-0.326978805170531,0.3039733823696,0.938478163481985,41,0.995448007860274,node
auc_degree,beta,social,72,7Networks_RH_DorsAttn_PrCv_1,-0.00094427154795701,-0.316372468090327,0.314671937656713,0.995448007860274,41,0.995448007860274,node
auc_degree,beta,switching,72,7Networks_RH_DorsAttn_PrCv_1,0.0586566654450184,-0.261709375759119,0.367379841018371,0.722815618790857,41,0.995448007860274,node
auc_degree,beta,detail,72,7Networks_RH_DorsAttn_PrCv_1,-0.196222543630726,-0.481908766041199,0.127173560775933,0.231220211600034,41,0.758954907284326,node
auc_degree,beta,communication,72,7Networks_RH_DorsAttn_PrCv_1,0.198069242080301,-0.125282799476514,0.483382563007755,0.226771660561787,41,0.758954907284326,node
auc_degree,beta,imagination,72,7Networks_RH_DorsAttn_PrCv_1,-0.109485418530566,-0.410816185175094,0.213409284487753,0.507017063886005,41,0.995448007860274,node
auc_degree,beta,total,73,7Networks_RH_DorsAttn_FEF_1,0.0104203041527462,-0.306108588096074,0.324874624580441,0.949799015676437,41,0.995448007860274,node
auc_degree,beta,social,73,7Networks_RH_DorsAttn_FEF_1,0.0411115532213272,-0.278017236437415,0.352067129025602,0.803752729680334,41,0.995448007860274,node
auc_degree,beta,switching,73,7Networks_RH_DorsAttn_FEF_1,0.299824825395879,-0.0173378133537407,0.562165592758449,0.0636812564342803,41,0.716414134885654,node
auc_degree,beta,detail,73,7Networks_RH_DorsAttn_FEF_1,-0.400228614358339,-0.635499486535117,-0.0969489839982214,0.0115822867289688,41,0.347468601869066,node
auc_degree,beta,communication,73,7Networks_RH_DorsAttn_FEF_1,-0.0793439307714979,-0.385222423749956,0.242243029261105,0.631128235552037,41,0.995448007860274,node
auc_degree,beta,imagination,73,7Networks_RH_DorsAttn_FEF_1,0.194806013926305,-0.128622298271281,0.480777177812011,0.234672541915975,41,0.758954907284326,node
auc_degree,beta,total,74,7Networks_RH_SalVentAttn_TempOccPar_1,-0.304686964874466,-0.565814514789558,0.0119879608940451,0.0592975511026669,41,0.877888069349729,node
auc_degree,beta,social,74,7Networks_RH_SalVentAttn_TempOccPar_1,-0.174789119037126,-0.464684286927213,0.148947791819118,0.287209587436225,41,0.877888069349729,node
auc_degree,beta,switching,74,7Networks_RH_SalVentAttn_TempOccPar_1,-0.195199010975961,-0.481091217200069,0.12822050392709,0.233711251335661,41,0.877888069349729,node
auc_degree,beta,detail,74,7Networks_RH_SalVentAttn_TempOccPar_1,-0.114431440857344,-0.414971080174521,0.208623511009479,0.487897140526696,41,0.877888069349729,node
auc_degree,beta,communication,74,7Networks_RH_SalVentAttn_TempOccPar_1,-0.0661448504678839,-0.373864681347809,0.254693097980145,0.689102361656703,41,0.901044345195156,node
auc_degree,beta,imagination,74,7Networks_RH_SalVentAttn_TempOccPar_1,-0.334796436770886,-0.588185455343402,-0.0215504829489254,0.0372217041799668,41,0.877888069349729,node
auc_degree,beta,total,75,7Networks_RH_SalVentAttn_TempOccPar_2,-0.227862366913978,-0.506938152952935,0.0944506869433659,0.162975565690158,41,0.877888069349729,node
auc_degree,beta,social,75,7Networks_RH_SalVentAttn_TempOccPar_2,-0.138728692721153,-0.435201501039917,0.184886624093717,0.399644332793585,41,0.877888069349729,node
auc_degree,beta,switching,75,7Networks_RH_SalVentAttn_TempOccPar_2,-0.12859678713062,-0.426801690421268,0.194830969587875,0.435269891954385,41,0.877888069349729,node
auc_degree,beta,detail,75,7Networks_RH_SalVentAttn_TempOccPar_2,-0.157536468654391,-0.450658367745611,0.166249641001224,0.338161245159962,41,0.877888069349729,node
auc_degree,beta,communication,75,7Networks_RH_SalVentAttn_TempOccPar_2,0.0566323496338321,-0.263600322220227,0.365621594705818,0.732021943484934,41,0.903658754970527,node
auc_degree,beta,imagination,75,7Networks_RH_SalVentAttn_TempOccPar_2,-0.296497088009585,-0.559662302238306,0.0209889121884854,0.0668266802806071,41,0.877888069349729,node
auc_degree,beta,total,76,7Networks_RH_SalVentAttn_FrOperIns_1,0.0871120414862661,-0.234865892917339,0.391863805428912,0.597972094939637,41,0.901044345195156,node
auc_degree,beta,social,76,7Networks_RH_SalVentAttn_FrOperIns_1,-0.0856448262508525,-0.390611831299824,0.236262109254716,0.604176219704889,41,0.901044345195156,node
auc_degree,beta,switching,76,7Networks_RH_SalVentAttn_FrOperIns_1,0.1721913565555,-0.151565700491723,0.462581641278294,0.294545212158228,41,0.877888069349729,node
auc_degree,beta,detail,76,7Networks_RH_SalVentAttn_FrOperIns_1,0.145844049545765,-0.177863148076729,0.441069766232457,0.375664508932276,41,0.877888069349729,node
auc_degree,beta,communication,76,7Networks_RH_SalVentAttn_FrOperIns_1,0.0995760386221056,-0.222951204716527,0.402454003265386,0.546427565056314,41,0.901044345195156,node
auc_degree,beta,imagination,76,7Networks_RH_SalVentAttn_FrOperIns_1,-0.115300426589544,-0.415699777351995,0.207781079044394,0.484576865942168,41,0.877888069349729,node
auc_degree,beta,total,77,7Networks_RH_SalVentAttn_Med_1,-0.145995781783604,-0.441194630424367,0.177713015159383,0.375162617469333,41,0.877888069349729,node
auc_degree,beta,social,77,7Networks_RH_SalVentAttn_Med_1,-0.0214126558356481,-0.334673996362834,0.296110373501351,0.897052236482516,41,0.95319335569688,node
auc_degree,beta,switching,77,7Networks_RH_SalVentAttn_Med_1,-0.0607519785641132,-0.369197431889247,0.259749515708761,0.713326773279499,41,0.901044345195156,node
auc_degree,beta,detail,77,7Networks_RH_SalVentAttn_Med_1,-0.209193084916257,-0.492226100282763,0.113843633517429,0.201213414140867,41,0.877888069349729,node
auc_degree,beta,communication,77,7Networks_RH_SalVentAttn_Med_1,-0.0798037669945395,-0.385616447108718,0.241807369902633,0.629144732961896,41,0.901044345195156,node
auc_degree,beta,imagination,77,7Networks_RH_SalVentAttn_Med_1,-0.0323956765341513,-0.344397848283238,0.286050664679747,0.844782441587394,41,0.95319335569688,node
auc_degree,beta,total,78,7Networks_RH_SalVentAttn_Med_2,-0.273810501969105,-0.542467377582716,0.0456563607375215,0.0916575297450369,41,0.877888069349729,node
auc_degree,beta,social,78,7Networks_RH_SalVentAttn_Med_2,-0.209339830746999,-0.492342375136166,0.113692153349827,0.20089031516464,41,0.877888069349729,node
auc_degree,beta,switching,78,7Networks_RH_SalVentAttn_Med_2,-0.0263672125132119,-0.339068803551098,0.291581036860824,0.873406244904443,41,0.95319335569688,node
auc_degree,beta,detail,78,7Networks_RH_SalVentAttn_Med_2,-0.144495480593234,-0.439959493224726,0.179196840726351,0.380142675671849,41,0.877888069349729,node
auc_degree,beta,communication,78,7Networks_RH_SalVentAttn_Med_2,-0.143599512621782,-0.439221345565713,0.180082267807991,0.383135211196546,41,0.877888069349729,node
auc_degree,beta,imagination,78,7Networks_RH_SalVentAttn_Med_2,-0.2686857592374,-0.538551742503005,0.0511751406839734,0.0981436229451743,41,0.877888069349729,node
auc_degree,beta,total,79,7Networks_RH_Limbic_OFC_1,0.0804118387847454,-0.24123106960633,0.386137318983607,0.626525752834782,41,0.939788629252173,node
auc_degree,beta,social,79,7Networks_RH_Limbic_OFC_1,-0.0848018478073959,-0.389892007500023,0.237063694964782,0.607753240814473,41,0.939788629252173,node
auc_degree,beta,switching,79,7Networks_RH_Limbic_OFC_1,0.139473145470569,-0.184153329628755,0.435816657495406,0.397094881705666,41,0.818524951969382,node
auc_degree,beta,detail,79,7Networks_RH_Limbic_OFC_1,0.256602730546509,-0.0641103512479341,0.529273155324798,0.114823486365923,41,0.818524951969382,node
auc_degree,beta,communication,79,7Networks_RH_Limbic_OFC_1,-0.0616820899838094,-0.370003506659439,0.258878685069989,0.709128157977829,41,0.976098676995358,node
auc_degree,beta,imagination,79,7Networks_RH_Limbic_OFC_1,-0.0444670145138664,-0.355008579065275,0.274912558807731,0.788087948549976,41,0.976098676995358,node
auc_degree,beta,total,80,7Networks_RH_Limbic_TempPole_1,0.230314145471235,-0.0918855693440846,0.508858237452468,0.158374306333043,41,0.818524951969382,node
auc_degree,beta,social,80,7Networks_RH_Limbic_TempPole_1,0.135199246471147,-0.188358271920461,0.4322812758202,0.411859065727046,41,0.818524951969382,node
auc_degree,beta,switching,80,7Networks_RH_Limbic_TempPole_1,0.236495248452834,-0.0853996956003372,0.513686633244175,0.147194055150091,41,0.818524951969382,node
auc_degree,beta,detail,80,7Networks_RH_Limbic_TempPole_1,0.133942618123069,-0.189592372705406,0.431240048838984,0.416258715442331,41,0.818524951969382,node
auc_degree,beta,communication,80,7Networks_RH_Limbic_TempPole_1,0.19346946396114,-0.129987972919783,0.479708606924094,0.237961884690427,41,0.818524951969382,node
auc_degree,beta,imagination,80,7Networks_RH_Limbic_TempPole_1,-0.136185847466062,-0.433098206648171,0.187388641132981,0.408423436742553,41,0.818524951969382,node
auc_degree,beta,total,81,7Networks_RH_Cont_Par_1,0.30062632327694,-0.0164571668891671,0.562767802079394,0.0629414744775627,41,0.769417722142781,node
auc_degree,beta,social,81,7Networks_RH_Cont_Par_1,0.35351142890176,0.042758263361166,0.601897733765459,0.027266488978781,41,0.708928713448307,node
auc_degree,beta,switching,81,7Networks_RH_Cont_Par_1,0.22155231919883,-0.101032808388332,0.501983736841981,0.175260544606176,41,0.976451605662979,node
auc_degree,beta,detail,81,7Networks_RH_Cont_Par_1,-0.294218449153992,-0.557945421534472,0.0234840949416308,0.0690503083974291,41,0.769417722142781,node
auc_degree,beta,communication,81,7Networks_RH_Cont_Par_1,0.471052157759314,0.182681150420124,0.684795193222941,0.00247244476656434,41,0.192850691792019,node
auc_degree,beta,imagination,81,7Networks_RH_Cont_Par_1,0.0433151611932218,-0.275979075098615,0.353999538953047,0.793456387054944,41,0.992566861756495,node
auc_degree,beta,total,82,7Networks_RH_Cont_Par_2,0.021818534648799,-0.295739865063417,0.335034533502115,0.895111568424915,41,0.992566861756495,node
auc_degree,beta,social,82,7Networks_RH_Cont_Par_2,0.0452073972944818,-0.274226613342252,0.355656783265403,0.784642321204818,41,0.992566861756495,node
auc_degree,beta,switching,82,7Networks_RH_Cont_Par_2,0.262756334505651,-0.0575361896493982,0.53400668651677,0.106080313629739,41,0.962984253219962,node
auc_degree,beta,detail,82,7Networks_RH_Cont_Par_2,-0.298750306756655,-0.561357811245035,0.0185176700295681,0.0646838201371006,41,0.769417722142781,node
auc_degree,beta,communication,82,7Networks_RH_Cont_Par_2,0.0197951926427466,-0.297585934058744,0.333236312219302,0.904791729547511,41,0.992566861756495,node
auc_degree,beta,imagination,82,7Networks_RH_Cont_Par_2,0.0154486778054039,-0.301543624073586,0.329365672402603,0.925630673980415,41,0.992566861756495,node
auc_degree,beta,total,83,7Networks_RH_Cont_PFCl_1,0.161876237223958,-0.161916183237232,0.454200153527337,0.324850379600884,41,0.992566861756495,node
auc_degree,beta,social,83,7Networks_RH_Cont_PFCl_1,0.065525309044737,-0.255274880372397,0.373329291728492,0.691870350785453,41,0.992566861756495,node
auc_degree,beta,switching,83,7Networks_RH_Cont_PFCl_1,0.0883330633823625,-0.233702942754979,0.392904843113727,0.592830257279566,41,0.992566861756495,node
auc_degree,beta,detail,83,7Networks_RH_Cont_PFCl_1,0.299496344741085,-0.0176985896383891,0.561918706827919,0.0639864257596512,41,0.769417722142781,node
auc_degree,beta,communication,83,7Networks_RH_Cont_PFCl_1,-0.0167521327720475,-0.330527528184566,0.300357917487373,0.919375614669924,41,0.992566861756495,node
auc_degree,beta,imagination,83,7Networks_RH_Cont_PFCl_1,-0.0265685537532096,-0.339247109798893,0.291396673575508,0.87244747713151,41,0.992566861756495,node
auc_degree,beta,total,84,7Networks_RH_Cont_PFCl_2,0.12828324004918,-0.195137655303925,0.426540922236284,0.436399649911805,41,0.992566861756495,node
auc_degree,beta,social,84,7Networks_RH_Cont_PFCl_2,0.0969565838912036,-0.225463239096511,0.400235057422278,0.557082947241756,41,0.992566861756495,node
auc_degree,beta,switching,84,7Networks_RH_Cont_PFCl_2,0.0995615857270281,-0.222965076679307,0.402441769942835,0.546486089621618,41,0.992566861756495,node
auc_degree,beta,detail,84,7Networks_RH_Cont_PFCl_2,0.180213217487921,-0.143466958947503,0.469064072744726,0.272277278235921,41,0.992566861756495,node
auc_degree,beta,communication,84,7Networks_RH_Cont_PFCl_2,0.020162818982279,-0.297250693268557,0.333563205387992,0.903031865554146,41,0.992566861756495,node
auc_degree,beta,imagination,84,7Networks_RH_Cont_PFCl_2,-0.102104614030522,-0.40459259439535,0.220522252919911,0.536234607542188,41,0.992566861756495,node
auc_degree,beta,total,85,7Networks_RH_Cont_PFCl_3,0.029441190476394,-0.288763694695637,0.341788649980166,0.858788457201754,41,0.992566861756495,node
auc_degree,beta,social,85,7Networks_RH_Cont_PFCl_3,0.0456136524218801,-0.273850090330679,0.356012332267999,0.782753386097611,41,0.992566861756495,node
auc_degree,beta,switching,85,7Networks_RH_Cont_PFCl_3,0.00583525940773703,-0.310258430772133,0.320767133474511,0.971875761685203,41,0.992566861756495,node
auc_degree,beta,detail,85,7Networks_RH_Cont_PFCl_3,0.226409423298475,-0.0959687792850896,0.505798987092724,0.16574750163794,41,0.976451605662979,node
auc_degree,beta,communication,85,7Networks_RH_Cont_PFCl_3,-0.0869263727829979,-0.391705436756792,0.235042650525587,0.598755660930114,41,0.992566861756495,node
auc_degree,beta,imagination,85,7Networks_RH_Cont_PFCl_3,-0.183126081511211,-0.471410268084967,0.140515410026861,0.264472497293401,41,0.992566861756495,node
auc_degree,beta,total,86,7Networks_RH_Cont_PFCl_4,0.105769746808759,-0.216994405152639,0.407686588444303,0.521624938248234,41,0.992566861756495,node
auc_degree,beta,social,86,7Networks_RH_Cont_PFCl_4,0.148420230224491,-0.175312075682252,0.443188219514597,0.367197150304305,41,0.992566861756495,node
auc_degree,beta,switching,86,7Networks_RH_Cont_PFCl_4,0.112675923940806,-0.2103239229984,0.413497795709528,0.494640459897029,41,0.992566861756495,node
auc_degree,beta,detail,86,7Networks_RH_Cont_PFCl_4,-0.173610511511024,-0.463730719401679,0.150136102358741,0.29052298316123,41,0.992566861756495,node
auc_degree,beta,communication,86,7Networks_RH_Cont_PFCl_4,0.182402384919506,-0.141249255272022,0.470827740179032,0.266397629380459,41,0.992566861756495,node
auc_degree,beta,imagination,86,7Networks_RH_Cont_PFCl_4,0.00154195384808353,-0.314133334837274,0.316910226547582,0.992566861756495,41,0.992566861756495,node
auc_degree,beta,total,87,7Networks_RH_Cont_Cing_1,-0.0902584154161233,-0.394544804930096,0.231867286502127,0.584762166043348,41,0.992566861756495,node
auc_degree,beta,social,87,7Networks_RH_Cont_Cing_1,-0.0696634843492279,-0.376901497257974,0.251384502176602,0.673458315183829,41,0.992566861756495,node
auc_degree,beta,switching,87,7Networks_RH_Cont_Cing_1,-0.0247348816358967,-0.337622394043053,0.29307485104097,0.881185714283199,41,0.992566861756495,node
auc_degree,beta,detail,87,7Networks_RH_Cont_Cing_1,-0.163573903905863,-0.455583148900179,0.160217580271216,0.319733575818814,41,0.992566861756495,node
auc_degree,beta,communication,87,7Networks_RH_Cont_Cing_1,0.0739980632414345,-0.247298326823954,0.380633469900829,0.654371734500755,41,0.992566861756495,node
auc_degree,beta,imagination,87,7Networks_RH_Cont_Cing_1,-0.0540491181459998,-0.363374687616261,0.266009792041661,0.743823912033713,41,0.992566861756495,node
auc_degree,beta,total,88,7Networks_RH_Cont_PFCmp_1,-0.0311693139686267,-0.343315394241169,0.287177422625717,0.850590671801064,41,0.992566861756495,node
auc_degree,beta,social,88,7Networks_RH_Cont_PFCmp_1,-0.0738590304737603,-0.380513920742547,0.247429569624639,0.65498067096669,41,0.992566861756495,node
auc_degree,beta,switching,88,7Networks_RH_Cont_PFCmp_1,0.0117051950790261,-0.304943494261634,0.326023564131403,0.943618255656424,41,0.992566861756495,node
auc_degree,beta,detail,88,7Networks_RH_Cont_PFCmp_1,0.132630901917816,-0.190879484274074,0.430152331337609,0.420879472111767,41,0.992566861756495,node
auc_degree,beta,communication,88,7Networks_RH_Cont_PFCmp_1,0.0205597733557703,-0.296888620161865,0.333916092427827,0.901132118376573,41,0.992566861756495,node
auc_degree,beta,imagination,88,7Networks_RH_Cont_PFCmp_1,-0.228217161942206,-0.507216178426634,0.0940797553653914,0.162303807073937,41,0.976451605662979,node
auc_degree,beta,total,89,7Networks_RH_Cont_pCun_1,0.0951012638530171,-0.227239885130391,0.398661257402806,0.564688202483413,41,0.992566861756495,node
auc_degree,beta,social,89,7Networks_RH_Cont_pCun_1,0.0420090549083258,-0.277187465765415,0.352854495278786,0.799555112127808,41,0.992566861756495,node
auc_degree,beta,switching,89,7Networks_RH_Cont_pCun_1,0.0166554159717093,-0.300445930993526,0.33044135074488,0.919839582545729,41,0.992566861756495,node
auc_degree,beta,detail,89,7Networks_RH_Cont_pCun_1,-0.0547669829164826,-0.363999451081953,0.265340615631407,0.740538290091139,41,0.992566861756495,node
auc_degree,beta,communication,89,7Networks_RH_Cont_pCun_1,0.0683635093103468,-0.252607752279829,0.375780300858365,0.679222740270146,41,0.992566861756495,node
auc_degree,beta,imagination,89,7Networks_RH_Cont_pCun_1,0.259168941859819,-0.0613721361486861,0.531249225205333,0.111113567679226,41,0.962984253219962,node
auc_degree,beta,total,90,7Networks_RH_Default_Par_1,-0.161460297838162,-0.453861095643126,0.162332059581849,0.326111778488934,41,0.96478255060499,node
auc_degree,beta,social,90,7Networks_RH_Default_Par_1,-0.0505923775344788,-0.360362358159554,0.269227769964609,0.75970693264119,41,0.999016995499416,node
auc_degree,beta,switching,90,7Networks_RH_Default_Par_1,0.0102842476516851,-0.306231903846507,0.324752909538096,0.950453669329305,41,0.999016995499416,node
auc_degree,beta,detail,90,7Networks_RH_Default_Par_1,-0.216571236000809,-0.498059732508575,0.10620879518187,0.185415628183074,41,0.96478255060499,node
auc_degree,beta,communication,90,7Networks_RH_Default_Par_1,-0.0689016962835736,-0.376244583040555,0.252101453700595,0.676834075087498,41,0.964991156560393,node
auc_degree,beta,imagination,90,7Networks_RH_Default_Par_1,-0.152230746534718,-0.446315670673443,0.171530710318706,0.354883926120095,41,0.96478255060499,node
auc_degree,beta,total,91,7Networks_RH_Default_Temp_1,9.12411669402597e-05,-0.315440296129857,0.315604611540897,0.999560157016584,41,0.999560157016584,node
auc_degree,beta,social,91,7Networks_RH_Default_Temp_1,-0.033136724020559,-0.345051535111021,0.285369377621346,0.841276630813309,41,0.999016995499416,node
auc_degree,beta,switching,91,7Networks_RH_Default_Temp_1,0.0844256269226239,-0.237421300905795,0.389570630098991,0.609352580776553,41,0.96478255060499,node
auc_degree,beta,detail,91,7Networks_RH_Default_Temp_1,0.0235086750182077,-0.294195984274478,0.336534878746782,0.887036929407936,41,0.999016995499416,node
auc_degree,beta,communication,91,7Networks_RH_Default_Temp_1,0.131177442120954,-0.192304382619712,0.428946065703469,0.426033094397527,41,0.96478255060499,node
auc_degree,beta,imagination,91,7Networks_RH_Default_Temp_1,-0.271741006346008,-0.540887552934759,0.0478873280245782,0.0942358120970021,41,0.96478255060499,node
auc_degree,beta,total,92,7Networks_RH_Default_Temp_2,0.138361214707321,-0.185248461346119,0.434897744401793,0.40090626848888,41,0.96478255060499,node
auc_degree,beta,social,92,7Networks_RH_Default_Temp_2,0.133349721523455,-0.190174285737248,0.430748506808509,0.418343735135664,41,0.96478255060499,node
auc_degree,beta,switching,92,7Networks_RH_Default_Temp_2,0.0516888895257107,-0.268207768616584,0.361318598754792,0.75465780514679,41,0.999016995499416,node
auc_degree,beta,detail,92,7Networks_RH_Default_Temp_2,0.0704481219107209,-0.250645677501415,0.377577792361807,0.669987882364576,41,0.96478255060499,node
auc_degree,beta,communication,92,7Networks_RH_Default_Temp_2,0.236181208511633,-0.085729878994888,0.513441742190133,0.147747740346275,41,0.96478255060499,node
auc_degree,beta,imagination,92,7Networks_RH_Default_Temp_2,-0.173662162611995,-0.463772522474365,0.150084045625278,0.290377262971065,41,0.96478255060499,node
auc_degree,beta,total,93,7Networks_RH_Default_Temp_3,-0.124868492762844,-0.423697759923483,0.198473587295951,0.448807898946678,41,0.96478255060499,node
auc_degree,beta,social,93,7Networks_RH_Default_Temp_3,-0.0626933132854595,-0.3708793500992,0.257931320591933,0.704572991775227,41,0.975562603996468,node
auc_degree,beta,switching,93,7Networks_RH_Default_Temp_3,-0.0116777341050545,-0.325999018446913,0.304968404821379,0.943750319476559,41,0.999016995499416,node
auc_degree,beta,detail,93,7Networks_RH_Default_Temp_3,-0.074507554528799,-0.381071475116129,0.24681728140853,0.652142148386558,41,0.96478255060499,node
auc_degree,beta,communication,93,7Networks_RH_Default_Temp_3,0.0765149100980925,-0.244920458016905,0.382795843072653,0.643386881321197,41,0.96478255060499,node
auc_degree,beta,imagination,93,7Networks_RH_Default_Temp_3,-0.347642650317606,-0.597613447482447,-0.0360775014422989,0.0301179486311854,41,0.96478255060499,node
auc_degree,beta,total,94,7Networks_RH_Default_PFCv_1,0.185569536273111,-0.138035059840219,0.473375230866057,0.258040638772538,41,0.96478255060499,node
auc_degree,beta,social,94,7Networks_RH_Default_PFCv_1,0.0143874086231406,-0.302508299280857,0.328418990230074,0.930726799494865,41,0.999016995499416,node
auc_degree,beta,switching,94,7Networks_RH_Default_PFCv_1,0.211884641806938,-0.111062850472063,0.4943571648479,0.195344887459485,41,0.96478255060499,node
auc_degree,beta,detail,94,7Networks_RH_Default_PFCv_1,0.257714176801366,-0.0629250013468982,0.5301293699981,0.113205387547297,41,0.96478255060499,node
auc_degree,beta,communication,94,7Networks_RH_Default_PFCv_1,0.0983669139539046,-0.224111277304177,0.401430193171655,0.551333978158405,41,0.96478255060499,node
auc_degree,beta,imagination,94,7Networks_RH_Default_PFCv_1,-0.122739094947465,-0.421921810219564,0.200550051195071,0.456641651226496,41,0.96478255060499,node
auc_degree,beta,total,95,7Networks_RH_Default_PFCv_2,0.192794665417057,-0.130677010041476,0.479168783148593,0.239634411660043,41,0.96478255060499,node
auc_degree,beta,social,95,7Networks_RH_Default_PFCv_2,0.0534964961202808,-0.266524723059465,0.362893546638964,0.746356281591001,41,0.999016995499416,node
auc_degree,beta,switching,95,7Networks_RH_Default_PFCv_2,0.176441957473549,-0.147279769666424,0.466020405372216,0.282604351716842,41,0.96478255060499,node
auc_degree,beta,detail,95,7Networks_RH_Default_PFCv_2,0.2300861406058,-0.0921242947305133,0.508679794655201,0.158798182490888,41,0.96478255060499,node
auc_degree,beta,communication,95,7Networks_RH_Default_PFCv_2,0.145909841844955,-0.177798051105969,0.441123909737791,0.375446836024138,41,0.96478255060499,node
auc_degree,beta,imagination,95,7Networks_RH_Default_PFCv_2,-0.129272523092179,-0.427363512245447,0.194169805705766,0.432840622319888,41,0.96478255060499,node
auc_degree,beta,total,96,7Networks_RH_Default_PFCdPFCm_1,0.091706488296918,-0.230485161246278,0.395776957582613,0.578726546261538,41,0.96478255060499,node
auc_degree,beta,social,96,7Networks_RH_Default_PFCdPFCm_1,-0.0534385420776808,-0.362843079328214,0.266578713825332,0.746622006546526,41,0.999016995499416,node
auc_degree,beta,switching,96,7Networks_RH_Default_PFCdPFCm_1,0.0798224300544357,-0.241789685354165,0.385632436711566,0.629064283919746,41,0.96478255060499,node
auc_degree,beta,detail,96,7Networks_RH_Default_PFCdPFCm_1,0.230121894036413,-0.0920868626641335,0.50870777784304,0.158731660129206,41,0.96478255060499,node
auc_degree,beta,communication,96,7Networks_RH_Default_PFCdPFCm_1,-0.00166529520520139,-0.317021176422287,0.314022160181687,0.991972301292901,41,0.999560157016584,node
auc_degree,beta,imagination,96,7Networks_RH_Default_PFCdPFCm_1,-0.00394922856488563,-0.319074096011923,0.311961954160539,0.980963828119528,41,0.999560157016584,node
auc_degree,beta,total,97,7Networks_RH_Default_PFCdPFCm_2,0.0716408304749555,-0.249521891112225,0.378605184977546,0.664725493727758,41,0.96478255060499,node
auc_degree,beta,social,97,7Networks_RH_Default_PFCdPFCm_2,0.0179464803681006,-0.29927060086685,0.331591295035846,0.913648330597033,41,0.999016995499416,node
auc_degree,beta,switching,97,7Networks_RH_Default_PFCdPFCm_2,0.0485988766599078,-0.271080335415566,0.358622206698231,0.768911505612541,41,0.999016995499416,node
auc_degree,beta,detail,97,7Networks_RH_Default_PFCdPFCm_2,0.275449089075357,-0.0438876600352791,0.543716906083887,0.0896549232067874,41,0.96478255060499,node
auc_degree,beta,communication,97,7Networks_RH_Default_PFCdPFCm_2,-0.0025554068316249,-0.317821607207867,0.313219594644693,0.987681711628088,41,0.999560157016584,node
auc_degree,beta,imagination,97,7Networks_RH_Default_PFCdPFCm_2,-0.217008279304362,-0.498404489060076,0.105755349905186,0.184508278436828,41,0.96478255060499,node
auc_degree,beta,total,98,7Networks_RH_Default_PFCdPFCm_3,-0.280601346133943,-0.547638101198173,0.038313209365035,0.0835776055588469,41,0.96478255060499,node
auc_degree,beta,social,98,7Networks_RH_Default_PFCdPFCm_3,-0.178030973861601,-0.467303687436363,0.145674417934745,0.278222443030779,41,0.96478255060499,node
auc_degree,beta,switching,98,7Networks_RH_Default_PFCdPFCm_3,-0.195516424630413,-0.481344805222552,0.127895907399574,0.232936797681186,41,0.96478255060499,node
auc_degree,beta,detail,98,7Networks_RH_Default_PFCdPFCm_3,-0.103698643887179,-0.405939077588889,0.218988967260894,0.529856423199397,41,0.96478255060499,node
auc_degree,beta,communication,98,7Networks_RH_Default_PFCdPFCm_3,-0.00631116804564909,-0.321194025686841,0.309828253879679,0.969583047205347,41,0.999560157016584,node
auc_degree,beta,imagination,98,7Networks_RH_Default_PFCdPFCm_3,-0.328655001284409,-0.583653715128373,-0.0146519204140672,0.041071398782275,41,0.96478255060499,node
auc_degree,beta,total,99,7Networks_RH_Default_pCunPCC_1,0.359677376643765,0.0498073745630309,0.606383607343424,0.0245149751800477,41,0.96478255060499,node
auc_degree,beta,social,99,7Networks_RH_Default_pCunPCC_1,0.252734217218278,-0.0682290500182538,0.526288667293361,0.120591647250254,41,0.96478255060499,node
auc_degree,beta,switching,99,7Networks_RH_Default_pCunPCC_1,0.232874121635019,-0.0892026813038383,0.510860102501014,0.153671397536532,41,0.96478255060499,node
auc_degree,beta,detail,99,7Networks_RH_Default_pCunPCC_1,-0.108939918007319,-0.410357171062113,0.213936163925175,0.509148669446387,41,0.96478255060499,node
auc_degree,beta,communication,99,7Networks_RH_Default_pCunPCC_1,0.27167403054931,-0.0479594763494772,0.540836392783026,0.0943201753655073,41,0.96478255060499,node
auc_degree,beta,imagination,99,7Networks_RH_Default_pCunPCC_1,0.413028705606316,0.112117365621254,0.64455310912112,0.00896793919080861,41,0.96478255060499,node
auc_degree,beta,total,100,7Networks_RH_Default_pCunPCC_2,0.070542078518146,-0.250557181684899,0.377658753515392,0.669572765279898,41,0.96478255060499,node
auc_degree,beta,social,100,7Networks_RH_Default_pCunPCC_2,0.0188806606776315,-0.29841956215365,0.332422783792661,0.909171613205904,41,0.999016995499416,node
auc_degree,beta,switching,100,7Networks_RH_Default_pCunPCC_2,0.0291157247809575,-0.289062249468761,0.34150092637479,0.860334046685348,41,0.999016995499416,node
auc_degree,beta,detail,100,7Networks_RH_Default_pCunPCC_2,-0.149707590696346,-0.444245613675728,0.17403563115187,0.363008959138494,41,0.96478255060499,node
auc_degree,beta,communication,100,7Networks_RH_Default_pCunPCC_2,0.141312698986884,-0.182339802120495,0.437335531574371,0.390835632712818,41,0.96478255060499,node
auc_degree,beta,imagination,100,7Networks_RH_Default_pCunPCC_2,0.22688378976295,-0.0954733074757847,0.506171016522821,0.164838789231311,41,0.96478255060499,node
auc_degree,gamma,total,1,7Networks_LH_Vis_1,-0.00951707407604669,-0.324066407274892,0.306927038161653,0.954145613247707,41,0.98695613832134,node
auc_degree,gamma,social,1,7Networks_LH_Vis_1,0.00471363429903627,-0.311271763157022,0.319760524270757,0.977280097749562,41,0.98695613832134,node
auc_degree,gamma,switching,1,7Networks_LH_Vis_1,-0.24864155105863,-0.52312389514929,0.0725745209440343,0.12692788721493,41,0.622571964521871,node
auc_degree,gamma,detail,1,7Networks_LH_Vis_1,0.20840423222341,-0.114657678995396,0.491600875448889,0.202956505715106,41,0.622571964521871,node
auc_degree,gamma,communication,1,7Networks_LH_Vis_1,-0.102142100568897,-0.404624274485419,0.220486213191565,0.536084188574285,41,0.770149115979959,node
auc_degree,gamma,imagination,1,7Networks_LH_Vis_1,0.161101016776647,-0.162691193617343,0.453568155287416,0.327203805976925,41,0.698442068405613,node
auc_degree,gamma,total,2,7Networks_LH_Vis_2,0.265343206950555,-0.054764203694588,0.53599152024061,0.10255977252006,41,0.622571964521871,node
auc_degree,gamma,social,2,7Networks_LH_Vis_2,0.449227474583881,0.155786393000573,0.669810134010998,0.00412015593619705,41,0.21012795274605,node
auc_degree,gamma,switching,2,7Networks_LH_Vis_2,0.110435459158424,-0.2124912256062,0.411615237035435,0.503315434946465,41,0.76480721201206,node
auc_degree,gamma,detail,2,7Networks_LH_Vis_2,-0.174301200107196,-0.464289611407098,0.149439841039745,0.288578285638172,41,0.66897693488849,node
auc_degree,gamma,communication,2,7Networks_LH_Vis_2,0.205992182603862,-0.117144071177208,0.489687332561916,0.208351624838415,41,0.622571964521871,node
auc_degree,gamma,imagination,2,7Networks_LH_Vis_2,0.0829269749110059,-0.238844936145161,0.388289705620538,0.615741173739895,41,0.826389470019333,node
auc_degree,gamma,total,3,7Networks_LH_Vis_3,0.198894637069425,-0.124436950077022,0.484040764451315,0.224802401017638,41,0.622571964521871,node
auc_degree,gamma,social,3,7Networks_LH_Vis_3,0.382105840453205,0.0757113724254958,0.622569470231638,0.0163730211569309,41,0.411097382071046,node
auc_degree,gamma,switching,3,7Networks_LH_Vis_3,-0.0323126328261439,-0.344324575582592,0.2861269914227,0.845175496876952,41,0.955365371341143,node
auc_degree,gamma,detail,3,7Networks_LH_Vis_3,-0.0395795074542524,-0.350722068114398,0.279432565045865,0.810930604323883,41,0.934167508070521,node
auc_degree,gamma,communication,3,7Networks_LH_Vis_3,0.122182240971515,-0.201092583847112,0.421457006632905,0.458702320210451,41,0.76480721201206,node
auc_degree,gamma,imagination,3,7Networks_LH_Vis_3,0.0696717666716898,-0.251376705390072,0.376908637671548,0.673421647688472,41,0.858612600802802,node
auc_degree,gamma,total,4,7Networks_LH_Vis_4,0.321786253300714,0.00697163244275,0.578566405821783,0.0457536658306742,41,0.466687391472877,node
auc_degree,gamma,social,4,7Networks_LH_Vis_4,0.466379360073544,0.176886279003256,0.681601936613467,0.00276584659240788,41,0.21012795274605,node
auc_degree,gamma,switching,4,7Networks_LH_Vis_4,0.231350255377798,-0.0908002760044699,0.509668823767262,0.15645845271634,41,0.622571964521871,node
auc_degree,gamma,detail,4,7Networks_LH_Vis_4,-0.206885129983198,-0.490396050119789,0.11622407397929,0.206342839316991,41,0.622571964521871,node
auc_degree,gamma,communication,4,7Networks_LH_Vis_4,0.251226464401995,-0.0698313551014806,0.525123635019302,0.122897720158845,41,0.622571964521871,node
auc_degree,gamma,imagination,4,7Networks_LH_Vis_4,0.078214581529898,-0.243312450487189,0.384254236134984,0.636010481457392,41,0.84250739102148,node
auc_degree,gamma,total,5,7Networks_LH_Vis_5,-0.115991016031412,-0.416278603529448,0.207111250122619,0.48194661690363,41,0.76480721201206,node
auc_degree,gamma,social,5,7Networks_LH_Vis_5,0.0464450804780285,-0.273079205621377,0.356739706820235,0.778891392239213,41,0.934167508070521,node
auc_degree,gamma,switching,5,7Networks_LH_Vis_5,-0.0386896139756534,-0.349940195525032,0.28025402701367,0.815106943316435,41,0.934167508070521,node
auc_degree,gamma,detail,5,7Networks_LH_Vis_5,-0.0725040637979744,-0.379348297855391,0.248708000850482,0.660926634078495,41,0.853348312354512,node
auc_degree,gamma,communication,5,7Networks_LH_Vis_5,-0.208877353467906,-0.491975894512071,0.114169500228911,0.20190981043606,41,0.622571964521871,node
auc_degree,gamma,imagination,5,7Networks_LH_Vis_5,-0.0931354017276368,-0.396991735440344,0.22912004737555,0.572798449336276,41,0.790494037593773,node
auc_degree,gamma,total,6,7Networks_LH_Vis_6,0.0115525248714924,-0.305081979864286,0.325887096202145,0.94435248763943,41,0.98695613832134,node
auc_degree,gamma,social,6,7Networks_LH_Vis_6,0.275939259488033,-0.0433581778984509,0.544090461728992,0.0890624702537264,41,0.622571964521871,node
auc_degree,gamma,switching,6,7Networks_LH_Vis_6,-0.0403654826752918,-0.351412276137796,0.278706641579819,0.807246243957035,41,0.934167508070521,node
auc_degree,gamma,detail,6,7Networks_LH_Vis_6,-0.183790998464371,-0.471945260623497,0.139840855111132,0.262711852025114,41,0.653575826989307,node
auc_degree,gamma,communication,6,7Networks_LH_Vis_6,-0.016753103191008,-0.330528392829148,0.300357034366536,0.919370959528841,41,0.98695613832134,node
auc_degree,gamma,imagination,6,7Networks_LH_Vis_6,-0.0744462369948501,-0.381018768250256,0.246875183851075,0.652410322956741,41,0.853151960789585,node
auc_degree,gamma,total,7,7Networks_LH_Vis_7,0.208624343514782,-0.11443058186658,0.491775359503315,0.20246907892168,41,0.622571964521871,node
auc_degree,gamma,social,7,7Networks_LH_Vis_7,0.19926487900733,-0.124057380302133,0.484335904700334,0.223922880495002,41,0.622571964521871,node
auc_degree,gamma,switching,7,7Networks_LH_Vis_7,-0.00894633316731736,-0.323555467020981,0.307443966335269,0.956892861521465,41,0.98695613832134,node
auc_degree,gamma,detail,7,7Networks_LH_Vis_7,-0.0667647084080715,-0.374400139338102,0.254110785836124,0.68633694609899,41,0.864276154346876,node
auc_degree,gamma,communication,7,7Networks_LH_Vis_7,0.258773952088975,-0.0617939150464455,0.53094526230355,0.111678611661275,41,0.622571964521871,node
auc_degree,gamma,imagination,7,7Networks_LH_Vis_7,0.241732422433134,-0.0798828598679545,0.517763980353266,0.138183263660602,41,0.622571964521871,node
auc_degree,gamma,total,8,7Networks_LH_Vis_8,0.196593404091387,-0.126794039967768,0.482204868890997,0.230322103778974,41,0.622571964521871,node
auc_degree,gamma,social,8,7Networks_LH_Vis_8,0.39750131874462,0.0937351849755053,0.633562047592869,0.0122160915184152,41,0.411097382071046,node
auc_degree,gamma,switching,8,7Networks_LH_Vis_8,0.131441986201756,-0.192045138503577,0.429165697078838,0.425092465513245,41,0.76480721201206,node
auc_degree,gamma,detail,8,7Networks_LH_Vis_8,-0.286787099664682,-0.552330408816953,0.0315942497428943,0.0767092947110216,41,0.622571964521871,node
auc_degree,gamma,communication,8,7Networks_LH_Vis_8,0.233519288682618,-0.0885257997471689,0.511364138784001,0.152502396244092,41,0.622571964521871,node
auc_degree,gamma,imagination,8,7Networks_LH_Vis_8,-0.000217089569989468,-0.315717920155643,0.315326965466446,0.99895348442242,41,0.99895348442242,node
auc_degree,gamma,total,9,7Networks_LH_Vis_9,-0.267534121810693,-0.537670210077311,0.0524126441370388,0.0996484003413336,41,0.622571964521871,node
auc_degree,gamma,social,9,7Networks_LH_Vis_9,-0.113090584768789,-0.41384593414376,0.209922454408675,0.493043361989149,41,0.76480721201206,node
auc_degree,gamma,switching,9,7Networks_LH_Vis_9,-0.0456181207631553,-0.356016242400358,0.273845948464115,0.782732616778986,41,0.934167508070521,node
auc_degree,gamma,detail,9,7Networks_LH_Vis_9,-0.125333234876576,-0.424085056627143,0.198020011822686,0.447107956869671,41,0.76480721201206,node
auc_degree,gamma,communication,9,7Networks_LH_Vis_9,-0.333750363831224,-0.587414685126803,-0.0203733368309337,0.0378557697926353,41,0.466687391472877,node
auc_degree,gamma,imagination,9,7Networks_LH_Vis_9,-0.160616980067794,-0.45317339527818,0.163174896632029,0.328678620426171,41,0.698442068405613,node
auc_degree,gamma,total,10,7Networks_LH_SomMot_1,0.103388620544332,-0.219287301334988,0.405677302414188,0.531094016247423,41,0.878229560950572,node
auc_degree,gamma,social,10,7Networks_LH_SomMot_1,0.0247503284744502,-0.293060722262136,0.337636088425999,0.88111204401458,41,0.932680592084542,node
auc_degree,gamma,switching,10,7Networks_LH_SomMot_1,0.0719698059501575,-0.249211773621342,0.378888429611744,0.663276780140127,41,0.878229560950572,node
auc_degree,gamma,detail,10,7Networks_LH_SomMot_1,-0.216245267328107,-0.497802537943033,0.106546909879937,0.186094431519807,41,0.872132260051641,node
auc_degree,gamma,communication,10,7Networks_LH_SomMot_1,0.185452848609997,-0.138153601815706,0.473281458763736,0.258345407526509,41,0.872132260051641,node
auc_degree,gamma,imagination,10,7Networks_LH_SomMot_1,0.316943798205791,0.0015792739583299,0.574967813844528,0.0493067411283156,41,0.872132260051641,node
auc_degree,gamma,total,11,7Networks_LH_SomMot_2,0.104483857002092,-0.218233090179615,0.406601868117512,0.526728203762637,41,0.878229560950572,node
auc_degree,gamma,social,11,7Networks_LH_SomMot_2,0.0348900718576649,-0.283756142545613,0.346596980137349,0.832993867096201,41,0.932680592084542,node
auc_degree,gamma,switching,11,7Networks_LH_SomMot_2,0.13055870343851,-0.192910549038994,0.428432235259218,0.428237659061763,41,0.878229560950572,node
auc_degree,gamma,detail,11,7Networks_LH_SomMot_2,-0.188546669875754,-0.475765499485545,0.135007476754589,0.250345662461088,41,0.872132260051641,node
auc_degree,gamma,communication,11,7Networks_LH_SomMot_2,0.172812291368397,-0.150940363009975,0.463084527178974,0.292780950956395,41,0.878229560950572,node
auc_degree,gamma,imagination,11,7Networks_LH_SomMot_2,0.193514999410471,-0.129941465395363,0.479745026464489,0.23784930782925,41,0.872132260051641,node
auc_degree,gamma,total,12,7Networks_LH_SomMot_3,-0.0781481466098067,-0.384197260711661,0.243375335755661,0.636298159096472,41,0.878229560950572,node
auc_degree,gamma,social,12,7Networks_LH_SomMot_3,-0.0906838653515232,-0.394906930147094,0.231461347141303,0.582985966350361,41,0.878229560950572,node
auc_degree,gamma,switching,12,7Networks_LH_SomMot_3,-0.0740580676043249,-0.380685062277104,0.247241680846405,0.654108995146887,41,0.878229560950572,node
auc_degree,gamma,detail,12,7Networks_LH_SomMot_3,-0.20277180103481,-0.487128251224885,0.120457406401139,0.21570898822117,41,0.872132260051641,node
auc_degree,gamma,communication,12,7Networks_LH_SomMot_3,0.0707246359312103,-0.250385219228404,0.377816047374793,0.668766470766786,41,0.878229560950572,node
auc_degree,gamma,imagination,12,7Networks_LH_SomMot_3,0.161070831857306,-0.162721362278039,0.453543541089778,0.327295655964788,41,0.878229560950572,node
auc_degree,gamma,total,13,7Networks_LH_SomMot_4,0.191321137342355,-0.132180544853033,0.477989240025997,0.243314205209939,41,0.872132260051641,node
auc_degree,gamma,social,13,7Networks_LH_SomMot_4,0.154841502105504,-0.168934408677501,0.448454288559738,0.346593713595792,41,0.878229560950572,node
auc_degree,gamma,switching,13,7Networks_LH_SomMot_4,0.161360611906805,-0.162431713319017,0.453779822903441,0.326414543920646,41,0.878229560950572,node
auc_degree,gamma,detail,13,7Networks_LH_SomMot_4,-0.211152691300718,-0.49377797234083,0.111819566363443,0.196928742665345,41,0.872132260051641,node
auc_degree,gamma,communication,13,7Networks_LH_SomMot_4,0.265438463828277,-0.0546620360704453,0.536064551063935,0.102431857607163,41,0.872132260051641,node
auc_degree,gamma,imagination,13,7Networks_LH_SomMot_4,0.192614110716759,-0.130861321557334,0.479024306669376,0.240083271054564,41,0.872132260051641,node
auc_degree,gamma,total,14,7Networks_LH_SomMot_5,-0.0968594718995675,-0.400152725220963,0.225556286313341,0.557479835413922,41,0.878229560950572,node
auc_degree,gamma,social,14,7Networks_LH_SomMot_5,-0.0706429319374229,-0.377745652334368,0.250462183929683,0.669127284533769,41,0.878229560950572,node
auc_degree,gamma,switching,14,7Networks_LH_SomMot_5,-0.0599943778918866,-0.368540519256289,0.260458445590563,0.716752828226643,41,0.922404931531803,node
auc_degree,gamma,detail,14,7Networks_LH_SomMot_5,-0.152429623453034,-0.446478700317998,0.171333092555156,0.354248221705282,41,0.878229560950572,node
auc_degree,gamma,communication,14,7Networks_LH_SomMot_5,-0.0367732299495327,-0.348254960516414,0.282021459150634,0.824117662088702,41,0.932680592084542,node
auc_degree,gamma,imagination,14,7Networks_LH_SomMot_5,0.101047358634476,-0.221538340401799,0.403698802663891,0.540485332461806,41,0.878229560950572,node
auc_degree,gamma,total,15,7Networks_LH_SomMot_6,0.0528428720701325,-0.267133531632894,0.36232425509952,0.749354881050064,41,0.922404931531803,node
auc_degree,gamma,social,15,7Networks_LH_SomMot_6,0.155836735700063,-0.167943500685004,0.449268656715869,0.343464830694264,41,0.878229560950572,node
auc_degree,gamma,switching,15,7Networks_LH_SomMot_6,-0.0133257411363513,-0.327471321056582,0.303472687395681,0.935827563858376,41,0.964384083217524,node
auc_degree,gamma,detail,15,7Networks_LH_SomMot_6,-0.16633747623306,-0.457831467795429,0.157448376001239,0.311512880519999,41,0.878229560950572,node
auc_degree,gamma,communication,15,7Networks_LH_SomMot_6,0.184987510237366,-0.138626242799927,0.472907440399073,0.259563172634417,41,0.872132260051641,node
auc_degree,gamma,imagination,15,7Networks_LH_SomMot_6,-0.0390893491258053,-0.350291461954111,0.279885088693721,0.813230324828058,41,0.932680592084542,node
auc_degree,gamma,total,16,7Networks_LH_DorsAttn_Post_1,0.220810854793462,-0.101804393222244,0.501400355499465,0.176746430419979,41,0.593171667026713,node
auc_degree,gamma,social,16,7Networks_LH_DorsAttn_Post_1,0.127141997981588,-0.196253389716173,0.425591364816258,0.440525370141078,41,0.762447756013405,node
auc_degree,gamma,switching,16,7Networks_LH_DorsAttn_Post_1,0.106343024825325,-0.216441836875336,0.408169906202821,0.519357677821264,41,0.76335048288131,node
auc_degree,gamma,detail,16,7Networks_LH_DorsAttn_Post_1,-0.151362547592555,-0.445603734621394,0.172393107381973,0.357667177363997,41,0.72954513320378,node
auc_degree,gamma,communication,16,7Networks_LH_DorsAttn_Post_1,0.224945050949215,-0.0974972968562648,0.504649873860092,0.168575486333837,41,0.593171667026713,node
auc_degree,gamma,imagination,16,7Networks_LH_DorsAttn_Post_1,0.400785537242516,0.0976060310069487,0.635894754098351,0.0114563602332555,41,0.488184281086585,node
auc_degree,gamma,total,17,7Networks_LH_DorsAttn_Post_2,0.228219058811209,-0.0940777719837534,0.507217664700383,0.162300220988751,41,0.593171667026713,node
auc_degree,gamma,social,17,7Networks_LH_DorsAttn_Post_2,0.225687319946553,-0.0967227036415864,0.50523246649443,0.167137714798197,41,0.593171667026713,node
auc_degree,gamma,switching,17,7Networks_LH_DorsAttn_Post_2,0.326489634189449,0.0122267102367674,0.582052102846505,0.0425034688597178,41,0.488184281086585,node
auc_degree,gamma,detail,17,7Networks_LH_DorsAttn_Post_2,-0.338587220819999,-0.590974739554464,-0.0258235419343415,0.0349961654535513,41,0.488184281086585,node
auc_degree,gamma,communication,17,7Networks_LH_DorsAttn_Post_2,0.273311237291136,-0.0461948721881823,0.542086419595571,0.0922745073163516,41,0.55364704389811,node
auc_degree,gamma,imagination,17,7Networks_LH_DorsAttn_Post_2,0.140071950038464,-0.18356323874158,0.436311261058977,0.39505106019134,41,0.72954513320378,node
auc_degree,gamma,total,18,7Networks_LH_DorsAttn_Post_3,-0.0104526234300812,-0.324903535612845,0.306079293734236,0.949643512005121,41,0.982389840005297,node
auc_degree,gamma,social,18,7Networks_LH_DorsAttn_Post_3,0.167403792446898,-0.15637852353674,0.458697979279483,0.308377010831076,41,0.693848274369921,node
auc_degree,gamma,switching,18,7Networks_LH_DorsAttn_Post_3,-0.131516991325289,-0.42922796187727,0.191971627842161,0.424825984560153,41,0.749692913929682,node
auc_degree,gamma,detail,18,7Networks_LH_DorsAttn_Post_3,-0.285163302835942,-0.551100276994537,0.0333608060957749,0.0784680083651423,41,0.529122403623812,node
auc_degree,gamma,communication,18,7Networks_LH_DorsAttn_Post_3,0.0851699489211223,-0.236713722598134,0.390206376873054,0.606190158536413,41,0.802310503945253,node
auc_degree,gamma,imagination,18,7Networks_LH_DorsAttn_Post_3,0.17265302436489,-0.151100783988858,0.462955557012247,0.293232826054867,41,0.693848274369921,node
auc_degree,gamma,total,19,7Networks_LH_DorsAttn_Post_4,-0.0195267325173623,-0.332997549985174,0.297830695111471,0.906077158768842,41,0.972161472276003,node
auc_degree,gamma,social,19,7Networks_LH_DorsAttn_Post_4,-0.00290512503757318,-0.318135967570306,0.312904149177727,0.985996057889171,41,0.986183090465821,node
auc_degree,gamma,switching,19,7Networks_LH_DorsAttn_Post_4,0.159959246728804,-0.163831927156807,0.452636791630353,0.330689283019458,41,0.725903304189054,node
auc_degree,gamma,detail,19,7Networks_LH_DorsAttn_Post_4,-0.29685864506191,-0.559934516284721,0.0205926317007185,0.0664791076353031,41,0.498593307264773,node
auc_degree,gamma,communication,19,7Networks_LH_DorsAttn_Post_4,0.0148790515215193,-0.302061485146203,0.328857628075821,0.928365620719963,41,0.972161472276003,node
auc_degree,gamma,imagination,19,7Networks_LH_DorsAttn_Post_4,0.0947413128913102,-0.227584324185619,0.398355716965119,0.566169226185195,41,0.76335048288131,node
auc_degree,gamma,total,20,7Networks_LH_DorsAttn_Post_5,0.115171900981899,-0.207905707477728,0.415592025141299,0.485067203475674,41,0.76335048288131,node
auc_degree,gamma,social,20,7Networks_LH_DorsAttn_Post_5,0.24098566564114,-0.0806706992382972,0.517183366159692,0.139442554766601,41,0.593171667026713,node
auc_degree,gamma,switching,20,7Networks_LH_DorsAttn_Post_5,-0.0306084664836742,-0.342820083383273,0.287692424917123,0.853249538072698,41,0.948055042302998,node
auc_degree,gamma,detail,20,7Networks_LH_DorsAttn_Post_5,-0.103838277112972,-0.406056963843221,0.218854579123686,0.529299475798883,41,0.76335048288131,node
auc_degree,gamma,communication,20,7Networks_LH_DorsAttn_Post_5,0.146279544690925,-0.177432202783104,0.441428115231437,0.374225069066458,41,0.72954513320378,node
auc_degree,gamma,imagination,20,7Networks_LH_DorsAttn_Post_5,0.0434297678486712,-0.275872994485413,0.354099968448469,0.79292181526244,41,0.892037042170245,node
auc_degree,gamma,total,21,7Networks_LH_DorsAttn_Post_6,0.13185041085897,-0.191644807687502,0.429504712725909,0.42364253264633,41,0.749692913929682,node
auc_degree,gamma,social,21,7Networks_LH_DorsAttn_Post_6,0.312329367096383,-0.00354215788608552,0.571529360006514,0.0528957984625493,41,0.488184281086585,node
auc_degree,gamma,switching,21,7Networks_LH_DorsAttn_Post_6,-0.0942309873711505,-0.397922417213518,0.228072519281686,0.568272026144975,41,0.76335048288131,node
auc_degree,gamma,detail,21,7Networks_LH_DorsAttn_Post_6,-0.0995310204468479,-0.402415898304056,0.222994412961683,0.546609868382769,41,0.76335048288131,node
auc_degree,gamma,communication,21,7Networks_LH_DorsAttn_Post_6,0.073494188638675,-0.247773913420186,0.380200157935517,0.656579652922679,41,0.822454425641781,node
auc_degree,gamma,imagination,21,7Networks_LH_DorsAttn_Post_6,0.169947388685327,-0.153823420422172,0.460762725786569,0.300977828291621,41,0.693848274369921,node
auc_degree,gamma,total,22,7Networks_LH_DorsAttn_PrCv_1,0.208544464049168,-0.114513000430203,0.491712041014195,0.202645873864658,41,0.593171667026713,node
auc_degree,gamma,social,22,7Networks_LH_DorsAttn_PrCv_1,0.211585885188847,-0.111371760691324,0.494120788997192,0.195990276696754,41,0.593171667026713,node
auc_degree,gamma,switching,22,7Networks_LH_DorsAttn_PrCv_1,-0.0147564664260219,-0.328748271813281,0.302172905775793,0.928954295730403,41,0.972161472276003,node
auc_degree,gamma,detail,22,7Networks_LH_DorsAttn_PrCv_1,-0.100914816139188,-0.403586711973894,0.221665672501545,0.541019360442052,41,0.76335048288131,node
auc_degree,gamma,communication,22,7Networks_LH_DorsAttn_PrCv_1,0.31812649712672,0.0028945882743639,0.575847639690515,0.0484191203558063,41,0.488184281086585,node
auc_degree,gamma,imagination,22,7Networks_LH_DorsAttn_PrCv_1,0.202000991077649,-0.121249398457352,0.486515000724072,0.217496277909795,41,0.593171667026713,node
auc_degree,gamma,total,23,7Networks_LH_DorsAttn_FEF_1,-0.111994383315118,-0.412925400789373,0.210983544141835,0.497271214873899,41,0.76335048288131,node
auc_degree,gamma,social,23,7Networks_LH_DorsAttn_FEF_1,-0.0950584385612564,-0.39862490915365,0.227280869114878,0.564864314099402,41,0.76335048288131,node
auc_degree,gamma,switching,23,7Networks_LH_DorsAttn_FEF_1,-0.216584550433638,-0.498070236759185,0.106194983048721,0.185387939325947,41,0.593171667026713,node
auc_degree,gamma,detail,23,7Networks_LH_DorsAttn_FEF_1,0.154172739017973,-0.169599897638736,0.447906786906134,0.348705957549431,41,0.72954513320378,node
auc_degree,gamma,communication,23,7Networks_LH_DorsAttn_FEF_1,-0.0187699826245989,-0.332324297681654,0.298520416267927,0.90970185559656,41,0.972161472276003,node
auc_degree,gamma,imagination,23,7Networks_LH_DorsAttn_FEF_1,-0.141673139254763,-0.43763294049191,0.181984203161764,0.389615970852086,41,0.72954513320378,node
auc_degree,gamma,total,24,7Networks_LH_SalVentAttn_ParOper_1,0.104068659723339,-0.218632823685442,0.406251443866792,0.528381185850166,41,0.964766373801595,node
auc_degree,gamma,social,24,7Networks_LH_SalVentAttn_ParOper_1,0.0286871907197596,-0.289455256091451,0.341121997236913,0.862369874644028,41,0.964766373801595,node
auc_degree,gamma,switching,24,7Networks_LH_SalVentAttn_ParOper_1,0.26637805257454,-0.053653922299392,0.536784690892522,0.101176649964456,41,0.964766373801595,node
auc_degree,gamma,detail,24,7Networks_LH_SalVentAttn_ParOper_1,-0.196204177533005,-0.481894100463745,0.127192353298933,0.231264750430201,41,0.964766373801595,node
auc_degree,gamma,communication,24,7Networks_LH_SalVentAttn_ParOper_1,0.100517869586809,-0.222046948839617,0.403250961407514,0.542620211214904,41,0.964766373801595,node
auc_degree,gamma,imagination,24,7Networks_LH_SalVentAttn_ParOper_1,0.103166034267662,-0.219501457905527,0.405489326102089,0.531983432358035,41,0.964766373801595,node
auc_degree,gamma,total,25,7Networks_LH_SalVentAttn_FrOperIns_1,-0.0698680970854547,-0.377077888724591,0.251191872284968,0.672552671805743,41,0.964766373801595,node
auc_degree,gamma,social,25,7Networks_LH_SalVentAttn_FrOperIns_1,-0.172918084538149,-0.463170188868986,0.150833793885492,0.292481040634923,41,0.964766373801595,node
auc_degree,gamma,switching,25,7Networks_LH_SalVentAttn_FrOperIns_1,-0.0215618064580791,-0.334806495679051,0.295974231738588,0.896339018795011,41,0.964766373801595,node
auc_degree,gamma,detail,25,7Networks_LH_SalVentAttn_FrOperIns_1,-0.0248566258820027,-0.33773032271985,0.292963491317208,0.88060510889905,41,0.964766373801595,node
auc_degree,gamma,communication,25,7Networks_LH_SalVentAttn_FrOperIns_1,-0.0766978835653304,-0.382952915735785,0.244747437270227,0.642591158587178,41,0.964766373801595,node
auc_degree,gamma,imagination,25,7Networks_LH_SalVentAttn_FrOperIns_1,0.187849537472536,-0.13571696466678,0.475206168848137,0.252133603661817,41,0.964766373801595,node
auc_degree,gamma,total,26,7Networks_LH_SalVentAttn_FrOperIns_2,0.063132577452924,-0.257519603821133,0.371259636039117,0.702597427618392,41,0.964766373801595,node
auc_degree,gamma,social,26,7Networks_LH_SalVentAttn_FrOperIns_2,-0.0229801657701384,-0.336065889417654,0.294678936186892,0.889560711064954,41,0.964766373801595,node
auc_degree,gamma,switching,26,7Networks_LH_SalVentAttn_FrOperIns_2,0.0682097229647588,-0.25275239426937,0.375647604371306,0.679905867739337,41,0.964766373801595,node
auc_degree,gamma,detail,26,7Networks_LH_SalVentAttn_FrOperIns_2,-0.0841811172826351,-0.389361723927589,0.237653665750552,0.610392968509083,41,0.964766373801595,node
auc_degree,gamma,communication,26,7Networks_LH_SalVentAttn_FrOperIns_2,0.0165473104456235,-0.300544301992405,0.330345019431529,0.920358215148774,41,0.964766373801595,node
auc_degree,gamma,imagination,26,7Networks_LH_SalVentAttn_FrOperIns_2,0.276908957426866,-0.0423101813950825,0.544829149097458,0.087899339700136,41,0.964766373801595,node
auc_degree,gamma,total,27,7Networks_LH_SalVentAttn_PFCl_1,-0.0101151535762989,-0.324601624831477,0.306385148627488,0.951267332234249,41,0.964766373801595,node
auc_degree,gamma,social,27,7Networks_LH_SalVentAttn_PFCl_1,-0.185803125516059,-0.473562927380128,0.137797730713246,0.257431260983747,41,0.964766373801595,node
auc_degree,gamma,switching,27,7Networks_LH_SalVentAttn_PFCl_1,0.147275794830299,-0.176445893948323,0.442247529935251,0.370944491638407,41,0.964766373801595,node
auc_degree,gamma,detail,27,7Networks_LH_SalVentAttn_PFCl_1,0.0596525378678652,-0.260778211578807,0.368244010160553,0.718300508101137,41,0.964766373801595,node
auc_degree,gamma,communication,27,7Networks_LH_SalVentAttn_PFCl_1,-0.0832710924296488,-0.388583933373208,0.238518166123766,0.614271743200245,41,0.964766373801595,node
auc_degree,gamma,imagination,27,7Networks_LH_SalVentAttn_PFCl_1,0.0743494620483756,-0.246966564231043,0.380935579113393,0.652833659526798,41,0.964766373801595,node
auc_degree,gamma,total,28,7Networks_LH_SalVentAttn_Med_1,0.203757966965672,-0.119443540007704,0.487912428616056,0.213437172235532,41,0.964766373801595,node
auc_degree,gamma,social,28,7Networks_LH_SalVentAttn_Med_1,0.0836423981941859,-0.238165496710305,0.388901337829368,0.612687878827259,41,0.964766373801595,node
auc_degree,gamma,switching,28,7Networks_LH_SalVentAttn_Med_1,0.195094075672401,-0.128327798612938,0.481007371794474,0.23396766609327,41,0.964766373801595,node
auc_degree,gamma,detail,28,7Networks_LH_SalVentAttn_Med_1,0.13428473096369,-0.189256494154466,0.431523597852746,0.415058299113579,41,0.964766373801595,node
auc_degree,gamma,communication,28,7Networks_LH_SalVentAttn_Med_1,-0.0650386947277141,-0.372908630018802,0.255731674305417,0.694047220913969,41,0.964766373801595,node
auc_degree,gamma,imagination,28,7Networks_LH_SalVentAttn_Med_1,0.24106138429442,-0.0805908332543821,0.517242250090296,0.139314482380658,41,0.964766373801595,node
auc_degree,gamma,total,29,7Networks_LH_SalVentAttn_Med_2,-0.0274345196132375,-0.340013746437377,0.2906034602984,0.868325894591301,41,0.964766373801595,node
auc_degree,gamma,social,29,7Networks_LH_SalVentAttn_Med_2,0.181522099739463,-0.14214140580394,0.470118829636631,0.268751740669254,41,0.964766373801595,node
auc_degree,gamma,switching,29,7Networks_LH_SalVentAttn_Med_2,-0.11238036328004,-0.413249596971757,0.210610014053779,0.495780450782924,41,0.964766373801595,node
auc_degree,gamma,detail,29,7Networks_LH_SalVentAttn_Med_2,-0.221365274567983,-0.501836594909099,0.101227487919067,0.175634534212207,41,0.964766373801595,node
auc_degree,gamma,communication,29,7Networks_LH_SalVentAttn_Med_2,0.059830282139185,-0.260611953770495,0.368398191846821,0.717495632596737,41,0.964766373801595,node
auc_degree,gamma,imagination,29,7Networks_LH_SalVentAttn_Med_2,-0.00284623968514527,-0.318083040604332,0.312957268584274,0.986279883306189,41,0.986279883306189,node
auc_degree,gamma,total,30,7Networks_LH_SalVentAttn_Med_3,-0.0503149442803805,-0.360120312334072,0.269485731246068,0.760986001502562,41,0.964766373801595,node
auc_degree,gamma,social,30,7Networks_LH_SalVentAttn_Med_3,-0.0668939732621907,-0.374511777622402,0.253989321441018,0.685760753365096,41,0.964766373801595,node
auc_degree,gamma,switching,30,7Networks_LH_SalVentAttn_Med_3,-0.09888402937968,-0.401868146433703,0.22361525216748,0.549233076239841,41,0.964766373801595,node
auc_degree,gamma,detail,30,7Networks_LH_SalVentAttn_Med_3,0.134117175777739,-0.189421005458825,0.431384732567336,0.415645976760757,41,0.964766373801595,node
auc_degree,gamma,communication,30,7Networks_LH_SalVentAttn_Med_3,-0.0384722825582938,-0.349749179258077,0.280454575013635,0.816127666937697,41,0.964766373801595,node
auc_degree,gamma,imagination,30,7Networks_LH_SalVentAttn_Med_3,-0.0745842930496265,-0.381137434630985,0.246744813621212,0.651806590293052,41,0.964766373801595,node
auc_degree,gamma,total,31,7Networks_LH_Limbic_OFC_1,-0.0786631544688432,-0.384638876932431,0.242887774275849,0.634069442501829,41,0.934123197586928,node
auc_degree,gamma,social,31,7Networks_LH_Limbic_OFC_1,-0.231003641167775,-0.509397709899499,0.0911634289509792,0.157097486102015,41,0.689916695588514,node
auc_degree,gamma,switching,31,7Networks_LH_Limbic_OFC_1,0.0108916845295942,-0.305681267065425,0.325296237097489,0.947531161273444,41,0.947531161273444,node
auc_degree,gamma,detail,31,7Networks_LH_Limbic_OFC_1,0.196738145324091,-0.126645893040556,0.482320415656405,0.229972231862838,41,0.689916695588514,node
auc_degree,gamma,communication,31,7Networks_LH_Limbic_OFC_1,-0.201402552437894,-0.486038694119473,0.121863998704229,0.218890908703214,41,0.689916695588514,node
auc_degree,gamma,imagination,31,7Networks_LH_Limbic_OFC_1,0.0474889856432889,-0.272110734646475,0.357652434491756,0.774049851952899,41,0.947531161273444,node
auc_degree,gamma,total,32,7Networks_LH_Limbic_TempPole_1,-0.184758886372124,-0.472723644647215,0.138858400494484,0.260162862604452,41,0.709535079830324,node
auc_degree,gamma,social,32,7Networks_LH_Limbic_TempPole_1,-0.281209582856774,-0.548100235210782,0.0376538190794819,0.0828818068291927,41,0.689916695588514,node
auc_degree,gamma,switching,32,7Networks_LH_Limbic_TempPole_1,0.0167627872874949,-0.300348221413936,0.330537021343114,0.919324504650731,41,0.947531161273444,node
auc_degree,gamma,detail,32,7Networks_LH_Limbic_TempPole_1,0.125796447908179,-0.197567790854676,0.424470970348561,0.445417107828976,41,0.872301396674026,node
auc_degree,gamma,communication,32,7Networks_LH_Limbic_TempPole_1,-0.291401959518299,-0.555820163320768,0.0265627813888769,0.0718788643277156,41,0.689916695588514,node
auc_degree,gamma,imagination,32,7Networks_LH_Limbic_TempPole_1,-0.067059388289072,-0.374654623630364,0.253833873583054,0.685023678230414,41,0.934123197586928,node
auc_degree,gamma,total,33,7Networks_LH_Limbic_TempPole_2,0.128072214650779,-0.195344027221616,0.426365390497446,0.437160917779459,41,0.872301396674026,node
auc_degree,gamma,social,33,7Networks_LH_Limbic_TempPole_2,-0.146832955205634,-0.441883355588664,0.176884394871977,0.372400610914919,41,0.872301396674026,node
auc_degree,gamma,switching,33,7Networks_LH_Limbic_TempPole_2,0.112763190796172,-0.210239441546662,0.413571069997498,0.494304124781948,41,0.872301396674026,node
auc_degree,gamma,detail,33,7Networks_LH_Limbic_TempPole_2,-0.0256775403760636,-0.338457864902466,0.292212373901747,0.87669174096021,41,0.947531161273444,node
auc_degree,gamma,communication,33,7Networks_LH_Limbic_TempPole_2,0.115996613226067,-0.207105819953157,0.416283293894018,0.481925329320007,41,0.872301396674026,node
auc_degree,gamma,imagination,33,7Networks_LH_Limbic_TempPole_2,0.455615117141464,0.163613166304547,0.674214634417003,0.00356023574092879,41,0.106807072227864,node
auc_degree,gamma,total,34,7Networks_LH_Cont_Par_1,0.019025117099624,-0.298287917225038,0.332551317068927,0.908479601976043,41,0.990147991245785,node
auc_degree,gamma,social,34,7Networks_LH_Cont_Par_1,0.17064606327727,-0.153120826281316,0.461329319463229,0.298965445029201,41,0.922012306509369,node
auc_degree,gamma,switching,34,7Networks_LH_Cont_Par_1,-0.138941286346336,-0.435377199720187,0.18467725369617,0.398915324115549,41,0.922012306509369,node
auc_degree,gamma,detail,34,7Networks_LH_Cont_Par_1,-0.11318325267164,-0.413923723677549,0.209832719797717,0.492686806976376,41,0.922012306509369,node
auc_degree,gamma,communication,34,7Networks_LH_Cont_Par_1,0.0742634032951146,-0.247047820974751,0.380861597600547,0.653210208779059,41,0.922012306509369,node
auc_degree,gamma,imagination,34,7Networks_LH_Cont_Par_1,0.0604036820706985,-0.260075479384125,0.368895463610705,0.714901171214581,41,0.922012306509369,node
auc_degree,gamma,total,35,7Networks_LH_Cont_PFCl_1,0.0449985945885872,-0.274420096553758,0.355474006989131,0.785613650228301,41,0.928452495724356,node
auc_degree,gamma,social,35,7Networks_LH_Cont_PFCl_1,-0.078436854236655,-0.384444843059559,0.243102034272198,0.635048375196747,41,0.922012306509369,node
auc_degree,gamma,switching,35,7Networks_LH_Cont_PFCl_1,-0.00442383305259164,-0.319500324734657,0.311533467378269,0.978676621776407,41,0.991386707773503,node
auc_degree,gamma,detail,35,7Networks_LH_Cont_PFCl_1,0.0496750350030794,-0.270080552794022,0.359561866271509,0.763938601873012,41,0.922012306509369,node
auc_degree,gamma,communication,35,7Networks_LH_Cont_PFCl_1,0.0696858717963664,-0.251363427056502,0.376920797995906,0.673359203197883,41,0.922012306509369,node
auc_degree,gamma,imagination,35,7Networks_LH_Cont_PFCl_1,0.150151643266431,-0.173595091354766,0.444610153133817,0.36157099269399,41,0.922012306509369,node
auc_degree,gamma,total,36,7Networks_LH_Cont_pCun_1,-0.213263678774958,-0.495447715929572,0.109636135976807,0.19238518552102,41,0.922012306509369,node
auc_degree,gamma,social,36,7Networks_LH_Cont_pCun_1,-0.0177974258923996,-0.331458580566565,0.299406342893592,0.914362866306447,41,0.990147991245785,node
auc_degree,gamma,switching,36,7Networks_LH_Cont_pCun_1,-0.132428909145218,-0.429984755607253,0.191077589356841,0.421593583585629,41,0.922012306509369,node
auc_degree,gamma,detail,36,7Networks_LH_Cont_pCun_1,-0.282612210827968,-0.549165321339175,0.0361321689002513,0.0812944121089535,41,0.770743907202845,node
auc_degree,gamma,communication,36,7Networks_LH_Cont_pCun_1,-0.0948992883001187,-0.398489820960569,0.227433166578899,0.565519013917845,41,0.922012306509369,node
auc_degree,gamma,imagination,36,7Networks_LH_Cont_pCun_1,-0.0651521885885739,-0.373006752961939,0.255625148307807,0.693539288674455,41,0.922012306509369,node
auc_degree,gamma,total,37,7Networks_LH_Cont_Cing_1,0.00718700611169743,-0.30903623977115,0.321979322096384,0.965364295228345,41,0.990768618786986,node
auc_degree,gamma,social,37,7Networks_LH_Cont_Cing_1,0.185855148219343,-0.137744870039793,0.473604725746924,0.257295676791809,41,0.922012306509369,node
auc_degree,gamma,switching,37,7Networks_LH_Cont_Cing_1,-0.0487216757253879,-0.358729461827108,0.270966286339891,0.768343588757808,41,0.922012306509369,node
auc_degree,gamma,detail,37,7Networks_LH_Cont_Cing_1,-0.184012189629199,-0.472123184126001,0.139616391177549,0.262127880058632,41,0.922012306509369,node
auc_degree,gamma,communication,37,7Networks_LH_Cont_Cing_1,0.0511445417554995,-0.26871422343304,0.360843968113492,0.75716313068664,41,0.922012306509369,node
auc_degree,gamma,imagination,37,7Networks_LH_Cont_Cing_1,-0.0145952716651045,-0.328604459650396,0.30231940650721,0.929728437780815,41,0.990147991245785,node
auc_degree,gamma,total,38,7Networks_LH_Default_Temp_1,-0.0790392791754996,-0.384961313185504,0.242531591750426,0.63244375498013,41,0.950912955769718,node
auc_degree,gamma,social,38,7Networks_LH_Default_Temp_1,-0.143312676215507,-0.438984949592699,0.180365618840989,0.384096161140228,41,0.950912955769718,node
auc_degree,gamma,switching,38,7Networks_LH_Default_Temp_1,-0.0819785948227326,-0.387478498246744,0.239745129908379,0.619798529158949,41,0.950912955769718,node
auc_degree,gamma,detail,38,7Networks_LH_Default_Temp_1,-0.116921881830773,-0.417058435379468,0.206207888425154,0.478413042678135,41,0.950912955769718,node
auc_degree,gamma,communication,38,7Networks_LH_Default_Temp_1,0.0480759142267284,-0.271565933919349,0.358165349305012,0.771331412331372,41,0.966447347169587,node
auc_degree,gamma,imagination,38,7Networks_LH_Default_Temp_1,0.164444228479169,-0.159346031513082,0.456291608166805,0.317130110207663,41,0.950912955769718,node
auc_degree,gamma,total,39,7Networks_LH_Default_Temp_2,0.0906228828316892,-0.231519539971174,0.394855030176128,0.583240412476966,41,0.950912955769718,node
auc_degree,gamma,social,39,7Networks_LH_Default_Temp_2,-0.0700725675866448,-0.377254135314238,0.250999350890414,0.671648112757157,41,0.950912955769718,node
auc_degree,gamma,switching,39,7Networks_LH_Default_Temp_2,0.0687584742665066,-0.252236206759225,0.3761210435957,0.677469442200209,41,0.950912955769718,node
auc_degree,gamma,detail,39,7Networks_LH_Default_Temp_2,-0.160850569819717,-0.453363915595587,0.162941487348663,0.327966379256843,41,0.950912955769718,node
auc_degree,gamma,communication,39,7Networks_LH_Default_Temp_2,0.168466544431769,-0.155311490618182,0.459561043526117,0.305271614458313,41,0.950912955769718,node
auc_degree,gamma,imagination,39,7Networks_LH_Default_Temp_2,0.374543432655699,0.0669306281882618,0.617134830080049,0.0188163010521214,41,0.928410371716537,node
auc_degree,gamma,total,40,7Networks_LH_Default_Par_1,-0.0164380669118536,-0.330247667414186,0.300643701672633,0.920882340300584,41,0.996590934897727,node
auc_degree,gamma,social,40,7Networks_LH_Default_Par_1,-0.231534332879397,-0.509812782596385,0.090607380385207,0.156119848658995,41,0.950912955769718,node
auc_degree,gamma,switching,40,7Networks_LH_Default_Par_1,0.0256060029902715,-0.292277844526406,0.338394479180007,0.8770326520844,41,0.996590934897727,node
auc_degree,gamma,detail,40,7Networks_LH_Default_Par_1,-0.120376989562969,-0.419949089204134,0.202850044702621,0.465416987230954,41,0.950912955769718,node
auc_degree,gamma,communication,40,7Networks_LH_Default_Par_1,0.0618250023452948,-0.258744835045461,0.370127319560725,0.70848378391758,41,0.950912955769718,node
auc_degree,gamma,imagination,40,7Networks_LH_Default_Par_1,0.37848579109145,0.0715021800326516,0.619970852870426,0.017507003478525,41,0.928410371716537,node
auc_degree,gamma,total,41,7Networks_LH_Default_Par_2,-0.0668915834055695,-0.374509713727811,0.253991567174106,0.685771404463834,41,0.950912955769718,node
auc_degree,gamma,social,41,7Networks_LH_Default_Par_2,-0.0374795698404095,-0.348876337993348,0.281370271567919,0.820793844026216,41,0.976812508593183,node
auc_degree,gamma,switching,41,7Networks_LH_Default_Par_2,-0.160310723164443,-0.452923565728273,0.163480862022432,0.329613887273519,41,0.950912955769718,node
auc_degree,gamma,detail,41,7Networks_LH_Default_Par_2,-0.0431077647205518,-0.353817779780284,0.27617102275497,0.794424004510347,41,0.970916747413161,node
auc_degree,gamma,communication,41,7Networks_LH_Default_Par_2,0.0858293021059993,-0.236086633258736,0.390769306498112,0.603394641424924,41,0.950912955769718,node
auc_degree,gamma,imagination,41,7Networks_LH_Default_Par_2,-0.0027285942552095,-0.317977293386544,0.3130633884729,0.986846935271039,41,0.996590934897727,node
auc_degree,gamma,total,42,7Networks_LH_Default_PFC_1,-0.135551266851783,-0.432572813656316,0.188012378895314,0.410631347719974,41,0.950912955769718,node
auc_degree,gamma,social,42,7Networks_LH_Default_PFC_1,-0.226876574085804,-0.506165358291871,0.0954808453868243,0.164852584834844,41,0.950912955769718,node
auc_degree,gamma,switching,42,7Networks_LH_Default_PFC_1,0.0330259772499265,-0.285471213881634,0.344953863291387,0.841800371054242,41,0.985522385624479,node
auc_degree,gamma,detail,42,7Networks_LH_Default_PFC_1,0.0654388251572463,-0.255356074875785,0.373254538564482,0.692257058897118,41,0.950912955769718,node
auc_degree,gamma,communication,42,7Networks_LH_Default_PFC_1,-0.249870386800057,-0.524074923712586,0.0712710596579941,0.124999873930738,41,0.950912955769718,node
auc_degree,gamma,imagination,42,7Networks_LH_Default_PFC_1,0.0387365752754109,-0.280210688641594,0.349981467207104,0.814886423286157,41,0.976812508593183,node
auc_degree,gamma,total,43,7Networks_LH_Default_PFC_2,0.0479713348811636,-0.271663021894791,0.358073971486463,0.77181558975349,41,0.966447347169587,node
auc_degree,gamma,social,43,7Networks_LH_Default_PFC_2,-0.00120370725751475,-0.31660591758476,0.31443817151367,0.99419738085377,41,0.996590934897727,node
auc_degree,gamma,switching,43,7Networks_LH_Default_PFC_2,0.142948110641618,-0.180725677032344,0.438684434105965,0.385319555347207,41,0.950912955769718,node
auc_degree,gamma,detail,43,7Networks_LH_Default_PFC_2,-0.0479825306584972,-0.35808375425378,0.271652628419585,0.77176375189895,41,0.966447347169587,node
auc_degree,gamma,communication,43,7Networks_LH_Default_PFC_2,-0.113209911034644,-0.413946101072332,0.209806904265462,0.492584259086102,41,0.950912955769718,node
auc_degree,gamma,imagination,43,7Networks_LH_Default_PFC_2,0.185673904607179,-0.13792902510789,0.473459097429185,0.257768248642509,41,0.950912955769718,node
auc_degree,gamma,total,44,7Networks_LH_Default_PFC_3,0.0148787801127773,-0.302061731845896,0.328857385965592,0.928366924030678,41,0.996590934897727,node
auc_degree,gamma,social,44,7Networks_LH_Default_PFC_3,-0.207038974897044,-0.490518116425608,0.116065512671088,0.205998114343539,41,0.950912955769718,node
auc_degree,gamma,switching,44,7Networks_LH_Default_PFC_3,0.0115415441252806,-0.305091939872026,0.325877280293609,0.944405298748241,41,0.996590934897727,node
auc_degree,gamma,detail,44,7Networks_LH_Default_PFC_3,0.211164701665467,-0.111807152652523,0.493787478167633,0.19690268111787,41,0.950912955769718,node
auc_degree,gamma,communication,44,7Networks_LH_Default_PFC_3,-0.000707179566656949,-0.316159090862438,0.314885537369425,0.996590934897727,41,0.996590934897727,node
auc_degree,gamma,imagination,44,7Networks_LH_Default_PFC_3,0.0867286542687082,-0.235230856208828,0.391536770175417,0.599590570454563,41,0.950912955769718,node
auc_degree,gamma,total,45,7Networks_LH_Default_PFC_4,0.196729177198991,-0.126655072600761,0.482313256700866,0.229993899289074,41,0.950912955769718,node
auc_degree,gamma,social,45,7Networks_LH_Default_PFC_4,0.0226764357432114,-0.294956411371573,0.335796294739199,0.891011595491584,41,0.996590934897727,node
auc_degree,gamma,switching,45,7Networks_LH_Default_PFC_4,0.0414103148248105,-0.277741074100206,0.352329277469654,0.802354812098376,41,0.970916747413161,node
auc_degree,gamma,detail,45,7Networks_LH_Default_PFC_4,0.356538518710826,0.0462150686777471,0.604101974112091,0.0258853556719758,41,0.928410371716537,node
auc_degree,gamma,communication,45,7Networks_LH_Default_PFC_4,-0.00892016218886498,-0.323532033765126,0.307467665286486,0.957018846938852,41,0.996590934897727,node
auc_degree,gamma,imagination,45,7Networks_LH_Default_PFC_4,0.157387757854625,-0.166397914259233,0.450536837663617,0.338623235904438,41,0.950912955769718,node
auc_degree,gamma,total,46,7Networks_LH_Default_PFC_5,0.0769912229543702,-0.244470011157837,0.383204694528508,0.641316292379197,41,0.950912955769718,node
auc_degree,gamma,social,46,7Networks_LH_Default_PFC_5,-0.094408048908228,-0.398072769392672,0.227903154430823,0.567542037230526,41,0.950912955769718,node
auc_degree,gamma,switching,46,7Networks_LH_Default_PFC_5,0.0632890682367533,-0.25737289884751,0.371395090468742,0.701894084008783,41,0.950912955769718,node
auc_degree,gamma,detail,46,7Networks_LH_Default_PFC_5,0.16935740302564,-0.154416461035261,0.460284089275515,0.302683877143674,41,0.950912955769718,node
auc_degree,gamma,communication,46,7Networks_LH_Default_PFC_5,-0.018457477323729,-0.332046180054577,0.298805144915388,0.911199230317439,41,0.996590934897727,node
auc_degree,gamma,imagination,46,7Networks_LH_Default_PFC_5,0.140960136052903,-0.182687547658476,0.4370445597974,0.39203078754331,41,0.950912955769718,node
auc_degree,gamma,total,47,7Networks_LH_Default_PFC_6,0.289455492703809,-0.0286869326826312,0.554349381730615,0.0738862695082496,41,0.950912955769718,node
auc_degree,gamma,social,47,7Networks_LH_Default_PFC_6,0.292119612062409,-0.0257788923118381,0.556362015752143,0.0711496453256112,41,0.950912955769718,node
auc_degree,gamma,switching,47,7Networks_LH_Default_PFC_6,-0.0185049190914934,-0.332088404903006,0.29876192358771,0.910971892645294,41,0.996590934897727,node
auc_degree,gamma,detail,47,7Networks_LH_Default_PFC_6,0.119904658289288,-0.203309528477735,0.41955428007576,0.467182434973535,41,0.950912955769718,node
auc_degree,gamma,communication,47,7Networks_LH_Default_PFC_6,0.309086699937769,-0.00713121988738209,0.569107621292571,0.0555408763868142,41,0.950912955769718,node
auc_degree,gamma,imagination,47,7Networks_LH_Default_PFC_6,0.0798762720171372,-0.241738665148998,0.385678564859579,0.628832216252768,41,0.950912955769718,node
auc_degree,gamma,total,48,7Networks_LH_Default_PFC_7,0.0606989735215225,-0.259799126773008,0.369151481446132,0.713566295628805,41,0.950912955769718,node
auc_degree,gamma,social,48,7Networks_LH_Default_PFC_7,0.153849189361125,-0.16992175731357,0.447641824812699,0.349730675881988,41,0.950912955769718,node
auc_degree,gamma,switching,48,7Networks_LH_Default_PFC_7,-0.0893573646120707,-0.393777555923865,0.232726646029674,0.588531880956191,41,0.950912955769718,node
auc_degree,gamma,detail,48,7Networks_LH_Default_PFC_7,0.117657621125026,-0.205493497935852,0.417674487689283,0.475629804693191,41,0.950912955769718,node
auc_degree,gamma,communication,48,7Networks_LH_Default_PFC_7,-0.132793365377603,-0.430287098179867,0.190720128572112,0.420305604181815,41,0.950912955769718,node
auc_degree,gamma,imagination,48,7Networks_LH_Default_PFC_7,0.110934201338358,-0.212009044558748,0.412034529476829,0.501377686813643,41,0.950912955769718,node
auc_degree,gamma,total,49,7Networks_LH_Default_pCunPCC_1,0.0698672875251663,-0.251192634484661,0.377077190867045,0.672556254131704,41,0.950912955769718,node
auc_degree,gamma,social,49,7Networks_LH_Default_pCunPCC_1,0.274596895696855,-0.0448077725460698,0.543067201979541,0.090692177473809,41,0.950912955769718,node
auc_degree,gamma,switching,49,7Networks_LH_Default_pCunPCC_1,-0.101021543500528,-0.40367697161463,0.22156314157625,0.540589324594144,41,0.950912955769718,node
auc_degree,gamma,detail,49,7Networks_LH_Default_pCunPCC_1,-0.13289307344706,-0.430369801545091,0.190622319370569,0.419953624774038,41,0.950912955769718,node
auc_degree,gamma,communication,49,7Networks_LH_Default_pCunPCC_1,0.07084073676046,-0.250275845920331,0.377916072150258,0.668253882972271,41,0.950912955769718,node
auc_degree,gamma,imagination,49,7Networks_LH_Default_pCunPCC_1,0.0568554238676939,-0.263392065525858,0.36581545696264,0.731005588873929,41,0.956952770889507,node
auc_degree,gamma,total,50,7Networks_LH_Default_pCunPCC_2,0.0802466153658753,-0.241387682620003,0.385995808548122,0.627236929309391,41,0.950912955769718,node
auc_degree,gamma,social,50,7Networks_LH_Default_pCunPCC_2,0.238297930971656,-0.0835029760953458,0.515091507410043,0.144045130743789,41,0.950912955769718,node
auc_degree,gamma,switching,50,7Networks_LH_Default_pCunPCC_2,-0.06192039512612,-0.370209957519997,0.258655484445488,0.708053781015512,41,0.950912955769718,node
auc_degree,gamma,detail,50,7Networks_LH_Default_pCunPCC_2,-0.20415018607864,-0.488224185168027,0.119040116386909,0.212538241086107,41,0.950912955769718,node
auc_degree,gamma,communication,50,7Networks_LH_Default_pCunPCC_2,0.157572972518034,-0.166213242302169,0.450688197929916,0.338047900192382,41,0.950912955769718,node
auc_degree,gamma,imagination,50,7Networks_LH_Default_pCunPCC_2,0.0892327986865124,-0.23284540877863,0.393671454066818,0.589053871389386,41,0.950912955769718,node
auc_degree,gamma,total,51,7Networks_RH_Vis_1,0.161914930659889,-0.161877489817417,0.454231690632294,0.32473319091595,41,0.698442068405613,node
auc_degree,gamma,social,51,7Networks_RH_Vis_1,0.167014848033711,-0.156768845858644,0.458381978855648,0.309518508268665,41,0.698442068405613,node
auc_degree,gamma,switching,51,7Networks_RH_Vis_1,0.00601244074584856,-0.310098290540082,0.320926080892344,0.971022154412902,41,0.98695613832134,node
auc_degree,gamma,detail,51,7Networks_RH_Vis_1,0.263530179925355,-0.05670748614957,0.5346007497001,0.105017674278919,41,0.622571964521871,node
auc_degree,gamma,communication,51,7Networks_RH_Vis_1,0.0491024041195463,-0.27061262950691,0.359061945500021,0.766583568190954,41,0.934167508070521,node
auc_degree,gamma,imagination,51,7Networks_RH_Vis_1,-0.106674382785777,-0.408449189479268,0.216122354923162,0.518049416399335,41,0.76480721201206,node
auc_degree,gamma,total,52,7Networks_RH_Vis_2,-0.21053753163884,-0.493291002427497,0.112455250266759,0.19826683046322,41,0.622571964521871,node
auc_degree,gamma,social,52,7Networks_RH_Vis_2,-0.177958470116992,-0.467245160285686,0.145747704163817,0.278421410205492,41,0.660441484673493,node
auc_degree,gamma,switching,52,7Networks_RH_Vis_2,-0.247817056141089,-0.522485413245478,0.0734484716624376,0.128233881571566,41,0.622571964521871,node
auc_degree,gamma,detail,52,7Networks_RH_Vis_2,0.141229637149847,-0.182421736297686,0.43726698584674,0.391117013196498,41,0.76480721201206,node
auc_degree,gamma,communication,52,7Networks_RH_Vis_2,-0.118762229369654,-0.4185988852217,0.204420294846778,0.471467208067956,41,0.76480721201206,node
auc_degree,gamma,imagination,52,7Networks_RH_Vis_2,-0.186934124570715,-0.474471352216641,0.136648098013223,0.254494303167487,41,0.648960473077092,node
auc_degree,gamma,total,53,7Networks_RH_Vis_3,-0.141256518865497,-0.437289170018122,0.182395220024169,0.391025935724898,41,0.76480721201206,node
auc_degree,gamma,social,53,7Networks_RH_Vis_3,-0.0955260668488625,-0.399021760108221,0.22683328502745,0.562942646688773,41,0.790494037593773,node
auc_degree,gamma,switching,53,7Networks_RH_Vis_3,-0.249955935001334,-0.524141106283452,0.0711802753743185,0.124866470496646,41,0.622571964521871,node
auc_degree,gamma,detail,53,7Networks_RH_Vis_3,0.331124732193584,0.0174225352389718,0.585478031051781,0.039486132519967,41,0.466687391472877,node
auc_degree,gamma,communication,53,7Networks_RH_Vis_3,-0.122607258110048,-0.421811780793487,0.200678515334518,0.457129069521292,41,0.76480721201206,node
auc_degree,gamma,imagination,53,7Networks_RH_Vis_3,-0.321810978472468,-0.578584754316046,-0.00699921243629411,0.0457360697657344,41,0.466687391472877,node
auc_degree,gamma,total,54,7Networks_RH_Vis_4,-0.0153170607625283,-0.329248300544769,0.301663296937028,0.926262533188711,41,0.98695613832134,node
auc_degree,gamma,social,54,7Networks_RH_Vis_4,0.0406280655247944,-0.278464039866914,0.351642789241217,0.806016261899346,41,0.934167508070521,node
auc_degree,gamma,switching,54,7Networks_RH_Vis_4,0.12368896751703,-0.19962414988087,0.422714301943199,0.45313813715851,41,0.76480721201206,node
auc_degree,gamma,detail,54,7Networks_RH_Vis_4,-0.191593460160593,-0.478207309376817,0.131902788578029,0.242631290985993,41,0.634574145655673,node
auc_degree,gamma,communication,54,7Networks_RH_Vis_4,-0.0162591541147102,-0.330088215438915,0.300806477893498,0.921740793503889,41,0.98695613832134,node
auc_degree,gamma,imagination,54,7Networks_RH_Vis_4,-0.0177655120237546,-0.331430163622939,0.299435404781455,0.91451586330445,41,0.98695613832134,node
auc_degree,gamma,total,55,7Networks_RH_Vis_5,-0.218917187622337,-0.499909266698868,0.103773226624701,0.180582110647735,41,0.622571964521871,node
auc_degree,gamma,social,55,7Networks_RH_Vis_5,-0.00610894520158002,-0.321012646510168,0.31001106023009,0.970557237822465,41,0.98695613832134,node
auc_degree,gamma,switching,55,7Networks_RH_Vis_5,-0.092966995257395,-0.396848621517829,0.229281000586303,0.573495674332737,41,0.790494037593773,node
auc_degree,gamma,detail,55,7Networks_RH_Vis_5,-0.114741543080321,-0.415231163927036,0.208322939644707,0.486710934075561,41,0.76480721201206,node
auc_degree,gamma,communication,55,7Networks_RH_Vis_5,-0.325591509552954,-0.581387223286598,-0.0112218946707646,0.0431092001805651,41,0.466687391472877,node
auc_degree,gamma,imagination,55,7Networks_RH_Vis_5,-0.108465038067627,-0.409957456596296,0.214394680564914,0.51100797449007,41,0.76480721201206,node
auc_degree,gamma,total,56,7Networks_RH_Vis_6,-0.128227020756169,-0.426494161007244,0.19519263766147,0.436602387738903,41,0.76480721201206,node
auc_degree,gamma,social,56,7Networks_RH_Vis_6,-0.0308011731184759,-0.342990291276819,0.287515491401107,0.85233577247102,41,0.955365371341143,node
auc_degree,gamma,switching,56,7Networks_RH_Vis_6,-0.195926611620309,-0.481672440837695,0.127476335489081,0.231938575017952,41,0.622571964521871,node
auc_degree,gamma,detail,56,7Networks_RH_Vis_6,0.13375579169238,-0.18977576265534,0.431085179079973,0.416915086329874,41,0.76480721201206,node
auc_degree,gamma,communication,56,7Networks_RH_Vis_6,-0.109362045149719,-0.410712385399389,0.213528462860497,0.50749876570677,41,0.76480721201206,node
auc_degree,gamma,imagination,56,7Networks_RH_Vis_6,-0.197045183758802,-0.482565491203755,0.126331582366073,0.229231251496241,41,0.622571964521871,node
auc_degree,gamma,total,57,7Networks_RH_Vis_7,-0.179188308206571,-0.46823757856582,0.144504112110195,0.275059010274751,41,0.660441484673493,node
auc_degree,gamma,social,57,7Networks_RH_Vis_7,-0.199214786169834,-0.484295976734579,0.124108740708899,0.224041739300361,41,0.622571964521871,node
auc_degree,gamma,switching,57,7Networks_RH_Vis_7,-0.0626684842614963,-0.370857851681542,0.257954589046832,0.704684716035353,41,0.876559037019586,node
auc_degree,gamma,detail,57,7Networks_RH_Vis_7,0.104951944936109,-0.217782306001971,0.406996825220691,0.52486769451808,41,0.76480721201206,node
auc_degree,gamma,communication,57,7Networks_RH_Vis_7,-0.216117967643246,-0.497702082980834,0.106678932653733,0.186360000338714,41,0.622571964521871,node
auc_degree,gamma,imagination,57,7Networks_RH_Vis_7,-0.131271356370851,-0.429024039786746,0.192212355048242,0.425699034005658,41,0.76480721201206,node
auc_degree,gamma,total,58,7Networks_RH_Vis_8,-0.307209067426756,-0.567703273520178,0.00920571084101071,0.0571201252448803,41,0.529659343179799,node
auc_degree,gamma,social,58,7Networks_RH_Vis_8,-0.0854574168527195,-0.390451833645338,0.236440354180441,0.604970672627088,41,0.82276011477284,node
auc_degree,gamma,switching,58,7Networks_RH_Vis_8,-0.154963106026742,-0.448553819350168,0.168813368375733,0.346210476684858,41,0.720683033099092,node
auc_degree,gamma,detail,58,7Networks_RH_Vis_8,-0.131933780371845,-0.429573903844539,0.191563077095538,0.423346907052412,41,0.76480721201206,node
auc_degree,gamma,communication,58,7Networks_RH_Vis_8,-0.370752312667618,-0.614401646286683,-0.0625466003257799,0.020151832454463,41,0.411097382071046,node
auc_degree,gamma,imagination,58,7Networks_RH_Vis_8,-0.13874595984582,-0.435215772352827,0.184869619859717,0.399585093131674,41,0.76480721201206,node
auc_degree,gamma,total,59,7Networks_RH_SomMot_1,0.0906380824199987,-0.231505035914837,0.394867966166191,0.583176988407267,41,0.878229560950572,node
auc_degree,gamma,social,59,7Networks_RH_SomMot_1,0.114482060589468,-0.20857445122054,0.415013538464761,0.48770340729251,41,0.878229560950572,node
auc_degree,gamma,switching,59,7Networks_RH_SomMot_1,-0.0940421047935867,-0.397762009187269,0.228253169825374,0.56905122508195,41,0.878229560950572,node
auc_degree,gamma,detail,59,7Networks_RH_SomMot_1,0.375743346316768,0.0683206800026421,0.617998682278361,0.018409382277394,41,0.872132260051641,node
auc_degree,gamma,communication,59,7Networks_RH_SomMot_1,0.0751962910397245,-0.246166746546906,0.38166335722039,0.64913290189591,41,0.878229560950572,node
auc_degree,gamma,imagination,59,7Networks_RH_SomMot_1,-0.335368156470217,-0.588606516903253,-0.0221942065208017,0.0368788419955412,41,0.872132260051641,node
auc_degree,gamma,total,60,7Networks_RH_SomMot_2,0.125099254244226,-0.198248387770706,0.423890080580377,0.447963376190882,41,0.878229560950572,node
auc_degree,gamma,social,60,7Networks_RH_SomMot_2,0.216859028035511,-0.105910217578833,0.498286763930388,0.184817785433743,41,0.872132260051641,node
auc_degree,gamma,switching,60,7Networks_RH_SomMot_2,0.00277556698926004,-0.313021018530801,0.318019516417282,0.98662052551719,41,0.994039441737294,node
auc_degree,gamma,detail,60,7Networks_RH_SomMot_2,0.277536893846879,-0.0416311671246683,0.545307270880231,0.0871524322331715,41,0.872132260051641,node
auc_degree,gamma,communication,60,7Networks_RH_SomMot_2,-0.0121618081381427,-0.326431640508786,0.304529225237903,0.94142255742663,41,0.964384083217524,node
auc_degree,gamma,imagination,60,7Networks_RH_SomMot_2,-0.267616696132713,-0.537733437081352,0.0523239457684193,0.0995399216278935,41,0.872132260051641,node
auc_degree,gamma,total,61,7Networks_RH_SomMot_3,-0.0990163031770679,-0.401980148954096,0.223488346253983,0.548696291889041,41,0.878229560950572,node
auc_degree,gamma,social,61,7Networks_RH_SomMot_3,-0.0848081819420253,-0.389897417642041,0.237057673488583,0.607726329359629,41,0.878229560950572,node
auc_degree,gamma,switching,61,7Networks_RH_SomMot_3,-0.196871223619505,-0.482426643144066,0.12650967074348,0.229650871788541,41,0.872132260051641,node
auc_degree,gamma,detail,61,7Networks_RH_SomMot_3,0.270234484413322,-0.0495093925313782,0.539736299023422,0.0961475052440523,41,0.872132260051641,node
auc_degree,gamma,communication,61,7Networks_RH_SomMot_3,-0.0510301843830217,-0.360744236621812,0.268820597723617,0.757689765186838,41,0.922404931531803,node
auc_degree,gamma,imagination,61,7Networks_RH_SomMot_3,-0.262375547421238,-0.533714266748408,0.0579438088495871,0.106606199240988,41,0.872132260051641,node
auc_degree,gamma,total,62,7Networks_RH_SomMot_4,-0.0844820745548939,-0.389618853833802,0.237367651794287,0.609112503747001,41,0.878229560950572,node
auc_degree,gamma,social,62,7Networks_RH_SomMot_4,-0.136832966510155,-0.433633772971983,0.186752310347278,0.406178897342292,41,0.878229560950572,node
auc_degree,gamma,switching,62,7Networks_RH_SomMot_4,-0.0854075743587077,-0.390409278343837,0.236487755688899,0.60518203704193,41,0.878229560950572,node
auc_degree,gamma,detail,62,7Networks_RH_SomMot_4,0.157685350663368,-0.166101182369473,0.450780026860928,0.337699111491443,41,0.878229560950572,node
auc_degree,gamma,communication,62,7Networks_RH_SomMot_4,-0.0736271649209691,-0.380314525287868,0.24764841759219,0.6559966863979,41,0.878229560950572,node
auc_degree,gamma,imagination,62,7Networks_RH_SomMot_4,-0.0968910435614056,-0.400179492425851,0.225526036778238,0.557350790330597,41,0.878229560950572,node
auc_degree,gamma,total,63,7Networks_RH_SomMot_5,-0.0236342624072442,-0.336646299842607,0.294081198617256,0.886437374511981,41,0.932680592084542,node
auc_degree,gamma,social,63,7Networks_RH_SomMot_5,-0.00123647104952799,-0.316635396895046,0.31440864677434,0.994039441737294,41,0.994039441737294,node
auc_degree,gamma,switching,63,7Networks_RH_SomMot_5,-0.0313584835970556,-0.343482419711335,0.287003674717514,0.849694221977866,41,0.932680592084542,node
auc_degree,gamma,detail,63,7Networks_RH_SomMot_5,0.0334975852936352,-0.285037500772389,0.345369745629698,0.83957052504901,41,0.932680592084542,node
auc_degree,gamma,communication,63,7Networks_RH_SomMot_5,-0.0995945303983853,-0.402469655048833,0.222933456024388,0.546352690063284,41,0.878229560950572,node
auc_degree,gamma,imagination,63,7Networks_RH_SomMot_5,0.038374473894475,-0.280544821319552,0.349663205119745,0.816587135028137,41,0.932680592084542,node
auc_degree,gamma,total,64,7Networks_RH_SomMot_6,0.0232510072349207,-0.29443146144364,0.336306248520147,0.888267230556707,41,0.932680592084542,node
auc_degree,gamma,social,64,7Networks_RH_SomMot_6,0.047387965237076,-0.272204483468194,0.357564134235696,0.774518010800789,41,0.929421612960946,node
auc_degree,gamma,switching,64,7Networks_RH_SomMot_6,0.112654594465494,-0.210344570941002,0.413479885658528,0.494722683644682,41,0.878229560950572,node
auc_degree,gamma,detail,64,7Networks_RH_SomMot_6,-0.235548618433395,-0.512948305845247,0.0863947732232864,0.148867692606622,41,0.872132260051641,node
auc_degree,gamma,communication,64,7Networks_RH_SomMot_6,0.058197068999897,-0.262138908224975,0.366980845965391,0.724902483912761,41,0.922404931531803,node
auc_degree,gamma,imagination,64,7Networks_RH_SomMot_6,0.102139906962573,-0.22048832215892,0.404622420676045,0.536092990106289,41,0.878229560950572,node
auc_degree,gamma,total,65,7Networks_RH_SomMot_7,0.0876087681547744,-0.234392901734059,0.392287406496143,0.595877989270633,41,0.878229560950572,node
auc_degree,gamma,social,65,7Networks_RH_SomMot_7,0.243778785320472,-0.0777218558001292,0.519353755008037,0.134775464560739,41,0.872132260051641,node
auc_degree,gamma,switching,65,7Networks_RH_SomMot_7,0.15154598551316,-0.172210936659991,0.445754187462652,0.357078021705876,41,0.878229560950572,node
auc_degree,gamma,detail,65,7Networks_RH_SomMot_7,-0.35394321837747,-0.602212382133371,-0.043250893684947,0.0270658331720699,41,0.872132260051641,node
auc_degree,gamma,communication,65,7Networks_RH_SomMot_7,0.138642641183807,-0.18497136261403,0.435130377051653,0.399939631970878,41,0.878229560950572,node
auc_degree,gamma,imagination,65,7Networks_RH_SomMot_7,0.0270772137791828,-0.290930800697925,0.339697475132049,0.870026089726899,41,0.932680592084542,node
auc_degree,gamma,total,66,7Networks_RH_SomMot_8,0.115278161735929,-0.207802669530684,0.415681111736411,0.484661790047998,41,0.878229560950572,node
auc_degree,gamma,social,66,7Networks_RH_SomMot_8,0.189490069537421,-0.134046828322596,0.476522048176305,0.24793966381968,41,0.872132260051641,node
auc_degree,gamma,switching,66,7Networks_RH_SomMot_8,0.146636034669638,-0.177079344817894,0.44172138443847,0.373049202794369,41,0.878229560950572,node
auc_degree,gamma,detail,66,7Networks_RH_SomMot_8,-0.279984995928112,-0.547169636361789,0.038981112294162,0.0842873030935595,41,0.872132260051641,node
auc_degree,gamma,communication,66,7Networks_RH_SomMot_8,0.196181901955431,-0.127215145760782,0.481876312898953,0.231318777811627,41,0.872132260051641,node
auc_degree,gamma,imagination,66,7Networks_RH_SomMot_8,0.0522137043849799,-0.267719319514233,0.361776046288279,0.752244719402725,41,0.922404931531803,node
auc_degree,gamma,total,67,7Networks_RH_DorsAttn_Post_1,-0.310662359924524,-0.570284943687974,0.00538825849741703,0.0542426978985095,41,0.488184281086585,node
auc_degree,gamma,social,67,7Networks_RH_DorsAttn_Post_1,-0.173329939478585,-0.463503619910112,0.150418846455932,0.291315368347043,41,0.693848274369921,node
auc_degree,gamma,switching,67,7Networks_RH_DorsAttn_Post_1,-0.241004328204248,-0.517197879670018,0.0806510148559249,0.139410980384539,41,0.593171667026713,node
auc_degree,gamma,detail,67,7Networks_RH_DorsAttn_Post_1,0.0969470744173448,-0.225472350796211,0.40022699544245,0.557121805796253,41,0.76335048288131,node
auc_degree,gamma,communication,67,7Networks_RH_DorsAttn_Post_1,-0.156121601038157,-0.449501663279818,0.167659752969897,0.342572446241851,41,0.72954513320378,node
auc_degree,gamma,imagination,67,7Networks_RH_DorsAttn_Post_1,-0.477216543810621,-0.688995239481189,-0.190356557176448,0.00212732455811845,41,0.19145921023066,node
auc_degree,gamma,total,68,7Networks_RH_DorsAttn_Post_2,-0.211637677138856,-0.494161769714431,0.111318213001451,0.19587828589426,41,0.593171667026713,node
auc_degree,gamma,social,68,7Networks_RH_DorsAttn_Post_2,-0.203496048593321,-0.487704201626877,0.119712881173759,0.214038928568012,41,0.593171667026713,node
auc_degree,gamma,switching,68,7Networks_RH_DorsAttn_Post_2,-0.0822489327890945,-0.387709783028257,0.239488583926356,0.618640831938097,41,0.806922824267083,node
auc_degree,gamma,detail,68,7Networks_RH_DorsAttn_Post_2,-0.0238873204294687,-0.33687078622576,0.293849878193262,0.885229463729559,41,0.971593313849516,node
auc_degree,gamma,communication,68,7Networks_RH_DorsAttn_Post_2,-0.207320172580116,-0.490741200433976,0.115775651797387,0.205369063092424,41,0.593171667026713,node
auc_degree,gamma,imagination,68,7Networks_RH_DorsAttn_Post_2,-0.047040525427217,-0.357260400535778,0.272526867782919,0.776128750291756,41,0.885887745173188,node
auc_degree,gamma,total,69,7Networks_RH_DorsAttn_Post_3,-0.124470432248728,-0.423365945990538,0.198861973283731,0.450266723661076,41,0.76335048288131,node
auc_degree,gamma,social,69,7Networks_RH_DorsAttn_Post_3,0.0566168128196654,-0.263614825901222,0.365608091467047,0.732092748004158,41,0.866951938425977,node
auc_degree,gamma,switching,69,7Networks_RH_DorsAttn_Post_3,0.00286632128833372,-0.312939153556891,0.318101090446714,0.986183090465821,41,0.986183090465821,node
auc_degree,gamma,detail,69,7Networks_RH_DorsAttn_Post_3,-0.268413562056625,-0.538343439740499,0.0514677215435912,0.0984977068175943,41,0.554049600848968,node
auc_degree,gamma,communication,69,7Networks_RH_DorsAttn_Post_3,0.00742926321997774,-0.308817090931663,0.322196458901359,0.964197546264324,41,0.98611112686124,node
auc_degree,gamma,imagination,69,7Networks_RH_DorsAttn_Post_3,-0.203086061635921,-0.487378194108945,0.120134391703351,0.21498322559344,41,0.593171667026713,node
auc_degree,gamma,total,70,7Networks_RH_DorsAttn_Post_4,-0.249695254304929,-0.523939425802436,0.0714568947581621,0.125273306875938,41,0.593171667026713,node
auc_degree,gamma,social,70,7Networks_RH_DorsAttn_Post_4,-0.180449878857357,-0.469254846292116,0.143227369263873,0.27163758265687,41,0.693848274369921,node
auc_degree,gamma,switching,70,7Networks_RH_DorsAttn_Post_4,-0.107024179767006,-0.408743952691508,0.2157850197954,0.516670129671948,41,0.76335048288131,node
auc_degree,gamma,detail,70,7Networks_RH_DorsAttn_Post_4,-0.0756402957760102,-0.382044790057593,0.245747215547363,0.647195847162066,41,0.822454425641781,node
auc_degree,gamma,communication,70,7Networks_RH_DorsAttn_Post_4,-0.0576766053494017,-0.366528872300378,0.26262517313354,0.727268092756912,41,0.866951938425977,node
auc_degree,gamma,imagination,70,7Networks_RH_DorsAttn_Post_4,-0.312460971197586,-0.571627551360703,0.00339632325936371,0.05279061721841,41,0.488184281086585,node
auc_degree,gamma,total,71,7Networks_RH_DorsAttn_Post_5,0.193047854797169,-0.130418514864711,0.479371354399283,0.239005938322524,41,0.632662777912563,node
auc_degree,gamma,social,71,7Networks_RH_DorsAttn_Post_5,0.341910735582913,0.0295793106514905,0.593415249052038,0.0331356727278717,41,0.488184281086585,node
auc_degree,gamma,switching,71,7Networks_RH_DorsAttn_Post_5,0.11432626437046,-0.208725441084791,0.414882857153708,0.488299802131233,41,0.76335048288131,node
auc_degree,gamma,detail,71,7Networks_RH_DorsAttn_Post_5,-0.281714233367824,-0.548483541496096,0.0371065159034196,0.082307929452593,41,0.529122403623812,node
auc_degree,gamma,communication,71,7Networks_RH_DorsAttn_Post_5,0.366767066646054,0.0579508736349048,0.611522190169423,0.0216403179721704,41,0.488184281086585,node
auc_degree,gamma,imagination,71,7Networks_RH_DorsAttn_Post_5,-0.073178702902187,-0.379928784288769,0.248071608680916,0.657963540513425,41,0.822454425641781,node
auc_degree,gamma,total,72,7Networks_RH_DorsAttn_PrCv_1,-0.109131943554989,-0.41051876932996,0.213750714742424,0.508397794736051,41,0.76335048288131,node
auc_degree,gamma,social,72,7Networks_RH_DorsAttn_PrCv_1,-0.21582398001394,-0.49747006204875,0.106983784359152,0.186974334357817,41,0.593171667026713,node
auc_degree,gamma,switching,72,7Networks_RH_DorsAttn_PrCv_1,-0.144547648265071,-0.440002459523449,0.179145270637286,0.379968860923237,41,0.72954513320378,node
auc_degree,gamma,detail,72,7Networks_RH_DorsAttn_PrCv_1,0.299879702699147,-0.0172775325598914,0.562206833960174,0.0636303861587415,41,0.498593307264773,node
auc_degree,gamma,communication,72,7Networks_RH_DorsAttn_PrCv_1,-0.0483994042460347,-0.358447966103472,0.271265575386161,0.769834272056729,41,0.885887745173188,node
auc_degree,gamma,imagination,72,7Networks_RH_DorsAttn_PrCv_1,-0.205427176231596,-0.489238702623076,0.117725906791789,0.209629668258852,41,0.593171667026713,node
auc_degree,gamma,total,73,7Networks_RH_DorsAttn_FEF_1,0.0606549694486444,-0.259840311925496,0.369113332861069,0.713765164427462,41,0.866951938425977,node
auc_degree,gamma,social,73,7Networks_RH_DorsAttn_FEF_1,0.139443333442246,-0.18418270174346,0.435792028530342,0.39719679474428,41,0.72954513320378,node
auc_degree,gamma,switching,73,7Networks_RH_DorsAttn_FEF_1,0.0583426718785087,-0.262002843527628,0.367107262260423,0.724241139777964,41,0.866951938425977,node
auc_degree,gamma,detail,73,7Networks_RH_DorsAttn_FEF_1,-0.172570442445597,-0.462888679539627,0.151183957545816,0.293467305464947,41,0.693848274369921,node
auc_degree,gamma,communication,73,7Networks_RH_DorsAttn_FEF_1,0.046720637314438,-0.272823623848657,0.356980694647215,0.777612576318687,41,0.885887745173188,node
auc_degree,gamma,imagination,73,7Networks_RH_DorsAttn_FEF_1,0.0973697490767048,-0.225067301831151,0.40058528693631,0.555395854157312,41,0.76335048288131,node
auc_degree,gamma,total,74,7Networks_RH_SalVentAttn_TempOccPar_1,0.0280729837043648,-0.290018355547027,0.340578710583,0.865289301138113,41,0.964766373801595,node
auc_degree,gamma,social,74,7Networks_RH_SalVentAttn_TempOccPar_1,-0.0266239859462743,-0.33929619617708,0.291345911514966,0.872183545794048,41,0.964766373801595,node
auc_degree,gamma,switching,74,7Networks_RH_SalVentAttn_TempOccPar_1,-0.0182031613459925,-0.331819808426729,0.299036814647118,0.912418013291419,41,0.964766373801595,node
auc_degree,gamma,detail,74,7Networks_RH_SalVentAttn_TempOccPar_1,0.341813588019155,0.0294694028772909,0.593343977609039,0.0331888801500161,41,0.964766373801595,node
auc_degree,gamma,communication,74,7Networks_RH_SalVentAttn_TempOccPar_1,-0.0346707828548378,-0.34640378582114,0.283958006562686,0.83402882903118,41,0.964766373801595,node
auc_degree,gamma,imagination,74,7Networks_RH_SalVentAttn_TempOccPar_1,-0.262751254686836,-0.534002785972626,0.0575416281199173,0.106087316104845,41,0.964766373801595,node
auc_degree,gamma,total,75,7Networks_RH_SalVentAttn_TempOccPar_2,-0.0561221245415461,-0.365178083710452,0.264076543794311,0.734348286650579,41,0.964766373801595,node
auc_degree,gamma,social,75,7Networks_RH_SalVentAttn_TempOccPar_2,-0.0804202661353258,-0.386144536449113,0.241223080987174,0.626489487633783,41,0.964766373801595,node
auc_degree,gamma,switching,75,7Networks_RH_SalVentAttn_TempOccPar_2,-0.0170134795905147,-0.330760369518233,0.300120061577486,0.91812201907049,41,0.964766373801595,node
auc_degree,gamma,detail,75,7Networks_RH_SalVentAttn_TempOccPar_2,0.145467890433643,-0.178235277340822,0.440760166347046,0.376910460386157,41,0.964766373801595,node
auc_degree,gamma,communication,75,7Networks_RH_SalVentAttn_TempOccPar_2,-0.120152232914201,-0.419761235248482,0.203068705681104,0.466256623674797,41,0.964766373801595,node
auc_degree,gamma,imagination,75,7Networks_RH_SalVentAttn_TempOccPar_2,-0.107822377233174,-0.409416333653248,0.215014970239745,0.513529599057384,41,0.964766373801595,node
auc_degree,gamma,total,76,7Networks_RH_SalVentAttn_FrOperIns_1,0.0743963844098015,-0.246922258196208,0.380975914870529,0.652628386894457,41,0.964766373801595,node
auc_degree,gamma,social,76,7Networks_RH_SalVentAttn_FrOperIns_1,-0.0132811989766449,-0.327431547865943,0.303513134026845,0.936041622574346,41,0.964766373801595,node
auc_degree,gamma,switching,76,7Networks_RH_SalVentAttn_FrOperIns_1,0.105953707550154,-0.216817112550224,0.407841700028991,0.520896859310272,41,0.964766373801595,node
auc_degree,gamma,detail,76,7Networks_RH_SalVentAttn_FrOperIns_1,0.130070469188551,-0.193388688556294,0.428026645958206,0.429981719791802,41,0.964766373801595,node
auc_degree,gamma,communication,76,7Networks_RH_SalVentAttn_FrOperIns_1,-0.0543792471810591,-0.363662036119368,0.265702091938061,0.742312372797125,41,0.964766373801595,node
auc_degree,gamma,imagination,76,7Networks_RH_SalVentAttn_FrOperIns_1,0.0334970647816117,-0.285037979531828,0.345369286689438,0.839572985444522,41,0.964766373801595,node
auc_degree,gamma,total,77,7Networks_RH_SalVentAttn_Med_1,-0.0100944745626724,-0.324583122673846,0.306403888258378,0.951366840832128,41,0.964766373801595,node
auc_degree,gamma,social,77,7Networks_RH_SalVentAttn_Med_1,0.176762773962195,-0.146955792486316,0.466279593436875,0.281716067682941,41,0.964766373801595,node
auc_degree,gamma,switching,77,7Networks_RH_SalVentAttn_Med_1,0.0216439063757154,-0.295899287038534,0.334879424604394,0.895946462557801,41,0.964766373801595,node
auc_degree,gamma,detail,77,7Networks_RH_SalVentAttn_Med_1,-0.227928961148265,-0.506990342140304,0.0943810707364175,0.162849325107498,41,0.964766373801595,node
auc_degree,gamma,communication,77,7Networks_RH_SalVentAttn_Med_1,0.0570849219737665,-0.263177780504275,0.366014873897726,0.729960438560375,41,0.964766373801595,node
auc_degree,gamma,imagination,77,7Networks_RH_SalVentAttn_Med_1,-0.115658451546477,-0.415999890826786,0.207433854863097,0.48321232552532,41,0.964766373801595,node
auc_degree,gamma,total,78,7Networks_RH_SalVentAttn_Med_2,0.0981099489973861,-0.224357699951417,0.401212513913951,0.552379364991266,41,0.964766373801595,node
auc_degree,gamma,social,78,7Networks_RH_SalVentAttn_Med_2,0.0795591444308011,-0.242039147059231,0.385406849398694,0.63019959365044,41,0.964766373801595,node
auc_degree,gamma,switching,78,7Networks_RH_SalVentAttn_Med_2,0.172435779744377,-0.151319575172968,0.462779618298958,0.293849919339514,41,0.964766373801595,node
auc_degree,gamma,detail,78,7Networks_RH_SalVentAttn_Med_2,-0.0337274096723751,-0.345572369334964,0.284826096100712,0.838484321010077,41,0.964766373801595,node
auc_degree,gamma,communication,78,7Networks_RH_SalVentAttn_Med_2,0.0106210950844769,-0.305926580439547,0.325054231492018,0.948832943315234,41,0.964766373801595,node
auc_degree,gamma,imagination,78,7Networks_RH_SalVentAttn_Med_2,0.0194153594958652,-0.29793222412193,0.332898485593788,0.90661049971082,41,0.964766373801595,node
auc_degree,gamma,total,79,7Networks_RH_Limbic_OFC_1,-0.0374645879443766,-0.348863161042909,0.281384086699154,0.820864312413305,41,0.947531161273444,node
auc_degree,gamma,social,79,7Networks_RH_Limbic_OFC_1,-0.202554696474778,-0.486955552862752,0.120680518695139,0.216211362857403,41,0.689916695588514,node
auc_degree,gamma,switching,79,7Networks_RH_Limbic_OFC_1,0.0216934485854414,-0.29585406066757,0.334923430873419,0.895709591019695,41,0.947531161273444,node
auc_degree,gamma,detail,79,7Networks_RH_Limbic_OFC_1,0.250209272211628,-0.0709114011396579,0.524337075877502,0.124472041947736,41,0.689916695588514,node
auc_degree,gamma,communication,79,7Networks_RH_Limbic_OFC_1,-0.0854937816428335,-0.390482880920374,0.23640576935224,0.604816482419989,41,0.934123197586928,node
auc_degree,gamma,imagination,79,7Networks_RH_Limbic_OFC_1,-0.0831839693078431,-0.388509447148282,0.238600904123301,0.614643631227527,41,0.934123197586928,node
auc_degree,gamma,total,80,7Networks_RH_Limbic_TempPole_1,0.130005138706806,-0.193452656612,0.42797236506712,0.430215391644453,41,0.872301396674026,node
auc_degree,gamma,social,80,7Networks_RH_Limbic_TempPole_1,-0.0705342163905014,-0.377651979005046,0.250564587068671,0.669607497856649,41,0.934123197586928,node
auc_degree,gamma,switching,80,7Networks_RH_Limbic_TempPole_1,0.206208281032608,-0.116921477393123,0.489858880699725,0.207864245276885,41,0.689916695588514,node
auc_degree,gamma,detail,80,7Networks_RH_Limbic_TempPole_1,0.215295475606025,-0.107531666633361,0.497052854412676,0.188082331961649,41,0.689916695588514,node
auc_degree,gamma,communication,80,7Networks_RH_Limbic_TempPole_1,0.0120860112957405,-0.30459800135075,0.326363908765616,0.941787009769178,41,0.947531161273444,node
auc_degree,gamma,imagination,80,7Networks_RH_Limbic_TempPole_1,-0.0138716739944052,-0.327958712418188,0.302976858790212,0.933204310017478,41,0.947531161273444,node
auc_degree,gamma,total,81,7Networks_RH_Cont_Par_1,-0.383603064223215,-0.62364268983338,-0.07745545901767,0.0159224404360881,41,0.70333268217563,node
auc_degree,gamma,social,81,7Networks_RH_Cont_Par_1,-0.298952650123324,-0.561509963406631,0.0182955578923109,0.0644940785985856,41,0.770743907202845,node
auc_degree,gamma,switching,81,7Networks_RH_Cont_Par_1,-0.134576952525745,-0.431765749614984,0.188969537750338,0.414034498068226,41,0.922012306509369,node
auc_degree,gamma,detail,81,7Networks_RH_Cont_Par_1,-0.17879209508062,-0.467917933849573,0.144904867988749,0.276139349405984,41,0.922012306509369,node
auc_degree,gamma,communication,81,7Networks_RH_Cont_Par_1,-0.28207351575818,-0.548756365408096,0.0367167506564044,0.0819012471569767,41,0.770743907202845,node
auc_degree,gamma,imagination,81,7Networks_RH_Cont_Par_1,-0.151191806284145,-0.445463680400845,0.172562649302603,0.358216081550158,41,0.922012306509369,node
auc_degree,gamma,total,82,7Networks_RH_Cont_Par_2,-0.336737114627766,-0.589614172581095,-0.0237366308676358,0.0360683426756733,41,0.70333268217563,node
auc_degree,gamma,social,82,7Networks_RH_Cont_Par_2,-0.188463652536273,-0.475698904318282,0.13509198284411,0.250558131310519,41,0.922012306509369,node
auc_degree,gamma,switching,82,7Networks_RH_Cont_Par_2,-0.18140319077813,-0.470023041413435,0.142261877237365,0.269070780693924,41,0.922012306509369,node
auc_degree,gamma,detail,82,7Networks_RH_Cont_Par_2,-0.122618114603778,-0.421820841824508,0.200667936995627,0.457088921039287,41,0.922012306509369,node
auc_degree,gamma,communication,82,7Networks_RH_Cont_Par_2,-0.139203395511674,-0.435593789596449,0.184419078046349,0.39801757812618,41,0.922012306509369,node
auc_degree,gamma,imagination,82,7Networks_RH_Cont_Par_2,-0.349896680394687,-0.599260609490982,-0.0386401014400758,0.0289950337146274,41,0.70333268217563,node
auc_degree,gamma,total,83,7Networks_RH_Cont_PFCl_1,-0.026515700411039,-0.339200305461842,0.291445072384332,0.872699142371173,41,0.986529465289152,node
auc_degree,gamma,social,83,7Networks_RH_Cont_PFCl_1,-0.0995820498395926,-0.40245909129112,0.222945435080707,0.546403224519838,41,0.922012306509369,node
auc_degree,gamma,switching,83,7Networks_RH_Cont_PFCl_1,-0.0324927962276412,-0.344483535952755,0.285961395356277,0.844322810066718,41,0.968487929194177,node
auc_degree,gamma,detail,83,7Networks_RH_Cont_PFCl_1,0.227732497760314,-0.094586440348265,0.506836370003625,0.163221958038012,41,0.922012306509369,node
auc_degree,gamma,communication,83,7Networks_RH_Cont_PFCl_1,-0.151303993626056,-0.445555706097103,0.172451252192125,0.357855361162164,41,0.922012306509369,node
auc_degree,gamma,imagination,83,7Networks_RH_Cont_PFCl_1,-0.0164519837427606,-0.330260069723566,0.300631039259859,0.920815568735823,41,0.990147991245785,node
auc_degree,gamma,total,84,7Networks_RH_Cont_PFCl_2,-0.0648017428103262,-0.372703747228593,0.255954053647264,0.695108103918697,41,0.922012306509369,node
auc_degree,gamma,social,84,7Networks_RH_Cont_PFCl_2,-0.372193782069228,-0.615441553938719,-0.0642121064592184,0.0196349824456728,41,0.70333268217563,node
auc_degree,gamma,switching,84,7Networks_RH_Cont_PFCl_2,0.0590951321943578,-0.261299472491485,0.367760386604792,0.720826536763183,41,0.922012306509369,node
auc_degree,gamma,detail,84,7Networks_RH_Cont_PFCl_2,0.268171568285979,-0.0517277910875961,0.538158222866032,0.0988133214362622,41,0.770743907202845,node
auc_degree,gamma,communication,84,7Networks_RH_Cont_PFCl_2,-0.113489236867019,-0.414180549144899,0.209536382513279,0.491510424265319,41,0.922012306509369,node
auc_degree,gamma,imagination,84,7Networks_RH_Cont_PFCl_2,0.050638366501956,-0.269185004351309,0.360402477068755,0.759494967434861,41,0.922012306509369,node
auc_degree,gamma,total,85,7Networks_RH_Cont_PFCl_3,-0.0123532741241522,-0.326602719345841,0.304355479199999,0.940501988144008,41,0.990147991245785,node
auc_degree,gamma,social,85,7Networks_RH_Cont_PFCl_3,-0.273387759425374,-0.542144816071699,0.0461123467624529,0.0921797364335843,41,0.770743907202845,node
auc_degree,gamma,switching,85,7Networks_RH_Cont_PFCl_3,0.0871969017773342,-0.234785098370996,0.391936182167412,0.597614113113323,41,0.922012306509369,node
auc_degree,gamma,detail,85,7Networks_RH_Cont_PFCl_3,0.282848773745534,-0.0358753863238143,0.54934487019329,0.08102903413389,41,0.770743907202845,node
auc_degree,gamma,communication,85,7Networks_RH_Cont_PFCl_3,-0.00994931523798845,-0.324453237329697,0.306535426900771,0.95206537619787,41,0.990147991245785,node
auc_degree,gamma,imagination,85,7Networks_RH_Cont_PFCl_3,-0.109508811558353,-0.410835865938734,0.213386685798384,0.506925753603547,41,0.922012306509369,node
auc_degree,gamma,total,86,7Networks_RH_Cont_PFCl_4,-0.0986641930883757,-0.401681980525608,0.223826142962489,0.550125749601638,41,0.922012306509369,node
auc_degree,gamma,social,86,7Networks_RH_Cont_PFCl_4,-0.0773795195245417,-0.383537906909819,0.244102698208999,0.639630296966961,41,0.922012306509369,node
auc_degree,gamma,switching,86,7Networks_RH_Cont_PFCl_4,-0.190894166858559,-0.47764726151095,0.132615932118628,0.244387540039292,41,0.922012306509369,node
auc_degree,gamma,detail,86,7Networks_RH_Cont_PFCl_4,0.0679600162329616,-0.252987222526442,0.37543211491481,0.681015615500588,41,0.922012306509369,node
auc_degree,gamma,communication,86,7Networks_RH_Cont_PFCl_4,0.0564393167960441,-0.263780508906786,0.365453818230191,0.73290178966509,41,0.922012306509369,node
auc_degree,gamma,imagination,86,7Networks_RH_Cont_PFCl_4,-0.132292699907094,-0.429871743144616,0.1912111621435,0.422075512811859,41,0.922012306509369,node
auc_degree,gamma,total,87,7Networks_RH_Cont_Cing_1,-0.0411411876646367,-0.352093133955077,0.277989845993166,0.803614041958977,41,0.935550675713436,node
auc_degree,gamma,social,87,7Networks_RH_Cont_Cing_1,0.140853620028276,-0.182792592329592,0.436956639450999,0.392392284388107,41,0.922012306509369,node
auc_degree,gamma,switching,87,7Networks_RH_Cont_Cing_1,-0.0596201986659748,-0.368215956164493,0.260808458863625,0.71844698126301,41,0.922012306509369,node
auc_degree,gamma,detail,87,7Networks_RH_Cont_Cing_1,-0.201396263597837,-0.486033687836042,0.121870456066549,0.218905597141822,41,0.922012306509369,node
auc_degree,gamma,communication,87,7Networks_RH_Cont_Cing_1,0.0552575886578218,-0.264883107191176,0.364426269175703,0.738295421981188,41,0.922012306509369,node
auc_degree,gamma,imagination,87,7Networks_RH_Cont_Cing_1,-0.0885279273636652,-0.393070911047862,0.233517261197305,0.592011468329065,41,0.922012306509369,node
auc_degree,gamma,total,88,7Networks_RH_Cont_PFCmp_1,0.158377351118472,-0.165410957055339,0.451345352988915,0.335556233960064,41,0.922012306509369,node
auc_degree,gamma,social,88,7Networks_RH_Cont_PFCmp_1,-0.054779624420174,-0.364010450591199,0.265328828759398,0.740480471169255,41,0.922012306509369,node
auc_degree,gamma,switching,88,7Networks_RH_Cont_PFCmp_1,0.252226389054645,-0.0687689094409553,0.525896385950269,0.121364703157229,41,0.860586076933075,node
auc_degree,gamma,detail,88,7Networks_RH_Cont_PFCmp_1,0.138505517001927,-0.185106384544077,0.435017032455945,0.400410454675311,41,0.922012306509369,node
auc_degree,gamma,communication,88,7Networks_RH_Cont_PFCmp_1,0.00164918492431422,-0.314036681795529,0.317006685149908,0.992049959810687,41,0.992049959810687,node
auc_degree,gamma,imagination,88,7Networks_RH_Cont_PFCmp_1,0.122326247338654,-0.200952300085319,0.42157722319579,0.458168938090204,41,0.922012306509369,node
auc_degree,gamma,total,89,7Networks_RH_Cont_pCun_1,-0.157958404941442,-0.451003125202726,0.165828866428712,0.336852555464158,41,0.922012306509369,node
auc_degree,gamma,social,89,7Networks_RH_Cont_pCun_1,-0.0651721243067094,-0.373023987996746,0.255606435722561,0.693450081666517,41,0.922012306509369,node
auc_degree,gamma,switching,89,7Networks_RH_Cont_pCun_1,-0.0753485463210442,-0.381794167504747,0.246022897209388,0.648468402231942,41,0.922012306509369,node
auc_degree,gamma,detail,89,7Networks_RH_Cont_pCun_1,-0.103572665757388,-0.405832711106316,0.219110202728479,0.530359150171081,41,0.922012306509369,node
auc_degree,gamma,communication,89,7Networks_RH_Cont_pCun_1,-0.11987776513391,-0.419531797391828,0.20333568585139,0.467283061392501,41,0.922012306509369,node
auc_degree,gamma,imagination,89,7Networks_RH_Cont_pCun_1,-0.0820851264517638,-0.387569644844428,0.239644038627552,0.619342209250547,41,0.922012306509369,node
auc_degree,gamma,total,90,7Networks_RH_Default_Par_1,-0.343572205021085,-0.594633561065088,-0.0314601818425905,0.0322364712401575,41,0.928410371716537,node
auc_degree,gamma,social,90,7Networks_RH_Default_Par_1,-0.138375081580661,-0.434909207958707,0.18523480892126,0.40085860741552,41,0.950912955769718,node
auc_degree,gamma,switching,90,7Networks_RH_Default_Par_1,-0.183663670082603,-0.471842828564547,0.139970052374622,0.263048404938328,41,0.950912955769718,node
auc_degree,gamma,detail,90,7Networks_RH_Default_Par_1,-0.108118371996275,-0.409665588766215,0.214729311469812,0.512367425978932,41,0.950912955769718,node
auc_degree,gamma,communication,90,7Networks_RH_Default_Par_1,-0.236988366449701,-0.51407107979094,0.0848810857986885,0.146327708081773,41,0.950912955769718,node
auc_degree,gamma,imagination,90,7Networks_RH_Default_Par_1,-0.351842864177006,-0.600681112331047,-0.0408560103786115,0.0280534830524781,41,0.928410371716537,node
auc_degree,gamma,total,91,7Networks_RH_Default_Temp_1,0.126287682054486,-0.197088063296051,0.424880110597467,0.443627798772424,41,0.950912955769718,node
auc_degree,gamma,social,91,7Networks_RH_Default_Temp_1,0.116329096950644,-0.206783222114816,0.416561881564371,0.480661687544186,41,0.950912955769718,node
auc_degree,gamma,switching,91,7Networks_RH_Default_Temp_1,0.0489602382115289,-0.270744696853218,0.358937803617839,0.767240634209469,41,0.966447347169587,node
auc_degree,gamma,detail,91,7Networks_RH_Default_Temp_1,0.151962933958321,-0.17179678612666,0.446096100074046,0.355741071526156,41,0.950912955769718,node
auc_degree,gamma,communication,91,7Networks_RH_Default_Temp_1,0.134137118660655,-0.189401425819407,0.431401261437264,0.415576005045663,41,0.950912955769718,node
auc_degree,gamma,imagination,91,7Networks_RH_Default_Temp_1,-0.172525504583195,-0.462852286036471,0.151229215428499,0.293594950681509,41,0.950912955769718,node
auc_degree,gamma,total,92,7Networks_RH_Default_Temp_2,0.108006359801641,-0.214837418749804,0.409571269378277,0.512807068102936,41,0.950912955769718,node
auc_degree,gamma,social,92,7Networks_RH_Default_Temp_2,-0.0691160029744507,-0.376429417797568,0.251899796071183,0.6758837712223,41,0.950912955769718,node
auc_degree,gamma,switching,92,7Networks_RH_Default_Temp_2,0.138109688925351,-0.185496075649957,0.434689794750069,0.40177134030154,41,0.950912955769718,node
auc_degree,gamma,detail,92,7Networks_RH_Default_Temp_2,0.187272263290989,-0.136304218996443,0.474742828276234,0.253620588021942,41,0.950912955769718,node
auc_degree,gamma,communication,92,7Networks_RH_Default_Temp_2,-0.00964457492782357,-0.32418052386948,0.306811533304398,0.953531961087599,41,0.996590934897727,node
auc_degree,gamma,imagination,92,7Networks_RH_Default_Temp_2,0.0688987773665907,-0.252104200141392,0.376242065370666,0.676847021901758,41,0.950912955769718,node
auc_degree,gamma,total,93,7Networks_RH_Default_Temp_3,0.1350398645886,-0.188514853167118,0.432149257780956,0.412415617101605,41,0.950912955769718,node
auc_degree,gamma,social,93,7Networks_RH_Default_Temp_3,0.167877646367024,-0.155902854204011,0.459082865452386,0.306989928165259,41,0.950912955769718,node
auc_degree,gamma,switching,93,7Networks_RH_Default_Temp_3,0.0017555146731606,-0.313940834706207,0.317102326531042,0.991537405826245,41,0.996590934897727,node
auc_degree,gamma,detail,93,7Networks_RH_Default_Temp_3,0.189525253216303,-0.134010989592653,0.476550255109445,0.247850234307201,41,0.950912955769718,node
auc_degree,gamma,communication,93,7Networks_RH_Default_Temp_3,0.184837485978011,-0.138778589989936,0.47278683542474,0.259956588936384,41,0.950912955769718,node
auc_degree,gamma,imagination,93,7Networks_RH_Default_Temp_3,-0.273290403796788,-0.542070520443355,0.0462173393502759,0.0923003221024749,41,0.950912955769718,node
auc_degree,gamma,total,94,7Networks_RH_Default_PFCv_1,0.0195779732847521,-0.297783980988742,0.33304312544428,0.905831791612678,41,0.996590934897727,node
auc_degree,gamma,social,94,7Networks_RH_Default_PFCv_1,-0.215124763859583,-0.496918064697958,0.107708595721295,0.188441215700447,41,0.950912955769718,node
auc_degree,gamma,switching,94,7Networks_RH_Default_PFCv_1,0.1240572307012,-0.19926502491366,0.423021426001837,0.451783758134513,41,0.950912955769718,node
auc_degree,gamma,detail,94,7Networks_RH_Default_PFCv_1,0.238525681181866,-0.0832631792758209,0.51526889291678,0.143650847614151,41,0.950912955769718,node
auc_degree,gamma,communication,94,7Networks_RH_Default_PFCv_1,-0.0647844329645244,-0.372688778924627,0.255970297604686,0.695185626166125,41,0.950912955769718,node
auc_degree,gamma,imagination,94,7Networks_RH_Default_PFCv_1,-0.00647397337640652,-0.321340033438201,0.309681063371578,0.968798778517277,41,0.996590934897727,node
auc_degree,gamma,total,95,7Networks_RH_Default_PFCv_2,-0.07812171223541,-0.384174589611277,0.243400356976236,0.63641264031207,41,0.950912955769718,node
auc_degree,gamma,social,95,7Networks_RH_Default_PFCv_2,-0.291407008667743,-0.555823976387791,0.0265572675882211,0.0718737133798458,41,0.950912955769718,node
auc_degree,gamma,switching,95,7Networks_RH_Default_PFCv_2,0.0749589590477343,-0.246390947318456,0.381459428705493,0.650169242512119,41,0.950912955769718,node
auc_degree,gamma,detail,95,7Networks_RH_Default_PFCv_2,0.152610321633268,-0.171153515842099,0.446626810990003,0.35367122352144,41,0.950912955769718,node
auc_degree,gamma,communication,95,7Networks_RH_Default_PFCv_2,-0.105996615366616,-0.40787787643467,0.216775756977447,0.520727111162828,41,0.950912955769718,node
auc_degree,gamma,imagination,95,7Networks_RH_Default_PFCv_2,-0.00441958775196167,-0.319496512716557,0.311537300729185,0.978697079943074,41,0.996590934897727,node
auc_degree,gamma,total,96,7Networks_RH_Default_PFCdPFCm_1,-0.0295579453564145,-0.341891851305339,0.288656578533448,0.858234131299491,41,0.996590934897727,node
auc_degree,gamma,social,96,7Networks_RH_Default_PFCdPFCm_1,-0.201944372175071,-0.486469944102934,0.121307557043674,0.217627962370999,41,0.950912955769718,node
auc_degree,gamma,switching,96,7Networks_RH_Default_PFCdPFCm_1,0.0414882276121198,-0.277669046207938,0.352397634044364,0.801990354521703,41,0.970916747413161,node
auc_degree,gamma,detail,96,7Networks_RH_Default_PFCdPFCm_1,0.176435344191086,-0.147286447372466,0.466015061969711,0.28262268185107,41,0.950912955769718,node
auc_degree,gamma,communication,96,7Networks_RH_Default_PFCdPFCm_1,-0.00131995621945806,-0.316710510147953,0.3143334122494,0.993636999298657,41,0.996590934897727,node
auc_degree,gamma,imagination,96,7Networks_RH_Default_PFCdPFCm_1,-0.0863823973929786,-0.391241341486486,0.235560395471189,0.601053931758797,41,0.950912955769718,node
auc_degree,gamma,total,97,7Networks_RH_Default_PFCdPFCm_2,0.0875677832971668,-0.234431933950975,0.392252460113843,0.596050652293799,41,0.950912955769718,node
auc_degree,gamma,social,97,7Networks_RH_Default_PFCdPFCm_2,-0.104562427977963,-0.406668171593537,0.218157433345351,0.526415682360212,41,0.950912955769718,node
auc_degree,gamma,switching,97,7Networks_RH_Default_PFCdPFCm_2,0.16797429580784,-0.155805816041639,0.459161355199467,0.306707499579319,41,0.950912955769718,node
auc_degree,gamma,detail,97,7Networks_RH_Default_PFCdPFCm_2,0.126071826559986,-0.197298881701751,0.424700343389845,0.444413562131703,41,0.950912955769718,node
auc_degree,gamma,communication,97,7Networks_RH_Default_PFCdPFCm_2,0.108831947495222,-0.21404042651307,0.410266300630284,0.509571109465474,41,0.950912955769718,node
auc_degree,gamma,imagination,97,7Networks_RH_Default_PFCdPFCm_2,-0.0593241607567595,-0.367959119553475,0.261085317814179,0.719788279020134,41,0.950912955769718,node
auc_degree,gamma,total,98,7Networks_RH_Default_PFCdPFCm_3,0.213744910042279,-0.10913795371141,0.495828067373583,0.191359840409281,41,0.950912955769718,node
auc_degree,gamma,social,98,7Networks_RH_Default_PFCdPFCm_3,0.143911185619873,-0.179774321066907,0.439478164193823,0.382092656892648,41,0.950912955769718,node
auc_degree,gamma,switching,98,7Networks_RH_Default_PFCdPFCm_3,0.195954805286843,-0.127447492510474,0.481694957509886,0.23187007059913,41,0.950912955769718,node
auc_degree,gamma,detail,98,7Networks_RH_Default_PFCdPFCm_3,0.0180798418132041,-0.299149139400311,0.331710026292591,0.913009080668949,41,0.996590934897727,node
auc_degree,gamma,communication,98,7Networks_RH_Default_PFCdPFCm_3,0.175211688332335,-0.148521515838389,0.465026008357306,0.286027606538547,41,0.950912955769718,node
auc_degree,gamma,imagination,98,7Networks_RH_Default_PFCdPFCm_3,0.0345704890203747,-0.28405032150803,0.346315417817056,0.834502270361622,41,0.984986286328472,node
auc_degree,gamma,total,99,7Networks_RH_Default_pCunPCC_1,-0.111364417189332,-0.41239610943539,0.211592988016917,0.499709230627602,41,0.950912955769718,node
auc_degree,gamma,social,99,7Networks_RH_Default_pCunPCC_1,0.00171072312146676,-0.313981211207668,0.317062038250679,0.991753319494631,41,0.996590934897727,node
auc_degree,gamma,switching,99,7Networks_RH_Default_pCunPCC_1,-0.151247063492871,-0.445509007887897,0.172507782352644,0.35803838346713,41,0.950912955769718,node
auc_degree,gamma,detail,99,7Networks_RH_Default_pCunPCC_1,0.0793828076622995,-0.242206201423182,0.385255740803357,0.630960441297039,41,0.950912955769718,node
auc_degree,gamma,communication,99,7Networks_RH_Default_pCunPCC_1,-0.105388526804288,-0.407365096782632,0.217361739068111,0.523135325129369,41,0.950912955769718,node
auc_degree,gamma,imagination,99,7Networks_RH_Default_pCunPCC_1,-0.181321907619773,-0.469957559094734,0.142344222944744,0.269289011755339,41,0.950912955769718,node
auc_degree,gamma,total,100,7Networks_RH_Default_pCunPCC_2,-0.043165204399974,-0.353868121407693,0.276117864266605,0.794155986698909,41,0.970916747413161,node
auc_degree,gamma,social,100,7Networks_RH_Default_pCunPCC_2,0.0940418884177864,-0.228253376758184,0.397761825420048,0.569052117979405,41,0.950912955769718,node
auc_degree,gamma,switching,100,7Networks_RH_Default_pCunPCC_2,-0.0902820389969703,-0.394564914814237,0.231844749209196,0.584663477349719,41,0.950912955769718,node
auc_degree,gamma,detail,100,7Networks_RH_Default_pCunPCC_2,-0.0494131781725412,-0.359333280924025,0.270323888953474,0.765147785657315,41,0.966447347169587,node
auc_degree,gamma,communication,100,7Networks_RH_Default_pCunPCC_2,-0.00671707501886688,-0.321558024997256,0.309461249643288,0.967627759109261,41,0.996590934897727,node
auc_degree,gamma,imagination,100,7Networks_RH_Default_pCunPCC_2,-0.108993165741334,-0.410401983358922,0.213884742116536,0.508940399810114,41,0.950912955769718,node
auc_cc,theta,total,1,7Networks_LH_Vis_1,0.045752838569391,-0.273721068110017,0.356134125439426,0.782106504078977,41,0.913073590873401,node
auc_cc,theta,social,1,7Networks_LH_Vis_1,-0.0613463348114376,-0.369712580242594,0.259193100955276,0.710642820884522,41,0.913073590873401,node
auc_cc,theta,switching,1,7Networks_LH_Vis_1,0.12016711282744,-0.2030542303254,0.419773672828945,0.466201011009485,41,0.913073590873401,node
auc_cc,theta,detail,1,7Networks_LH_Vis_1,-0.0875208505981329,-0.392212441130905,0.234476629361341,0.596248399521326,41,0.913073590873401,node
auc_cc,theta,communication,1,7Networks_LH_Vis_1,0.121290353146498,-0.201961120843284,0.420712223997621,0.462013187073435,41,0.913073590873401,node
auc_cc,theta,imagination,1,7Networks_LH_Vis_1,0.0675811843358421,-0.253343409989351,0.375105130814025,0.682700485961604,41,0.913073590873401,node
auc_cc,theta,total,2,7Networks_LH_Vis_2,0.129610144803098,-0.193839354597967,0.427644132177357,0.431629697160374,41,0.913073590873401,node
auc_cc,theta,social,2,7Networks_LH_Vis_2,0.0724607347111837,-0.248748864030033,0.379311007521438,0.661117115325125,41,0.913073590873401,node
auc_cc,theta,switching,2,7Networks_LH_Vis_2,0.15522031988216,-0.168557314498423,0.448764320631763,0.345400715655369,41,0.913073590873401,node
auc_cc,theta,detail,2,7Networks_LH_Vis_2,0.120355066218322,-0.202871374878718,0.419930766573377,0.465498852060592,41,0.913073590873401,node
auc_cc,theta,communication,2,7Networks_LH_Vis_2,-0.043311357627005,-0.353996205775636,0.275982595569146,0.793474130022909,41,0.913073590873401,node
auc_cc,theta,imagination,2,7Networks_LH_Vis_2,0.0274367924342708,-0.290601377849079,0.340015758011641,0.868315081516861,41,0.913073590873401,node
auc_cc,theta,total,3,7Networks_LH_Vis_3,0.248208930224189,-0.0730331532559376,0.522788915642093,0.127611912508623,41,0.913073590873401,node
auc_cc,theta,social,3,7Networks_LH_Vis_3,0.102693672104477,-0.219955827951238,0.405090326858028,0.533873302887724,41,0.913073590873401,node
auc_cc,theta,switching,3,7Networks_LH_Vis_3,0.143904961649348,-0.179780471246604,0.439473036113361,0.382113459898929,41,0.913073590873401,node
auc_cc,theta,detail,3,7Networks_LH_Vis_3,0.108690872257431,-0.214176645858822,0.410147559489913,0.510123338362455,41,0.913073590873401,node
auc_cc,theta,communication,3,7Networks_LH_Vis_3,0.259081815334697,-0.0614651816396248,0.531182183334294,0.111238018262468,41,0.913073590873401,node
auc_cc,theta,imagination,3,7Networks_LH_Vis_3,0.0767438416285037,-0.244703975848444,0.382992365424196,0.642391355954912,41,0.913073590873401,node
auc_cc,theta,total,4,7Networks_LH_Vis_4,-0.0605903193953447,-0.369057283707837,0.259900818352925,0.714057372984558,41,0.913073590873401,node
auc_cc,theta,social,4,7Networks_LH_Vis_4,0.0166953981511401,-0.30040954736156,0.330476976646485,0.919647777663026,41,0.952821524893854,node
auc_cc,theta,switching,4,7Networks_LH_Vis_4,-0.0581284979376304,-0.366921306793096,0.262202982909801,0.725214009351234,41,0.913073590873401,node
auc_cc,theta,detail,4,7Networks_LH_Vis_4,-0.0156222719632518,-0.32952046327053,0.301385768221422,0.924797362396976,41,0.952821524893854,node
auc_cc,theta,communication,4,7Networks_LH_Vis_4,-0.0348238179568333,-0.346538613025617,0.283817134804055,0.833306531512516,41,0.913073590873401,node
auc_cc,theta,imagination,4,7Networks_LH_Vis_4,-0.106267078697196,-0.408105887457437,0.216515051325606,0.519657757073019,41,0.913073590873401,node
auc_cc,theta,total,5,7Networks_LH_Vis_5,0.155537995328353,-0.168241011374986,0.449024258130455,0.344402208578683,41,0.913073590873401,node
auc_cc,theta,social,5,7Networks_LH_Vis_5,0.109423724090585,-0.213468882361469,0.410764279743621,0.507257916258691,41,0.913073590873401,node
auc_cc,theta,switching,5,7Networks_LH_Vis_5,0.152120805219953,-0.171639944377639,0.446225537740465,0.355235646556959,41,0.913073590873401,node
auc_cc,theta,detail,5,7Networks_LH_Vis_5,0.0550770748537116,-0.265051459913648,0.364269240544099,0.739120417176603,41,0.913073590873401,node
auc_cc,theta,communication,5,7Networks_LH_Vis_5,-0.0279117691926594,-0.340436076369571,0.290166119075782,0.866055873865095,41,0.913073590873401,node
auc_cc,theta,imagination,5,7Networks_LH_Vis_5,0.142585854001607,-0.181083368922893,0.438385756367162,0.386537459844319,41,0.913073590873401,node
auc_cc,theta,total,6,7Networks_LH_Vis_6,0.150112856567133,-0.173633576388649,0.444578315560835,0.361696458236432,41,0.913073590873401,node
auc_cc,theta,social,6,7Networks_LH_Vis_6,0.0945830518308121,-0.22773573954153,0.398221357465755,0.566820958883021,41,0.913073590873401,node
auc_cc,theta,switching,6,7Networks_LH_Vis_6,0.0881243223012749,-0.233901821438413,0.392726926728467,0.593707907377503,41,0.913073590873401,node
auc_cc,theta,detail,6,7Networks_LH_Vis_6,0.13190422054269,-0.191592056335687,0.429549371563642,0.423451712000793,41,0.913073590873401,node
auc_cc,theta,communication,6,7Networks_LH_Vis_6,0.116794113971437,-0.206331913774938,0.416951424147718,0.478897245370788,41,0.913073590873401,node
auc_cc,theta,imagination,6,7Networks_LH_Vis_6,-0.0526047752831526,-0.36211682087065,0.26735523995663,0.750448092125693,41,0.913073590873401,node
auc_cc,theta,total,7,7Networks_LH_Vis_7,0.240563285642737,-0.0811161384476003,0.516854847010223,0.140158573227848,41,0.913073590873401,node
auc_cc,theta,social,7,7Networks_LH_Vis_7,0.127253269875175,-0.19614464166829,0.425683976249615,0.440122168730507,41,0.913073590873401,node
auc_cc,theta,switching,7,7Networks_LH_Vis_7,0.156979397599852,-0.16680499772811,0.450203059843161,0.339893860325124,41,0.913073590873401,node
auc_cc,theta,detail,7,7Networks_LH_Vis_7,0.18658218854422,-0.137005925757409,0.474188740832092,0.255405798765076,41,0.913073590873401,node
auc_cc,theta,communication,7,7Networks_LH_Vis_7,0.0608385952394641,-0.259668441564751,0.369272517246866,0.712935423000578,41,0.913073590873401,node
auc_cc,theta,imagination,7,7Networks_LH_Vis_7,0.130087299721096,-0.193372208568407,0.428040629531112,0.429921532363139,41,0.913073590873401,node
auc_cc,theta,total,8,7Networks_LH_Vis_8,0.111598906661625,-0.21136616679011,0.4125931489356,0.498801028758981,41,0.913073590873401,node
auc_cc,theta,social,8,7Networks_LH_Vis_8,0.152676538381265,-0.171087704668913,0.446681082029585,0.353459925533915,41,0.913073590873401,node
auc_cc,theta,switching,8,7Networks_LH_Vis_8,0.0559357108404258,-0.264250495181478,0.365016009392773,0.735198814301546,41,0.913073590873401,node
auc_cc,theta,detail,8,7Networks_LH_Vis_8,0.0365605615423622,-0.28221746450494,0.348067819394324,0.825119009599062,41,0.913073590873401,node
auc_cc,theta,communication,8,7Networks_LH_Vis_8,0.0522837273865776,-0.267654136147829,0.361837069589127,0.751922930299908,41,0.913073590873401,node
auc_cc,theta,imagination,8,7Networks_LH_Vis_8,-0.030892966818015,-0.343071360739142,0.287431203414328,0.851900576946428,41,0.913073590873401,node
auc_cc,theta,total,9,7Networks_LH_Vis_9,0.167417558462097,-0.156364706899583,0.458709162218446,0.308336658481564,41,0.913073590873401,node
auc_cc,theta,social,9,7Networks_LH_Vis_9,0.112950507964933,-0.210058086919237,0.41372833914492,0.493582582057202,41,0.913073590873401,node
auc_cc,theta,switching,9,7Networks_LH_Vis_9,0.283844887893419,-0.03479366975394,0.550100640842435,0.0799189754323648,41,0.913073590873401,node
auc_cc,theta,detail,9,7Networks_LH_Vis_9,-0.0642069560535339,-0.372189326762869,0.256512111415943,0.697773606948075,41,0.913073590873401,node
auc_cc,theta,communication,9,7Networks_LH_Vis_9,0.0329350748975396,-0.285554797000093,0.344873687976069,0.842230313848296,41,0.913073590873401,node
auc_cc,theta,imagination,9,7Networks_LH_Vis_9,0.0773281569950989,-0.244151290391935,0.38349383530081,0.639853212461324,41,0.913073590873401,node
auc_cc,theta,total,10,7Networks_LH_SomMot_1,0.0930789297798897,-0.229174021976546,0.396943746520143,0.573032207656454,41,0.932415461403049,node
auc_cc,theta,social,10,7Networks_LH_SomMot_1,0.0190742047686823,-0.298243180275194,0.33259499125002,0.908244465096904,41,0.974482565149816,node
auc_cc,theta,switching,10,7Networks_LH_SomMot_1,0.178707303529068,-0.144990617917671,0.467849518485491,0.276370907161009,41,0.932415461403049,node
auc_cc,theta,detail,10,7Networks_LH_SomMot_1,-0.208908340276924,-0.492000452508937,0.114137521791573,0.201841389612027,41,0.932415461403049,node
auc_cc,theta,communication,10,7Networks_LH_SomMot_1,0.126475675065294,-0.196904432821848,0.425036654389266,0.442944081586334,41,0.932415461403049,node
auc_cc,theta,imagination,10,7Networks_LH_SomMot_1,0.192836235676836,-0.13063457165933,0.479202044691922,0.239531148293035,41,0.932415461403049,node
auc_cc,theta,total,11,7Networks_LH_SomMot_2,-0.000874769843917713,-0.316309921491812,0.314734556093495,0.995783047367227,41,0.99822398047806,node
auc_cc,theta,social,11,7Networks_LH_SomMot_2,-0.177166877943926,-0.466605998856003,0.14654760839531,0.28059976261715,41,0.932415461403049,node
auc_cc,theta,switching,11,7Networks_LH_SomMot_2,0.169978774064233,-0.153791865993672,0.460788183003588,0.300887244257272,41,0.932415461403049,node
auc_cc,theta,detail,11,7Networks_LH_SomMot_2,-0.170073547411454,-0.460865052380498,0.15369657816529,0.300613816464599,41,0.932415461403049,node
auc_cc,theta,communication,11,7Networks_LH_SomMot_2,0.0864713943178389,-0.235475702471098,0.391317280259597,0.600677662620829,41,0.932415461403049,node
auc_cc,theta,imagination,11,7Networks_LH_SomMot_2,0.170726103483477,-0.153040316149003,0.461394213338198,0.298735457274193,41,0.932415461403049,node
auc_cc,theta,total,12,7Networks_LH_SomMot_3,0.000368418322524803,-0.315190676983184,0.315854158292096,0.99822398047806,41,0.99822398047806,node
auc_cc,theta,social,12,7Networks_LH_SomMot_3,-0.00142125727714927,-0.316801647394624,0.314242117214449,0.993148677002245,41,0.99822398047806,node
auc_cc,theta,switching,12,7Networks_LH_SomMot_3,-0.0331903202484511,-0.345098801251966,0.285320091078734,0.841023189338593,41,0.954674971681646,node
auc_cc,theta,detail,12,7Networks_LH_SomMot_3,0.0174080993560767,-0.299760837087212,0.331111875151778,0.916229527254013,41,0.974482565149816,node
auc_cc,theta,communication,12,7Networks_LH_SomMot_3,-0.0353497122428959,-0.347001839004505,0.283332934114259,0.830825438914567,41,0.954674971681646,node
auc_cc,theta,imagination,12,7Networks_LH_SomMot_3,0.073854010954904,-0.24743430768076,0.380509604451375,0.65500265960104,41,0.932415461403049,node
auc_cc,theta,total,13,7Networks_LH_SomMot_4,0.0470043846976344,-0.272560398117257,0.357228802352918,0.776296352749156,41,0.932415461403049,node
auc_cc,theta,social,13,7Networks_LH_SomMot_4,-0.0617044655541534,-0.370022892579626,0.258857729188765,0.709027256125304,41,0.932415461403049,node
auc_cc,theta,switching,13,7Networks_LH_SomMot_4,0.102932294352505,-0.219726312241519,0.40529190290473,0.532918194513195,41,0.932415461403049,node
auc_cc,theta,detail,13,7Networks_LH_SomMot_4,-0.131997594593603,-0.429626863018523,0.191500514335168,0.423120702129469,41,0.932415461403049,node
auc_cc,theta,communication,13,7Networks_LH_SomMot_4,0.182182039609157,-0.141472619949772,0.47065032681446,0.266985609339946,41,0.932415461403049,node
auc_cc,theta,imagination,13,7Networks_LH_SomMot_4,0.0839409707242002,-0.237881848379431,0.389156514955636,0.611415526388595,41,0.932415461403049,node
auc_cc,theta,total,14,7Networks_LH_SomMot_5,0.0628534669861937,-0.257781224032679,0.371018012581579,0.703852487987799,41,0.932415461403049,node
auc_cc,theta,social,14,7Networks_LH_SomMot_5,-0.113819837197175,-0.414457982171663,0.209216138473452,0.490241029674042,41,0.932415461403049,node
auc_cc,theta,switching,14,7Networks_LH_SomMot_5,0.167241017250523,-0.156541887701272,0.458565740474496,0.30885440800416,41,0.932415461403049,node
auc_cc,theta,detail,14,7Networks_LH_SomMot_5,-0.0451644747859354,-0.355619212816276,0.274266388812168,0.784841966156667,41,0.932415461403049,node
auc_cc,theta,communication,14,7Networks_LH_SomMot_5,0.0507818063170254,-0.26905161009154,0.360527600782258,0.758833958242915,41,0.932415461403049,node
auc_cc,theta,imagination,14,7Networks_LH_SomMot_5,0.180716637807047,-0.142957264099268,0.469469849289151,0.270917717269765,41,0.932415461403049,node
auc_cc,theta,total,15,7Networks_LH_SomMot_6,0.135211597044777,-0.188346137682604,0.432291505425684,0.411815956151493,41,0.932415461403049,node
auc_cc,theta,social,15,7Networks_LH_SomMot_6,0.112046205333763,-0.210933399136268,0.412968932094104,0.497070930591133,41,0.932415461403049,node
auc_cc,theta,switching,15,7Networks_LH_SomMot_6,0.112121473361442,-0.21086056383063,0.413032155963742,0.49678010443019,41,0.932415461403049,node
auc_cc,theta,detail,15,7Networks_LH_SomMot_6,-0.0509676416108872,-0.360689689840397,0.268878771197375,0.757977830572345,41,0.932415461403049,node
auc_cc,theta,communication,15,7Networks_LH_SomMot_6,0.159712070737712,-0.164078764791328,0.452435081326516,0.331446857644904,41,0.932415461403049,node
auc_cc,theta,imagination,15,7Networks_LH_SomMot_6,0.0305218564975947,-0.28777193876318,0.342743578544145,0.853660282064317,41,0.956099515912035,node
auc_cc,theta,total,16,7Networks_LH_DorsAttn_Post_1,-0.00280244693358009,-0.318043677801853,0.312996771948824,0.98649096397641,41,0.995229514469141,node
auc_cc,theta,social,16,7Networks_LH_DorsAttn_Post_1,0.133449139508097,-0.190076725358119,0.43083094178886,0.417993704453791,41,0.995229514469141,node
auc_cc,theta,switching,16,7Networks_LH_DorsAttn_Post_1,-0.0140946866349928,-0.328157762866079,0.302774264290343,0.932132913800053,41,0.995229514469141,node
auc_cc,theta,detail,16,7Networks_LH_DorsAttn_Post_1,-0.00994709887730634,-0.324451254087388,0.3065374352008,0.952076042038625,41,0.995229514469141,node
auc_cc,theta,communication,16,7Networks_LH_DorsAttn_Post_1,0.0097041055361581,-0.306757600476942,0.324233802185098,0.953245453700997,41,0.995229514469141,node
auc_cc,theta,imagination,16,7Networks_LH_DorsAttn_Post_1,-0.211357260626454,-0.493939873320468,0.11160811318615,0.196485173853231,41,0.995229514469141,node
auc_cc,theta,total,17,7Networks_LH_DorsAttn_Post_2,0.116558508395225,-0.206560590892707,0.416754072237941,0.479790793738111,41,0.995229514469141,node
auc_cc,theta,social,17,7Networks_LH_DorsAttn_Post_2,-0.0422029840825273,-0.353024568936973,0.27700810910632,0.79864882964663,41,0.995229514469141,node
auc_cc,theta,switching,17,7Networks_LH_DorsAttn_Post_2,0.0345222885209745,-0.284094685308815,0.346272946818053,0.834729823354644,41,0.995229514469141,node
auc_cc,theta,detail,17,7Networks_LH_DorsAttn_Post_2,0.139570034232182,-0.184057866589565,0.435896698293942,0.396763769918055,41,0.995229514469141,node
auc_cc,theta,communication,17,7Networks_LH_DorsAttn_Post_2,0.0877703796556042,-0.234238979767654,0.39242519850827,0.595197357567386,41,0.995229514469141,node
auc_cc,theta,imagination,17,7Networks_LH_DorsAttn_Post_2,0.154204686741271,-0.169568113039418,0.44793294681708,0.348604874808353,41,0.995229514469141,node
auc_cc,theta,total,18,7Networks_LH_DorsAttn_Post_3,0.0167232819860898,-0.300384172631058,0.330501821855386,0.919514014328516,41,0.995229514469141,node
auc_cc,theta,social,18,7Networks_LH_DorsAttn_Post_3,-0.120864797444637,-0.420356715829767,0.202375355826863,0.463597430449285,41,0.995229514469141,node
auc_cc,theta,switching,18,7Networks_LH_DorsAttn_Post_3,0.152717141976538,-0.171047348339976,0.446714359539226,0.353330397104404,41,0.995229514469141,node
auc_cc,theta,detail,18,7Networks_LH_DorsAttn_Post_3,0.00837516092086256,-0.307961098294174,0.32304395687876,0.95964267762561,41,0.995229514469141,node
auc_cc,theta,communication,18,7Networks_LH_DorsAttn_Post_3,-0.0208248878806858,-0.334151726722904,0.296646750992603,0.8998636330066,41,0.995229514469141,node
auc_cc,theta,imagination,18,7Networks_LH_DorsAttn_Post_3,0.0531941211141341,-0.266806397588318,0.362630213657395,0.747743018070886,41,0.995229514469141,node
auc_cc,theta,total,19,7Networks_LH_DorsAttn_Post_4,-0.02757463721775,-0.340137753039723,0.290475073325495,0.867659321398086,41,0.995229514469141,node
auc_cc,theta,social,19,7Networks_LH_DorsAttn_Post_4,-0.223678738004421,-0.50365538086295,0.0988178539330834,0.171048831444161,41,0.995229514469141,node
auc_cc,theta,switching,19,7Networks_LH_DorsAttn_Post_4,0.0256712732494225,-0.292218109660897,0.338452312026439,0.876721606051364,41,0.995229514469141,node
auc_cc,theta,detail,19,7Networks_LH_DorsAttn_Post_4,0.150092104653179,-0.173654166497558,0.444561281308441,0.361763596375308,41,0.995229514469141,node
auc_cc,theta,communication,19,7Networks_LH_DorsAttn_Post_4,-0.0211471245364465,-0.334438078551358,0.296352713337926,0.898322167554492,41,0.995229514469141,node
auc_cc,theta,imagination,19,7Networks_LH_DorsAttn_Post_4,0.044089547709064,-0.275262146937238,0.354677992388574,0.789846156781248,41,0.995229514469141,node
auc_cc,theta,total,20,7Networks_LH_DorsAttn_Post_5,0.188783419339264,-0.134766455807769,0.475955397992531,0.24974040486185,41,0.995229514469141,node
auc_cc,theta,social,20,7Networks_LH_DorsAttn_Post_5,0.191468194986259,-0.132030559385634,0.478107004524845,0.242945262531252,41,0.995229514469141,node
auc_cc,theta,switching,20,7Networks_LH_DorsAttn_Post_5,0.0740606676982634,-0.247239226227528,0.380687297821806,0.654097611119946,41,0.995229514469141,node
auc_cc,theta,detail,20,7Networks_LH_DorsAttn_Post_5,0.0877114413314099,-0.234295115655048,0.392374948530808,0.59544553868001,41,0.995229514469141,node
auc_cc,theta,communication,20,7Networks_LH_DorsAttn_Post_5,0.112840616382462,-0.21016448320937,0.41363607772591,0.494005817105098,41,0.995229514469141,node
auc_cc,theta,imagination,20,7Networks_LH_DorsAttn_Post_5,0.0221788817527612,-0.295410840379891,0.335354548538086,0.893389109473645,41,0.995229514469141,node
auc_cc,theta,total,21,7Networks_LH_DorsAttn_Post_6,-0.192374432755129,-0.478832496892925,0.131105951979601,0.240679988114684,41,0.995229514469141,node
auc_cc,theta,social,21,7Networks_LH_DorsAttn_Post_6,-0.0602238011825444,-0.368739483844585,0.260243797686761,0.715714739508907,41,0.995229514469141,node
auc_cc,theta,switching,21,7Networks_LH_DorsAttn_Post_6,-0.154803026077351,-0.448422795053,0.16897270434021,0.346715025390255,41,0.995229514469141,node
auc_cc,theta,detail,21,7Networks_LH_DorsAttn_Post_6,0.000989596625324435,-0.314631099976662,0.316413255964198,0.995229514469141,41,0.995229514469141,node
auc_cc,theta,communication,21,7Networks_LH_DorsAttn_Post_6,-0.129996458839247,-0.427965153096508,0.193461155259437,0.430246442819042,41,0.995229514469141,node
auc_cc,theta,imagination,21,7Networks_LH_DorsAttn_Post_6,-0.239347805310389,-0.515909015218401,0.0823972595864646,0.142234180702537,41,0.995229514469141,node
auc_cc,theta,total,22,7Networks_LH_DorsAttn_PrCv_1,-0.00661520560107482,-0.321466681781848,0.309553364596639,0.968118455582965,41,0.995229514469141,node
auc_cc,theta,social,22,7Networks_LH_DorsAttn_PrCv_1,-0.225328880115844,-0.504951165787254,0.0970968015225141,0.167830904089399,41,0.995229514469141,node
auc_cc,theta,switching,22,7Networks_LH_DorsAttn_PrCv_1,0.0696174583588628,-0.25142782921876,0.376861816345003,0.673662094988463,41,0.995229514469141,node
auc_cc,theta,detail,22,7Networks_LH_DorsAttn_PrCv_1,-0.0839133339859661,-0.389132896988773,0.237908105996075,0.611533251877909,41,0.995229514469141,node
auc_cc,theta,communication,22,7Networks_LH_DorsAttn_PrCv_1,0.0968612352507691,-0.225554596822403,0.400154220245644,0.557472627576346,41,0.995229514469141,node
auc_cc,theta,imagination,22,7Networks_LH_DorsAttn_PrCv_1,0.243231166956004,-0.0783004489988737,0.518928509097906,0.135681245412443,41,0.995229514469141,node
auc_cc,theta,total,23,7Networks_LH_DorsAttn_FEF_1,-0.196945120450693,-0.482485626406906,0.126434022817527,0.22947255659263,41,0.995229514469141,node
auc_cc,theta,social,23,7Networks_LH_DorsAttn_FEF_1,-0.325041607707975,-0.5809799635488,-0.0106069815398088,0.0434835149645264,41,0.995229514469141,node
auc_cc,theta,switching,23,7Networks_LH_DorsAttn_FEF_1,0.0205524989854871,-0.296895256138131,0.33390962640156,0.901166927260811,41,0.995229514469141,node
auc_cc,theta,detail,23,7Networks_LH_DorsAttn_FEF_1,-0.209126128661576,-0.492173043776069,0.11391274493563,0.201360956359089,41,0.995229514469141,node
auc_cc,theta,communication,23,7Networks_LH_DorsAttn_FEF_1,-0.147382683597725,-0.442335416594635,0.176340033164981,0.370593534573238,41,0.995229514469141,node
auc_cc,theta,imagination,23,7Networks_LH_DorsAttn_FEF_1,0.246005548928852,-0.0753669073488388,0.521081514645921,0.131138432869446,41,0.995229514469141,node
auc_cc,theta,total,24,7Networks_LH_SalVentAttn_ParOper_1,0.112713955193841,-0.210287106228722,0.41352972942342,0.494493869257357,41,0.847703775869755,node
auc_cc,theta,social,24,7Networks_LH_SalVentAttn_ParOper_1,-0.0687074589803831,-0.376077036547688,0.252284202418948,0.677695811382631,41,0.875930971277474,node
auc_cc,theta,switching,24,7Networks_LH_SalVentAttn_ParOper_1,0.1581434623575,-0.165644281329196,0.451154305103319,0.336279562536733,41,0.733700863716508,node
auc_cc,theta,detail,24,7Networks_LH_SalVentAttn_ParOper_1,-0.00833007228244791,-0.323003570167469,0.308001913005137,0.959859769578449,41,0.973378921262653,node
auc_cc,theta,communication,24,7Networks_LH_SalVentAttn_ParOper_1,0.168556595427928,-0.155221042148388,0.459634148967819,0.305009399864621,41,0.73202255967509,node
auc_cc,theta,imagination,24,7Networks_LH_SalVentAttn_ParOper_1,0.10628473029306,-0.216498034957241,0.408120767124901,0.519588004226027,41,0.870007821029626,node
auc_cc,theta,total,25,7Networks_LH_SalVentAttn_FrOperIns_1,0.0928464811153245,-0.229396170249638,0.396746198023695,0.573994855443023,41,0.875930971277474,node
auc_cc,theta,social,25,7Networks_LH_SalVentAttn_FrOperIns_1,0.143300169948444,-0.180377971921236,0.438974641632273,0.384138091371147,41,0.782490922114841,node
auc_cc,theta,switching,25,7Networks_LH_SalVentAttn_FrOperIns_1,0.063795218168175,-0.256898298654004,0.371833111143114,0.699620885445766,41,0.875930971277474,node
auc_cc,theta,detail,25,7Networks_LH_SalVentAttn_FrOperIns_1,-0.0542908788199289,-0.363585124944484,0.265784462954504,0.742716885851361,41,0.875930971277474,node
auc_cc,theta,communication,25,7Networks_LH_SalVentAttn_FrOperIns_1,0.0469661409480389,-0.272595878728086,0.3571953647064,0.776473718827647,41,0.875930971277474,node
auc_cc,theta,imagination,25,7Networks_LH_SalVentAttn_FrOperIns_1,0.0373820158146547,-0.281460225879016,0.348790534590361,0.821252721014075,41,0.909695321738668,node
auc_cc,theta,total,26,7Networks_LH_SalVentAttn_FrOperIns_2,-0.0125674248668237,-0.326794043092111,0.304161122882773,0.939472440805003,41,0.966314510542289,node
auc_cc,theta,social,26,7Networks_LH_SalVentAttn_FrOperIns_2,-0.0522008055419542,-0.361764804978693,0.267731326535146,0.752304000246296,41,0.875930971277474,node
auc_cc,theta,switching,26,7Networks_LH_SalVentAttn_FrOperIns_2,0.00216526465915075,-0.313571420282022,0.317470828084199,0.989562272163184,41,0.989562272163184,node
auc_cc,theta,detail,26,7Networks_LH_SalVentAttn_FrOperIns_2,-0.117390899091768,-0.417451186747974,0.205752520347234,0.476637805985325,41,0.837022488559595,node
auc_cc,theta,communication,26,7Networks_LH_SalVentAttn_FrOperIns_2,-0.0939985677750654,-0.397725032856858,0.228294806231289,0.569230898081002,41,0.875930971277474,node
auc_cc,theta,imagination,26,7Networks_LH_SalVentAttn_FrOperIns_2,0.323547328487802,0.0089372437551373,0.579872646083954,0.0445139695420499,41,0.73202255967509,node
auc_cc,theta,total,27,7Networks_LH_SalVentAttn_PFCl_1,-0.0992619092092958,-0.402188091229534,0.223252678306897,0.547700249626009,41,0.875930971277474,node
auc_cc,theta,social,27,7Networks_LH_SalVentAttn_PFCl_1,-0.207378037435151,-0.490787102048375,0.115715997403136,0.205239783177252,41,0.73202255967509,node
auc_cc,theta,switching,27,7Networks_LH_SalVentAttn_PFCl_1,-0.0257220490963467,-0.338497300435257,0.292171638260411,0.87647964589642,41,0.941888574694661,node
auc_cc,theta,detail,27,7Networks_LH_SalVentAttn_PFCl_1,-0.0547833060670304,-0.364013654015775,0.265325395993109,0.740463632546542,41,0.875930971277474,node
auc_cc,theta,communication,27,7Networks_LH_SalVentAttn_PFCl_1,-0.164836926215653,-0.456611149829811,0.158952616101434,0.315959781451102,41,0.733700863716508,node
auc_cc,theta,imagination,27,7Networks_LH_SalVentAttn_PFCl_1,0.294768022935612,-0.0228826559790419,0.558359714295248,0.0685087438330888,41,0.73202255967509,node
auc_cc,theta,total,28,7Networks_LH_SalVentAttn_Med_1,-0.213208601438878,-0.495404177474812,0.109693143025113,0.192502783607108,41,0.73202255967509,node
auc_cc,theta,social,28,7Networks_LH_SalVentAttn_Med_1,-0.224031377258966,-0.503932399033329,0.0984502230048745,0.170357459260265,41,0.73202255967509,node
auc_cc,theta,switching,28,7Networks_LH_SalVentAttn_Med_1,-0.278376756461244,-0.545946484728957,0.0407225269769691,0.0861611334638012,41,0.73202255967509,node
auc_cc,theta,detail,28,7Networks_LH_SalVentAttn_Med_1,0.0669416367085826,-0.253944531680562,0.374552939425522,0.685548339706797,41,0.875930971277474,node
auc_cc,theta,communication,28,7Networks_LH_SalVentAttn_Med_1,-0.218546850009741,-0.499617465006265,0.104157968803639,0.181339116200179,41,0.73202255967509,node
auc_cc,theta,imagination,28,7Networks_LH_SalVentAttn_Med_1,0.159157229906614,-0.164632698480636,0.451982189121972,0.333151314529508,41,0.733700863716508,node
auc_cc,theta,total,29,7Networks_LH_SalVentAttn_Med_2,0.237355645076651,-0.0844947073010104,0.51435734664697,0.145684879807177,41,0.73202255967509,node
auc_cc,theta,social,29,7Networks_LH_SalVentAttn_Med_2,0.280470199933095,-0.0384553487569208,0.54753843587479,0.0837282241912115,41,0.73202255967509,node
auc_cc,theta,switching,29,7Networks_LH_SalVentAttn_Med_2,0.171615507916493,-0.152145400595139,0.462115102940233,0.296187462622989,41,0.73202255967509,node
auc_cc,theta,detail,29,7Networks_LH_SalVentAttn_Med_2,-0.0872110013734098,-0.391948207247163,0.234771673870205,0.597554643232758,41,0.875930971277474,node
auc_cc,theta,communication,29,7Networks_LH_SalVentAttn_Med_2,0.133801403428597,-0.189730991983118,0.431122990542525,0.416754786212359,41,0.782490922114841,node
auc_cc,theta,imagination,29,7Networks_LH_SalVentAttn_Med_2,0.13557430126995,-0.187989742621938,0.43259188824037,0.4105510848426,41,0.782490922114841,node
auc_cc,theta,total,30,7Networks_LH_SalVentAttn_Med_3,0.259271889786169,-0.0612621872440733,0.531328436891691,0.11096665381246,41,0.73202255967509,node
auc_cc,theta,social,30,7Networks_LH_SalVentAttn_Med_3,0.0844904479252019,-0.237359693385782,0.389626007139066,0.609076894461023,41,0.875930971277474,node
auc_cc,theta,switching,30,7Networks_LH_SalVentAttn_Med_3,0.206684981730645,-0.116430333491043,0.490237228362605,0.206791918443542,41,0.73202255967509,node
auc_cc,theta,detail,30,7Networks_LH_SalVentAttn_Med_3,0.0838270232126155,-0.237990106682451,0.389059134435146,0.611900975811091,41,0.875930971277474,node
auc_cc,theta,communication,30,7Networks_LH_SalVentAttn_Med_3,0.195194031150479,-0.128225595890896,0.481087238338153,0.233723415474706,41,0.73202255967509,node
auc_cc,theta,imagination,30,7Networks_LH_SalVentAttn_Med_3,0.173128079251444,-0.150622236641911,0.463340207430412,0.291886318264352,41,0.73202255967509,node
auc_cc,theta,total,31,7Networks_LH_Limbic_OFC_1,-0.0124987062351454,-0.326732652200087,0.304223492572932,0.939802800799287,41,0.939802800799287,node
auc_cc,theta,social,31,7Networks_LH_Limbic_OFC_1,-0.0321582258190978,-0.344188326156778,0.286268898524338,0.845906420921963,41,0.906328308130674,node
auc_cc,theta,switching,31,7Networks_LH_Limbic_OFC_1,0.155168499420898,-0.168608904776011,0.44872191389764,0.345563763717129,41,0.906328308130674,node
auc_cc,theta,detail,31,7Networks_LH_Limbic_OFC_1,-0.082623812056699,-0.388030443377667,0.239132755722377,0.617036947285178,41,0.906328308130674,node
auc_cc,theta,communication,31,7Networks_LH_Limbic_OFC_1,-0.0417888908724783,-0.352661389049406,0.277391058947469,0.800584310832057,41,0.906328308130674,node
auc_cc,theta,imagination,31,7Networks_LH_Limbic_OFC_1,-0.0544551483432723,-0.363728093133752,0.265631338271088,0.741964983783556,41,0.906328308130674,node
auc_cc,theta,total,32,7Networks_LH_Limbic_TempPole_1,-0.132456648797245,-0.430007769984021,0.191050385161996,0.421495474372346,41,0.906328308130674,node
auc_cc,theta,social,32,7Networks_LH_Limbic_TempPole_1,-0.0356826558306261,-0.347295028711224,0.283026302720691,0.829255493451642,41,0.906328308130674,node
auc_cc,theta,switching,32,7Networks_LH_Limbic_TempPole_1,-0.0504261911045965,-0.360217374307762,0.26938229791997,0.760473037481869,41,0.906328308130674,node
auc_cc,theta,detail,32,7Networks_LH_Limbic_TempPole_1,-0.216595137155879,-0.498078588958636,0.106184000500481,0.185365925141606,41,0.906328308130674,node
auc_cc,theta,communication,32,7Networks_LH_Limbic_TempPole_1,0.0750750320242585,-0.246281300781325,0.381559168627629,0.649662313749978,41,0.906328308130674,node
auc_cc,theta,imagination,32,7Networks_LH_Limbic_TempPole_1,-0.160050880480715,-0.452711562610022,0.163740408538646,0.33040870605948,41,0.906328308130674,node
auc_cc,theta,total,33,7Networks_LH_Limbic_TempPole_2,0.135465386218309,-0.188096772071366,0.432501694371372,0.410930675488183,41,0.906328308130674,node
auc_cc,theta,social,33,7Networks_LH_Limbic_TempPole_2,-0.0699677135417519,-0.377163757487572,0.25109808051471,0.672111920731849,41,0.906328308130674,node
auc_cc,theta,switching,33,7Networks_LH_Limbic_TempPole_2,0.0867548376178452,-0.235205934006099,0.391559107429251,0.599479976524522,41,0.906328308130674,node
auc_cc,theta,detail,33,7Networks_LH_Limbic_TempPole_2,0.0428146509996856,-0.276442259214648,0.353560859264318,0.795792056665911,41,0.906328308130674,node
auc_cc,theta,communication,33,7Networks_LH_Limbic_TempPole_2,0.14962097698692,-0.17412154458449,0.444174497854817,0.36328983799777,41,0.906328308130674,node
auc_cc,theta,imagination,33,7Networks_LH_Limbic_TempPole_2,0.253511495757037,-0.0674023804586529,0.526888865179738,0.119415576611106,41,0.906328308130674,node
auc_cc,theta,total,34,7Networks_LH_Cont_Par_1,0.106040753130666,-0.216733214743141,0.407915088843857,0.520552525716482,41,0.988426055177339,node
auc_cc,theta,social,34,7Networks_LH_Cont_Par_1,-0.111478166897375,-0.412491695860848,0.211482962482167,0.499268561214629,41,0.988426055177339,node
auc_cc,theta,switching,34,7Networks_LH_Cont_Par_1,0.121773264634856,-0.201490915739215,0.42111553568667,0.460218937088107,41,0.988426055177339,node
auc_cc,theta,detail,34,7Networks_LH_Cont_Par_1,0.157094916251203,-0.166689851454523,0.450297488616811,0.339534123929365,41,0.988426055177339,node
auc_cc,theta,communication,34,7Networks_LH_Cont_Par_1,0.059485056669318,-0.260934852159793,0.36809871549449,0.71905918391656,41,0.988426055177339,node
auc_cc,theta,imagination,34,7Networks_LH_Cont_Par_1,0.11100962045544,-0.211936116104936,0.412097923214275,0.501084993281015,41,0.988426055177339,node
auc_cc,theta,total,35,7Networks_LH_Cont_PFCl_1,0.232645605963765,-0.0894423588050238,0.510681528951767,0.154087015564141,41,0.912492353092987,node
auc_cc,theta,social,35,7Networks_LH_Cont_PFCl_1,0.0981402189402067,-0.224328674013574,0.401238157861364,0.552256172125142,41,0.988426055177339,node
auc_cc,theta,switching,35,7Networks_LH_Cont_PFCl_1,0.37806944200812,0.0710187724928561,0.619671640645533,0.0176415573388194,41,0.458680490809304,node
auc_cc,theta,detail,35,7Networks_LH_Cont_PFCl_1,-0.203443503101014,-0.487662423687872,0.119766910081646,0.214159792760507,41,0.912492353092987,node
auc_cc,theta,communication,35,7Networks_LH_Cont_PFCl_1,0.0243424929947825,-0.293433711100328,0.337274477768964,0.883057453760457,41,0.988426055177339,node
auc_cc,theta,imagination,35,7Networks_LH_Cont_PFCl_1,0.420317673693267,0.120818069350274,0.649679811123043,0.0077185646614388,41,0.458680490809304,node
auc_cc,theta,total,36,7Networks_LH_Cont_pCun_1,0.222206960010743,-0.100351251462247,0.5024985936912,0.173956098120541,41,0.912492353092987,node
auc_cc,theta,social,36,7Networks_LH_Cont_pCun_1,0.0653966241986074,-0.255395693166798,0.37321806031665,0.69244578617919,41,0.988426055177339,node
auc_cc,theta,switching,36,7Networks_LH_Cont_pCun_1,0.201051033487351,-0.122224895340871,0.485758835872396,0.219712970326575,41,0.912492353092987,node
auc_cc,theta,detail,36,7Networks_LH_Cont_pCun_1,0.0682007083118557,-0.252760872453017,0.375639825573263,0.679945919151274,41,0.988426055177339,node
auc_cc,theta,communication,36,7Networks_LH_Cont_pCun_1,0.0402995059483735,-0.278767591433575,0.351354351345898,0.807555361967289,41,0.988426055177339,node
auc_cc,theta,imagination,36,7Networks_LH_Cont_pCun_1,0.292365164859814,-0.0255105861501292,0.556547364999361,0.0709014742680818,41,0.912492353092987,node
auc_cc,theta,total,37,7Networks_LH_Cont_Cing_1,-0.0795273154766566,-0.385379575366945,0.242069301940789,0.630336899592077,41,0.988426055177339,node
auc_cc,theta,social,37,7Networks_LH_Cont_Cing_1,0.00240098337770201,-0.313358862270115,0.317682774490072,0.988426055177339,41,0.988426055177339,node
auc_cc,theta,switching,37,7Networks_LH_Cont_Cing_1,0.0522462738351705,-0.267689001463762,0.361804430082436,0.752095042099457,41,0.988426055177339,node
auc_cc,theta,detail,37,7Networks_LH_Cont_Cing_1,-0.258496652137203,-0.530731825309771,0.0620899537384129,0.11207659364367,41,0.912492353092987,node
auc_cc,theta,communication,37,7Networks_LH_Cont_Cing_1,-0.0395341206175471,-0.350682201113383,0.279474473005847,0.811143484481193,41,0.988426055177339,node
auc_cc,theta,imagination,37,7Networks_LH_Cont_Cing_1,0.0320835921339327,-0.286337485286903,0.344122464351323,0.846259763695347,41,0.988426055177339,node
auc_cc,theta,total,38,7Networks_LH_Default_Temp_1,0.0458238666643246,-0.273655222338323,0.356196273659594,0.78177644930684,41,0.977822700711405,node
auc_cc,theta,social,38,7Networks_LH_Default_Temp_1,0.102482931641996,-0.220158496228,0.404912279488103,0.53471750053784,41,0.977822700711405,node
auc_cc,theta,switching,38,7Networks_LH_Default_Temp_1,0.0693678628604604,-0.251662766116894,0.376646610084384,0.674767577242986,41,0.977822700711405,node
auc_cc,theta,detail,38,7Networks_LH_Default_Temp_1,-0.0974977962411958,-0.400693811246261,0.224944572283155,0.554873480441372,41,0.977822700711405,node
auc_cc,theta,communication,38,7Networks_LH_Default_Temp_1,0.032092803373342,-0.286329020531152,0.344130593137328,0.846216152762102,41,0.977822700711405,node
auc_cc,theta,imagination,38,7Networks_LH_Default_Temp_1,-0.00206153006641832,-0.317377545176796,0.313664952334835,0.990062302682093,41,0.990062302682093,node
auc_cc,theta,total,39,7Networks_LH_Default_Temp_2,0.146422686552616,-0.177290529287843,0.441545879555427,0.373752658199321,41,0.977822700711405,node
auc_cc,theta,social,39,7Networks_LH_Default_Temp_2,-0.0210079955296239,-0.334314450285582,0.296479674518204,0.898987666405225,41,0.977822700711405,node
auc_cc,theta,switching,39,7Networks_LH_Default_Temp_2,0.131534794663216,-0.191954178699116,0.429242740735403,0.424762745953828,41,0.977822700711405,node
auc_cc,theta,detail,39,7Networks_LH_Default_Temp_2,-0.0230646195525899,-0.3361408425661,0.294601773186736,0.889157347582843,41,0.977822700711405,node
auc_cc,theta,communication,39,7Networks_LH_Default_Temp_2,0.13370319585101,-0.189827386978152,0.431041576599978,0.417099974998434,41,0.977822700711405,node
auc_cc,theta,imagination,39,7Networks_LH_Default_Temp_2,0.260813347947872,-0.0596149713871126,0.532513919394874,0.10878442732951,41,0.977822700711405,node
auc_cc,theta,total,40,7Networks_LH_Default_Par_1,0.197410023779975,-0.125958016633545,0.482856645385837,0.228352897618402,41,0.977822700711405,node
auc_cc,theta,social,40,7Networks_LH_Default_Par_1,0.0141477012308575,-0.302726099284458,0.328205077063402,0.931878238616302,41,0.977822700711405,node
auc_cc,theta,switching,40,7Networks_LH_Default_Par_1,0.226180462893759,-0.0962078693661988,0.505619384066621,0.166187396402143,41,0.977822700711405,node
auc_cc,theta,detail,40,7Networks_LH_Default_Par_1,0.0609234571946761,-0.259589005475837,0.369346077585891,0.712552071128199,41,0.977822700711405,node
auc_cc,theta,communication,40,7Networks_LH_Default_Par_1,0.0665568757929691,-0.254306055620997,0.374220628102924,0.687263717813219,41,0.977822700711405,node
auc_cc,theta,imagination,40,7Networks_LH_Default_Par_1,0.222435661334422,-0.100113075516691,0.502678414097822,0.173502027668125,41,0.977822700711405,node
auc_cc,theta,total,41,7Networks_LH_Default_Par_2,0.297816231333337,-0.0195425980280771,0.560655202705164,0.0655654529788819,41,0.977822700711405,node
auc_cc,theta,social,41,7Networks_LH_Default_Par_2,-0.0179015870190166,-0.331551324399211,0.299311486023625,0.913863532824047,41,0.977822700711405,node
auc_cc,theta,switching,41,7Networks_LH_Default_Par_2,0.294535146708609,-0.0231375376174544,0.55818417805734,0.0687378161629336,41,0.977822700711405,node
auc_cc,theta,detail,41,7Networks_LH_Default_Par_2,0.278569791178467,-0.0405136097535467,0.546093358155828,0.0859345315050128,41,0.977822700711405,node
auc_cc,theta,communication,41,7Networks_LH_Default_Par_2,0.186942504093432,-0.136639577180638,0.47447808041184,0.254472627128128,41,0.977822700711405,node
auc_cc,theta,imagination,41,7Networks_LH_Default_Par_2,0.0944309871216272,-0.227881211891295,0.398092246231566,0.567447499123003,41,0.977822700711405,node
auc_cc,theta,total,42,7Networks_LH_Default_PFC_1,0.0320411264161592,-0.286376508917906,0.344084988362575,0.846460824950271,41,0.977822700711405,node
auc_cc,theta,social,42,7Networks_LH_Default_PFC_1,0.10647404503005,-0.216315520752383,0.408280342631842,0.518840190886997,41,0.977822700711405,node
auc_cc,theta,switching,42,7Networks_LH_Default_PFC_1,0.0919544031127496,-0.230248406473116,0.395987796448344,0.577696049237814,41,0.977822700711405,node
auc_cc,theta,detail,42,7Networks_LH_Default_PFC_1,-0.290270683656151,-0.554965554527473,0.0277976760512825,0.0730402762049686,41,0.977822700711405,node
auc_cc,theta,communication,42,7Networks_LH_Default_PFC_1,0.0106855714820241,-0.305868130670672,0.325111900633426,0.948522741022786,41,0.977822700711405,node
auc_cc,theta,imagination,42,7Networks_LH_Default_PFC_1,0.206528985590525,-0.116591073440652,0.490113429156174,0.207142403381012,41,0.977822700711405,node
auc_cc,theta,total,43,7Networks_LH_Default_PFC_2,0.0564410849031546,-0.263778858566924,0.365455355089783,0.732893729080767,41,0.977822700711405,node
auc_cc,theta,social,43,7Networks_LH_Default_PFC_2,0.13042714703348,-0.193039400504958,0.428322959634195,0.428707213343509,41,0.977822700711405,node
auc_cc,theta,switching,43,7Networks_LH_Default_PFC_2,-0.048123305070695,-0.3582067558311,0.271521935698727,0.771112032134162,41,0.977822700711405,node
auc_cc,theta,detail,43,7Networks_LH_Default_PFC_2,-0.144825613514373,-0.440231374248414,0.178870459498116,0.37904351292334,41,0.977822700711405,node
auc_cc,theta,communication,43,7Networks_LH_Default_PFC_2,0.0194412735216245,-0.297908601219583,0.332921536292737,0.906486399519093,41,0.977822700711405,node
auc_cc,theta,imagination,43,7Networks_LH_Default_PFC_2,0.250698581008773,-0.070391951177691,0.524715499656087,0.12371286053234,41,0.977822700711405,node
auc_cc,theta,total,44,7Networks_LH_Default_PFC_3,0.130518003222999,-0.192950413606806,0.428398429082833,0.428382896585421,41,0.977822700711405,node
auc_cc,theta,social,44,7Networks_LH_Default_PFC_3,0.290958020356819,-0.0270474987151225,0.555484861417059,0.072332888347443,41,0.977822700711405,node
auc_cc,theta,switching,44,7Networks_LH_Default_PFC_3,0.0173912719275026,-0.299776157021768,0.331096887978722,0.91631021792488,41,0.977822700711405,node
auc_cc,theta,detail,44,7Networks_LH_Default_PFC_3,-0.212767663714053,-0.495055566520477,0.110149453059211,0.193446075859539,41,0.977822700711405,node
auc_cc,theta,communication,44,7Networks_LH_Default_PFC_3,0.176919618712844,-0.146797377214815,0.466406290430076,0.281282454052966,41,0.977822700711405,node
auc_cc,theta,imagination,44,7Networks_LH_Default_PFC_3,0.0626202202522765,-0.257999818472747,0.370816060941174,0.704901909214071,41,0.977822700711405,node
auc_cc,theta,total,45,7Networks_LH_Default_PFC_4,0.175779116914212,-0.147948920597534,0.465484738139061,0.28444539930634,41,0.977822700711405,node
auc_cc,theta,social,45,7Networks_LH_Default_PFC_4,0.237683233521449,-0.0841500013409716,0.514612625830749,0.145113270093624,41,0.977822700711405,node
auc_cc,theta,switching,45,7Networks_LH_Default_PFC_4,0.241287264492967,-0.0803525564003816,0.517417894230693,0.138932938881677,41,0.977822700711405,node
auc_cc,theta,detail,45,7Networks_LH_Default_PFC_4,-0.0180669753777117,-0.331698571780348,0.299160858198638,0.913070751829882,41,0.977822700711405,node
auc_cc,theta,communication,45,7Networks_LH_Default_PFC_4,-0.17493132449157,-0.464799294632906,0.148804352400836,0.286811468091997,41,0.977822700711405,node
auc_cc,theta,imagination,45,7Networks_LH_Default_PFC_4,0.164798322392382,-0.158991295033039,0.456579740889351,0.316074708995189,41,0.977822700711405,node
auc_cc,theta,total,46,7Networks_LH_Default_PFC_5,-0.0989148421011406,-0.401894237841594,0.223585690852792,0.549108012006164,41,0.977822700711405,node
auc_cc,theta,social,46,7Networks_LH_Default_PFC_5,-0.16093906768435,-0.453436089183893,0.162853048388905,0.327696790377824,41,0.977822700711405,node
auc_cc,theta,switching,46,7Networks_LH_Default_PFC_5,-0.215438131919664,-0.497165481832922,0.107383799075326,0.187782799629261,41,0.977822700711405,node
auc_cc,theta,detail,46,7Networks_LH_Default_PFC_5,0.0220308628983797,-0.295546002121918,0.335223105529413,0.894096581622748,41,0.977822700711405,node
auc_cc,theta,communication,46,7Networks_LH_Default_PFC_5,-0.0132968656999461,-0.327445537336369,0.303498907945633,0.935966331631107,41,0.977822700711405,node
auc_cc,theta,imagination,46,7Networks_LH_Default_PFC_5,0.197973217249685,-0.125381173417906,0.483305968192226,0.227001523876974,41,0.977822700711405,node
auc_cc,theta,total,47,7Networks_LH_Default_PFC_6,0.140453510424603,-0.183187109040681,0.436626330845506,0.393751916866934,41,0.977822700711405,node
auc_cc,theta,social,47,7Networks_LH_Default_PFC_6,-0.0259671956540875,-0.338714485038568,0.291947252513228,0.875311614696627,41,0.977822700711405,node
auc_cc,theta,switching,47,7Networks_LH_Default_PFC_6,0.079279498757355,-0.242304063268533,0.385167204490444,0.63140636691003,41,0.977822700711405,node
auc_cc,theta,detail,47,7Networks_LH_Default_PFC_6,0.047390173008721,-0.272202434679765,0.357566064071432,0.774507778484172,41,0.977822700711405,node
auc_cc,theta,communication,47,7Networks_LH_Default_PFC_6,0.127396444886965,-0.196004702417649,0.425803131404063,0.439603662910516,41,0.977822700711405,node
auc_cc,theta,imagination,47,7Networks_LH_Default_PFC_6,0.232079942927711,-0.0900354911928195,0.510239388418184,0.155119349773579,41,0.977822700711405,node
auc_cc,theta,total,48,7Networks_LH_Default_PFC_7,-0.0376900060336416,-0.349061408853479,0.281176209822887,0.819804189585568,41,0.977822700711405,node
auc_cc,theta,social,48,7Networks_LH_Default_PFC_7,0.0171782284669538,-0.299970100727803,0.330907129363508,0.917331872435908,41,0.977822700711405,node
auc_cc,theta,switching,48,7Networks_LH_Default_PFC_7,-0.271374771672539,-0.540607776477927,0.0482818061931274,0.0946978335408106,41,0.977822700711405,node
auc_cc,theta,detail,48,7Networks_LH_Default_PFC_7,-0.0658095950828929,-0.373574988885707,0.255007949479853,0.690599724052193,41,0.977822700711405,node
auc_cc,theta,communication,48,7Networks_LH_Default_PFC_7,0.191528249870267,-0.131969304587268,0.478155093813516,0.242794703502743,41,0.977822700711405,node
auc_cc,theta,imagination,48,7Networks_LH_Default_PFC_7,0.0801444542950608,-0.241484511316796,0.385908302507499,0.627676830751856,41,0.977822700711405,node
auc_cc,theta,total,49,7Networks_LH_Default_pCunPCC_1,0.26113900159972,-0.0592667515889863,0.532764232116103,0.1083275958474,41,0.977822700711405,node
auc_cc,theta,social,49,7Networks_LH_Default_pCunPCC_1,0.118745847783002,-0.204436216365553,0.418585180737242,0.471528799251281,41,0.977822700711405,node
auc_cc,theta,switching,49,7Networks_LH_Default_pCunPCC_1,0.0352100914505345,-0.28346150142869,0.346878870978493,0.83148399286396,41,0.977822700711405,node
auc_cc,theta,detail,49,7Networks_LH_Default_pCunPCC_1,0.127433584192877,-0.195968400309837,0.425834038317476,0.439469218494719,41,0.977822700711405,node
auc_cc,theta,communication,49,7Networks_LH_Default_pCunPCC_1,0.278261679755345,-0.040847058688407,0.545858919026317,0.086296441103645,41,0.977822700711405,node
auc_cc,theta,imagination,49,7Networks_LH_Default_pCunPCC_1,0.210328417251839,-0.112671281369567,0.493125423867508,0.198723141940591,41,0.977822700711405,node
auc_cc,theta,total,50,7Networks_LH_Default_pCunPCC_2,0.159014542047649,-0.16477512004249,0.451865694880123,0.333590523211042,41,0.977822700711405,node
auc_cc,theta,social,50,7Networks_LH_Default_pCunPCC_2,0.00499164521160028,-0.311020661114776,0.320010093145275,0.975940452892081,41,0.982765211303914,node
auc_cc,theta,switching,50,7Networks_LH_Default_pCunPCC_2,0.0318842319611329,-0.286520677028078,0.343946520409858,0.8472037518011,41,0.977822700711405,node
auc_cc,theta,detail,50,7Networks_LH_Default_pCunPCC_2,-0.051674530872738,-0.361306081140709,0.268221130010825,0.754723858275733,41,0.977822700711405,node
auc_cc,theta,communication,50,7Networks_LH_Default_pCunPCC_2,0.197461938880099,-0.125904852449489,0.482898070192913,0.228228098831491,41,0.977822700711405,node
auc_cc,theta,imagination,50,7Networks_LH_Default_pCunPCC_2,0.373202503575423,0.0653786272493356,0.61616876444398,0.0192799363725253,41,0.977822700711405,node
auc_cc,theta,total,51,7Networks_RH_Vis_1,-0.171081434574176,-0.46168226614463,0.152682846965074,0.29771581554431,41,0.913073590873401,node
auc_cc,theta,social,51,7Networks_RH_Vis_1,-0.168962386328946,-0.459963530297034,0.154813392781193,0.303829577732134,41,0.913073590873401,node
auc_cc,theta,switching,51,7Networks_RH_Vis_1,-0.187523491980478,-0.474944492848283,0.136048674909733,0.252972737280258,41,0.913073590873401,node
auc_cc,theta,detail,51,7Networks_RH_Vis_1,-0.0703413208497547,-0.3774857576113,0.250746264730742,0.670459865918986,41,0.913073590873401,node
auc_cc,theta,communication,51,7Networks_RH_Vis_1,-0.0462637734469158,-0.356581122494227,0.273247345139524,0.779733123032268,41,0.913073590873401,node
auc_cc,theta,imagination,51,7Networks_RH_Vis_1,0.0671942793679679,-0.253707098165234,0.37477109953119,0.684422827898175,41,0.913073590873401,node
auc_cc,theta,total,52,7Networks_RH_Vis_2,0.106797800719278,-0.216003342669955,0.408553197181577,0.517562557995554,41,0.913073590873401,node
auc_cc,theta,social,52,7Networks_RH_Vis_2,0.0496657198974527,-0.270089209759417,0.359553735379517,0.76398160705427,41,0.913073590873401,node
auc_cc,theta,switching,52,7Networks_RH_Vis_2,-0.0622224277835093,-0.370471573678652,0.25837254635795,0.706692894760592,41,0.913073590873401,node
auc_cc,theta,detail,52,7Networks_RH_Vis_2,0.059004123026054,-0.261384562462115,0.367681408187581,0.721239246799008,41,0.913073590873401,node
auc_cc,theta,communication,52,7Networks_RH_Vis_2,0.225817173807561,-0.0965871547752329,0.505334360107623,0.166887099176146,41,0.913073590873401,node
auc_cc,theta,imagination,52,7Networks_RH_Vis_2,0.04516063059408,-0.274269951098106,0.355615847912391,0.784859847262848,41,0.913073590873401,node
auc_cc,theta,total,53,7Networks_RH_Vis_3,-0.0942955885819762,-0.397977275358756,0.228010728480145,0.568005638535476,41,0.913073590873401,node
auc_cc,theta,social,53,7Networks_RH_Vis_3,-0.247281699784442,-0.522070672797274,0.074015676293935,0.129087228564307,41,0.913073590873401,node
auc_cc,theta,switching,53,7Networks_RH_Vis_3,-0.000719043109290934,-0.316169768531414,0.314874850086108,0.996533745254319,41,0.996533745254319,node
auc_cc,theta,detail,53,7Networks_RH_Vis_3,-0.00446470438638432,-0.319537024149616,0.31149656153533,0.978479662902842,41,0.988167580357326,node
auc_cc,theta,communication,53,7Networks_RH_Vis_3,-0.0308917470416985,-0.343070283499506,0.287432323485288,0.851906359643986,41,0.913073590873401,node
auc_cc,theta,imagination,53,7Networks_RH_Vis_3,0.0999988748016482,-0.222545306564011,0.402811855410082,0.544716680092956,41,0.913073590873401,node
auc_cc,theta,total,54,7Networks_RH_Vis_4,0.170660667668735,-0.153106136466194,0.461341160438737,0.298923472281085,41,0.913073590873401,node
auc_cc,theta,social,54,7Networks_RH_Vis_4,-0.0123764748184513,-0.326623448249648,0.304334424270631,0.940390444260086,41,0.959198253145288,node
auc_cc,theta,switching,54,7Networks_RH_Vis_4,0.0895518247204948,-0.232541226066451,0.393943175524335,0.587717410472762,41,0.913073590873401,node
auc_cc,theta,detail,54,7Networks_RH_Vis_4,0.151209766830707,-0.172544815824319,0.445478413602261,0.35815831755622,41,0.913073590873401,node
auc_cc,theta,communication,54,7Networks_RH_Vis_4,0.0809582986048795,-0.24071296847144,0.386605248019382,0.624175981612485,41,0.913073590873401,node
auc_cc,theta,imagination,54,7Networks_RH_Vis_4,0.221414374925773,-0.101176385744799,0.50187522213639,0.175536304462639,41,0.913073590873401,node
auc_cc,theta,total,55,7Networks_RH_Vis_5,0.285094251725765,-0.0334358838888654,0.551047940647839,0.0785434881477168,41,0.913073590873401,node
auc_cc,theta,social,55,7Networks_RH_Vis_5,0.298939475034674,-0.018310021128747,0.561500056934708,0.064506419731818,41,0.913073590873401,node
auc_cc,theta,switching,55,7Networks_RH_Vis_5,0.204238552855702,-0.118949210507962,0.48829441376301,0.212336074735129,41,0.913073590873401,node
auc_cc,theta,detail,55,7Networks_RH_Vis_5,0.0285991704676477,-0.289535965784695,0.341044153189619,0.862788139615235,41,0.913073590873401,node
auc_cc,theta,communication,55,7Networks_RH_Vis_5,0.156954920990989,-0.166829394302068,0.450183051009891,0.339970112948232,41,0.913073590873401,node
auc_cc,theta,imagination,55,7Networks_RH_Vis_5,0.0442451818168799,-0.275118017774483,0.354814306664259,0.789121101535973,41,0.913073590873401,node
auc_cc,theta,total,56,7Networks_RH_Vis_6,0.130601548605275,-0.192868582405813,0.42846782216156,0.428084797030271,41,0.913073590873401,node
auc_cc,theta,social,56,7Networks_RH_Vis_6,0.0764461982197322,-0.244985427070853,0.382736853128493,0.643685799799615,41,0.913073590873401,node
auc_cc,theta,switching,56,7Networks_RH_Vis_6,0.11851230036009,-0.204663186141935,0.418389785114404,0.472407348924666,41,0.913073590873401,node
auc_cc,theta,detail,56,7Networks_RH_Vis_6,-0.0367261865088491,-0.348213565992454,0.282064818923218,0.824339142171966,41,0.913073590873401,node
auc_cc,theta,communication,56,7Networks_RH_Vis_6,0.0743296080081945,-0.246985310832668,0.380918511681045,0.652920523168915,41,0.913073590873401,node
auc_cc,theta,imagination,56,7Networks_RH_Vis_6,0.152089418754206,-0.171671127472616,0.4461998051522,0.355336095733849,41,0.913073590873401,node
auc_cc,theta,total,57,7Networks_RH_Vis_7,-0.353933865855279,-0.602205567694446,-0.043240221754297,0.0270701663780437,41,0.913073590873401,node
auc_cc,theta,social,57,7Networks_RH_Vis_7,-0.406655492074445,-0.640053378000801,-0.10454740219673,0.0101983995260297,41,0.520118375827516,node
auc_cc,theta,switching,57,7Networks_RH_Vis_7,-0.436299048659932,-0.660847780276152,-0.140057162172767,0.00549163381335155,41,0.520118375827516,node
auc_cc,theta,detail,57,7Networks_RH_Vis_7,0.188468779692109,-0.135086763879357,0.47570301733519,0.250545005725751,41,0.913073590873401,node
auc_cc,theta,communication,57,7Networks_RH_Vis_7,-0.0829768559786584,-0.388332358846279,0.238797574175052,0.615528082777744,41,0.913073590873401,node
auc_cc,theta,imagination,57,7Networks_RH_Vis_7,-0.184806643909272,-0.472762040051626,0.138809907710019,0.260037516687427,41,0.913073590873401,node
auc_cc,theta,total,58,7Networks_RH_Vis_8,0.247744036166521,-0.0735258478277391,0.522428852341516,0.128350025640652,41,0.913073590873401,node
auc_cc,theta,social,58,7Networks_RH_Vis_8,0.267306261381706,-0.0526573774373064,0.53749572201252,0.099948211801211,41,0.913073590873401,node
auc_cc,theta,switching,58,7Networks_RH_Vis_8,0.0902016163572899,-0.231921472343014,0.394496452790685,0.584999477347538,41,0.913073590873401,node
auc_cc,theta,detail,58,7Networks_RH_Vis_8,-0.0550605485395414,-0.364254863454787,0.265066871887067,0.739195961148755,41,0.913073590873401,node
auc_cc,theta,communication,58,7Networks_RH_Vis_8,0.255075506751876,-0.0657376503367463,0.528095735359552,0.117075268523899,41,0.913073590873401,node
auc_cc,theta,imagination,58,7Networks_RH_Vis_8,0.117701955670086,-0.205450438833589,0.417711601266598,0.475462363405016,41,0.913073590873401,node
auc_cc,theta,total,59,7Networks_RH_SomMot_1,-0.0149388162924675,-0.328910940247975,0.302007160325358,0.928078633476015,41,0.974482565149816,node
auc_cc,theta,social,59,7Networks_RH_SomMot_1,-0.110064986190558,-0.41130369794029,0.212849294958241,0.504757273310354,41,0.932415461403049,node
auc_cc,theta,switching,59,7Networks_RH_SomMot_1,-0.0702651039693396,-0.377420074763289,0.250818042969773,0.670796765763891,41,0.932415461403049,node
auc_cc,theta,detail,59,7Networks_RH_SomMot_1,-0.181293258864133,-0.46993447868626,0.142373245134629,0.269365956402748,41,0.932415461403049,node
auc_cc,theta,communication,59,7Networks_RH_SomMot_1,0.238370381619837,-0.0834266972877508,0.51514793888652,0.143919617384121,41,0.932415461403049,node
auc_cc,theta,imagination,59,7Networks_RH_SomMot_1,0.18439110380636,-0.139231793239326,0.472427923576702,0.261129499269574,41,0.932415461403049,node
auc_cc,theta,total,60,7Networks_RH_SomMot_2,-0.101670824671554,-0.404225943684874,0.220939235911481,0.537976716381813,41,0.932415461403049,node
auc_cc,theta,social,60,7Networks_RH_SomMot_2,-0.204460658083051,-0.488470913383875,0.118720699455782,0.211828528450545,41,0.932415461403049,node
auc_cc,theta,switching,60,7Networks_RH_SomMot_2,-0.0965203138662284,-0.399865146342403,0.225881202217889,0.558866978786539,41,0.932415461403049,node
auc_cc,theta,detail,60,7Networks_RH_SomMot_2,-0.0621505868437399,-0.370409350566627,0.258439850483737,0.70701651141305,41,0.932415461403049,node
auc_cc,theta,communication,60,7Networks_RH_SomMot_2,0.103007572762651,-0.21965389926839,0.405355488210993,0.532617057536513,41,0.932415461403049,node
auc_cc,theta,imagination,60,7Networks_RH_SomMot_2,0.053538089008588,-0.266485973327104,0.362929765275138,0.74616559195,41,0.932415461403049,node
auc_cc,theta,total,61,7Networks_RH_SomMot_3,-0.298760901320519,-0.561365778271308,0.0185060411628823,0.0646738744541984,41,0.932415461403049,node
auc_cc,theta,social,61,7Networks_RH_SomMot_3,-0.314241702805367,-0.572955446617495,0.00142171709109092,0.0513838172881286,41,0.932415461403049,node
auc_cc,theta,switching,61,7Networks_RH_SomMot_3,-0.302853355886019,-0.564439634350866,0.0140076276790011,0.0609216345196664,41,0.932415461403049,node
auc_cc,theta,detail,61,7Networks_RH_SomMot_3,-0.0165980584859025,-0.330390241110368,0.300498124477037,0.920114749085044,41,0.974482565149816,node
auc_cc,theta,communication,61,7Networks_RH_SomMot_3,-0.066616489071144,-0.374272120229657,0.254250048454283,0.686997842827381,41,0.932415461403049,node
auc_cc,theta,imagination,61,7Networks_RH_SomMot_3,-0.0566287318166383,-0.365618450427436,0.263603699480638,0.73203843044095,41,0.932415461403049,node
auc_cc,theta,total,62,7Networks_RH_SomMot_4,-0.170217925976322,-0.46098214749087,0.153551404259906,0.300197579351214,41,0.932415461403049,node
auc_cc,theta,social,62,7Networks_RH_SomMot_4,-0.122976454721715,-0.422119885594937,0.200318735614705,0.455764807069145,41,0.932415461403049,node
auc_cc,theta,switching,62,7Networks_RH_SomMot_4,-0.273671855198923,-0.542361595890835,0.0458059250365929,0.0918285459674482,41,0.932415461403049,node
auc_cc,theta,detail,62,7Networks_RH_SomMot_4,0.101521252665159,-0.221082985686891,0.404099498759131,0.538578032137622,41,0.932415461403049,node
auc_cc,theta,communication,62,7Networks_RH_SomMot_4,-0.102075770993519,-0.404568218483986,0.220549982147102,0.536350357347577,41,0.932415461403049,node
auc_cc,theta,imagination,62,7Networks_RH_SomMot_4,-0.0509324939510561,-0.360659034821238,0.268911462383646,0.758139731117135,41,0.932415461403049,node
auc_cc,theta,total,63,7Networks_RH_SomMot_5,-0.128892654151605,-0.427047709137932,0.19454151903423,0.434205323481275,41,0.932415461403049,node
auc_cc,theta,social,63,7Networks_RH_SomMot_5,-0.0629696841030691,-0.371118625779899,0.25767229528958,0.703329806796854,41,0.932415461403049,node
auc_cc,theta,switching,63,7Networks_RH_SomMot_5,-0.261019380185569,-0.532672290990547,0.0593946712218529,0.108495233007116,41,0.932415461403049,node
auc_cc,theta,detail,63,7Networks_RH_SomMot_5,0.0444616199788136,-0.274917555511918,0.355003855060601,0.788113068566863,41,0.932415461403049,node
auc_cc,theta,communication,63,7Networks_RH_SomMot_5,-0.0507297828911712,-0.360482221614478,0.269099991566385,0.759073676660086,41,0.932415461403049,node
auc_cc,theta,imagination,63,7Networks_RH_SomMot_5,0.00331179274061522,-0.312537247687988,0.318501432468237,0.984035981490556,41,0.99822398047806,node
auc_cc,theta,total,64,7Networks_RH_SomMot_6,-0.0158328653480767,-0.329708223050861,0.30119424421725,0.923786548099618,41,0.974482565149816,node
auc_cc,theta,social,64,7Networks_RH_SomMot_6,0.0471401969482562,-0.272434391376471,0.357347540612994,0.775666575910866,41,0.932415461403049,node
auc_cc,theta,switching,64,7Networks_RH_SomMot_6,-0.0957008537659844,-0.399170063170596,0.226665955129077,0.562225156234618,41,0.932415461403049,node
auc_cc,theta,detail,64,7Networks_RH_SomMot_6,-0.047980852071953,-0.358082287524626,0.271654186721461,0.771771523903126,41,0.932415461403049,node
auc_cc,theta,communication,64,7Networks_RH_SomMot_6,-0.0671624564313579,-0.374743621901088,0.253737007482865,0.684564560741345,41,0.932415461403049,node
auc_cc,theta,imagination,64,7Networks_RH_SomMot_6,0.157652916897946,-0.166133525153176,0.450753524497576,0.337799753591963,41,0.932415461403049,node
auc_cc,theta,total,65,7Networks_RH_SomMot_7,0.105846637084595,-0.216920304556208,0.40775142272545,0.521320561238747,41,0.932415461403049,node
auc_cc,theta,social,65,7Networks_RH_SomMot_7,0.0453754400991023,-0.274070880764567,0.355803862957102,0.783860836540214,41,0.932415461403049,node
auc_cc,theta,switching,65,7Networks_RH_SomMot_7,-0.0605550523078114,-0.369026707529763,0.259933824000718,0.714216791891285,41,0.932415461403049,node
auc_cc,theta,detail,65,7Networks_RH_SomMot_7,0.0354246158604027,-0.283263955733688,0.347067804347283,0.830472185489871,41,0.954674971681646,node
auc_cc,theta,communication,65,7Networks_RH_SomMot_7,0.108002518751687,-0.21484112575465,0.409568034924309,0.512822147368795,41,0.932415461403049,node
auc_cc,theta,imagination,65,7Networks_RH_SomMot_7,0.230753839959114,-0.0914250963340748,0.50920228671852,0.157559205314372,41,0.932415461403049,node
auc_cc,theta,total,66,7Networks_RH_SomMot_8,0.209516370694854,-0.113509897938092,0.492482244135768,0.200502097885889,41,0.932415461403049,node
auc_cc,theta,social,66,7Networks_RH_SomMot_8,0.247553149582465,-0.0737281039622396,0.522280981136355,0.12865401621659,41,0.932415461403049,node
auc_cc,theta,switching,66,7Networks_RH_SomMot_8,0.152033527047261,-0.171726655419153,0.446153980429932,0.355515013970757,41,0.932415461403049,node
auc_cc,theta,detail,66,7Networks_RH_SomMot_8,-0.125107565095596,-0.423897006486712,0.198240276595681,0.447932976948637,41,0.932415461403049,node
auc_cc,theta,communication,66,7Networks_RH_SomMot_8,0.211204336838148,-0.111766185689716,0.493818847683777,0.196816693087499,41,0.932415461403049,node
auc_cc,theta,imagination,66,7Networks_RH_SomMot_8,0.0680602112042749,-0.252893002094311,0.375518584177703,0.680570248881019,41,0.932415461403049,node
auc_cc,theta,total,67,7Networks_RH_DorsAttn_Post_1,0.124469412593642,-0.198862968026563,0.423365095926929,0.450270463829292,41,0.995229514469141,node
auc_cc,theta,social,67,7Networks_RH_DorsAttn_Post_1,-0.0612511798420288,-0.369630119005788,0.259282195892621,0.711072284796868,41,0.995229514469141,node
auc_cc,theta,switching,67,7Networks_RH_DorsAttn_Post_1,0.236113750288886,-0.0858007957323418,0.513389131793316,0.147866875058797,41,0.995229514469141,node
auc_cc,theta,detail,67,7Networks_RH_DorsAttn_Post_1,-0.164362205240049,-0.45622485561876,0.159428191672324,0.317374901803083,41,0.995229514469141,node
auc_cc,theta,communication,67,7Networks_RH_DorsAttn_Post_1,0.218347616443946,-0.104364911762553,0.499460455660644,0.181747301561594,41,0.995229514469141,node
auc_cc,theta,imagination,67,7Networks_RH_DorsAttn_Post_1,0.180652417215662,-0.143022294678206,0.469418091757352,0.271090905811948,41,0.995229514469141,node
auc_cc,theta,total,68,7Networks_RH_DorsAttn_Post_2,-0.0177918424890338,-0.331453608999199,0.29941142737896,0.914389633257217,41,0.995229514469141,node
auc_cc,theta,social,68,7Networks_RH_DorsAttn_Post_2,-0.106430996618972,-0.408244058265385,0.216357024767567,0.519010189850317,41,0.995229514469141,node
auc_cc,theta,switching,68,7Networks_RH_DorsAttn_Post_2,-0.226334342652693,-0.505740094376652,0.0960471857515205,0.165891659187976,41,0.995229514469141,node
auc_cc,theta,detail,68,7Networks_RH_DorsAttn_Post_2,0.235710987999178,-0.086224139369505,0.513074975724898,0.14857963880728,41,0.995229514469141,node
auc_cc,theta,communication,68,7Networks_RH_DorsAttn_Post_2,-0.0441329441107828,-0.354716003051943,0.275221959972403,0.789643967663256,41,0.995229514469141,node
auc_cc,theta,imagination,68,7Networks_RH_DorsAttn_Post_2,0.168983830276167,-0.154791847556178,0.45998093416656,0.303767311217715,41,0.995229514469141,node
auc_cc,theta,total,69,7Networks_RH_DorsAttn_Post_3,0.138180847356318,-0.185426027972332,0.434748628392317,0.401526496478387,41,0.995229514469141,node
auc_cc,theta,social,69,7Networks_RH_DorsAttn_Post_3,-0.0261220532543649,-0.3388516620673,0.291805491353509,0.87457391048253,41,0.995229514469141,node
auc_cc,theta,switching,69,7Networks_RH_DorsAttn_Post_3,0.163479048561049,-0.160312538537299,0.455505912646707,0.320018131249086,41,0.995229514469141,node
auc_cc,theta,detail,69,7Networks_RH_DorsAttn_Post_3,0.0745878496954848,-0.246741454826435,0.381140491620174,0.651791039620997,41,0.995229514469141,node
auc_cc,theta,communication,69,7Networks_RH_DorsAttn_Post_3,0.0104901439911309,-0.306045284149756,0.324937098687916,0.949462984749676,41,0.995229514469141,node
auc_cc,theta,imagination,69,7Networks_RH_DorsAttn_Post_3,0.209109478923195,-0.113929930104348,0.492159850104756,0.201397656821588,41,0.995229514469141,node
auc_cc,theta,total,70,7Networks_RH_DorsAttn_Post_4,0.075887519081438,-0.245513567102809,0.382257127885547,0.646118279937769,41,0.995229514469141,node
auc_cc,theta,social,70,7Networks_RH_DorsAttn_Post_4,0.0261909575185515,-0.291742409891796,0.338912695044343,0.874245700766726,41,0.995229514469141,node
auc_cc,theta,switching,70,7Networks_RH_DorsAttn_Post_4,0.00327775128949234,-0.312567963992759,0.318470843625871,0.984200052714708,41,0.995229514469141,node
auc_cc,theta,detail,70,7Networks_RH_DorsAttn_Post_4,-0.0854737258631469,-0.390465757923487,0.236424843554537,0.604901518764719,41,0.995229514469141,node
auc_cc,theta,communication,70,7Networks_RH_DorsAttn_Post_4,0.17559995956946,-0.14812973268714,0.465339917676154,0.284944343670683,41,0.995229514469141,node
auc_cc,theta,imagination,70,7Networks_RH_DorsAttn_Post_4,0.138325905580249,-0.185283223860451,0.434868554389333,0.401027642294601,41,0.995229514469141,node
auc_cc,theta,total,71,7Networks_RH_DorsAttn_Post_5,0.0882463605829254,-0.233785552375941,0.392830946443779,0.593194729229646,41,0.995229514469141,node
auc_cc,theta,social,71,7Networks_RH_DorsAttn_Post_5,0.0869583651140141,-0.235012195172145,0.391732726343036,0.598620613868513,41,0.995229514469141,node
auc_cc,theta,switching,71,7Networks_RH_DorsAttn_Post_5,0.0512881031993275,-0.268580672708554,0.36096915855842,0.756502159665122,41,0.995229514469141,node
auc_cc,theta,detail,71,7Networks_RH_DorsAttn_Post_5,-0.0171657632503684,-0.330896025762257,0.299981447602014,0.917391653720462,41,0.995229514469141,node
auc_cc,theta,communication,71,7Networks_RH_DorsAttn_Post_5,0.132041609341796,-0.191457361228728,0.429663389493488,0.422964720767119,41,0.995229514469141,node
auc_cc,theta,imagination,71,7Networks_RH_DorsAttn_Post_5,-0.0291075636080581,-0.341493710846218,0.289069735044942,0.860372809532487,41,0.995229514469141,node
auc_cc,theta,total,72,7Networks_RH_DorsAttn_PrCv_1,0.00239411802317882,-0.313365053511819,0.317676601954284,0.988459147415362,41,0.995229514469141,node
auc_cc,theta,social,72,7Networks_RH_DorsAttn_PrCv_1,0.00275380055281267,-0.313040652261128,0.317999951075157,0.986725440158288,41,0.995229514469141,node
auc_cc,theta,switching,72,7Networks_RH_DorsAttn_PrCv_1,-0.0935090463171191,-0.39730921053067,0.228762876451266,0.571252890432259,41,0.995229514469141,node
auc_cc,theta,detail,72,7Networks_RH_DorsAttn_PrCv_1,0.0617876580265938,-0.258779812480089,0.37009496716426,0.708652145518585,41,0.995229514469141,node
auc_cc,theta,communication,72,7Networks_RH_DorsAttn_PrCv_1,0.197805917780436,-0.125552550442502,0.483172510272765,0.227402384143038,41,0.995229514469141,node
auc_cc,theta,imagination,72,7Networks_RH_DorsAttn_PrCv_1,-0.197320582254807,-0.482785273983641,0.126049605776813,0.228568015512726,41,0.995229514469141,node
auc_cc,theta,total,73,7Networks_RH_DorsAttn_FEF_1,0.0777774283412981,-0.24372619673889,0.38387928525781,0.637904414453633,41,0.995229514469141,node
auc_cc,theta,social,73,7Networks_RH_DorsAttn_FEF_1,-0.00421564388453521,-0.319313371690116,0.311721442455846,0.979679904050647,41,0.995229514469141,node
auc_cc,theta,switching,73,7Networks_RH_DorsAttn_FEF_1,-0.0103991809218763,-0.324855728592455,0.306127733978986,0.949900650745281,41,0.995229514469141,node
auc_cc,theta,detail,73,7Networks_RH_DorsAttn_FEF_1,0.164383846529099,-0.159406514693393,0.456242468155987,0.317310303628165,41,0.995229514469141,node
auc_cc,theta,communication,73,7Networks_RH_DorsAttn_FEF_1,-0.024852761190435,-0.337726896720945,0.292967026491417,0.880623538893662,41,0.995229514469141,node
auc_cc,theta,imagination,73,7Networks_RH_DorsAttn_FEF_1,0.118237443070757,-0.204930257821237,0.418159792353786,0.473442402671494,41,0.995229514469141,node
auc_cc,theta,total,74,7Networks_RH_SalVentAttn_TempOccPar_1,0.130933194820532,-0.192543696507423,0.42874325398111,0.426902587594115,41,0.782490922114841,node
auc_cc,theta,social,74,7Networks_RH_SalVentAttn_TempOccPar_1,0.0669041326310524,-0.253979774708009,0.374520551280597,0.685715475818715,41,0.875930971277474,node
auc_cc,theta,switching,74,7Networks_RH_SalVentAttn_TempOccPar_1,0.188246036176775,-0.135313479378604,0.475524320363176,0.251115656363056,41,0.73202255967509,node
auc_cc,theta,detail,74,7Networks_RH_SalVentAttn_TempOccPar_1,-0.259243373406704,-0.531306495881811,0.0612926436601414,0.111007333943906,41,0.73202255967509,node
auc_cc,theta,communication,74,7Networks_RH_SalVentAttn_TempOccPar_1,0.187612420623505,-0.135958208405254,0.47501586980593,0.252743679504993,41,0.73202255967509,node
auc_cc,theta,imagination,74,7Networks_RH_SalVentAttn_TempOccPar_1,0.236707696996597,-0.0851762858825437,0.513852276842294,0.146820349644348,41,0.73202255967509,node
auc_cc,theta,total,75,7Networks_RH_SalVentAttn_TempOccPar_2,0.0507895269339904,-0.269044429826392,0.36053433522288,0.758798384353637,41,0.875930971277474,node
auc_cc,theta,social,75,7Networks_RH_SalVentAttn_TempOccPar_2,-0.139427755111173,-0.435779158442102,0.18419804996692,0.397250055609146,41,0.782490922114841,node
auc_cc,theta,switching,75,7Networks_RH_SalVentAttn_TempOccPar_2,0.0519437583839702,-0.267970580810631,0.36154077024775,0.753485636070057,41,0.875930971277474,node
auc_cc,theta,detail,75,7Networks_RH_SalVentAttn_TempOccPar_2,-0.0658880383138588,-0.373642776660608,0.254934286456819,0.690249266113597,41,0.875930971277474,node
auc_cc,theta,communication,75,7Networks_RH_SalVentAttn_TempOccPar_2,0.205820702826395,-0.117320682088998,0.489551188978213,0.208738938055051,41,0.73202255967509,node
auc_cc,theta,imagination,75,7Networks_RH_SalVentAttn_TempOccPar_2,0.180260508986014,-0.143419085324274,0.469102196739912,0.272149370375883,41,0.73202255967509,node
auc_cc,theta,total,76,7Networks_RH_SalVentAttn_FrOperIns_1,-0.238054572015905,-0.514901938671005,0.0837591660879232,0.144467314310251,41,0.73202255967509,node
auc_cc,theta,social,76,7Networks_RH_SalVentAttn_FrOperIns_1,-0.181051193027244,-0.469739446486779,0.142618444065401,0.270016672750353,41,0.73202255967509,node
auc_cc,theta,switching,76,7Networks_RH_SalVentAttn_FrOperIns_1,-0.230899561856802,-0.509316290604301,0.0912724576929327,0.157289741102465,41,0.73202255967509,node
auc_cc,theta,detail,76,7Networks_RH_SalVentAttn_FrOperIns_1,-0.213216844283294,-0.495410693506691,0.109684611516174,0.192485180718507,41,0.73202255967509,node
auc_cc,theta,communication,76,7Networks_RH_SalVentAttn_FrOperIns_1,0.0192582961787949,-0.298075392764207,0.33275876870733,0.907362710019874,41,0.960736987079867,node
auc_cc,theta,imagination,76,7Networks_RH_SalVentAttn_FrOperIns_1,0.0151313973125662,-0.301832094542759,0.329082715338201,0.927153930883627,41,0.966314510542289,node
auc_cc,theta,total,77,7Networks_RH_SalVentAttn_Med_1,-0.128750348179904,-0.426929384688202,0.194680745847781,0.43471717895269,41,0.782490922114841,node
auc_cc,theta,social,77,7Networks_RH_SalVentAttn_Med_1,0.060956663134021,-0.259557921462572,0.369374860223187,0.712402086942978,41,0.875930971277474,node
auc_cc,theta,switching,77,7Networks_RH_SalVentAttn_Med_1,-0.144752410177659,-0.440171092301733,0.178942837085999,0.379287078221874,41,0.782490922114841,node
auc_cc,theta,detail,77,7Networks_RH_SalVentAttn_Med_1,-0.186746712700082,-0.474320864264887,0.136838657833861,0.254979419518451,41,0.73202255967509,node
auc_cc,theta,communication,77,7Networks_RH_SalVentAttn_Med_1,-0.0519764760314204,-0.361569287971295,0.267940130080121,0.753335203500603,41,0.875930971277474,node
auc_cc,theta,imagination,77,7Networks_RH_SalVentAttn_Med_1,-0.0465067146452588,-0.35679361247639,0.273022043219478,0.778605307802199,41,0.875930971277474,node
auc_cc,theta,total,78,7Networks_RH_SalVentAttn_Med_2,0.212466729921226,-0.110460800101251,0.494817592256208,0.19409172517626,41,0.73202255967509,node
auc_cc,theta,social,78,7Networks_RH_SalVentAttn_Med_2,0.169449265014753,-0.154324138715958,0.460358625090108,0.302417837321154,41,0.73202255967509,node
auc_cc,theta,switching,78,7Networks_RH_SalVentAttn_Med_2,0.0840944851878887,-0.237735985992228,0.389287698947293,0.610761769052351,41,0.875930971277474,node
auc_cc,theta,detail,78,7Networks_RH_SalVentAttn_Med_2,0.186528290389653,-0.137060718758344,0.474145454345313,0.255545583979287,41,0.73202255967509,node
auc_cc,theta,communication,78,7Networks_RH_SalVentAttn_Med_2,-0.0301412992574493,-0.342407373415275,0.288121264147454,0.855465507164835,41,0.933235098725275,node
auc_cc,theta,imagination,78,7Networks_RH_SalVentAttn_Med_2,0.17735178307389,-0.146360799568845,0.466755325309189,0.280089938716234,41,0.73202255967509,node
auc_cc,theta,total,79,7Networks_RH_Limbic_OFC_1,0.113580202336453,-0.20944827351193,0.4142568910761,0.491160978684619,41,0.906328308130674,node
auc_cc,theta,social,79,7Networks_RH_Limbic_OFC_1,0.0502237882968705,-0.2695704793259,0.360040774459948,0.761406400885272,41,0.906328308130674,node
auc_cc,theta,switching,79,7Networks_RH_Limbic_OFC_1,0.123862349055022,-0.199455081515034,0.422858907201272,0.452500210054182,41,0.906328308130674,node
auc_cc,theta,detail,79,7Networks_RH_Limbic_OFC_1,-0.132816354747037,-0.430306167272264,0.190697577588326,0.42022443468614,41,0.906328308130674,node
auc_cc,theta,communication,79,7Networks_RH_Limbic_OFC_1,0.317471484421239,0.0021659945581224,0.575360440554548,0.0489091068885847,41,0.733636603328771,node
auc_cc,theta,imagination,79,7Networks_RH_Limbic_OFC_1,-0.0520323562829979,-0.361617993604552,0.267888120141276,0.753078292287892,41,0.906328308130674,node
auc_cc,theta,total,80,7Networks_RH_Limbic_TempPole_1,-0.0125836740885478,-0.326808559207377,0.304146374536103,0.939394325271036,41,0.939802800799287,node
auc_cc,theta,social,80,7Networks_RH_Limbic_TempPole_1,-0.051984883995651,-0.361576616522002,0.267932304577662,0.75329654594642,41,0.906328308130674,node
auc_cc,theta,switching,80,7Networks_RH_Limbic_TempPole_1,-0.0596957853526165,-0.368281526125552,0.260737760649004,0.718104643830247,41,0.906328308130674,node
auc_cc,theta,detail,80,7Networks_RH_Limbic_TempPole_1,-0.2290078906167,-0.507835602578082,0.0932527412289758,0.160813875554324,41,0.906328308130674,node
auc_cc,theta,communication,80,7Networks_RH_Limbic_TempPole_1,0.0980035519729408,-0.22445971983352,0.401122373214271,0.55281248307062,41,0.906328308130674,node
auc_cc,theta,imagination,80,7Networks_RH_Limbic_TempPole_1,0.32819790665376,0.0141396668191591,0.583315790529286,0.0413703894276783,41,0.733636603328771,node
auc_cc,theta,total,81,7Networks_RH_Cont_Par_1,-0.278132816788868,-0.545760855959973,0.0409864976100998,0.0864481538977809,41,0.912492353092987,node
auc_cc,theta,social,81,7Networks_RH_Cont_Par_1,-0.378715684147534,-0.620136037055427,-0.0717691621795607,0.0174330779246195,41,0.458680490809304,node
auc_cc,theta,switching,81,7Networks_RH_Cont_Par_1,-0.211433638312235,-0.494000315395582,0.111529157857658,0.196319743709126,41,0.912492353092987,node
auc_cc,theta,detail,81,7Networks_RH_Cont_Par_1,0.0686417391639909,-0.252346029910917,0.376020342964223,0.677987469829954,41,0.988426055177339,node
auc_cc,theta,communication,81,7Networks_RH_Cont_Par_1,-0.274973739058815,-0.543354543415187,0.0444009618913472,0.0902323640887515,41,0.912492353092987,node
auc_cc,theta,imagination,81,7Networks_RH_Cont_Par_1,0.139561921090469,-0.184065860580263,0.435889996124278,0.39679148998532,41,0.988426055177339,node
auc_cc,theta,total,82,7Networks_RH_Cont_Par_2,0.093425287934556,-0.228842949545214,0.397238049758427,0.571599186555785,41,0.988426055177339,node
auc_cc,theta,social,82,7Networks_RH_Cont_Par_2,0.0988492997966002,-0.223648570555828,0.40183873773991,0.549374054576131,41,0.988426055177339,node
auc_cc,theta,switching,82,7Networks_RH_Cont_Par_2,0.141842560222447,-0.181817028544893,0.437772711899401,0.389043449990527,41,0.988426055177339,node
auc_cc,theta,detail,82,7Networks_RH_Cont_Par_2,-0.129198572819805,-0.427302039570488,0.19424217558125,0.433106106226568,41,0.988426055177339,node
auc_cc,theta,communication,82,7Networks_RH_Cont_Par_2,0.223057221304186,-0.0994655788001673,0.50316700398107,0.172272255108936,41,0.912492353092987,node
auc_cc,theta,imagination,82,7Networks_RH_Cont_Par_2,-0.121556922938181,-0.420934868898818,0.201701583469545,0.461022288670952,41,0.988426055177339,node
auc_cc,theta,total,83,7Networks_RH_Cont_PFCl_1,-0.0236986758738491,-0.336703444051308,0.294022321776629,0.886129888420268,41,0.988426055177339,node
auc_cc,theta,social,83,7Networks_RH_Cont_PFCl_1,-0.0462415138798992,-0.356561651424171,0.273267986748932,0.779836481745082,41,0.988426055177339,node
auc_cc,theta,switching,83,7Networks_RH_Cont_PFCl_1,0.00912615345423606,-0.307281120685688,0.323716466034129,0.956027246233243,41,0.988426055177339,node
auc_cc,theta,detail,83,7Networks_RH_Cont_PFCl_1,0.0294017698395638,-0.288799859156628,0.341753803808529,0.858975632603004,41,0.988426055177339,node
auc_cc,theta,communication,83,7Networks_RH_Cont_PFCl_1,-0.00303346437626896,-0.318251313928133,0.31278836974641,0.985377472530666,41,0.988426055177339,node
auc_cc,theta,imagination,83,7Networks_RH_Cont_PFCl_1,-0.0648778341502021,-0.372769543621323,0.255882645635522,0.694767364656072,41,0.988426055177339,node
auc_cc,theta,total,84,7Networks_RH_Cont_PFCl_2,0.0464122490806754,-0.273109654069791,0.356710991416335,0.779043795932647,41,0.988426055177339,node
auc_cc,theta,social,84,7Networks_RH_Cont_PFCl_2,0.0269124032310805,-0.291081764331465,0.339551568301185,0.870810514760156,41,0.988426055177339,node
auc_cc,theta,switching,84,7Networks_RH_Cont_PFCl_2,-0.0322516460791619,-0.344270762177649,0.286183042701661,0.845464177608629,41,0.988426055177339,node
auc_cc,theta,detail,84,7Networks_RH_Cont_PFCl_2,0.00282535251878142,-0.312976110042881,0.318064266459347,0.986380559146949,41,0.988426055177339,node
auc_cc,theta,communication,84,7Networks_RH_Cont_PFCl_2,0.231874267641215,-0.0902510977155721,0.510078589500541,0.155495952150967,41,0.912492353092987,node
auc_cc,theta,imagination,84,7Networks_RH_Cont_PFCl_2,-0.120447522864788,-0.420008036383299,0.202781417702697,0.465153658088699,41,0.988426055177339,node
auc_cc,theta,total,85,7Networks_RH_Cont_PFCl_3,0.0726103310231614,-0.248607776571663,0.379439750451165,0.660459556374386,41,0.988426055177339,node
auc_cc,theta,social,85,7Networks_RH_Cont_PFCl_3,0.0129067058963117,-0.303853148358117,0.327097106381688,0.937841518514203,41,0.988426055177339,node
auc_cc,theta,switching,85,7Networks_RH_Cont_PFCl_3,-0.0483907652295082,-0.358440419372054,0.271273597470147,0.769874243523591,41,0.988426055177339,node
auc_cc,theta,detail,85,7Networks_RH_Cont_PFCl_3,0.103994280248535,-0.21870442150451,0.40618865860452,0.528677572485436,41,0.988426055177339,node
auc_cc,theta,communication,85,7Networks_RH_Cont_PFCl_3,0.0519406592325903,-0.267973465197089,0.361538068900561,0.753499886132781,41,0.988426055177339,node
auc_cc,theta,imagination,85,7Networks_RH_Cont_PFCl_3,0.114006936105456,-0.209034869862363,0.414614966987611,0.489523382341053,41,0.988426055177339,node
auc_cc,theta,total,86,7Networks_RH_Cont_PFCl_4,-0.00657084427339189,-0.321426902494091,0.309593476268885,0.968332144019805,41,0.988426055177339,node
auc_cc,theta,social,86,7Networks_RH_Cont_PFCl_4,0.21131496475614,-0.111651834730254,0.493906400979888,0.196576826639245,41,0.912492353092987,node
auc_cc,theta,switching,86,7Networks_RH_Cont_PFCl_4,-0.0977085472938501,-0.400872411380307,0.224742551141512,0.554014214539432,41,0.988426055177339,node
auc_cc,theta,detail,86,7Networks_RH_Cont_PFCl_4,-0.100001033396057,-0.402813682021099,0.222543234151944,0.544707952512078,41,0.988426055177339,node
auc_cc,theta,communication,86,7Networks_RH_Cont_PFCl_4,0.0742344158934736,-0.247075189885234,0.38083667732446,0.653337061952762,41,0.988426055177339,node
auc_cc,theta,imagination,86,7Networks_RH_Cont_PFCl_4,-0.185902208794262,-0.473642536105847,0.137697049835464,0.257173066082359,41,0.955214245448762,node
auc_cc,theta,total,87,7Networks_RH_Cont_Cing_1,-0.195092139825344,-0.481005824964837,0.12832977791477,0.233972398228971,41,0.912492353092987,node
auc_cc,theta,social,87,7Networks_RH_Cont_Cing_1,-0.08416262480766,-0.389345922896458,0.237671238206065,0.610471684666828,41,0.988426055177339,node
auc_cc,theta,switching,87,7Networks_RH_Cont_Cing_1,-0.101072845948087,-0.403720356147661,0.221513853762235,0.540382670311157,41,0.988426055177339,node
auc_cc,theta,detail,87,7Networks_RH_Cont_Cing_1,-0.213308476965508,-0.495483127707683,0.109589766651782,0.192289572243361,41,0.912492353092987,node
auc_cc,theta,communication,87,7Networks_RH_Cont_Cing_1,-0.123376172947016,-0.422453383632127,0.199929114449142,0.454290240366844,41,0.988426055177339,node
auc_cc,theta,imagination,87,7Networks_RH_Cont_Cing_1,0.00658146204488069,-0.309583875744097,0.321436423667081,0.968280998034342,41,0.988426055177339,node
auc_cc,theta,total,88,7Networks_RH_Cont_PFCmp_1,-0.010911994908883,-0.325314400319033,0.305662852206105,0.947433455200319,41,0.988426055177339,node
auc_cc,theta,social,88,7Networks_RH_Cont_PFCmp_1,-0.0726681410621601,-0.379489498720698,0.248553251044626,0.660205516404727,41,0.988426055177339,node
auc_cc,theta,switching,88,7Networks_RH_Cont_PFCmp_1,0.034178893036908,-0.284410707470448,0.345970333106152,0.836351365236847,41,0.988426055177339,node
auc_cc,theta,detail,88,7Networks_RH_Cont_PFCmp_1,0.00376795289766885,-0.312125581214099,0.318911263867068,0.981837469491809,41,0.988426055177339,node
auc_cc,theta,communication,88,7Networks_RH_Cont_PFCmp_1,-0.117448489602107,-0.41749940486204,0.205696596168514,0.476420063852581,41,0.988426055177339,node
auc_cc,theta,imagination,88,7Networks_RH_Cont_PFCmp_1,0.174022335274287,-0.149720994504105,0.464063987111448,0.289362440258779,41,0.988426055177339,node
auc_cc,theta,total,89,7Networks_RH_Cont_pCun_1,0.162970489439175,-0.160821547278636,0.455091741848218,0.321546458293216,41,0.988426055177339,node
auc_cc,theta,social,89,7Networks_RH_Cont_pCun_1,0.22527346309214,-0.0971546312475819,0.504907669648867,0.167938259922415,41,0.912492353092987,node
auc_cc,theta,switching,89,7Networks_RH_Cont_pCun_1,0.0884185785002627,-0.233621460191476,0.392977723671478,0.59247087441764,41,0.988426055177339,node
auc_cc,theta,detail,89,7Networks_RH_Cont_pCun_1,-0.195581931137475,-0.481397133706182,0.127828909895209,0.232777186673591,41,0.912492353092987,node
auc_cc,theta,communication,89,7Networks_RH_Cont_pCun_1,0.315762305364141,0.00026638958395585,0.574088288978923,0.0502064773349296,41,0.912492353092987,node
auc_cc,theta,imagination,89,7Networks_RH_Cont_pCun_1,-0.0115980707354707,-0.325927809836876,0.305040667072827,0.944133440589877,41,0.988426055177339,node
auc_cc,theta,total,90,7Networks_RH_Default_Par_1,-0.0592242052547248,-0.367872389508544,0.261178785748596,0.720241347595456,41,0.977822700711405,node
auc_cc,theta,social,90,7Networks_RH_Default_Par_1,-0.130145606299346,-0.428089072188448,0.1933151149823,0.429713059315927,41,0.977822700711405,node
auc_cc,theta,switching,90,7Networks_RH_Default_Par_1,-0.053296393747794,-0.362719286594214,0.266711132618042,0.747273892809568,41,0.977822700711405,node
auc_cc,theta,detail,90,7Networks_RH_Default_Par_1,-0.100393085906363,-0.40314539838845,0.222166786072663,0.543123920074357,41,0.977822700711405,node
auc_cc,theta,communication,90,7Networks_RH_Default_Par_1,0.15300799185969,-0.170758237898423,0.446952707747749,0.352403406297984,41,0.977822700711405,node
auc_cc,theta,imagination,90,7Networks_RH_Default_Par_1,0.0174497872551124,-0.299722883115879,0.331149003360778,0.916029629538502,41,0.977822700711405,node
auc_cc,theta,total,91,7Networks_RH_Default_Temp_1,0.0171979350266521,-0.299952161999286,0.330924683135659,0.917237363684603,41,0.977822700711405,node
auc_cc,theta,social,91,7Networks_RH_Default_Temp_1,-0.0437883900801678,-0.35441418183477,0.275541001321477,0.791249659906937,41,0.977822700711405,node
auc_cc,theta,switching,91,7Networks_RH_Default_Temp_1,-0.0965902737961493,-0.399924471655506,0.225814185959237,0.558580713817931,41,0.977822700711405,node
auc_cc,theta,detail,91,7Networks_RH_Default_Temp_1,-0.0137511529369013,-0.327851129460141,0.303086333505007,0.933783365097752,41,0.977822700711405,node
auc_cc,theta,communication,91,7Networks_RH_Default_Temp_1,0.0283497648969151,-0.289764632303947,0.340823558641768,0.863973494247799,41,0.977822700711405,node
auc_cc,theta,imagination,91,7Networks_RH_Default_Temp_1,0.266508657708567,-0.0535137403572485,0.536884760910867,0.101003106978861,41,0.977822700711405,node
auc_cc,theta,total,92,7Networks_RH_Default_Temp_2,-0.182407436555236,-0.470831807283619,0.141244134027863,0.266384159379773,41,0.977822700711405,node
auc_cc,theta,social,92,7Networks_RH_Default_Temp_2,-0.254989001167759,-0.528029012066638,0.065829773384924,0.117203802297912,41,0.977822700711405,node
auc_cc,theta,switching,92,7Networks_RH_Default_Temp_2,-0.29534977815218,-0.558798123628869,0.0222457478922202,0.0679391191263768,41,0.977822700711405,node
auc_cc,theta,detail,92,7Networks_RH_Default_Temp_2,0.0312692669020797,-0.287085620788862,0.343403649164568,0.850116984938715,41,0.977822700711405,node
auc_cc,theta,communication,92,7Networks_RH_Default_Temp_2,-0.0175766516498992,-0.331261985755051,0.299607375613358,0.915421333234302,41,0.977822700711405,node
auc_cc,theta,imagination,92,7Networks_RH_Default_Temp_2,0.147407043158314,-0.176315906830414,0.44235544485147,0.370513580404058,41,0.977822700711405,node
auc_cc,theta,total,93,7Networks_RH_Default_Temp_3,-0.0102411680805404,-0.324714368731909,0.306270947099605,0.950660959024977,41,0.977822700711405,node
auc_cc,theta,social,93,7Networks_RH_Default_Temp_3,-0.0993844398091002,-0.402291820042424,0.223135091627942,0.547203653969314,41,0.977822700711405,node
auc_cc,theta,switching,93,7Networks_RH_Default_Temp_3,0.043584839748618,-0.275729446613566,0.354235846119909,0.792198645766521,41,0.977822700711405,node
auc_cc,theta,detail,93,7Networks_RH_Default_Temp_3,-0.231928997120474,-0.510121379432839,0.0901937285170409,0.155395674661917,41,0.977822700711405,node
auc_cc,theta,communication,93,7Networks_RH_Default_Temp_3,0.0993347081601408,-0.223182817813216,0.402249720436063,0.547405182115744,41,0.977822700711405,node
auc_cc,theta,imagination,93,7Networks_RH_Default_Temp_3,0.264826777591134,-0.0553179825953867,0.535595517558636,0.103255377052142,41,0.977822700711405,node
auc_cc,theta,total,94,7Networks_RH_Default_PFCv_1,0.223388187688375,-0.0991206902171244,0.50342709381136,0.171619986036523,41,0.977822700711405,node
auc_cc,theta,social,94,7Networks_RH_Default_PFCv_1,0.165554304878768,-0.158233660794422,0.457194692962291,0.313828859008229,41,0.977822700711405,node
auc_cc,theta,switching,94,7Networks_RH_Default_PFCv_1,0.0671668647864487,-0.253732864253437,0.374747428343531,0.684544926194862,41,0.977822700711405,node
auc_cc,theta,detail,94,7Networks_RH_Default_PFCv_1,0.0723016885248229,-0.248898848917044,0.379174118975973,0.661816486824672,41,0.977822700711405,node
auc_cc,theta,communication,94,7Networks_RH_Default_PFCv_1,0.200520152792954,-0.122769776665631,0.485336069919896,0.220958509480047,41,0.977822700711405,node
auc_cc,theta,imagination,94,7Networks_RH_Default_PFCv_1,0.117862722706126,-0.205294286345234,0.417846175051718,0.474855443756041,41,0.977822700711405,node
auc_cc,theta,total,95,7Networks_RH_Default_PFCv_2,0.0602130675782564,-0.260253840728636,0.368730175885749,0.715763295432135,41,0.977822700711405,node
auc_cc,theta,social,95,7Networks_RH_Default_PFCv_2,0.00711336478165839,-0.309102849993437,0.32191331027341,0.965718977849767,41,0.97932065359413,node
auc_cc,theta,switching,95,7Networks_RH_Default_PFCv_2,0.0339292062675575,-0.284640447320308,0.345750258489059,0.837530826013607,41,0.977822700711405,node
auc_cc,theta,detail,95,7Networks_RH_Default_PFCv_2,0.00781806270035278,-0.308465307808148,0.322544873481617,0.962325180450808,41,0.97932065359413,node
auc_cc,theta,communication,95,7Networks_RH_Default_PFCv_2,0.0718533597069231,-0.249321552304744,0.378788177120795,0.663789438295208,41,0.977822700711405,node
auc_cc,theta,imagination,95,7Networks_RH_Default_PFCv_2,0.0647315642386889,-0.256019909711491,0.372643060878386,0.695422417984627,41,0.977822700711405,node
auc_cc,theta,total,96,7Networks_RH_Default_PFCdPFCm_1,0.0601193503662874,-0.260341525558472,0.368648903636356,0.716187293568828,41,0.977822700711405,node
auc_cc,theta,social,96,7Networks_RH_Default_PFCdPFCm_1,0.0410448269004453,-0.278078908163642,0.352008573333046,0.804065027224732,41,0.977822700711405,node
auc_cc,theta,switching,96,7Networks_RH_Default_PFCdPFCm_1,0.120795852970727,-0.202442455340163,0.42029911113234,0.463854367262574,41,0.977822700711405,node
auc_cc,theta,detail,96,7Networks_RH_Default_PFCdPFCm_1,-0.163532360757109,-0.455549322805839,0.16025916923332,0.31985818108513,41,0.977822700711405,node
auc_cc,theta,communication,96,7Networks_RH_Default_PFCdPFCm_1,0.0715414108724421,-0.249615598687045,0.37851957436705,0.665163545791843,41,0.977822700711405,node
auc_cc,theta,imagination,96,7Networks_RH_Default_PFCdPFCm_1,0.122157281181264,-0.201116897071482,0.421436169122136,0.458794802168716,41,0.977822700711405,node
auc_cc,theta,total,97,7Networks_RH_Default_PFCdPFCm_2,0.0152754368696175,-0.301701141404147,0.329211179672727,0.926462367978059,41,0.977822700711405,node
auc_cc,theta,social,97,7Networks_RH_Default_PFCdPFCm_2,-0.0943232101466707,-0.398000730414332,0.227984307770878,0.567891756567905,41,0.977822700711405,node
auc_cc,theta,switching,97,7Networks_RH_Default_PFCdPFCm_2,0.081300437549304,-0.24038849158047,0.386898138688244,0.62270664959672,41,0.977822700711405,node
auc_cc,theta,detail,97,7Networks_RH_Default_PFCdPFCm_2,-0.0127318784367435,-0.326940949561424,0.304011852217642,0.938681882471889,41,0.977822700711405,node
auc_cc,theta,communication,97,7Networks_RH_Default_PFCdPFCm_2,-0.0585783077479198,-0.367311823431818,0.261782616751407,0.72317127414415,41,0.977822700711405,node
auc_cc,theta,imagination,97,7Networks_RH_Default_PFCdPFCm_2,0.188220304209322,-0.135339668017997,0.475503675250564,0.251181635538099,41,0.977822700711405,node
auc_cc,theta,total,98,7Networks_RH_Default_PFCdPFCm_3,0.26234874128892,-0.0579724998494129,0.533693678933473,0.106643294320001,41,0.977822700711405,node
auc_cc,theta,social,98,7Networks_RH_Default_PFCdPFCm_3,0.116314519407962,-0.206797367689745,0.416549668242579,0.480717054830789,41,0.977822700711405,node
auc_cc,theta,switching,98,7Networks_RH_Default_PFCdPFCm_3,0.22790595374163,-0.0944051225501052,0.50697231171375,0.162892931523411,41,0.977822700711405,node
auc_cc,theta,detail,98,7Networks_RH_Default_PFCdPFCm_3,0.0765067443714016,-0.244928179097104,0.38278883283239,0.643422401928044,41,0.977822700711405,node
auc_cc,theta,communication,98,7Networks_RH_Default_PFCdPFCm_3,0.181617291377935,-0.142044956429598,0.4701955072497,0.268496515229664,41,0.977822700711405,node
auc_cc,theta,imagination,98,7Networks_RH_Default_PFCdPFCm_3,0.127781835767951,-0.195627955926433,0.426123815493297,0.438209648280449,41,0.977822700711405,node
auc_cc,theta,total,99,7Networks_RH_Default_pCunPCC_1,0.0472266411456341,-0.272354182654968,0.357423112030982,0.77526579797331,41,0.977822700711405,node
auc_cc,theta,social,99,7Networks_RH_Default_pCunPCC_1,-0.0202185203903651,-0.333612728480225,0.297199891973167,0.902765256989891,41,0.977822700711405,node
auc_cc,theta,switching,99,7Networks_RH_Default_pCunPCC_1,0.0885284568078277,-0.233516756669731,0.393071362226291,0.592009244363013,41,0.977822700711405,node
auc_cc,theta,detail,99,7Networks_RH_Default_pCunPCC_1,-0.0862421667955898,-0.391121677921347,0.235693834542253,0.601647018175048,41,0.977822700711405,node
auc_cc,theta,communication,99,7Networks_RH_Default_pCunPCC_1,0.0562201217233005,-0.263985089663154,0.365263278231137,0.733901291756946,41,0.977822700711405,node
auc_cc,theta,imagination,99,7Networks_RH_Default_pCunPCC_1,0.133167669080644,-0.190352920004019,0.430597540475049,0.418985133791796,41,0.977822700711405,node
auc_cc,theta,total,100,7Networks_RH_Default_pCunPCC_2,-0.0132248348381094,-0.32738121683755,0.303564314002183,0.936312501178649,41,0.977822700711405,node
auc_cc,theta,social,100,7Networks_RH_Default_pCunPCC_2,0.0299953230252435,-0.28825523781929,0.342278388784804,0.856158158320113,41,0.977822700711405,node
auc_cc,theta,switching,100,7Networks_RH_Default_pCunPCC_2,0.0184717867977888,-0.298792108555384,0.332058916124113,0.911130659571855,41,0.977822700711405,node
auc_cc,theta,detail,100,7Networks_RH_Default_pCunPCC_2,-0.238604578585032,-0.515330337411317,0.0831800999851894,0.143514444980975,41,0.977822700711405,node
auc_cc,theta,communication,100,7Networks_RH_Default_pCunPCC_2,0.130624321365469,-0.192846276115909,0.428486736684241,0.428003561278621,41,0.977822700711405,node
auc_cc,theta,imagination,100,7Networks_RH_Default_pCunPCC_2,0.0437121661553061,-0.275611571704789,0.354347402727372,0.791604993991641,41,0.977822700711405,node
auc_cc,alpha,total,1,7Networks_LH_Vis_1,-0.0487096900014236,-0.358718993619582,0.270977418422001,0.768399014673145,41,0.93708859219188,node
auc_cc,alpha,social,1,7Networks_LH_Vis_1,-0.130388533031282,-0.428290883758977,0.193077218444577,0.428845089847927,41,0.831679458858494,node
auc_cc,alpha,switching,1,7Networks_LH_Vis_1,-0.072932846721124,-0.379717267786184,0.248303558791392,0.65904277594602,41,0.919906845812549,node
auc_cc,alpha,detail,1,7Networks_LH_Vis_1,0.117169963929391,-0.205967043363689,0.417266191344654,0.477473617307079,41,0.839694982160725,node
auc_cc,alpha,communication,1,7Networks_LH_Vis_1,-0.0145777787809188,-0.328588852252981,0.302335303892209,0.92981245166179,41,0.97392493279459,node
auc_cc,alpha,imagination,1,7Networks_LH_Vis_1,-0.00739207434010014,-0.322163128390054,0.308850734643857,0.964376649139741,41,0.97392493279459,node
auc_cc,alpha,total,2,7Networks_LH_Vis_2,-0.0173606904868715,-0.331069650533642,0.299803998389227,0.91645686377492,41,0.97392493279459,node
auc_cc,alpha,social,2,7Networks_LH_Vis_2,-0.174263721589596,-0.464259290431965,0.149477630187235,0.288683593484448,41,0.774887540405622,node
auc_cc,alpha,switching,2,7Networks_LH_Vis_2,0.159998959797892,-0.163792264669746,0.452669197063139,0.33056766588103,41,0.780696610645817,node
auc_cc,alpha,detail,2,7Networks_LH_Vis_2,-0.0415125556415915,-0.352418977496044,0.277646554983782,0.801876562216638,41,0.93708859219188,node
auc_cc,alpha,communication,2,7Networks_LH_Vis_2,-0.0959373436130171,-0.399370694611554,0.226439524466331,0.561255053472762,41,0.880012188024401,node
auc_cc,alpha,imagination,2,7Networks_LH_Vis_2,0.168494535215468,-0.155283376868155,0.459583767501859,0.305190094266624,41,0.780696610645817,node
auc_cc,alpha,total,3,7Networks_LH_Vis_3,-0.160667761708674,-0.453214816039943,0.16312415730754,0.328523699817522,41,0.780696610645817,node
auc_cc,alpha,social,3,7Networks_LH_Vis_3,-0.194658605182087,-0.480659366270154,0.128772979402162,0.235033802484576,41,0.749170245419585,node
auc_cc,alpha,switching,3,7Networks_LH_Vis_3,0.00998364831847868,-0.306504316475127,0.32448395887949,0.95190015541993,41,0.97392493279459,node
auc_cc,alpha,detail,3,7Networks_LH_Vis_3,-0.129465802414823,-0.427524166616412,0.19398064034254,0.432147169799022,41,0.831679458858494,node
auc_cc,alpha,communication,3,7Networks_LH_Vis_3,-0.0414713990386842,-0.352382869821541,0.277684603992326,0.802069071110291,41,0.93708859219188,node
auc_cc,alpha,imagination,3,7Networks_LH_Vis_3,-0.0666931961867389,-0.374338374699296,0.254177978319886,0.68665578400543,41,0.919906845812549,node
auc_cc,alpha,total,4,7Networks_LH_Vis_4,-0.286947815139545,-0.552452098391518,0.031419296380196,0.0765369151071675,41,0.592553944951834,node
auc_cc,alpha,social,4,7Networks_LH_Vis_4,-0.143479186350546,-0.439122183759006,0.180201138525558,0.383538152280485,41,0.831679458858494,node
auc_cc,alpha,switching,4,7Networks_LH_Vis_4,-0.198692193941915,-0.483879358439736,0.124644453525298,0.22528430990114,41,0.749170245419585,node
auc_cc,alpha,detail,4,7Networks_LH_Vis_4,-0.1993357934146,-0.484392427078714,0.123984668485854,0.223754690807223,41,0.749170245419585,node
auc_cc,alpha,communication,4,7Networks_LH_Vis_4,-0.103851967893618,-0.406068521831935,0.218841401955279,0.529244883504385,41,0.880012188024401,node
auc_cc,alpha,imagination,4,7Networks_LH_Vis_4,-0.144954530297188,-0.440337528981882,0.178742988405042,0.378614799846616,41,0.831679458858494,node
auc_cc,alpha,total,5,7Networks_LH_Vis_5,-0.144008633878848,-0.439558451668672,0.179678024845844,0.381767032562624,41,0.831679458858494,node
auc_cc,alpha,social,5,7Networks_LH_Vis_5,-0.0916741560640795,-0.395749458309896,0.230516035211568,0.578861001301896,41,0.881251076608857,node
auc_cc,alpha,switching,5,7Networks_LH_Vis_5,-0.0994035504945301,-0.402307997575369,0.223116751183061,0.547126220877225,41,0.880012188024401,node
auc_cc,alpha,detail,5,7Networks_LH_Vis_5,-0.112283150129039,-0.413167951907153,0.210704100457605,0.496155699931475,41,0.857760701576448,node
auc_cc,alpha,communication,5,7Networks_LH_Vis_5,-0.0798694942405827,-0.385672758203659,0.241745087812677,0.628861427644766,41,0.91761733977368,node
auc_cc,alpha,imagination,5,7Networks_LH_Vis_5,0.0126926750679943,-0.304047437611894,0.326905930547861,0.938870334990398,41,0.97392493279459,node
auc_cc,alpha,total,6,7Networks_LH_Vis_6,-0.13113821025281,-0.428913491388451,0.192342824659457,0.426172688658618,41,0.831679458858494,node
auc_cc,alpha,social,6,7Networks_LH_Vis_6,-0.136424888618295,-0.433296065443884,0.18715361671299,0.407593496362133,41,0.831679458858494,node
auc_cc,alpha,switching,6,7Networks_LH_Vis_6,0.011989131482179,-0.304685902803857,0.326277332668167,0.942252851918581,41,0.97392493279459,node
auc_cc,alpha,detail,6,7Networks_LH_Vis_6,-0.13516543544467,-0.432253270781418,0.18839149019906,0.411977095966227,41,0.831679458858494,node
auc_cc,alpha,communication,6,7Networks_LH_Vis_6,-0.0796663089390622,-0.385498674067172,0.241937614397678,0.629737390040761,41,0.91761733977368,node
auc_cc,alpha,imagination,6,7Networks_LH_Vis_6,0.00292913131945809,-0.312882492980096,0.318157544183365,0.985880348904049,41,0.985880348904049,node
auc_cc,alpha,total,7,7Networks_LH_Vis_7,-0.18546703176059,-0.473292856922291,0.13813919377215,0.258308350731,41,0.774887540405622,node
auc_cc,alpha,social,7,7Networks_LH_Vis_7,-0.282143676037284,-0.548809635539633,0.036640626396767,0.0818220133428556,41,0.592553944951834,node
auc_cc,alpha,switching,7,7Networks_LH_Vis_7,-0.0609401059770895,-0.369360508688617,0.259573420667003,0.712476870776386,41,0.919906845812549,node
auc_cc,alpha,detail,7,7Networks_LH_Vis_7,0.0720363131934666,-0.249149070792396,0.378945684704633,0.662984047759612,41,0.919906845812549,node
auc_cc,alpha,communication,7,7Networks_LH_Vis_7,-0.206179999269304,-0.48983643068051,0.11695061107898,0.207927985686635,41,0.749170245419585,node
auc_cc,alpha,imagination,7,7Networks_LH_Vis_7,0.0150310217997831,-0.301923343573199,0.328993186715373,0.927635885152646,41,0.97392493279459,node
auc_cc,alpha,total,8,7Networks_LH_Vis_8,0.15798470468503,-0.16580263519215,0.451024611411781,0.336771086945254,41,0.780696610645817,node
auc_cc,alpha,social,8,7Networks_LH_Vis_8,0.220012169377609,-0.102635089531229,0.500771667335143,0.178357031109588,41,0.749170245419585,node
auc_cc,alpha,switching,8,7Networks_LH_Vis_8,0.0660743204379237,-0.254759341151861,0.373803741696492,0.689417275555107,41,0.919906845812549,node
auc_cc,alpha,detail,8,7Networks_LH_Vis_8,-0.117860851332017,-0.417844608650233,0.205296104099342,0.474862506127068,41,0.839694982160725,node
auc_cc,alpha,communication,8,7Networks_LH_Vis_8,0.158927315473922,-0.164862177176707,0.45179447581783,0.333859192362225,41,0.780696610645817,node
auc_cc,alpha,imagination,8,7Networks_LH_Vis_8,0.101875513212647,-0.220742492345126,0.404398964192536,0.537154342806627,41,0.880012188024401,node
auc_cc,alpha,total,9,7Networks_LH_Vis_9,0.212908244119838,-0.110003986411545,0.495166721041287,0.193144981343274,41,0.749170245419585,node
auc_cc,alpha,social,9,7Networks_LH_Vis_9,0.181507935414099,-0.142155756752616,0.470107419788856,0.268789731350206,41,0.774887540405622,node
auc_cc,alpha,switching,9,7Networks_LH_Vis_9,0.289655631238606,-0.0284686568216798,0.554500685971865,0.0736778608599242,41,0.592553944951834,node
auc_cc,alpha,detail,9,7Networks_LH_Vis_9,-0.0974692105494529,-0.400669584641695,0.224971971738918,0.554990076987602,41,0.880012188024401,node
auc_cc,alpha,communication,9,7Networks_LH_Vis_9,0.119303563666418,-0.2038940674211,0.419051677096473,0.469434304181575,41,0.839694982160725,node
auc_cc,alpha,imagination,9,7Networks_LH_Vis_9,0.0646680553184495,-0.256079504361773,0.372588139784859,0.695706903441754,41,0.919906845812549,node
auc_cc,alpha,total,10,7Networks_LH_SomMot_1,0.00348187607050675,-0.312383768089639,0.318654255490803,0.983216232491432,41,0.99482640918023,node
auc_cc,alpha,social,10,7Networks_LH_SomMot_1,-0.122466533413051,-0.421694323942962,0.200815627694472,0.457649656408429,41,0.877379875104004,node
auc_cc,alpha,switching,10,7Networks_LH_SomMot_1,-0.0867145026398304,-0.391524697142262,0.235244326034525,0.599650348170214,41,0.931809455107201,node
auc_cc,alpha,detail,10,7Networks_LH_SomMot_1,0.0985768129246717,-0.223909959098933,0.401607976653436,0.55048075811877,41,0.90667418984268,node
auc_cc,alpha,communication,10,7Networks_LH_SomMot_1,0.0533203081028147,-0.266688855959106,0.362740113655671,0.747164210441732,41,0.961930825406456,node
auc_cc,alpha,imagination,10,7Networks_LH_SomMot_1,0.139132608938539,-0.184488806715967,0.435535299583335,0.398259912981701,41,0.877379875104004,node
auc_cc,alpha,total,11,7Networks_LH_SomMot_2,0.152621448372651,-0.171142457455476,0.446635930582038,0.353635712688585,41,0.877379875104004,node
auc_cc,alpha,social,11,7Networks_LH_SomMot_2,0.0594728093870208,-0.260946306045722,0.368088090040058,0.719114673507146,41,0.961930825406456,node
auc_cc,alpha,switching,11,7Networks_LH_SomMot_2,0.0706860347094749,-0.250421581867342,0.377782789534027,0.668936928846701,41,0.957775254925978,node
auc_cc,alpha,detail,11,7Networks_LH_SomMot_2,-0.0360309814666336,-0.347601698637088,0.282705435156232,0.827613715828827,41,0.961930825406456,node
auc_cc,alpha,communication,11,7Networks_LH_SomMot_2,0.14329044942892,-0.180387573305497,0.438966629696947,0.38417068357646,41,0.877379875104004,node
auc_cc,alpha,imagination,11,7Networks_LH_SomMot_2,0.246794351858383,-0.0745318357943396,0.521693011441158,0.12986772177043,41,0.877379875104004,node
auc_cc,alpha,total,12,7Networks_LH_SomMot_3,0.0391764432863113,-0.279804692034262,0.350367984153441,0.812821583811953,41,0.961930825406456,node
auc_cc,alpha,social,12,7Networks_LH_SomMot_3,-0.0323464324617723,-0.344354398777321,0.28609592614798,0.845015514902861,41,0.961930825406456,node
auc_cc,alpha,switching,12,7Networks_LH_SomMot_3,0.0358169219379296,-0.282902629090707,0.347413246042503,0.828622566373178,41,0.961930825406456,node
auc_cc,alpha,detail,12,7Networks_LH_SomMot_3,0.0653586996611534,-0.255431295831396,0.373185277768839,0.692615404460312,41,0.961930825406456,node
auc_cc,alpha,communication,12,7Networks_LH_SomMot_3,0.0698295852230036,-0.251228130699676,0.377044690324138,0.672723095721818,41,0.957775254925978,node
auc_cc,alpha,imagination,12,7Networks_LH_SomMot_3,-0.0318395717036587,-0.343907102804052,0.286561712074865,0.847415250953306,41,0.961930825406456,node
auc_cc,alpha,total,13,7Networks_LH_SomMot_4,-0.0751826389914584,-0.381651627449063,0.246179644180288,0.649192497692168,41,0.957775254925978,node
auc_cc,alpha,social,13,7Networks_LH_SomMot_4,-0.162816419254945,-0.454966242062801,0.160975719690445,0.32201037186267,41,0.877379875104004,node
auc_cc,alpha,switching,13,7Networks_LH_SomMot_4,-0.146505587015376,-0.441614077993772,0.17720847309245,0.373479223803781,41,0.877379875104004,node
auc_cc,alpha,detail,13,7Networks_LH_SomMot_4,0.121887541859491,-0.201379623576131,0.421210958924194,0.45979488950449,41,0.877379875104004,node
auc_cc,alpha,communication,13,7Networks_LH_SomMot_4,-0.120739604151638,-0.420252112158887,0.202497196687473,0.464064047221058,41,0.877379875104004,node
auc_cc,alpha,imagination,13,7Networks_LH_SomMot_4,0.184694690829265,-0.138923581909634,0.472672031933313,0.260331415377462,41,0.877379875104004,node
auc_cc,alpha,total,14,7Networks_LH_SomMot_5,0.106933336144107,-0.215872634434915,0.408667407600833,0.51702816026847,41,0.901980507350805,node
auc_cc,alpha,social,14,7Networks_LH_SomMot_5,0.260319062775303,-0.0601433590416107,0.532133897720429,0.109480607088654,41,0.877379875104004,node
auc_cc,alpha,switching,14,7Networks_LH_SomMot_5,-0.269368300209831,-0.539073921665956,0.0504412456116983,0.0972600357370248,41,0.877379875104004,node
auc_cc,alpha,detail,14,7Networks_LH_SomMot_5,0.0853153322697016,-0.236575476273658,0.390330519017036,0.605573286841282,41,0.931809455107201,node
auc_cc,alpha,communication,14,7Networks_LH_SomMot_5,0.106866439671201,-0.215937149788678,0.40861103773179,0.517291889704042,41,0.901980507350805,node
auc_cc,alpha,imagination,14,7Networks_LH_SomMot_5,0.117205361431571,-0.205932675283695,0.41729583237056,0.477339654678635,41,0.877379875104004,node
auc_cc,alpha,total,15,7Networks_LH_SomMot_6,0.0747762129136459,-0.246563558950463,0.381302382986119,0.650967669411577,41,0.957775254925978,node
auc_cc,alpha,social,15,7Networks_LH_SomMot_6,0.0426832704549871,-0.276563817344595,0.353445686156324,0.796405445858155,41,0.961930825406456,node
auc_cc,alpha,switching,15,7Networks_LH_SomMot_6,0.131716414680526,-0.191776160299958,0.429393497538836,0.424117921315737,41,0.877379875104004,node
auc_cc,alpha,detail,15,7Networks_LH_SomMot_6,-0.104085850900559,-0.406265954891234,0.218616274932315,0.528312694154368,41,0.901980507350805,node
auc_cc,alpha,communication,15,7Networks_LH_SomMot_6,0.132023367405265,-0.191475246209121,0.429648251194085,0.423029363410689,41,0.877379875104004,node
auc_cc,alpha,imagination,15,7Networks_LH_SomMot_6,-0.00287940173163277,-0.318112847350258,0.312927353947672,0.986120043151125,41,0.99482640918023,node
auc_cc,alpha,total,16,7Networks_LH_DorsAttn_Post_1,-0.0490812903104983,-0.359043509227597,0.270632244286215,0.766681142368411,41,0.926091858830599,node
auc_cc,alpha,social,16,7Networks_LH_DorsAttn_Post_1,-0.241184774757104,-0.517338201232448,0.0804606754876892,0.13910596277127,41,0.926091858830599,node
auc_cc,alpha,switching,16,7Networks_LH_DorsAttn_Post_1,0.0705350526664562,-0.25056379937727,0.377652699595279,0.669603803402264,41,0.926091858830599,node
auc_cc,alpha,detail,16,7Networks_LH_DorsAttn_Post_1,-0.143937566473298,-0.439499899805713,0.179748252701539,0.38200448889114,41,0.926091858830599,node
auc_cc,alpha,communication,16,7Networks_LH_DorsAttn_Post_1,0.17673723361076,-0.146981587006738,0.466258961174098,0.281786717782471,41,0.926091858830599,node
auc_cc,alpha,imagination,16,7Networks_LH_DorsAttn_Post_1,0.0888937980661833,-0.233168567673843,0.393382661504711,0.590475481302683,41,0.926091858830599,node
auc_cc,alpha,total,17,7Networks_LH_DorsAttn_Post_2,0.0514653212226102,-0.268415795358601,0.361123683289843,0.755686465990954,41,0.926091858830599,node
auc_cc,alpha,social,17,7Networks_LH_DorsAttn_Post_2,0.00247409541711664,-0.313292927475706,0.317748506754747,0.988073643252018,41,0.998404563267838,node
auc_cc,alpha,switching,17,7Networks_LH_DorsAttn_Post_2,-0.185355261506963,-0.473203031172808,0.138252732580508,0.258600472428467,41,0.926091858830599,node
auc_cc,alpha,detail,17,7Networks_LH_DorsAttn_Post_2,0.28482669958437,-0.0337267536550801,0.550845133391954,0.0788364844872241,41,0.926091858830599,node
auc_cc,alpha,communication,17,7Networks_LH_DorsAttn_Post_2,-0.0129606736914908,-0.327145307238768,0.303804154234167,0.937582118455815,41,0.998404563267838,node
auc_cc,alpha,imagination,17,7Networks_LH_DorsAttn_Post_2,0.0807962732380641,-0.240866604607356,0.386466523445068,0.624872308109798,41,0.926091858830599,node
auc_cc,alpha,total,18,7Networks_LH_DorsAttn_Post_3,-0.0859245796749491,-0.390850631854434,0.235995995689004,0.602991144865731,41,0.926091858830599,node
auc_cc,alpha,social,18,7Networks_LH_DorsAttn_Post_3,0.00595181700244075,-0.310153085577471,0.320871697999299,0.97131421813982,41,0.998404563267838,node
auc_cc,alpha,switching,18,7Networks_LH_DorsAttn_Post_3,-0.25660512230658,-0.529274998439565,0.0641078014232619,0.114819985694994,41,0.926091858830599,node
auc_cc,alpha,detail,18,7Networks_LH_DorsAttn_Post_3,-0.124255495570157,-0.423186746457208,0.199071643890331,0.451055499903774,41,0.926091858830599,node
auc_cc,alpha,communication,18,7Networks_LH_DorsAttn_Post_3,0.114558148568299,-0.208500704978538,0.415077356282511,0.487412276182472,41,0.926091858830599,node
auc_cc,alpha,imagination,18,7Networks_LH_DorsAttn_Post_3,0.0740702294182496,-0.247230199449596,0.38069551889874,0.654055747573763,41,0.926091858830599,node
auc_cc,alpha,total,19,7Networks_LH_DorsAttn_Post_4,-0.134880390100398,-0.432017150288189,0.188671508929334,0.412972919423921,41,0.926091858830599,node
auc_cc,alpha,social,19,7Networks_LH_DorsAttn_Post_4,-0.00411693332478612,-0.319224721427853,0.311810560089584,0.98015560995567,41,0.998404563267838,node
auc_cc,alpha,switching,19,7Networks_LH_DorsAttn_Post_4,-0.527883040475688,-0.722985747212479,-0.254799766787785,0.000552931626854493,41,0.0497638464169044,node
auc_cc,alpha,detail,19,7Networks_LH_DorsAttn_Post_4,0.15632024061957,-0.167461860967753,0.449664117573319,0.341951019077211,41,0.926091858830599,node
auc_cc,alpha,communication,19,7Networks_LH_DorsAttn_Post_4,0.084892869360579,-0.236977163939401,0.389969749250559,0.60736657201356,41,0.926091858830599,node
auc_cc,alpha,imagination,19,7Networks_LH_DorsAttn_Post_4,-0.0528457798578626,-0.362326788227324,0.267130823781999,0.749341533047934,41,0.926091858830599,node
auc_cc,alpha,total,20,7Networks_LH_DorsAttn_Post_5,-0.21279561224315,-0.495077665680013,0.110120534207176,0.193386189513789,41,0.926091858830599,node
auc_cc,alpha,social,20,7Networks_LH_DorsAttn_Post_5,-0.159409809792418,-0.452188377711522,0.164380556875352,0.332374724135251,41,0.926091858830599,node
auc_cc,alpha,switching,20,7Networks_LH_DorsAttn_Post_5,-0.191047152334555,-0.477769803966565,0.132459945222385,0.24400259350051,41,0.926091858830599,node
auc_cc,alpha,detail,20,7Networks_LH_DorsAttn_Post_5,-0.0164692491821639,-0.330275456073132,0.300615329915965,0.920732731625875,41,0.998404563267838,node
auc_cc,alpha,communication,20,7Networks_LH_DorsAttn_Post_5,-0.18378729285806,-0.471942279678598,0.139844615262734,0.262721642612007,41,0.926091858830599,node
auc_cc,alpha,imagination,20,7Networks_LH_DorsAttn_Post_5,-0.00361884347308615,-0.318777311329856,0.312260159615556,0.982556104322354,41,0.998404563267838,node
auc_cc,alpha,total,21,7Networks_LH_DorsAttn_Post_6,-0.33314605458866,-0.586969206588593,-0.0196937032105914,0.0382260605050795,41,0.763379188779352,node
auc_cc,alpha,social,21,7Networks_LH_DorsAttn_Post_6,-0.232994792152856,-0.510954390787623,0.0890761015932147,0.153452255258319,41,0.926091858830599,node
auc_cc,alpha,switching,21,7Networks_LH_DorsAttn_Post_6,-0.366856738103897,-0.611587051779443,-0.0580541376910266,0.0216058443220844,41,0.763379188779352,node
auc_cc,alpha,detail,21,7Networks_LH_DorsAttn_Post_6,-0.159375215939306,-0.452160139553712,0.164415093201661,0.332481021216175,41,0.926091858830599,node
auc_cc,alpha,communication,21,7Networks_LH_DorsAttn_Post_6,-0.0478443730900822,-0.357963028676443,0.271780880242994,0.772403507072248,41,0.926091858830599,node
auc_cc,alpha,imagination,21,7Networks_LH_DorsAttn_Post_6,-0.0496298297752046,-0.359522407467909,0.270122563653259,0.764147308019751,41,0.926091858830599,node
auc_cc,alpha,total,22,7Networks_LH_DorsAttn_PrCv_1,-0.0905252078508165,-0.394771898560564,0.2316127419355,0.583648059222086,41,0.926091858830599,node
auc_cc,alpha,social,22,7Networks_LH_DorsAttn_PrCv_1,-0.0796877759996903,-0.385517067541989,0.24191727465479,0.629644818693089,41,0.926091858830599,node
auc_cc,alpha,switching,22,7Networks_LH_DorsAttn_PrCv_1,-0.23717130226204,-0.514213672607174,0.0846886487347706,0.146007265666296,41,0.926091858830599,node
auc_cc,alpha,detail,22,7Networks_LH_DorsAttn_PrCv_1,0.330204383767212,0.0163894985877768,0.584798498344795,0.0400709605422438,41,0.763379188779352,node
auc_cc,alpha,communication,22,7Networks_LH_DorsAttn_PrCv_1,-0.118704273991028,-0.418550400380464,0.204476621812751,0.471685126711411,41,0.926091858830599,node
auc_cc,alpha,imagination,22,7Networks_LH_DorsAttn_PrCv_1,-0.176905272564963,-0.46639470230621,0.146811867703815,0.281322097416323,41,0.926091858830599,node
auc_cc,alpha,total,23,7Networks_LH_DorsAttn_FEF_1,0.0663065392432744,-0.254541225382479,0.374004374333102,0.688380622400946,41,0.926091858830599,node
auc_cc,alpha,social,23,7Networks_LH_DorsAttn_FEF_1,0.0533178889186635,-0.266691109488919,0.362738006797222,0.7471753057236,41,0.926091858830599,node
auc_cc,alpha,switching,23,7Networks_LH_DorsAttn_FEF_1,-0.0710081254466534,-0.37806027052559,0.250118142227944,0.667515119177793,41,0.926091858830599,node
auc_cc,alpha,detail,23,7Networks_LH_DorsAttn_FEF_1,0.146663539229603,-0.177052117023092,0.441744008654857,0.372958571488338,41,0.926091858830599,node
auc_cc,alpha,communication,23,7Networks_LH_DorsAttn_FEF_1,-0.0063121389154314,-0.321194896430673,0.309827376171901,0.969578370230123,41,0.998404563267838,node
auc_cc,alpha,imagination,23,7Networks_LH_DorsAttn_FEF_1,0.069926391505462,-0.251136987136894,0.377128138791458,0.672294736172824,41,0.926091858830599,node
auc_cc,alpha,total,24,7Networks_LH_SalVentAttn_ParOper_1,-0.0197232196201459,-0.333172305019465,0.29765155755396,0.905136324346446,41,0.958379637543296,node
auc_cc,alpha,social,24,7Networks_LH_SalVentAttn_ParOper_1,0.0105971381205346,-0.305948297530699,0.32503280324827,0.948948204523051,41,0.970884819130715,node
auc_cc,alpha,switching,24,7Networks_LH_SalVentAttn_ParOper_1,-0.183673108877062,-0.471850422073003,0.139960475418981,0.263023446638406,41,0.951424692744568,node
auc_cc,alpha,detail,24,7Networks_LH_SalVentAttn_ParOper_1,0.00677604750919387,-0.309407921327623,0.321610901161804,0.967343698910385,41,0.970884819130715,node
auc_cc,alpha,communication,24,7Networks_LH_SalVentAttn_ParOper_1,0.0866058445713517,-0.235347745008323,0.39143199530878,0.60010941550013,41,0.951424692744568,node
auc_cc,alpha,imagination,24,7Networks_LH_SalVentAttn_ParOper_1,0.0602351666162558,-0.260233163389564,0.368749339645341,0.715663326562039,41,0.951424692744568,node
auc_cc,alpha,total,25,7Networks_LH_SalVentAttn_FrOperIns_1,-0.0885390692449226,-0.393080405835918,0.233506643636319,0.591964666878038,41,0.951424692744568,node
auc_cc,alpha,social,25,7Networks_LH_SalVentAttn_FrOperIns_1,-0.110964301400864,-0.412059830513164,0.211979938960918,0.501260861279199,41,0.951424692744568,node
auc_cc,alpha,switching,25,7Networks_LH_SalVentAttn_FrOperIns_1,0.00604094773280097,-0.310072523648417,0.320951652538366,0.970884819130715,41,0.970884819130715,node
auc_cc,alpha,detail,25,7Networks_LH_SalVentAttn_FrOperIns_1,-0.102458448614424,-0.404891593132896,0.220182039653786,0.534815618064689,41,0.951424692744568,node
auc_cc,alpha,communication,25,7Networks_LH_SalVentAttn_FrOperIns_1,0.0641868910833206,-0.25653093361597,0.37217196962792,0.69786358955315,41,0.951424692744568,node
auc_cc,alpha,imagination,25,7Networks_LH_SalVentAttn_FrOperIns_1,-0.0986510130879923,-0.401670818393651,0.223838785687765,0.55017929044062,41,0.951424692744568,node
auc_cc,alpha,total,26,7Networks_LH_SalVentAttn_FrOperIns_2,-0.0413342346767429,-0.352262525554612,0.277811404313274,0.802710736808715,41,0.951424692744568,node
auc_cc,alpha,social,26,7Networks_LH_SalVentAttn_FrOperIns_2,-0.141993596362459,-0.437897303862099,0.181667979215676,0.388533470753001,41,0.951424692744568,node
auc_cc,alpha,switching,26,7Networks_LH_SalVentAttn_FrOperIns_2,0.113326535926381,-0.209693961290909,0.414043993329697,0.492135762034104,41,0.951424692744568,node
auc_cc,alpha,detail,26,7Networks_LH_SalVentAttn_FrOperIns_2,-0.0545604683834011,-0.363819748335478,0.265533155155321,0.741483032177886,41,0.951424692744568,node
auc_cc,alpha,communication,26,7Networks_LH_SalVentAttn_FrOperIns_2,0.0352865283546106,-0.283391117288962,0.346946192473882,0.831123446340537,41,0.951424692744568,node
auc_cc,alpha,imagination,26,7Networks_LH_SalVentAttn_FrOperIns_2,-0.0572448531536899,-0.366153825529998,0.263028432235687,0.729232384966326,41,0.951424692744568,node
auc_cc,alpha,total,27,7Networks_LH_SalVentAttn_PFCl_1,0.173304785949815,-0.150444192125596,0.463483258379391,0.291386474350283,41,0.951424692744568,node
auc_cc,alpha,social,27,7Networks_LH_SalVentAttn_PFCl_1,0.0362241070606431,-0.282527502665637,0.347771699928052,0.826703759661443,41,0.951424692744568,node
auc_cc,alpha,switching,27,7Networks_LH_SalVentAttn_PFCl_1,0.0550434600688367,-0.265082807939768,0.364239997161658,0.739274077350741,41,0.951424692744568,node
auc_cc,alpha,detail,27,7Networks_LH_SalVentAttn_PFCl_1,0.0993459748281366,-0.223172005616994,0.402259258182734,0.547359522980465,41,0.951424692744568,node
auc_cc,alpha,communication,27,7Networks_LH_SalVentAttn_PFCl_1,0.17328029162444,-0.150468873147395,0.463463430172742,0.291455727614526,41,0.951424692744568,node
auc_cc,alpha,imagination,27,7Networks_LH_SalVentAttn_PFCl_1,0.157161119497695,-0.166623857635043,0.450351602388012,0.339328066100555,41,0.951424692744568,node
auc_cc,alpha,total,28,7Networks_LH_SalVentAttn_Med_1,-0.221379029569566,-0.50184741607487,0.101213172299143,0.175607012112868,41,0.951424692744568,node
auc_cc,alpha,social,28,7Networks_LH_SalVentAttn_Med_1,-0.249337271805684,-0.523662415847394,0.0718366847437627,0.125833612176972,41,0.951424692744568,node
auc_cc,alpha,switching,28,7Networks_LH_SalVentAttn_Med_1,-0.0349954530070165,-0.346689811861742,0.283659125069245,0.832496606151497,41,0.951424692744568,node
auc_cc,alpha,detail,28,7Networks_LH_SalVentAttn_Med_1,-0.12038470787545,-0.419955539794484,0.202842535147506,0.465388167800619,41,0.951424692744568,node
auc_cc,alpha,communication,28,7Networks_LH_SalVentAttn_Med_1,-0.190199839466113,-0.477090960055914,0.133323680160831,0.246139763173996,41,0.951424692744568,node
auc_cc,alpha,imagination,28,7Networks_LH_SalVentAttn_Med_1,0.037253971327712,-0.281578286860031,0.348677905453961,0.821855108767541,41,0.951424692744568,node
auc_cc,alpha,total,29,7Networks_LH_SalVentAttn_Med_2,-0.146621523435998,-0.441709447892303,0.177093709832291,0.373097024573212,41,0.951424692744568,node
auc_cc,alpha,social,29,7Networks_LH_SalVentAttn_Med_2,0.0236219104122434,-0.29409248862744,0.336635341544795,0.88649634024717,41,0.95497553494548,node
auc_cc,alpha,switching,29,7Networks_LH_SalVentAttn_Med_2,-0.169418167160292,-0.460333393089889,0.154355393038122,0.302507882544331,41,0.951424692744568,node
auc_cc,alpha,detail,29,7Networks_LH_SalVentAttn_Med_2,-0.133759476527579,-0.43108823379326,0.189772145817131,0.416902134870475,41,0.951424692744568,node
auc_cc,alpha,communication,29,7Networks_LH_SalVentAttn_Med_2,-0.0911467163749742,-0.395300782276477,0.231019594413772,0.581056366869199,41,0.951424692744568,node
auc_cc,alpha,imagination,29,7Networks_LH_SalVentAttn_Med_2,-0.0408058797435245,-0.351798865254193,0.278299733224036,0.805183611320083,41,0.951424692744568,node
auc_cc,alpha,total,30,7Networks_LH_SalVentAttn_Med_3,0.0635456765280438,-0.257132304999759,0.371617175676648,0.700741294912432,41,0.951424692744568,node
auc_cc,alpha,social,30,7Networks_LH_SalVentAttn_Med_3,0.0895932069369015,-0.232501764622668,0.393978417766128,0.58754415105629,41,0.951424692744568,node
auc_cc,alpha,switching,30,7Networks_LH_SalVentAttn_Med_3,0.0285971966180712,-0.289537775643508,0.341042407491782,0.862797519608704,41,0.95497553494548,node
auc_cc,alpha,detail,30,7Networks_LH_SalVentAttn_Med_3,-0.169550559991327,-0.460440809972981,0.154222329584419,0.302124651745431,41,0.951424692744568,node
auc_cc,alpha,communication,30,7Networks_LH_SalVentAttn_Med_3,0.072495243423631,-0.248716319340058,0.37934070685295,0.660965408077454,41,0.951424692744568,node
auc_cc,alpha,imagination,30,7Networks_LH_SalVentAttn_Med_3,0.19894065690872,-0.12438977596832,0.484077452932101,0.22469295095557,41,0.951424692744568,node
auc_cc,alpha,total,31,7Networks_LH_Limbic_OFC_1,-0.15296736229593,-0.446919414784794,0.170798627825362,0.352532811257226,41,0.753047873706121,node
auc_cc,alpha,social,31,7Networks_LH_Limbic_OFC_1,-0.35048505746696,-0.599690226531164,-0.0393097000709147,0.0287076708873126,41,0.202284074098226,node
auc_cc,alpha,switching,31,7Networks_LH_Limbic_OFC_1,0.0518013451589717,-0.268103119164145,0.361416631683234,0.754140542725389,41,0.936691788523054,node
auc_cc,alpha,detail,31,7Networks_LH_Limbic_OFC_1,0.0701334151004054,-0.25094205435625,0.377306579497638,0.671379016785383,41,0.936691788523054,node
auc_cc,alpha,communication,31,7Networks_LH_Limbic_OFC_1,-0.0621103207414725,-0.370374473947231,0.258477572387751,0.707197917400367,41,0.936691788523054,node
auc_cc,alpha,imagination,31,7Networks_LH_Limbic_OFC_1,-0.0963486552336193,-0.399719570787965,0.226045625121468,0.559569668085258,41,0.936691788523054,node
auc_cc,alpha,total,32,7Networks_LH_Limbic_TempPole_1,-0.177695562253337,-0.46703291207409,0.146013419622082,0.279143669146,41,0.644177698029231,node
auc_cc,alpha,social,32,7Networks_LH_Limbic_TempPole_1,-0.210540736464626,-0.493293539876553,0.112451939199835,0.198259842888066,41,0.640164698246816,node
auc_cc,alpha,switching,32,7Networks_LH_Limbic_TempPole_1,-0.203779290647866,-0.487929379673211,0.119421609915807,0.213388232748939,41,0.640164698246816,node
auc_cc,alpha,detail,32,7Networks_LH_Limbic_TempPole_1,0.0232015334272103,-0.294476670102305,0.33626234587959,0.888503485612601,41,0.936691788523054,node
auc_cc,alpha,communication,32,7Networks_LH_Limbic_TempPole_1,-0.0833007427600428,-0.38860928211926,0.238490007102384,0.614145201430899,41,0.936691788523054,node
auc_cc,alpha,imagination,32,7Networks_LH_Limbic_TempPole_1,0.0500961664087486,-0.269689121580138,0.359929410805255,0.76199508966007,41,0.936691788523054,node
auc_cc,alpha,total,33,7Networks_LH_Limbic_TempPole_2,-0.0270502742222953,-0.339673626562444,0.290955477952379,0.870154301693687,41,0.936691788523054,node
auc_cc,alpha,social,33,7Networks_LH_Limbic_TempPole_2,-0.106050001236725,-0.407922885765723,0.216724300790204,0.520515948807588,41,0.936691788523054,node
auc_cc,alpha,switching,33,7Networks_LH_Limbic_TempPole_2,0.00817349929409892,-0.30814363548377,0.322863316001046,0.960613656408205,41,0.960613656408205,node
auc_cc,alpha,detail,33,7Networks_LH_Limbic_TempPole_2,-0.0342426478394868,-0.346026521269492,0.284352040032078,0.836050259168364,41,0.936691788523054,node
auc_cc,alpha,communication,33,7Networks_LH_Limbic_TempPole_2,0.0441141933842335,-0.275239324101709,0.354699579522335,0.789731327915314,41,0.936691788523054,node
auc_cc,alpha,imagination,33,7Networks_LH_Limbic_TempPole_2,0.053965998905928,-0.266087253892915,0.363302330299044,0.744204633858112,41,0.936691788523054,node
auc_cc,alpha,total,34,7Networks_LH_Cont_Par_1,0.0576628436622458,-0.262638028357267,0.366516919592689,0.727330676256512,41,0.932243353448501,node
auc_cc,alpha,social,34,7Networks_LH_Cont_Par_1,0.225363830737625,-0.0970603281294093,0.504978597368954,0.167763221911852,41,0.932243353448501,node
auc_cc,alpha,switching,34,7Networks_LH_Cont_Par_1,-0.322420517077852,-0.579037009377021,-0.00767928116504,0.0453040071190519,41,0.70674251105721,node
auc_cc,alpha,detail,34,7Networks_LH_Cont_Par_1,0.0220445418112054,-0.295533511910607,0.335235253124735,0.894031198380847,41,0.950264944458337,node
auc_cc,alpha,communication,34,7Networks_LH_Cont_Par_1,0.341875840871788,0.0295398316947074,0.593389649312579,0.0331547763945029,41,0.646518139692807,node
auc_cc,alpha,imagination,34,7Networks_LH_Cont_Par_1,-0.144861997411944,-0.440261334899782,0.178834484715021,0.378922489186452,41,0.932243353448501,node
auc_cc,alpha,total,35,7Networks_LH_Cont_PFCl_1,-0.129428551761441,-0.427493205222584,0.194017099985277,0.432280770633246,41,0.932243353448501,node
auc_cc,alpha,social,35,7Networks_LH_Cont_PFCl_1,-0.147276026387413,-0.442247720333515,0.176445664626263,0.370943731133352,41,0.932243353448501,node
auc_cc,alpha,switching,35,7Networks_LH_Cont_PFCl_1,-0.0813262471504288,-0.386920230694432,0.240364011417857,0.622595867357232,41,0.932243353448501,node
auc_cc,alpha,detail,35,7Networks_LH_Cont_PFCl_1,0.0487995433839028,-0.270893962454367,0.358797468736998,0.767983530851156,41,0.932243353448501,node
auc_cc,alpha,communication,35,7Networks_LH_Cont_PFCl_1,-0.128724826412532,-0.426908162790664,0.194705714007437,0.434809012636679,41,0.932243353448501,node
auc_cc,alpha,imagination,35,7Networks_LH_Cont_PFCl_1,-0.0319989325743209,-0.344047751319585,0.286415281663768,0.846660608455079,41,0.950264944458337,node
auc_cc,alpha,total,36,7Networks_LH_Cont_pCun_1,0.0504880890096955,-0.269324744262374,0.360271376835973,0.760187667210239,41,0.932243353448501,node
auc_cc,alpha,social,36,7Networks_LH_Cont_pCun_1,0.053096874508613,-0.266896975111442,0.36254551282635,0.748189172002165,41,0.932243353448501,node
auc_cc,alpha,switching,36,7Networks_LH_Cont_pCun_1,0.102485533954104,-0.22015599376449,0.404914478231981,0.534707072093325,41,0.932243353448501,node
auc_cc,alpha,detail,36,7Networks_LH_Cont_pCun_1,-0.183412893940842,-0.471641063545102,0.140224477099888,0.263712087593514,41,0.932243353448501,node
auc_cc,alpha,communication,36,7Networks_LH_Cont_pCun_1,0.11480313995218,-0.20826322866098,0.415282819578661,0.48647549106112,41,0.932243353448501,node
auc_cc,alpha,imagination,36,7Networks_LH_Cont_pCun_1,0.0652871715219519,-0.255498442399936,0.373123445663666,0.692935355765052,41,0.932243353448501,node
auc_cc,alpha,total,37,7Networks_LH_Cont_Cing_1,0.0995309028005298,-0.222994525876438,0.402415798722715,0.546610344835187,41,0.932243353448501,node
auc_cc,alpha,social,37,7Networks_LH_Cont_Cing_1,0.249044575817567,-0.072147141922226,0.523435882047805,0.126293121728714,41,0.932243353448501,node
auc_cc,alpha,switching,37,7Networks_LH_Cont_Cing_1,-0.0884097040865053,-0.392970160599304,0.233629916333363,0.592508165264557,41,0.932243353448501,node
auc_cc,alpha,detail,37,7Networks_LH_Cont_Cing_1,-0.167426452600986,-0.458716387398386,0.156355779986769,0.308310588854115,41,0.932243353448501,node
auc_cc,alpha,communication,37,7Networks_LH_Cont_Cing_1,0.11770086833414,-0.205451494903368,0.417710691041948,0.475466469649655,41,0.932243353448501,node
auc_cc,alpha,imagination,37,7Networks_LH_Cont_Cing_1,0.183435872993471,-0.140201165499821,0.471659552879754,0.263651227152967,41,0.932243353448501,node
auc_cc,alpha,total,38,7Networks_LH_Default_Temp_1,0.168649134312771,-0.155128089152919,0.459709270024618,0.304740090254997,41,0.984783007931629,node
auc_cc,alpha,social,38,7Networks_LH_Default_Temp_1,0.198390605497673,-0.124953528107958,0.483638868807256,0.226003541753872,41,0.984783007931629,node
auc_cc,alpha,switching,38,7Networks_LH_Default_Temp_1,0.0583190412592077,-0.262024927013574,0.367086746303039,0.724348459226193,41,0.986829273156327,node
auc_cc,alpha,detail,38,7Networks_LH_Default_Temp_1,-0.100642625741486,-0.403356493086694,0.221927128298479,0.542116836731682,41,0.986829273156327,node
auc_cc,alpha,communication,38,7Networks_LH_Default_Temp_1,0.0906188774315205,-0.231523362060702,0.39485162125998,0.583257126520537,41,0.986829273156327,node
auc_cc,alpha,imagination,38,7Networks_LH_Default_Temp_1,0.253505501285483,-0.0674087575264641,0.526884237419861,0.119424613530246,41,0.962681964385885,node
auc_cc,alpha,total,39,7Networks_LH_Default_Temp_2,-0.0515686064750207,-0.361213734717213,0.268319693785473,0.755211188152168,41,0.986829273156327,node
auc_cc,alpha,social,39,7Networks_LH_Default_Temp_2,-0.172662353047315,-0.462963111469095,0.151091388185236,0.293206346190661,41,0.984783007931629,node
auc_cc,alpha,switching,39,7Networks_LH_Default_Temp_2,-0.0234803897335227,-0.336509782840862,0.294221835486213,0.887171972079721,41,0.987164207404616,node
auc_cc,alpha,detail,39,7Networks_LH_Default_Temp_2,-0.01973126898863,-0.333179463644263,0.297644218457249,0.90509778446413,41,0.987164207404616,node
auc_cc,alpha,communication,39,7Networks_LH_Default_Temp_2,0.00766087118459574,-0.308607544040387,0.322404019838282,0.963082153969081,41,0.987164207404616,node
auc_cc,alpha,imagination,39,7Networks_LH_Default_Temp_2,0.144925796700005,-0.178771400721011,0.440313869415742,0.378710328700543,41,0.986829273156327,node
auc_cc,alpha,total,40,7Networks_LH_Default_Par_1,-0.147881813001942,-0.442745738493253,0.175845604902705,0.368957318476772,41,0.986829273156327,node
auc_cc,alpha,social,40,7Networks_LH_Default_Par_1,-0.192516849189397,-0.478946473390947,0.130960597546873,0.240325298721845,41,0.984783007931629,node
auc_cc,alpha,switching,40,7Networks_LH_Default_Par_1,-0.171225628808991,-0.461799141206133,0.152537760917577,0.297302679183703,41,0.984783007931629,node
auc_cc,alpha,detail,40,7Networks_LH_Default_Par_1,-0.0532157427051017,-0.362649045154509,0.266786258017874,0.747643832213897,41,0.986829273156327,node
auc_cc,alpha,communication,40,7Networks_LH_Default_Par_1,0.00819204905789019,-0.308126845846262,0.322879933137214,0.960524338954141,41,0.987164207404616,node
auc_cc,alpha,imagination,40,7Networks_LH_Default_Par_1,0.0769456778847688,-0.244513088918769,0.383165605310515,0.641514166929964,41,0.986829273156327,node
auc_cc,alpha,total,41,7Networks_LH_Default_Par_2,-0.0402317166932714,-0.351294832750012,0.278830213038956,0.807873002152537,41,0.986829273156327,node
auc_cc,alpha,social,41,7Networks_LH_Default_Par_2,0.075280245953033,-0.246087428496564,0.381735488690417,0.648766457729378,41,0.986829273156327,node
auc_cc,alpha,switching,41,7Networks_LH_Default_Par_2,-0.286601835485714,-0.552190117559237,0.0317959023905258,0.0769083809841361,41,0.961488048131268,node
auc_cc,alpha,detail,41,7Networks_LH_Default_Par_2,0.00209627274701804,-0.313633627360529,0.317408788069594,0.989894832560898,41,0.989894832560898,node
auc_cc,alpha,communication,41,7Networks_LH_Default_Par_2,0.171250366734291,-0.15251286859061,0.461819191247216,0.297231838562628,41,0.984783007931629,node
auc_cc,alpha,imagination,41,7Networks_LH_Default_Par_2,-0.0747550030471188,-0.381284154813045,0.246583591266895,0.651060361259437,41,0.986829273156327,node
auc_cc,alpha,total,42,7Networks_LH_Default_PFC_1,-0.106478172687181,-0.408283821674701,0.216311541116929,0.518823892142468,41,0.986829273156327,node
auc_cc,alpha,social,42,7Networks_LH_Default_PFC_1,-0.184107388634441,-0.472199753831616,0.139519773358434,0.261876807800874,41,0.984783007931629,node
auc_cc,alpha,switching,42,7Networks_LH_Default_PFC_1,0.0872229047607353,-0.23476034032704,0.391958359171956,0.597504438623269,41,0.986829273156327,node
auc_cc,alpha,detail,42,7Networks_LH_Default_PFC_1,0.0694213885861943,-0.251612387112956,0.376692763835961,0.674530449915291,41,0.986829273156327,node
auc_cc,alpha,communication,42,7Networks_LH_Default_PFC_1,-0.0465779021551196,-0.356855870978643,0.272956017793804,0.778274915857525,41,0.986829273156327,node
auc_cc,alpha,imagination,42,7Networks_LH_Default_PFC_1,-0.268652716879646,-0.538526458127919,0.0512106603703775,0.098186553577081,41,0.961488048131268,node
auc_cc,alpha,total,43,7Networks_LH_Default_PFC_2,-0.326692078348077,-0.582201924602447,-0.0124532910360929,0.0423678898853885,41,0.961488048131268,node
auc_cc,alpha,social,43,7Networks_LH_Default_PFC_2,-0.356129154797554,-0.603804108336467,-0.0457471578467828,0.0260686690670409,41,0.750777669130777,node
auc_cc,alpha,switching,43,7Networks_LH_Default_PFC_2,0.0367473125809909,-0.282045347258482,0.348232155422905,0.824239679159856,41,0.986829273156327,node
auc_cc,alpha,detail,43,7Networks_LH_Default_PFC_2,-0.156907027223654,-0.450143898557825,0.166877130317009,0.340119348070721,41,0.984783007931629,node
auc_cc,alpha,communication,43,7Networks_LH_Default_PFC_2,-0.169673408543542,-0.460540475489149,0.154098848249028,0.301769325455376,41,0.984783007931629,node
auc_cc,alpha,imagination,43,7Networks_LH_Default_PFC_2,-0.268506240493262,-0.538414366935278,0.0513681089814398,0.0983770377503164,41,0.961488048131268,node
auc_cc,alpha,total,44,7Networks_LH_Default_PFC_3,0.0310535530715501,-0.287283735989,0.34321317455273,0.85113933877687,41,0.986829273156327,node
auc_cc,alpha,social,44,7Networks_LH_Default_PFC_3,-0.202540685413015,-0.486944406835843,0.120694916350403,0.216243811826755,41,0.984783007931629,node
auc_cc,alpha,switching,44,7Networks_LH_Default_PFC_3,0.110241299575519,-0.212678895447325,0.411451972629887,0.504070821596564,41,0.986829273156327,node
auc_cc,alpha,detail,44,7Networks_LH_Default_PFC_3,-0.0409129047690101,-0.35189279788384,0.278200829301458,0.804682547311724,41,0.986829273156327,node
auc_cc,alpha,communication,44,7Networks_LH_Default_PFC_3,0.166996301215993,-0.156787455855784,0.458366908532275,0.30957300735358,41,0.984783007931629,node
auc_cc,alpha,imagination,44,7Networks_LH_Default_PFC_3,0.137579145707103,-0.186018233659499,0.434251062910618,0.403599553314877,41,0.986829273156327,node
auc_cc,alpha,total,45,7Networks_LH_Default_PFC_4,-0.0287993611420172,-0.341221193193197,0.28935239547423,0.861836903683924,41,0.986829273156327,node
auc_cc,alpha,social,45,7Networks_LH_Default_PFC_4,-0.168511847389933,-0.459597821988413,0.15526598837706,0.305139681324286,41,0.984783007931629,node
auc_cc,alpha,switching,45,7Networks_LH_Default_PFC_4,0.103085956002471,-0.219578495870905,0.40542169296038,0.53230358805258,41,0.986829273156327,node
auc_cc,alpha,detail,45,7Networks_LH_Default_PFC_4,0.0490173875482398,-0.270691608488315,0.358987708786637,0.76697648063501,41,0.986829273156327,node
auc_cc,alpha,communication,45,7Networks_LH_Default_PFC_4,-0.00409342584771461,-0.319203608952436,0.311831782234882,0.980268898186964,41,0.98739073989985,node
auc_cc,alpha,imagination,45,7Networks_LH_Default_PFC_4,-0.0465068261517424,-0.356793709998837,0.273021939801119,0.778604790253813,41,0.986829273156327,node
auc_cc,alpha,total,46,7Networks_LH_Default_PFC_5,-0.162275461622001,-0.454525506367508,0.161516911140716,0.323642538977834,41,0.984783007931629,node
auc_cc,alpha,social,46,7Networks_LH_Default_PFC_5,-0.283471935004092,-0.549817725499032,0.0351987603106041,0.0803331940893145,41,0.961488048131268,node
auc_cc,alpha,switching,46,7Networks_LH_Default_PFC_5,-0.0949053762191784,-0.398494988684093,0.22742734108752,0.565493963487291,41,0.986829273156327,node
auc_cc,alpha,detail,46,7Networks_LH_Default_PFC_5,0.0112535580105656,-0.305353130900326,0.325619819550758,0.945790430225955,41,0.987164207404616,node
auc_cc,alpha,communication,46,7Networks_LH_Default_PFC_5,-0.136692438534162,-0.433517487537912,0.186890518634884,0.406665718964858,41,0.986829273156327,node
auc_cc,alpha,imagination,46,7Networks_LH_Default_PFC_5,0.154150189425455,-0.169622331688322,0.447888322209934,0.348777315309119,41,0.984783007931629,node
auc_cc,alpha,total,47,7Networks_LH_Default_PFC_6,-0.213404672405172,-0.495559164474825,0.109490192755775,0.192084374428033,41,0.984783007931629,node
auc_cc,alpha,social,47,7Networks_LH_Default_PFC_6,-0.0812702642292682,-0.386872311065031,0.240417110170378,0.622836172558808,41,0.986829273156327,node
auc_cc,alpha,switching,47,7Networks_LH_Default_PFC_6,-0.233230066162698,-0.511138207539539,0.0888292763789978,0.153025643916973,41,0.984783007931629,node
auc_cc,alpha,detail,47,7Networks_LH_Default_PFC_6,-0.0374313004249886,-0.348833883400437,0.281414781369591,0.821020887530668,41,0.986829273156327,node
auc_cc,alpha,communication,47,7Networks_LH_Default_PFC_6,-0.262212482038798,-0.53358902327124,0.058118331959406,0.106832005347919,41,0.961488048131268,node
auc_cc,alpha,imagination,47,7Networks_LH_Default_PFC_6,0.0565386307675042,-0.263687806976503,0.365540140497354,0.732449073185433,41,0.986829273156327,node
auc_cc,alpha,total,48,7Networks_LH_Default_PFC_7,0.110587168985052,-0.212344570066284,0.411742792948026,0.502725600217305,41,0.986829273156327,node
auc_cc,alpha,social,48,7Networks_LH_Default_PFC_7,0.150837740714295,-0.172914166580336,0.445173204615657,0.35935596009057,41,0.986829273156327,node
auc_cc,alpha,switching,48,7Networks_LH_Default_PFC_7,0.0653004561063081,-0.255485971818058,0.373134929656075,0.692875928743352,41,0.986829273156327,node
auc_cc,alpha,detail,48,7Networks_LH_Default_PFC_7,-0.0546043169336806,-0.363857905952624,0.265492276007692,0.741282406906319,41,0.986829273156327,node
auc_cc,alpha,communication,48,7Networks_LH_Default_PFC_7,0.0590071493314284,-0.261381733066396,0.367684034508937,0.721225521802371,41,0.986829273156327,node
auc_cc,alpha,imagination,48,7Networks_LH_Default_PFC_7,0.0754406708062276,-0.245935851999571,0.381873310391585,0.648066466363693,41,0.986829273156327,node
auc_cc,alpha,total,49,7Networks_LH_Default_pCunPCC_1,-0.124480486164781,-0.423374327687006,0.198852164969691,0.450229846077186,41,0.986829273156327,node
auc_cc,alpha,social,49,7Networks_LH_Default_pCunPCC_1,-0.111394054981379,-0.412421015373883,0.211564321356753,0.499594393961327,41,0.986829273156327,node
auc_cc,alpha,switching,49,7Networks_LH_Default_pCunPCC_1,0.00693080326391761,-0.309267967572009,0.321749649586506,0.966598286417019,41,0.987164207404616,node
auc_cc,alpha,detail,49,7Networks_LH_Default_pCunPCC_1,-0.0993779721562651,-0.402286345017159,0.223141298555603,0.547229860923659,41,0.986829273156327,node
auc_cc,alpha,communication,49,7Networks_LH_Default_pCunPCC_1,-0.0518949798097828,-0.361498252243091,0.268015978463068,0.753709931881569,41,0.986829273156327,node
auc_cc,alpha,imagination,49,7Networks_LH_Default_pCunPCC_1,-0.0924509510883236,-0.396409988712661,0.229774096186757,0.575634563604674,41,0.986829273156327,node
auc_cc,alpha,total,50,7Networks_LH_Default_pCunPCC_2,-0.192519035452887,-0.478948222991965,0.130958366073183,0.240319856566747,41,0.984783007931629,node
auc_cc,alpha,social,50,7Networks_LH_Default_pCunPCC_2,-0.0265497186394445,-0.339230430520097,0.291413921433451,0.872537160551067,41,0.986829273156327,node
auc_cc,alpha,switching,50,7Networks_LH_Default_pCunPCC_2,-0.283031071939805,-0.549483215886143,0.035677477904005,0.0808249910511219,41,0.961488048131268,node
auc_cc,alpha,detail,50,7Networks_LH_Default_pCunPCC_2,0.0333044378149298,-0.285215144120388,0.345199435470651,0.840483612144334,41,0.986829273156327,node
auc_cc,alpha,communication,50,7Networks_LH_Default_pCunPCC_2,-0.21930303972529,-0.500213224945394,0.103372263754207,0.179795788314879,41,0.984783007931629,node
auc_cc,alpha,imagination,50,7Networks_LH_Default_pCunPCC_2,-0.0364354214441134,-0.347957688667937,0.282332787156091,0.825708358395648,41,0.986829273156327,node
auc_cc,alpha,total,51,7Networks_RH_Vis_1,-0.0845366499757306,-0.389665476530225,0.237315780208234,0.60888042777659,41,0.913320641664886,node
auc_cc,alpha,social,51,7Networks_RH_Vis_1,-0.0567006139481024,-0.365680922530713,0.263536595481741,0.731710874621293,41,0.921413693967554,node
auc_cc,alpha,switching,51,7Networks_RH_Vis_1,-0.275502028096128,-0.543757255683814,0.0438304839389307,0.089590791404886,41,0.592553944951834,node
auc_cc,alpha,detail,51,7Networks_RH_Vis_1,0.106133131124178,-0.21664417214044,0.407992969191797,0.520187221280972,41,0.880012188024401,node
auc_cc,alpha,communication,51,7Networks_RH_Vis_1,0.0620035756633371,-0.258577568087889,0.370282012133755,0.707678900176839,41,0.919906845812549,node
auc_cc,alpha,imagination,51,7Networks_RH_Vis_1,-0.0480138375270352,-0.35811110954634,0.271623564641075,0.771618802353327,41,0.93708859219188,node
auc_cc,alpha,total,52,7Networks_RH_Vis_2,0.0401046267711013,-0.278947607444714,0.351183241716749,0.808468589342014,41,0.93708859219188,node
auc_cc,alpha,social,52,7Networks_RH_Vis_2,0.0462198224961682,-0.273288101190923,0.356542677100692,0.779937205780365,41,0.93708859219188,node
auc_cc,alpha,switching,52,7Networks_RH_Vis_2,0.02702436918349,-0.290979207165385,0.339650693433385,0.870277593221342,41,0.97392493279459,node
auc_cc,alpha,detail,52,7Networks_RH_Vis_2,-0.191532168584517,-0.478158231686428,0.131965307490078,0.242784881378902,41,0.750425996989334,node
auc_cc,alpha,communication,52,7Networks_RH_Vis_2,0.33514472241164,0.0219426016780841,0.58844197798065,0.0370125279240571,41,0.539325406893404,node
auc_cc,alpha,imagination,52,7Networks_RH_Vis_2,-0.121165168077041,-0.42060765425043,0.202082987722064,0.46247892046856,41,0.839694982160725,node
auc_cc,alpha,total,53,7Networks_RH_Vis_3,-0.437478465808624,-0.661668049195328,-0.141485916188744,0.00535196957367518,41,0.181966965504956,node
auc_cc,alpha,social,53,7Networks_RH_Vis_3,-0.27052812669362,-0.539960773697999,0.04919336166505,0.095772574228813,41,0.592553944951834,node
auc_cc,alpha,switching,53,7Networks_RH_Vis_3,-0.362028219649971,-0.608089776720952,-0.0525030879120998,0.0235285660423637,41,0.399985622720183,node
auc_cc,alpha,detail,53,7Networks_RH_Vis_3,-0.0124623066023519,-0.32670013292988,0.304256528129219,0.939977793504376,41,0.97392493279459,node
auc_cc,alpha,communication,53,7Networks_RH_Vis_3,-0.229594300431995,-0.50829478566144,0.0926391345540645,0.159715347985212,41,0.7404984315678,node
auc_cc,alpha,imagination,53,7Networks_RH_Vis_3,-0.369489717180783,-0.613490086199671,-0.0610891780523814,0.0206138482942365,41,0.399985622720183,node
auc_cc,alpha,total,54,7Networks_RH_Vis_4,0.178791480627151,-0.14490548940472,0.46791743808083,0.276141026964207,41,0.774887540405622,node
auc_cc,alpha,social,54,7Networks_RH_Vis_4,0.264868453859758,-0.0552732994933427,0.535627479714513,0.103199108171242,41,0.592553944951834,node
auc_cc,alpha,switching,54,7Networks_RH_Vis_4,-0.0672613025044709,-0.37482896913424,0.25364410334553,0.684124355430404,41,0.919906845812549,node
auc_cc,alpha,detail,54,7Networks_RH_Vis_4,-0.195647422514719,-0.481449448067022,0.127761924914327,0.232617686906533,41,0.749170245419585,node
auc_cc,alpha,communication,54,7Networks_RH_Vis_4,0.286100991560635,-0.0323409212419396,0.551810778303953,0.0774486129409216,41,0.592553944951834,node
auc_cc,alpha,imagination,54,7Networks_RH_Vis_4,0.253118437819842,-0.0678204697611039,0.526585388309078,0.120009216157828,41,0.612047002404922,node
auc_cc,alpha,total,55,7Networks_RH_Vis_5,0.0572127620474705,-0.263058401051209,0.366125945194734,0.729378454336138,41,0.921413693967554,node
auc_cc,alpha,social,55,7Networks_RH_Vis_5,0.13345239544219,-0.190073530152456,0.430833641446474,0.417982243763853,41,0.831679458858494,node
auc_cc,alpha,switching,55,7Networks_RH_Vis_5,0.0939528373356108,-0.228338539034701,0.397686192574444,0.569419651074612,41,0.880012188024401,node
auc_cc,alpha,detail,55,7Networks_RH_Vis_5,-0.406882589872457,-0.640213993242648,-0.104816543846818,0.010152200197025,41,0.258881105024136,node
auc_cc,alpha,communication,55,7Networks_RH_Vis_5,0.304556826243086,-0.0121313900338844,0.565716981824967,0.0594116712783211,41,0.592553944951834,node
auc_cc,alpha,imagination,55,7Networks_RH_Vis_5,0.0440489235897999,-0.275299765635976,0.35464240902139,0.790035441792452,41,0.93708859219188,node
auc_cc,alpha,total,56,7Networks_RH_Vis_6,-0.233747096158133,-0.511542067552573,0.0882867228536932,0.152091177707897,41,0.738728577438358,node
auc_cc,alpha,social,56,7Networks_RH_Vis_6,-0.263859188951995,-0.534853241165853,0.0563550198600917,0.104568343226794,41,0.592553944951834,node
auc_cc,alpha,switching,56,7Networks_RH_Vis_6,-0.208723164582796,-0.491853688391279,0.114328613456741,0.202250510212387,41,0.749170245419585,node
auc_cc,alpha,detail,56,7Networks_RH_Vis_6,0.0250809752305558,-0.292758255897497,0.337929191296545,0.879535335203402,41,0.97392493279459,node
auc_cc,alpha,communication,56,7Networks_RH_Vis_6,-0.00900939646622522,-0.323611931739392,0.307386858182196,0.956589283078975,41,0.97392493279459,node
auc_cc,alpha,imagination,56,7Networks_RH_Vis_6,-0.165714172316336,-0.457324701020022,0.158073395208855,0.313355222309897,41,0.780696610645817,node
auc_cc,alpha,total,57,7Networks_RH_Vis_7,0.175160297176868,-0.148573364212496,0.464984454201944,0.286171185674837,41,0.774887540405622,node
auc_cc,alpha,social,57,7Networks_RH_Vis_7,0.269590084688537,-0.0502026997904312,0.539243553649436,0.0969742397238665,41,0.592553944951834,node
auc_cc,alpha,switching,57,7Networks_RH_Vis_7,0.0112186559208374,-0.305384782359217,0.325588613774744,0.94595831012814,41,0.97392493279459,node
auc_cc,alpha,detail,57,7Networks_RH_Vis_7,-0.272729958954936,-0.541642742823744,0.0468216104378161,0.0929968583022718,41,0.592553944951834,node
auc_cc,alpha,communication,57,7Networks_RH_Vis_7,0.513584411150049,0.236364155281295,0.71348798400079,0.000826098038335356,41,0.0842619999102063,node
auc_cc,alpha,imagination,57,7Networks_RH_Vis_7,-0.067660178745045,-0.375173320184113,0.253269144600273,0.682349029621116,41,0.919906845812549,node
auc_cc,alpha,total,58,7Networks_RH_Vis_8,0.207450130617114,-0.115641671393052,0.490844288160411,0.20507879412346,41,0.749170245419585,node
auc_cc,alpha,social,58,7Networks_RH_Vis_8,0.203609598988532,-0.119596118590244,0.487794478978385,0.213777903126372,41,0.749170245419585,node
auc_cc,alpha,switching,58,7Networks_RH_Vis_8,0.125581266348885,-0.197777883265736,0.424291711002284,0.446202141987316,41,0.839694982160725,node
auc_cc,alpha,detail,58,7Networks_RH_Vis_8,-0.255606059954141,-0.528504886735994,0.0651725246343043,0.116289269190257,41,0.612047002404922,node
auc_cc,alpha,communication,58,7Networks_RH_Vis_8,0.468193313491501,0.179133434183644,0.682842514861199,0.00264851706714917,41,0.135074370424608,node
auc_cc,alpha,imagination,58,7Networks_RH_Vis_8,0.0295214158977239,-0.288690093153129,0.341859563198856,0.858407557759913,41,0.97392493279459,node
auc_cc,alpha,total,59,7Networks_RH_SomMot_1,-0.187791796651648,-0.475159831205525,0.135775713969424,0.252282073765655,41,0.877379875104004,node
auc_cc,alpha,social,59,7Networks_RH_SomMot_1,-0.00107321846687818,-0.316488503897622,0.314555754027038,0.99482640918023,41,0.99482640918023,node
auc_cc,alpha,switching,59,7Networks_RH_SomMot_1,-0.264424589091725,-0.535287033291552,0.0557491220525669,0.103799590965757,41,0.877379875104004,node
auc_cc,alpha,detail,59,7Networks_RH_SomMot_1,-0.213050566604375,-0.495279243581805,0.109856703041655,0.192840492027849,41,0.877379875104004,node
auc_cc,alpha,communication,59,7Networks_RH_SomMot_1,0.0941875106101088,-0.228114103169382,0.397885496334998,0.568451337852382,41,0.918267545761541,node
auc_cc,alpha,imagination,59,7Networks_RH_SomMot_1,-0.139972986015365,-0.436229530611347,0.183660778751852,0.395388419905777,41,0.877379875104004,node
auc_cc,alpha,total,60,7Networks_RH_SomMot_2,-0.0386410349264802,-0.349897500821216,0.280298856962373,0.815335074724096,41,0.961930825406456,node
auc_cc,alpha,social,60,7Networks_RH_SomMot_2,0.134241853709731,-0.189298594210613,0.431488063665226,0.415208640565443,41,0.877379875104004,node
auc_cc,alpha,switching,60,7Networks_RH_SomMot_2,-0.131160902847545,-0.428932333199169,0.192320589040276,0.426091941080091,41,0.877379875104004,node
auc_cc,alpha,detail,60,7Networks_RH_SomMot_2,-0.250721015379928,-0.524732847452085,0.0703681306851772,0.123678136003723,41,0.877379875104004,node
auc_cc,alpha,communication,60,7Networks_RH_SomMot_2,0.179049267543536,-0.144644759028697,0.468125416204468,0.275437811615087,41,0.877379875104004,node
auc_cc,alpha,imagination,60,7Networks_RH_SomMot_2,-0.0495904737922731,-0.359488053459101,0.270159137605473,0.764329022408133,41,0.961930825406456,node
auc_cc,alpha,total,61,7Networks_RH_SomMot_3,-0.292846286892945,-0.556910451433964,0.0249847496774919,0.0704171951846438,41,0.877379875104004,node
auc_cc,alpha,social,61,7Networks_RH_SomMot_3,-0.0429372587229976,-0.35366833328998,0.276328808806984,0.795219735119647,41,0.961930825406456,node
auc_cc,alpha,switching,61,7Networks_RH_SomMot_3,-0.215734134859082,-0.497399146410782,0.107076937562187,0.187162365883011,41,0.877379875104004,node
auc_cc,alpha,detail,61,7Networks_RH_SomMot_3,-0.131009592867073,-0.428806694630776,0.192468845716969,0.426630512533546,41,0.877379875104004,node
auc_cc,alpha,communication,61,7Networks_RH_SomMot_3,-0.186624239254987,-0.474222511478028,0.136963175522801,0.255296775366566,41,0.877379875104004,node
auc_cc,alpha,imagination,61,7Networks_RH_SomMot_3,-0.301541529297158,-0.563455106452795,0.0154509815571859,0.0621050860520638,41,0.877379875104004,node
auc_cc,alpha,total,62,7Networks_RH_SomMot_4,-0.00611635747873249,-0.321019295191293,0.310004360057856,0.970521529082429,41,0.99482640918023,node
auc_cc,alpha,social,62,7Networks_RH_SomMot_4,0.132325144780987,-0.191179346356192,0.429898663420984,0.421960689777705,41,0.877379875104004,node
auc_cc,alpha,switching,62,7Networks_RH_SomMot_4,-0.225296587913892,-0.504925820208896,0.0971304999008156,0.16789345568492,41,0.877379875104004,node
auc_cc,alpha,detail,62,7Networks_RH_SomMot_4,-0.0251980965062223,-0.338032999272126,0.29265110138641,0.878976944914535,41,0.971500833852907,node
auc_cc,alpha,communication,62,7Networks_RH_SomMot_4,-0.00195953882459483,-0.317285824020895,0.31375690652645,0.990553933398986,41,0.99482640918023,node
auc_cc,alpha,imagination,62,7Networks_RH_SomMot_4,0.129675161351008,-0.193775710479457,0.427698165173173,0.43139672303229,41,0.877379875104004,node
auc_cc,alpha,total,63,7Networks_RH_SomMot_5,-0.0842468189880722,-0.389417861779867,0.237591231068038,0.610113333701143,41,0.931809455107201,node
auc_cc,alpha,social,63,7Networks_RH_SomMot_5,0.0374743183131006,-0.281375114130182,0.348871719158392,0.820818544791307,41,0.961930825406456,node
auc_cc,alpha,switching,63,7Networks_RH_SomMot_5,-0.13783410078235,-0.434461915158569,0.185767330947399,0.40272040146005,41,0.877379875104004,node
auc_cc,alpha,detail,63,7Networks_RH_SomMot_5,0.0218020246014436,-0.29575493820441,0.335019869620296,0.895190497863339,41,0.976571452214551,node
auc_cc,alpha,communication,63,7Networks_RH_SomMot_5,-0.0477249136750495,-0.357858633659329,0.271891765398223,0.772956797825251,41,0.961930825406456,node
auc_cc,alpha,imagination,63,7Networks_RH_SomMot_5,-0.149370751647179,-0.443969024764015,0.174369719154279,0.364102023786111,41,0.877379875104004,node
auc_cc,alpha,total,64,7Networks_RH_SomMot_6,0.221515842632706,-0.101070775815988,0.501955043186925,0.175333433552767,41,0.877379875104004,node
auc_cc,alpha,social,64,7Networks_RH_SomMot_6,0.302982635760452,-0.0138653143398002,0.564536618830197,0.0608059821601847,41,0.877379875104004,node
auc_cc,alpha,switching,64,7Networks_RH_SomMot_6,-0.0266026783721809,-0.339277328071478,0.291365424149245,0.872284996716821,41,0.971500833852907,node
auc_cc,alpha,detail,64,7Networks_RH_SomMot_6,0.179662166763424,-0.144024681077106,0.468619764372137,0.273770595737279,41,0.877379875104004,node
auc_cc,alpha,communication,64,7Networks_RH_SomMot_6,-0.00608096097299647,-0.320987544873715,0.310036355702639,0.970692052711377,41,0.99482640918023,node
auc_cc,alpha,imagination,64,7Networks_RH_SomMot_6,0.132600869576658,-0.190908940260332,0.430127417429333,0.420985603297745,41,0.877379875104004,node
auc_cc,alpha,total,65,7Networks_RH_SomMot_7,0.174978781827182,-0.148756480230178,0.464837673257535,0.286678685758361,41,0.877379875104004,node
auc_cc,alpha,social,65,7Networks_RH_SomMot_7,0.101940553334421,-0.220679971254955,0.404453937211333,0.536893159137384,41,0.901980507350805,node
auc_cc,alpha,switching,65,7Networks_RH_SomMot_7,0.178771422233497,-0.144925774944052,0.467901253965185,0.276195793310723,41,0.877379875104004,node
auc_cc,alpha,detail,65,7Networks_RH_SomMot_7,0.0544588581465298,-0.265627879972359,0.36373132170718,0.741948005823806,41,0.961930825406456,node
auc_cc,alpha,communication,65,7Networks_RH_SomMot_7,-0.0147576234435178,-0.328749304010008,0.302171854174413,0.92894873935582,41,0.99482640918023,node
auc_cc,alpha,imagination,65,7Networks_RH_SomMot_7,0.173776887800041,-0.149968413041944,0.463865369027686,0.290053764314907,41,0.877379875104004,node
auc_cc,alpha,total,66,7Networks_RH_SomMot_8,0.219146957108854,-0.10353447152138,0.500090277886096,0.180113572426722,41,0.877379875104004,node
auc_cc,alpha,social,66,7Networks_RH_SomMot_8,0.12087542281009,-0.202365014527272,0.420365593352868,0.463557839439138,41,0.877379875104004,node
auc_cc,alpha,switching,66,7Networks_RH_SomMot_8,0.246267477273199,-0.0750896651171135,0.521284598386962,0.130715462260506,41,0.877379875104004,node
auc_cc,alpha,detail,66,7Networks_RH_SomMot_8,-0.116379590771132,-0.416604185337944,0.206734223503688,0.480469931604574,41,0.877379875104004,node
auc_cc,alpha,communication,66,7Networks_RH_SomMot_8,0.201716935981673,-0.12154115573226,0.48628893794747,0.218157488111033,41,0.877379875104004,node
auc_cc,alpha,imagination,66,7Networks_RH_SomMot_8,0.176080676867573,-0.14764452647857,0.465728466782704,0.283606850467726,41,0.877379875104004,node
auc_cc,alpha,total,67,7Networks_RH_DorsAttn_Post_1,-0.0243112040663415,-0.337246731370588,0.29346232261691,0.883206732678687,41,0.993607574263523,node
auc_cc,alpha,social,67,7Networks_RH_DorsAttn_Post_1,0.0865292326249639,-0.235420658624641,0.391366629964751,0.600433183398459,41,0.926091858830599,node
auc_cc,alpha,switching,67,7Networks_RH_DorsAttn_Post_1,-0.326629211421934,-0.58215540087323,-0.0123829252726438,0.0424099549321862,41,0.763379188779352,node
auc_cc,alpha,detail,67,7Networks_RH_DorsAttn_Post_1,0.207838165762372,-0.115241556092768,0.491152045390082,0.204213796606337,41,0.926091858830599,node
auc_cc,alpha,communication,67,7Networks_RH_DorsAttn_Post_1,-0.000330958093346787,-0.31582043483645,0.315224415325555,0.998404563267838,41,0.998404563267838,node
auc_cc,alpha,imagination,67,7Networks_RH_DorsAttn_Post_1,-0.0457686290648536,-0.356147942057339,0.273706429973187,0.782033125234728,41,0.926091858830599,node
auc_cc,alpha,total,68,7Networks_RH_DorsAttn_Post_2,-0.047007856078449,-0.357231837444937,0.272557177503207,0.776280253803837,41,0.926091858830599,node
auc_cc,alpha,social,68,7Networks_RH_DorsAttn_Post_2,-0.0174006374709246,-0.331105229321434,0.299767630515653,0.916265308288447,41,0.998404563267838,node
auc_cc,alpha,switching,68,7Networks_RH_DorsAttn_Post_2,-0.161883986296549,-0.454206469471627,0.1619084342476,0.324826908297257,41,0.926091858830599,node
auc_cc,alpha,detail,68,7Networks_RH_DorsAttn_Post_2,0.260601516896576,-0.059841439400782,0.532351070565652,0.109082370170753,41,0.926091858830599,node
auc_cc,alpha,communication,68,7Networks_RH_DorsAttn_Post_2,-0.102006365639705,-0.404509560667788,0.22061670518946,0.536628936920475,41,0.926091858830599,node
auc_cc,alpha,imagination,68,7Networks_RH_DorsAttn_Post_2,-0.149307983442301,-0.443917477652719,0.174431966478334,0.364305928547434,41,0.926091858830599,node
auc_cc,alpha,total,69,7Networks_RH_DorsAttn_Post_3,0.112230726618015,-0.210754835344337,0.413123921690361,0.496358118402848,41,0.926091858830599,node
auc_cc,alpha,social,69,7Networks_RH_DorsAttn_Post_3,0.0980911328691882,-0.224375742504118,0.401196573115725,0.552455949543981,41,0.926091858830599,node
auc_cc,alpha,switching,69,7Networks_RH_DorsAttn_Post_3,-0.059087929110238,-0.367754135878345,0.261306207271535,0.7208591986011,41,0.926091858830599,node
auc_cc,alpha,detail,69,7Networks_RH_DorsAttn_Post_3,0.173334772852866,-0.150413976112087,0.463507532443297,0.29130170625995,41,0.926091858830599,node
auc_cc,alpha,communication,69,7Networks_RH_DorsAttn_Post_3,-0.106082746603716,-0.407950492477084,0.216692738148097,0.520386448790082,41,0.926091858830599,node
auc_cc,alpha,imagination,69,7Networks_RH_DorsAttn_Post_3,0.242892472078404,-0.0786581930308809,0.518665431685618,0.136243710416888,41,0.926091858830599,node
auc_cc,alpha,total,70,7Networks_RH_DorsAttn_Post_4,-0.0316499280335841,-0.343739709084799,0.286735948772091,0.848313470351313,41,0.978823235020746,node
auc_cc,alpha,social,70,7Networks_RH_DorsAttn_Post_4,-0.0367004660876333,-0.348190933533163,0.282088524793671,0.824460239348786,41,0.963654825212866,node
auc_cc,alpha,switching,70,7Networks_RH_DorsAttn_Post_4,-0.131493433170156,-0.429208405600986,0.19199471699677,0.424909672755388,41,0.926091858830599,node
auc_cc,alpha,detail,70,7Networks_RH_DorsAttn_Post_4,0.0550025230450011,-0.265120983527607,0.364204382930358,0.739461222481515,41,0.926091858830599,node
auc_cc,alpha,communication,70,7Networks_RH_DorsAttn_Post_4,-0.0612692100881805,-0.36964574437881,0.259265314338253,0.710990901942527,41,0.926091858830599,node
auc_cc,alpha,imagination,70,7Networks_RH_DorsAttn_Post_4,0.136775104039552,-0.186809219236174,0.433585893578407,0.406379305995696,41,0.926091858830599,node
auc_cc,alpha,total,71,7Networks_RH_DorsAttn_Post_5,-0.0925887993261986,-0.396527172033988,0.229642394273397,0.575062859556082,41,0.926091858830599,node
auc_cc,alpha,social,71,7Networks_RH_DorsAttn_Post_5,-0.193166700520748,-0.479466429726608,0.130297163461379,0.238711321153897,41,0.926091858830599,node
auc_cc,alpha,switching,71,7Networks_RH_DorsAttn_Post_5,-0.154527619978352,-0.448197347590962,0.169246790869291,0.347584114971036,41,0.926091858830599,node
auc_cc,alpha,detail,71,7Networks_RH_DorsAttn_Post_5,0.106686674565951,-0.216110502355762,0.408459548453388,0.518000917670864,41,0.926091858830599,node
auc_cc,alpha,communication,71,7Networks_RH_DorsAttn_Post_5,-0.00936170819932814,-0.323927338380372,0.30706777374707,0.954893412907549,41,0.998404563267838,node
auc_cc,alpha,imagination,71,7Networks_RH_DorsAttn_Post_5,0.0597325422500357,-0.260703379714722,0.368313410900338,0.717938188852897,41,0.926091858830599,node
auc_cc,alpha,total,72,7Networks_RH_DorsAttn_PrCv_1,-0.0610959650168893,-0.369495599510786,0.259427514012015,0.711773006155693,41,0.926091858830599,node
auc_cc,alpha,social,72,7Networks_RH_DorsAttn_PrCv_1,0.192485329267893,-0.130992768911151,0.478921248691403,0.240403768920747,41,0.926091858830599,node
auc_cc,alpha,switching,72,7Networks_RH_DorsAttn_PrCv_1,-0.232313400510083,-0.510421884239916,0.0897907242872869,0.154692681593959,41,0.926091858830599,node
auc_cc,alpha,detail,72,7Networks_RH_DorsAttn_PrCv_1,0.0286067985534888,-0.289528971431751,0.341050899546146,0.862751890119796,41,0.982881900136477,node
auc_cc,alpha,communication,72,7Networks_RH_DorsAttn_PrCv_1,-0.122510201220621,-0.421730772657945,0.200773082174394,0.457488080709157,41,0.926091858830599,node
auc_cc,alpha,imagination,72,7Networks_RH_DorsAttn_PrCv_1,-0.0930713111862897,-0.396937272239066,0.229181303503021,0.57306374716055,41,0.926091858830599,node
auc_cc,alpha,total,73,7Networks_RH_DorsAttn_FEF_1,-0.11190175977499,-0.412847592144478,0.211073166055986,0.49762929351402,41,0.926091858830599,node
auc_cc,alpha,social,73,7Networks_RH_DorsAttn_FEF_1,0.185464295101111,-0.138141973835717,0.473290657638569,0.258315500618352,41,0.926091858830599,node
auc_cc,alpha,switching,73,7Networks_RH_DorsAttn_FEF_1,-0.0943063970559298,-0.397986453501489,0.228000389964216,0.567961074632034,41,0.926091858830599,node
auc_cc,alpha,detail,73,7Networks_RH_DorsAttn_FEF_1,-0.14161651722074,-0.437586224422432,0.182040070273624,0.389807422035657,41,0.926091858830599,node
auc_cc,alpha,communication,73,7Networks_RH_DorsAttn_FEF_1,-0.175997051945101,-0.465660883335651,0.147728943482877,0.283839225580461,41,0.926091858830599,node
auc_cc,alpha,imagination,73,7Networks_RH_DorsAttn_FEF_1,-0.17098546601472,-0.461604474284687,0.152779401336563,0.297990982455285,41,0.926091858830599,node
auc_cc,alpha,total,74,7Networks_RH_SalVentAttn_TempOccPar_1,-0.00881098916575703,-0.323434277071248,0.307566521940156,0.957544409963835,41,0.970884819130715,node
auc_cc,alpha,social,74,7Networks_RH_SalVentAttn_TempOccPar_1,-0.0311378870664017,-0.343287644253168,0.28720628547616,0.850739617698465,41,0.95497553494548,node
auc_cc,alpha,switching,74,7Networks_RH_SalVentAttn_TempOccPar_1,-0.230164000672941,-0.508740732748697,0.0920427779388635,0.158653343010485,41,0.951424692744568,node
auc_cc,alpha,detail,74,7Networks_RH_SalVentAttn_TempOccPar_1,0.0854584274813215,-0.2364393930305,0.390452696502098,0.604966387236358,41,0.951424692744568,node
auc_cc,alpha,communication,74,7Networks_RH_SalVentAttn_TempOccPar_1,-0.0389621129840421,-0.350179662956537,0.280002532392813,0.813827543564538,41,0.951424692744568,node
auc_cc,alpha,imagination,74,7Networks_RH_SalVentAttn_TempOccPar_1,0.290212902825313,-0.0278607232475695,0.554921889688713,0.0730999889985192,41,0.951424692744568,node
auc_cc,alpha,total,75,7Networks_RH_SalVentAttn_TempOccPar_2,-0.0524675492813614,-0.361997253167636,0.267483005155208,0.751078377841174,41,0.951424692744568,node
auc_cc,alpha,social,75,7Networks_RH_SalVentAttn_TempOccPar_2,-0.077732740907153,-0.383840950688912,0.24376848483659,0.638098147362981,41,0.951424692744568,node
auc_cc,alpha,switching,75,7Networks_RH_SalVentAttn_TempOccPar_2,-0.163487547097409,-0.45551283278513,0.160304031024163,0.319992630116569,41,0.951424692744568,node
auc_cc,alpha,detail,75,7Networks_RH_SalVentAttn_TempOccPar_2,0.0713659336150795,-0.249780979443983,0.378368457393447,0.66593698241494,41,0.951424692744568,node
auc_cc,alpha,communication,75,7Networks_RH_SalVentAttn_TempOccPar_2,0.0740367123693731,-0.247261841101525,0.380666701042437,0.654202497983549,41,0.951424692744568,node
auc_cc,alpha,imagination,75,7Networks_RH_SalVentAttn_TempOccPar_2,-0.0231692219691317,-0.336233672229108,0.294506195214163,0.888657789463155,41,0.95497553494548,node
auc_cc,alpha,total,76,7Networks_RH_SalVentAttn_FrOperIns_1,-0.327652403033758,-0.582912390598069,-0.0135285513481229,0.0417295195197223,41,0.951424692744568,node
auc_cc,alpha,social,76,7Networks_RH_SalVentAttn_FrOperIns_1,-0.079566626659288,-0.385413260795913,0.242032058275119,0.630167318073849,41,0.951424692744568,node
auc_cc,alpha,switching,76,7Networks_RH_SalVentAttn_FrOperIns_1,-0.504366448214423,-0.707325822402979,-0.224584061653305,0.00106038658173024,41,0.076347833884577,node
auc_cc,alpha,detail,76,7Networks_RH_SalVentAttn_FrOperIns_1,-0.112376813602614,-0.413246615838358,0.210613449665249,0.495794150215653,41,0.951424692744568,node
auc_cc,alpha,communication,76,7Networks_RH_SalVentAttn_FrOperIns_1,-0.108916628739801,-0.410337570792663,0.213958654014757,0.509239774987796,41,0.951424692744568,node
auc_cc,alpha,imagination,76,7Networks_RH_SalVentAttn_FrOperIns_1,-0.0688193492503821,-0.37617355404845,0.252178932936575,0.677199359303306,41,0.951424692744568,node
auc_cc,alpha,total,77,7Networks_RH_SalVentAttn_Med_1,0.256189278767744,-0.0645510639561797,0.528954506478821,0.115429840646013,41,0.951424692744568,node
auc_cc,alpha,social,77,7Networks_RH_SalVentAttn_Med_1,0.339337477629528,0.0266706056928781,0.591526069052362,0.0345688752342887,41,0.951424692744568,node
auc_cc,alpha,switching,77,7Networks_RH_SalVentAttn_Med_1,0.144932616421681,-0.178764657302082,0.440319484888176,0.378687654296775,41,0.951424692744568,node
auc_cc,alpha,detail,77,7Networks_RH_SalVentAttn_Med_1,-0.124973970189674,-0.423785669999972,0.198370656387441,0.448421773484252,41,0.951424692744568,node
auc_cc,alpha,communication,77,7Networks_RH_SalVentAttn_Med_1,0.159659700372776,-0.16413105826188,0.452392340149669,0.331607506627086,41,0.951424692744568,node
auc_cc,alpha,imagination,77,7Networks_RH_SalVentAttn_Med_1,0.169541619753402,-0.154231315478013,0.460433556581865,0.302150520841748,41,0.951424692744568,node
auc_cc,alpha,total,78,7Networks_RH_SalVentAttn_Med_2,0.144326348478278,-0.179364023194771,0.43982018345613,0.38070652024236,41,0.951424692744568,node
auc_cc,alpha,social,78,7Networks_RH_SalVentAttn_Med_2,0.300254354669192,-0.0168659288930719,0.562488356260656,0.063283949745089,41,0.951424692744568,node
auc_cc,alpha,switching,78,7Networks_RH_SalVentAttn_Med_2,-0.0696876488843789,-0.376922330053309,0.251361754126353,0.673351336043315,41,0.951424692744568,node
auc_cc,alpha,detail,78,7Networks_RH_SalVentAttn_Med_2,-0.0980535513426727,-0.401164733947462,0.224411778303535,0.552608927123264,41,0.951424692744568,node
auc_cc,alpha,communication,78,7Networks_RH_SalVentAttn_Med_2,0.104481991295228,-0.218234886641588,0.406600293669845,0.526735625842452,41,0.951424692744568,node
auc_cc,alpha,imagination,78,7Networks_RH_SalVentAttn_Med_2,0.159472243805502,-0.164318224675718,0.452239339659017,0.332182935429496,41,0.951424692744568,node
auc_cc,alpha,total,79,7Networks_RH_Limbic_OFC_1,-0.400203292573542,-0.635481511851279,-0.0969191161203179,0.0115880401343382,41,0.202284074098226,node
auc_cc,alpha,social,79,7Networks_RH_Limbic_OFC_1,-0.293132270254807,-0.557126225535444,0.0246721042791375,0.0701305702925373,41,0.350652851462687,node
auc_cc,alpha,switching,79,7Networks_RH_Limbic_OFC_1,-0.23737595597107,-0.514373175704132,0.0844733373390362,0.14564939130673,41,0.624211677028841,node
auc_cc,alpha,detail,79,7Networks_RH_Limbic_OFC_1,-0.066862617324395,-0.374484698203046,0.254018786141512,0.68590050508096,41,0.936691788523054,node
auc_cc,alpha,communication,79,7Networks_RH_Limbic_OFC_1,-0.348200567913018,-0.598021349664478,-0.036711414927224,0.0298367226216223,41,0.202284074098226,node
auc_cc,alpha,imagination,79,7Networks_RH_Limbic_OFC_1,-0.145584505046138,-0.440856154178462,0.178119921940241,0.376523936853061,41,0.753047873706121,node
auc_cc,alpha,total,80,7Networks_RH_Limbic_TempPole_1,-0.340861575820915,-0.592645333603533,-0.0283927445821165,0.0337140123497044,41,0.202284074098226,node
auc_cc,alpha,social,80,7Networks_RH_Limbic_TempPole_1,-0.183335951139724,-0.471579152219986,0.140302530787084,0.263915939646907,41,0.644177698029231,node
auc_cc,alpha,switching,80,7Networks_RH_Limbic_TempPole_1,-0.383747940095188,-0.62374648979325,-0.0776243215634499,0.0158794009143868,41,0.202284074098226,node
auc_cc,alpha,detail,80,7Networks_RH_Limbic_TempPole_1,0.0196537960744192,-0.29771485364791,0.333110562388288,0.905468728905619,41,0.936691788523054,node
auc_cc,alpha,communication,80,7Networks_RH_Limbic_TempPole_1,-0.186064739355413,-0.473773111539821,0.137531884180383,0.256749911123261,41,0.644177698029231,node
auc_cc,alpha,imagination,80,7Networks_RH_Limbic_TempPole_1,-0.214683638743126,-0.496569700393062,0.108165691992545,0.18937082561735,41,0.640164698246816,node
auc_cc,alpha,total,81,7Networks_RH_Cont_Par_1,-0.1445744922186,-0.440024568193172,0.17911873348915,0.379879439207412,41,0.932243353448501,node
auc_cc,alpha,social,81,7Networks_RH_Cont_Par_1,-0.13935656417818,-0.43572034228182,0.184268187329686,0.397493503338817,41,0.932243353448501,node
auc_cc,alpha,switching,81,7Networks_RH_Cont_Par_1,-0.221264586947002,-0.50175738050794,0.101332275239509,0.175836091931829,41,0.932243353448501,node
auc_cc,alpha,detail,81,7Networks_RH_Cont_Par_1,0.165245131941932,-0.158543555330446,0.456943230704449,0.314746121110048,41,0.932243353448501,node
auc_cc,alpha,communication,81,7Networks_RH_Cont_Par_1,-0.175508694222484,-0.465266138069844,0.148221832665304,0.285198731217642,41,0.932243353448501,node
auc_cc,alpha,imagination,81,7Networks_RH_Cont_Par_1,-0.000129649447241589,-0.315639193696838,0.315405709153107,0.999375003644044,41,0.999375003644045,node
auc_cc,alpha,total,82,7Networks_RH_Cont_Par_2,0.0172250680871972,-0.299927462617602,0.33094885176625,0.917107240743529,41,0.950264944458337,node
auc_cc,alpha,social,82,7Networks_RH_Cont_Par_2,0.0160950695965773,-0.30095574699494,0.329941963084967,0.922528175055276,41,0.950264944458337,node
auc_cc,alpha,switching,82,7Networks_RH_Cont_Par_2,-0.283723618949849,-0.550008655111456,0.0349254000339178,0.0800534793358665,41,0.889084024705333,node
auc_cc,alpha,detail,82,7Networks_RH_Cont_Par_2,0.0675585766683558,-0.253364663546947,0.375085614863346,0.68280108254328,41,0.932243353448501,node
auc_cc,alpha,communication,82,7Networks_RH_Cont_Par_2,0.218989461939837,-0.103698129877714,0.499966206670786,0.180434637827787,41,0.932243353448501,node
auc_cc,alpha,imagination,82,7Networks_RH_Cont_Par_2,0.0856238296438607,-0.236282080188174,0.390593906712519,0.604265204721025,41,0.932243353448501,node
auc_cc,alpha,total,83,7Networks_RH_Cont_PFCl_1,0.0525648934364814,-0.267392373379869,0.362082072086438,0.750631254949537,41,0.932243353448501,node
auc_cc,alpha,social,83,7Networks_RH_Cont_PFCl_1,-0.00858702165871473,-0.323233709041091,0.307769304129786,0.958622653086241,41,0.971072297931517,node
auc_cc,alpha,switching,83,7Networks_RH_Cont_PFCl_1,0.170429423108042,-0.153338716814331,0.461153659384595,0.299588507701292,41,0.932243353448501,node
auc_cc,alpha,detail,83,7Networks_RH_Cont_PFCl_1,-0.155941094416586,-0.449354021913608,0.167839557629679,0.343137745882619,41,0.932243353448501,node
auc_cc,alpha,communication,83,7Networks_RH_Cont_PFCl_1,0.058817833325109,-0.26155872043269,0.367519730745289,0.722084279373485,41,0.932243353448501,node
auc_cc,alpha,imagination,83,7Networks_RH_Cont_PFCl_1,0.107753408988742,-0.215081522212224,0.409358249510596,0.513800579996218,41,0.932243353448501,node
auc_cc,alpha,total,84,7Networks_RH_Cont_PFCl_2,-0.0931201706707134,-0.39697879250558,0.229134605067895,0.572861492051746,41,0.932243353448501,node
auc_cc,alpha,social,84,7Networks_RH_Cont_PFCl_2,0.0996952499819986,-0.222836780059964,0.402554902869273,0.545944952311812,41,0.932243353448501,node
auc_cc,alpha,switching,84,7Networks_RH_Cont_PFCl_2,-0.126562107199865,-0.425108621359987,0.196819998803647,0.442629928000898,41,0.932243353448501,node
auc_cc,alpha,detail,84,7Networks_RH_Cont_PFCl_2,-0.0179302376707598,-0.331576833536968,0.299285393509373,0.913726191422407,41,0.950264944458337,node
auc_cc,alpha,communication,84,7Networks_RH_Cont_PFCl_2,-0.274192102415644,-0.54275847879112,0.045244637773024,0.0911881050979828,41,0.889084024705333,node
auc_cc,alpha,imagination,84,7Networks_RH_Cont_PFCl_2,0.0424619855622296,-0.276768535204546,0.353251678228056,0.797438852766884,41,0.932243353448501,node
auc_cc,alpha,total,85,7Networks_RH_Cont_PFCl_3,-0.0669686318371271,-0.374576251682963,0.253919163509991,0.685428045629329,41,0.932243353448501,node
auc_cc,alpha,social,85,7Networks_RH_Cont_PFCl_3,0.038970581611513,-0.279994715830728,0.350187104388646,0.813787790444039,41,0.933462465509339,node
auc_cc,alpha,switching,85,7Networks_RH_Cont_PFCl_3,-0.0800253537479308,-0.385806280015902,0.241597387236267,0.62818983308589,41,0.932243353448501,node
auc_cc,alpha,detail,85,7Networks_RH_Cont_PFCl_3,-0.0744362153876825,-0.381010153762891,0.24688464708484,0.652454156934796,41,0.932243353448501,node
auc_cc,alpha,communication,85,7Networks_RH_Cont_PFCl_3,-0.191729752705258,-0.478316435793902,0.131763757612068,0.242289990694119,41,0.932243353448501,node
auc_cc,alpha,imagination,85,7Networks_RH_Cont_PFCl_3,0.149484525120297,-0.174256883232266,0.44406245394407,0.363732601013251,41,0.932243353448501,node
auc_cc,alpha,total,86,7Networks_RH_Cont_PFCl_4,-0.0740672571195491,-0.380692963349458,0.247233005465404,0.654068760911895,41,0.932243353448501,node
auc_cc,alpha,social,86,7Networks_RH_Cont_PFCl_4,0.0832113092618067,-0.238574940759822,0.388532821969442,0.614526919466374,41,0.932243353448501,node
auc_cc,alpha,switching,86,7Networks_RH_Cont_PFCl_4,-0.022473244317765,-0.335615910772696,0.295142008747882,0.891982413907922,41,0.950264944458337,node
auc_cc,alpha,detail,86,7Networks_RH_Cont_PFCl_4,-0.14940753880201,-0.443999234560265,0.174333236074331,0.363982551199596,41,0.932243353448501,node
auc_cc,alpha,communication,86,7Networks_RH_Cont_PFCl_4,-0.173299112572828,-0.463478665794938,0.15044990878113,0.291402513851263,41,0.932243353448501,node
auc_cc,alpha,imagination,86,7Networks_RH_Cont_PFCl_4,0.0454276078000057,-0.274022531278603,0.355849519680096,0.783618272620829,41,0.932243353448501,node
auc_cc,alpha,total,87,7Networks_RH_Cont_Cing_1,0.132722588327138,-0.190789553826991,0.430228388764461,0.420555555004569,41,0.932243353448501,node
auc_cc,alpha,social,87,7Networks_RH_Cont_Cing_1,0.307647537530456,-0.00872151341962752,0.568031356561365,0.0567481679699991,41,0.737726183609989,node
auc_cc,alpha,switching,87,7Networks_RH_Cont_Cing_1,-0.0184434277751932,-0.332033675219097,0.298817944360245,0.911266556121451,41,0.950264944458337,node
auc_cc,alpha,detail,87,7Networks_RH_Cont_Cing_1,-0.16667197378758,-0.458103347329666,0.157112850939125,0.310527012953589,41,0.932243353448501,node
auc_cc,alpha,communication,87,7Networks_RH_Cont_Cing_1,0.139786785497254,-0.183844282719645,0.436075741763136,0.396023613533969,41,0.932243353448501,node
auc_cc,alpha,imagination,87,7Networks_RH_Cont_Cing_1,0.0785982915689728,-0.242949189372319,0.384583265084465,0.634349964674112,41,0.932243353448501,node
auc_cc,alpha,total,88,7Networks_RH_Cont_PFCmp_1,-0.39972982508446,-0.635145373705798,-0.0963607462231926,0.0116960659270933,41,0.556612193396414,node
auc_cc,alpha,social,88,7Networks_RH_Cont_PFCmp_1,-0.36813826101572,-0.612513650073431,-0.0595306390808457,0.021118156387983,41,0.556612193396414,node
auc_cc,alpha,switching,88,7Networks_RH_Cont_PFCmp_1,-0.14596370187906,-0.441168232034362,0.177744758184676,0.375268696466333,41,0.932243353448501,node
auc_cc,alpha,detail,88,7Networks_RH_Cont_PFCmp_1,-0.14745310951919,-0.442393319480342,0.176270280459919,0.370362407166146,41,0.932243353448501,node
auc_cc,alpha,communication,88,7Networks_RH_Cont_PFCmp_1,-0.367373260720835,-0.611960601479899,-0.0586490846369816,0.0214081612844775,41,0.556612193396414,node
auc_cc,alpha,imagination,88,7Networks_RH_Cont_PFCmp_1,-0.0153927472317718,-0.329315796496097,0.301594480196603,0.925899176651713,41,0.950264944458337,node
auc_cc,alpha,total,89,7Networks_RH_Cont_pCun_1,-0.0462050369586862,-0.356529743451233,0.273301811674595,0.780005864518499,41,0.932243353448501,node
auc_cc,alpha,social,89,7Networks_RH_Cont_pCun_1,-0.0417485053070883,-0.352625963930976,0.277428401744031,0.800773136936533,41,0.932243353448501,node
auc_cc,alpha,switching,89,7Networks_RH_Cont_pCun_1,0.0653994579766168,-0.255393032847659,0.373220509846658,0.692433112641824,41,0.932243353448501,node
auc_cc,alpha,detail,89,7Networks_RH_Cont_pCun_1,-0.120860191902063,-0.420352867868016,0.202379838219284,0.463614591651401,41,0.932243353448501,node
auc_cc,alpha,communication,89,7Networks_RH_Cont_pCun_1,-0.0761828171798323,-0.382510714315443,0.245234434669469,0.644832102651666,41,0.932243353448501,node
auc_cc,alpha,imagination,89,7Networks_RH_Cont_pCun_1,0.0650299111741018,-0.255739918275163,0.372901035769135,0.694086536467645,41,0.932243353448501,node
auc_cc,alpha,total,90,7Networks_RH_Default_Par_1,0.156286729108806,-0.167495248187737,0.449636712066065,0.342055808497215,41,0.984783007931629,node
auc_cc,alpha,social,90,7Networks_RH_Default_Par_1,0.134559532190962,-0.188986645759902,0.431751315314257,0.414095490190812,41,0.986829273156327,node
auc_cc,alpha,switching,90,7Networks_RH_Default_Par_1,-0.172830266655984,-0.463099082314961,0.150922256410798,0.292729979323894,41,0.984783007931629,node
auc_cc,alpha,detail,90,7Networks_RH_Default_Par_1,0.287871591795784,-0.0304133032724982,0.553151338619178,0.0755519588477546,41,0.961488048131268,node
auc_cc,alpha,communication,90,7Networks_RH_Default_Par_1,0.0516816499057269,-0.268214505434991,0.361312287398919,0.754691108860305,41,0.986829273156327,node
auc_cc,alpha,imagination,90,7Networks_RH_Default_Par_1,0.155063620860509,-0.168713312043584,0.448636083575855,0.34589389784372,41,0.984783007931629,node
auc_cc,alpha,total,91,7Networks_RH_Default_Temp_1,-0.36846927611311,-0.612752879680242,-0.0599122363426932,0.0209936922731328,41,0.750777669130777,node
auc_cc,alpha,social,91,7Networks_RH_Default_Temp_1,-0.252903189380793,-0.526419167180607,0.0680493782517686,0.120335245548236,41,0.962681964385885,node
auc_cc,alpha,switching,91,7Networks_RH_Default_Temp_1,-0.368249538342248,-0.612594076872193,-0.0596589105474253,0.0210762467210519,41,0.750777669130777,node
auc_cc,alpha,detail,91,7Networks_RH_Default_Temp_1,-0.0861666340155407,-0.391057218944821,0.235765704154551,0.601966578739191,41,0.986829273156327,node
auc_cc,alpha,communication,91,7Networks_RH_Default_Temp_1,-0.112758811397686,-0.413567392894658,0.210243681277465,0.494321000622617,41,0.986829273156327,node
auc_cc,alpha,imagination,91,7Networks_RH_Default_Temp_1,-0.170413474878312,-0.461140727053538,0.153354755847076,0.299634408010269,41,0.984783007931629,node
auc_cc,alpha,total,92,7Networks_RH_Default_Temp_2,-0.365377086416371,-0.610516361808533,-0.0563510417973098,0.022180583762742,41,0.750777669130777,node
auc_cc,alpha,social,92,7Networks_RH_Default_Temp_2,-0.315924170653042,-0.574208819709765,-0.000446191326009873,0.0500824387716201,41,0.961488048131268,node
auc_cc,alpha,switching,92,7Networks_RH_Default_Temp_2,-0.364986447093187,-0.610233541912687,-0.0559017113692244,0.0223344279245074,41,0.750777669130777,node
auc_cc,alpha,detail,92,7Networks_RH_Default_Temp_2,0.0222098131603595,-0.295382594109007,0.335382014561451,0.893241279715353,41,0.987164207404616,node
auc_cc,alpha,communication,92,7Networks_RH_Default_Temp_2,-0.198878137584974,-0.484027610292944,0.124453863045495,0.224841651020331,41,0.984783007931629,node
auc_cc,alpha,imagination,92,7Networks_RH_Default_Temp_2,-0.101797807180896,-0.404333282864802,0.220817185313244,0.537466469623297,41,0.986829273156327,node
auc_cc,alpha,total,93,7Networks_RH_Default_Temp_3,-0.121314316582693,-0.420732240257536,0.201937791447157,0.461924063122368,41,0.986829273156327,node
auc_cc,alpha,social,93,7Networks_RH_Default_Temp_3,0.0125188048607362,-0.304205251148247,0.326750607904054,0.939706177038561,41,0.987164207404616,node
auc_cc,alpha,switching,93,7Networks_RH_Default_Temp_3,-0.247959955537965,-0.52259609540367,0.0732970360498971,0.128006815393003,41,0.970156916662761,node
auc_cc,alpha,detail,93,7Networks_RH_Default_Temp_3,-0.171923767315365,-0.462364867089117,0.151835107159719,0.295307614979354,41,0.984783007931629,node
auc_cc,alpha,communication,93,7Networks_RH_Default_Temp_3,0.0302959324131031,-0.287979331757042,0.342543994468302,0.854731895717474,41,0.986829273156327,node
auc_cc,alpha,imagination,93,7Networks_RH_Default_Temp_3,0.0905284859468217,-0.231609614055497,0.394774688643609,0.583634376017579,41,0.986829273156327,node
auc_cc,alpha,total,94,7Networks_RH_Default_PFCv_1,-0.0721903489381272,-0.37907828275551,0.249003836014476,0.662306247223063,41,0.986829273156327,node
auc_cc,alpha,social,94,7Networks_RH_Default_PFCv_1,0.0330062402015055,-0.285489362163226,0.344936455723012,0.84189371795354,41,0.986829273156327,node
auc_cc,alpha,switching,94,7Networks_RH_Default_PFCv_1,-0.0579488995863209,-0.366765352384642,0.262370791158709,0.726030149842489,41,0.986829273156327,node
auc_cc,alpha,detail,94,7Networks_RH_Default_PFCv_1,-0.103504001272999,-0.405774732518658,0.219176278025669,0.530633259677073,41,0.986829273156327,node
auc_cc,alpha,communication,94,7Networks_RH_Default_PFCv_1,-0.00403844623385384,-0.319154229580444,0.311881415652309,0.980533859761656,41,0.98739073989985,node
auc_cc,alpha,imagination,94,7Networks_RH_Default_PFCv_1,-0.0926456484916779,-0.396575496020636,0.229588076439687,0.574827161506055,41,0.986829273156327,node
auc_cc,alpha,total,95,7Networks_RH_Default_PFCv_2,-0.0671771766050527,-0.374756332155649,0.253723172558428,0.684498998777852,41,0.986829273156327,node
auc_cc,alpha,social,95,7Networks_RH_Default_PFCv_2,0.075832071394232,-0.245565973444438,0.382209507190256,0.646359896830005,41,0.986829273156327,node
auc_cc,alpha,switching,95,7Networks_RH_Default_PFCv_2,-0.143988651343113,-0.43954198847228,0.179697771652712,0.381833791098043,41,0.986829273156327,node
auc_cc,alpha,detail,95,7Networks_RH_Default_PFCv_2,0.0615371853485467,-0.259014388465756,0.369877956557546,0.709781718742651,41,0.986829273156327,node
auc_cc,alpha,communication,95,7Networks_RH_Default_PFCv_2,-0.19290841371363,-0.479259794431551,0.130560883494156,0.239351924586308,41,0.984783007931629,node
auc_cc,alpha,imagination,95,7Networks_RH_Default_PFCv_2,-0.00952982637788442,-0.324077821330321,0.306915486087351,0.95408423618423,41,0.987164207404616,node
auc_cc,alpha,total,96,7Networks_RH_Default_PFCdPFCm_1,0.027937108828212,-0.290142894665172,0.340458496513665,0.865935376234812,41,0.986829273156327,node
auc_cc,alpha,social,96,7Networks_RH_Default_PFCdPFCm_1,-0.0335025156593017,-0.345374092771252,0.285032965885404,0.839547219899082,41,0.986829273156327,node
auc_cc,alpha,switching,96,7Networks_RH_Default_PFCdPFCm_1,0.0466075965908993,-0.272928475727727,0.356881840044104,0.778137110866539,41,0.986829273156327,node
auc_cc,alpha,detail,96,7Networks_RH_Default_PFCdPFCm_1,-0.208478484383231,-0.491659738296245,0.114581074012909,0.20279198607052,41,0.984783007931629,node
auc_cc,alpha,communication,96,7Networks_RH_Default_PFCdPFCm_1,0.0721240676542125,-0.249066332030039,0.379021227614557,0.662597871017447,41,0.986829273156327,node
auc_cc,alpha,imagination,96,7Networks_RH_Default_PFCdPFCm_1,0.297678530932366,-0.0196936354267685,0.560551592885424,0.0656962216898831,41,0.961488048131268,node
auc_cc,alpha,total,97,7Networks_RH_Default_PFCdPFCm_2,0.015157827712232,-0.301808066318795,0.329106288647995,0.9270270292472,41,0.987164207404616,node
auc_cc,alpha,social,97,7Networks_RH_Default_PFCdPFCm_2,-0.0141359670446473,-0.328194604732273,0.302736760207794,0.931934607536566,41,0.987164207404616,node
auc_cc,alpha,switching,97,7Networks_RH_Default_PFCdPFCm_2,0.1276533477238,-0.195753572568391,0.426016908810186,0.438674137118595,41,0.986829273156327,node
auc_cc,alpha,detail,97,7Networks_RH_Default_PFCdPFCm_2,-0.195114056529097,-0.481023337301594,0.128307369086993,0.233918827126324,41,0.984783007931629,node
auc_cc,alpha,communication,97,7Networks_RH_Default_PFCdPFCm_2,-0.0742599185073296,-0.380858601775258,0.247051111218975,0.653225458219677,41,0.986829273156327,node
auc_cc,alpha,imagination,97,7Networks_RH_Default_PFCdPFCm_2,0.26398208354894,-0.0562233428040701,0.534947541778224,0.1044008807595,41,0.961488048131268,node
auc_cc,alpha,total,98,7Networks_RH_Default_PFCdPFCm_3,-0.0764832638215751,-0.382768674687634,0.244950380838625,0.643524545797858,41,0.986829273156327,node
auc_cc,alpha,social,98,7Networks_RH_Default_PFCdPFCm_3,0.0642287101429624,-0.256491704441361,0.372208144821337,0.697676053985996,41,0.986829273156327,node
auc_cc,alpha,switching,98,7Networks_RH_Default_PFCdPFCm_3,0.0422132442403501,-0.276998619312966,0.353033566405439,0.798600888439879,41,0.986829273156327,node
auc_cc,alpha,detail,98,7Networks_RH_Default_PFCdPFCm_3,-0.214988283196818,-0.496810293207218,0.107850032317515,0.188728484290095,41,0.984783007931629,node
auc_cc,alpha,communication,98,7Networks_RH_Default_PFCdPFCm_3,-0.130324598792535,-0.428237773221833,0.19313983250826,0.429073430017863,41,0.986829273156327,node
auc_cc,alpha,imagination,98,7Networks_RH_Default_PFCdPFCm_3,0.00966082927557118,-0.306796807586819,0.324195071277658,0.953453732006254,41,0.987164207404616,node
auc_cc,alpha,total,99,7Networks_RH_Default_pCunPCC_1,-0.206561244211576,-0.490139030674655,0.116557835230002,0.207069892325642,41,0.984783007931629,node
auc_cc,alpha,social,99,7Networks_RH_Default_pCunPCC_1,-0.214313845771401,-0.496277598356688,0.108548768350782,0.190152605989073,41,0.984783007931629,node
auc_cc,alpha,switching,99,7Networks_RH_Default_pCunPCC_1,-0.071912171655857,-0.378838811207861,0.24926610888287,0.663530498010117,41,0.986829273156327,node
auc_cc,alpha,detail,99,7Networks_RH_Default_pCunPCC_1,-0.0954969045270442,-0.398997014939248,0.22686120133067,0.563062397594772,41,0.986829273156327,node
auc_cc,alpha,communication,99,7Networks_RH_Default_pCunPCC_1,-0.0915962581504728,-0.395683202187344,0.230590417063163,0.579185001037535,41,0.986829273156327,node
auc_cc,alpha,imagination,99,7Networks_RH_Default_pCunPCC_1,-0.0713418181709748,-0.378347688449181,0.24980370588451,0.666043300720086,41,0.986829273156327,node
auc_cc,alpha,total,100,7Networks_RH_Default_pCunPCC_2,-0.0255747539475604,-0.33836679006542,0.292306442544527,0.877181576138957,41,0.986829273156327,node
auc_cc,alpha,social,100,7Networks_RH_Default_pCunPCC_2,-0.0356697156965639,-0.347283634783097,0.283038221426063,0.829316498541552,41,0.986829273156327,node
auc_cc,alpha,switching,100,7Networks_RH_Default_pCunPCC_2,-0.0669528070272813,-0.374562585855548,0.253934034634616,0.685498562273503,41,0.986829273156327,node
auc_cc,alpha,detail,100,7Networks_RH_Default_pCunPCC_2,0.183374378667226,-0.140263548952798,0.471610072935693,0.263814116836077,41,0.984783007931629,node
auc_cc,alpha,communication,100,7Networks_RH_Default_pCunPCC_2,-0.165072939174196,-0.456803159476019,0.158716122335961,0.315257718755812,41,0.984783007931629,node
auc_cc,alpha,imagination,100,7Networks_RH_Default_pCunPCC_2,0.0123569133518588,-0.304352176574373,0.326605970872019,0.940484491455945,41,0.987164207404616,node
auc_cc,beta,total,1,7Networks_LH_Vis_1,-0.0504564157287735,-0.360243743894475,0.269354194868622,0.760333687837681,41,0.930820112908675,node
auc_cc,beta,social,1,7Networks_LH_Vis_1,-0.0899417664866418,-0.394275225219562,0.232169341518983,0.586085699097346,41,0.926724555511905,node
auc_cc,beta,switching,1,7Networks_LH_Vis_1,0.049744561741041,-0.270015936696231,0.359622552706415,0.763617638850524,41,0.930820112908675,node
auc_cc,beta,detail,1,7Networks_LH_Vis_1,-0.208003894591579,-0.491283466172748,0.115070635904211,0.203845135035058,41,0.926724555511905,node
auc_cc,beta,communication,1,7Networks_LH_Vis_1,0.0726053801002102,-0.248612446110326,0.379435489865603,0.660481314415038,41,0.926724555511905,node
auc_cc,beta,imagination,1,7Networks_LH_Vis_1,0.0861046583882581,-0.235824671475124,0.391004327283171,0.602228837116858,41,0.926724555511905,node
auc_cc,beta,total,2,7Networks_LH_Vis_2,-0.183217657935856,-0.471483963126386,0.140422524040786,0.264229548544514,41,0.926724555511905,node
auc_cc,beta,social,2,7Networks_LH_Vis_2,-0.123026525279877,-0.42216166554184,0.200269935462842,0.455579954674858,41,0.926724555511905,node
auc_cc,beta,switching,2,7Networks_LH_Vis_2,-0.237237913719003,-0.514265590377276,0.0846185716733068,0.145890712624012,41,0.875344275744072,node
auc_cc,beta,detail,2,7Networks_LH_Vis_2,-0.0520267185713945,-0.361613079810799,0.267893367464853,0.753104210655628,41,0.930820112908675,node
auc_cc,beta,communication,2,7Networks_LH_Vis_2,-0.0302412901109906,-0.342495718563152,0.288029487621496,0.85499111629698,41,0.947938562564969,node
auc_cc,beta,imagination,2,7Networks_LH_Vis_2,-0.0285561829895677,-0.341006134026026,0.289575381275641,0.862992425974144,41,0.947938562564969,node
auc_cc,beta,total,3,7Networks_LH_Vis_3,-0.240584050919911,-0.516870999751069,0.0810942425238023,0.140123308683989,41,0.875344275744072,node
auc_cc,beta,social,3,7Networks_LH_Vis_3,-0.282325316015765,-0.548947538065168,0.0364435289074089,0.0816171595449763,41,0.875344275744072,node
auc_cc,beta,switching,3,7Networks_LH_Vis_3,-0.11151254001531,-0.412520579057076,0.211449713131951,0.499135437785635,41,0.926724555511905,node
auc_cc,beta,detail,3,7Networks_LH_Vis_3,-0.0921597265507957,-0.396162389260729,0.230052296919172,0.576843217449974,41,0.926724555511905,node
auc_cc,beta,communication,3,7Networks_LH_Vis_3,-0.0902303321875434,-0.394520898332896,0.231894077923995,0.584879494799656,41,0.926724555511905,node
auc_cc,beta,imagination,3,7Networks_LH_Vis_3,-0.0351307159142059,-0.346808957895341,0.283534587867365,0.831858436662965,41,0.947938562564969,node
auc_cc,beta,total,4,7Networks_LH_Vis_4,0.132842349576802,-0.190672078044165,0.430327728997084,0.420132664326889,41,0.926724555511905,node
auc_cc,beta,social,4,7Networks_LH_Vis_4,0.0751024948332363,-0.246255357261325,0.381582765999993,0.649542397390421,41,0.926724555511905,node
auc_cc,beta,switching,4,7Networks_LH_Vis_4,0.0482120824754596,-0.271439510109174,0.358284319513251,0.770701113825179,41,0.930820112908675,node
auc_cc,beta,detail,4,7Networks_LH_Vis_4,-0.0418802719467149,-0.352741542750712,0.277306559235642,0.80015709219904,41,0.938115211543702,node
auc_cc,beta,communication,4,7Networks_LH_Vis_4,0.157684858794198,-0.166101672864076,0.450779624947362,0.337700637625447,41,0.926724555511905,node
auc_cc,beta,imagination,4,7Networks_LH_Vis_4,0.168335809965632,-0.155442792468976,0.459454903299846,0.305652548128618,41,0.926724555511905,node
auc_cc,beta,total,5,7Networks_LH_Vis_5,0.26924780453797,-0.0505708324372991,0.538981751309661,0.0974155793064675,41,0.875344275744072,node
auc_cc,beta,social,5,7Networks_LH_Vis_5,0.265905075092805,-0.0541614759961078,0.536422230551413,0.101807029777942,41,0.875344275744072,node
auc_cc,beta,switching,5,7Networks_LH_Vis_5,0.0928722580991015,-0.229371537164481,0.396768106202882,0.573888068121592,41,0.926724555511905,node
auc_cc,beta,detail,5,7Networks_LH_Vis_5,-0.119668773658462,-0.419357067940933,0.203538943714026,0.468065439652962,41,0.926724555511905,node
auc_cc,beta,communication,5,7Networks_LH_Vis_5,0.288023735070005,-0.0302475573242877,0.553266465571659,0.0753906950257164,41,0.875344275744072,node
auc_cc,beta,imagination,5,7Networks_LH_Vis_5,0.248080518898113,-0.073169259213144,0.522689470074484,0.127815474244677,41,0.875344275744072,node
auc_cc,beta,total,6,7Networks_LH_Vis_6,-0.127451688552234,-0.425849104309612,0.195950703739454,0.439403688857811,41,0.926724555511905,node
auc_cc,beta,social,6,7Networks_LH_Vis_6,-0.134607454943304,-0.431791023221219,0.188939581730644,0.413927715197705,41,0.926724555511905,node
auc_cc,beta,switching,6,7Networks_LH_Vis_6,-0.0858434484110295,-0.390781381554008,0.236073176230113,0.603334725050775,41,0.926724555511905,node
auc_cc,beta,detail,6,7Networks_LH_Vis_6,-0.189538243077135,-0.476560668997152,0.133997757672189,0.247817222284142,41,0.926724555511905,node
auc_cc,beta,communication,6,7Networks_LH_Vis_6,0.00152959396034789,-0.314144475037374,0.31689910791945,0.992626442162524,41,0.992626442162524,node
auc_cc,beta,imagination,6,7Networks_LH_Vis_6,0.133307658967852,-0.190215560438758,0.430713628064022,0.418491878709137,41,0.926724555511905,node
auc_cc,beta,total,7,7Networks_LH_Vis_7,-0.104699517989727,-0.406783849749246,0.218025418615314,0.525870615067136,41,0.926724555511905,node
auc_cc,beta,social,7,7Networks_LH_Vis_7,-0.147169543407149,-0.442160161702047,0.176551116095581,0.371293552002896,41,0.926724555511905,node
auc_cc,beta,switching,7,7Networks_LH_Vis_7,-0.112357679204661,-0.413230546043771,0.210631969057682,0.495867999810738,41,0.926724555511905,node
auc_cc,beta,detail,7,7Networks_LH_Vis_7,0.119338890648795,-0.203859719806514,0.419081220699872,0.46930180045314,41,0.926724555511905,node
auc_cc,beta,communication,7,7Networks_LH_Vis_7,-0.139555418370766,-0.435884624281312,0.184072267768981,0.39681370855323,41,0.926724555511905,node
auc_cc,beta,imagination,7,7Networks_LH_Vis_7,0.0222985851034908,-0.295301525320891,0.335460838029498,0.892817033793759,41,0.947938562564969,node
auc_cc,beta,total,8,7Networks_LH_Vis_8,0.104512626366461,-0.218205388300652,0.406626146012197,0.526613761119321,41,0.926724555511905,node
auc_cc,beta,social,8,7Networks_LH_Vis_8,-0.0248044727877947,-0.337684088979912,0.29301119692039,0.880853822519694,41,0.947938562564969,node
auc_cc,beta,switching,8,7Networks_LH_Vis_8,0.0365958952212806,-0.282184901143449,0.348098913575958,0.824952622306866,41,0.947938562564969,node
auc_cc,beta,detail,8,7Networks_LH_Vis_8,-0.0195100056362542,-0.332982672153064,0.297845943999339,0.906157257543224,41,0.947938562564969,node
auc_cc,beta,communication,8,7Networks_LH_Vis_8,0.250839652610171,-0.0702421572921506,0.524824582119575,0.123494627332199,41,0.875344275744072,node
auc_cc,beta,imagination,8,7Networks_LH_Vis_8,0.0932493449588949,-0.229011136997925,0.397088557442057,0.572326928232011,41,0.926724555511905,node
auc_cc,beta,total,9,7Networks_LH_Vis_9,-0.152016624682525,-0.446140122145981,0.171743447372982,0.355569131855585,41,0.926724555511905,node
auc_cc,beta,social,9,7Networks_LH_Vis_9,-0.115233578344667,-0.415643734738847,0.207845901615009,0.484831866266922,41,0.926724555511905,node
auc_cc,beta,switching,9,7Networks_LH_Vis_9,-0.316482512901047,-0.574624495580396,-0.00106656060525429,0.0496564655592805,41,0.875344275744072,node
auc_cc,beta,detail,9,7Networks_LH_Vis_9,0.0782899007924509,-0.243241152301653,0.384318828062722,0.635684396352246,41,0.926724555511905,node
auc_cc,beta,communication,9,7Networks_LH_Vis_9,0.0610602884032396,-0.259460913785525,0.36946467795647,0.711934102174518,41,0.930820112908675,node
auc_cc,beta,imagination,9,7Networks_LH_Vis_9,-0.106349755392928,-0.408175579587746,0.216435348221863,0.519331088059308,41,0.926724555511905,node
auc_cc,beta,total,10,7Networks_LH_SomMot_1,0.221004318857359,-0.101603107507935,0.501552596884491,0.176357865923369,41,0.978376400593494,node
auc_cc,beta,social,10,7Networks_LH_SomMot_1,0.0895448243778572,-0.232547901380432,0.393937213750124,0.587746721807629,41,0.978376400593494,node
auc_cc,beta,switching,10,7Networks_LH_SomMot_1,0.317701149322288,0.00242142081666184,0.57553128638547,0.048736852367943,41,0.74558792588983,node
auc_cc,beta,detail,10,7Networks_LH_SomMot_1,-0.260446894788891,-0.532232189412998,0.0600067246602684,0.109300238265459,41,0.978376400593494,node
auc_cc,beta,communication,10,7Networks_LH_SomMot_1,0.17852548088334,-0.14517447926696,0.46770280041136,0.27686787551071,41,0.978376400593494,node
auc_cc,beta,imagination,10,7Networks_LH_SomMot_1,0.363749022537279,0.0544791974971708,0.609337243127704,0.0228276405397882,41,0.74558792588983,node
auc_cc,beta,total,11,7Networks_LH_SomMot_2,0.061909882049228,-0.258665331892832,0.370200850369632,0.708101166534542,41,0.978376400593494,node
auc_cc,beta,social,11,7Networks_LH_SomMot_2,-0.190201274029204,-0.477092109678034,0.13332221820918,0.246136134191173,41,0.978376400593494,node
auc_cc,beta,switching,11,7Networks_LH_SomMot_2,0.131577366780616,-0.191912452718664,0.429278079938552,0.42461154842831,41,0.978376400593494,node
auc_cc,beta,detail,11,7Networks_LH_SomMot_2,-0.0513346672592018,-0.361009761599836,0.268537352977587,0.756287810803646,41,0.978376400593494,node
auc_cc,beta,communication,11,7Networks_LH_SomMot_2,0.0937620835049855,-0.228520946167359,0.397524167680693,0.570207298804906,41,0.978376400593494,node
auc_cc,beta,imagination,11,7Networks_LH_SomMot_2,0.311879911894732,-0.00404011199470101,0.571193960267696,0.0532562804207021,41,0.74558792588983,node
auc_cc,beta,total,12,7Networks_LH_SomMot_3,-0.0229349860620755,-0.336025790575641,0.294720213890343,0.889776507148405,41,0.986016811420622,node
auc_cc,beta,social,12,7Networks_LH_SomMot_3,-0.125001311401905,-0.423808456592571,0.198343974104042,0.448321713933355,41,0.978376400593494,node
auc_cc,beta,switching,12,7Networks_LH_SomMot_3,0.0249953552579219,-0.292836584746783,0.337853299020855,0.879943575465594,41,0.986016811420622,node
auc_cc,beta,detail,12,7Networks_LH_SomMot_3,-0.0746955869804386,-0.381233090217095,0.246639707152285,0.651320050263229,41,0.978376400593494,node
auc_cc,beta,communication,12,7Networks_LH_SomMot_3,-0.0823792869339437,-0.387821292392744,0.239364864075453,0.618082926301338,41,0.978376400593494,node
auc_cc,beta,imagination,12,7Networks_LH_SomMot_3,0.29601017795202,-0.021522426821425,0.559295620939956,0.0672970221380794,41,0.807564265656953,node
auc_cc,beta,total,13,7Networks_LH_SomMot_4,-0.189583343581604,-0.476596825155595,0.13395181584651,0.247702628189177,41,0.978376400593494,node
auc_cc,beta,social,13,7Networks_LH_SomMot_4,-0.0710386157754624,-0.378086535068846,0.250089414213858,0.667380584468078,41,0.978376400593494,node
auc_cc,beta,switching,13,7Networks_LH_SomMot_4,-0.346051315251119,-0.596449286493077,-0.0342707815361756,0.0309321012237647,41,0.74558792588983,node
auc_cc,beta,detail,13,7Networks_LH_SomMot_4,0.0326491535211859,-0.285817665106999,0.344621477404256,0.843582935761219,41,0.986016811420622,node
auc_cc,beta,communication,13,7Networks_LH_SomMot_4,-0.145848252322555,-0.441073224954797,0.177858989801853,0.375650601869904,41,0.978376400593494,node
auc_cc,beta,imagination,13,7Networks_LH_SomMot_4,0.0501145037862874,-0.26967207504042,0.359945412658306,0.761910495658494,41,0.978376400593494,node
auc_cc,beta,total,14,7Networks_LH_SomMot_5,-0.00599827243220516,-0.32091337130746,0.310111096820812,0.971090411998311,41,0.991317076843801,node
auc_cc,beta,social,14,7Networks_LH_SomMot_5,-0.0967740410350836,-0.400080292309976,0.225638136471885,0.557829092923303,41,0.978376400593494,node
auc_cc,beta,switching,14,7Networks_LH_SomMot_5,-0.00459373940765131,-0.319652881789934,0.311380039722792,0.977857851709699,41,0.991317076843801,node
auc_cc,beta,detail,14,7Networks_LH_SomMot_5,0.081676770929393,-0.2400315024059,0.387220230568494,0.621092130385379,41,0.978376400593494,node
auc_cc,beta,communication,14,7Networks_LH_SomMot_5,-0.0612925505498781,-0.369665971432129,0.259243460586808,0.710885555137956,41,0.978376400593494,node
auc_cc,beta,imagination,14,7Networks_LH_SomMot_5,0.108217909100821,-0.214633237740356,0.409749398148267,0.511976906131487,41,0.978376400593494,node
auc_cc,beta,total,15,7Networks_LH_SomMot_6,0.0685775006295726,-0.252406461318489,0.375964924993121,0.678272599204364,41,0.978376400593494,node
auc_cc,beta,social,15,7Networks_LH_SomMot_6,-0.025667055040791,-0.338448574545485,0.292221970209668,0.876741707413011,41,0.986016811420622,node
auc_cc,beta,switching,15,7Networks_LH_SomMot_6,-0.050971840130565,-0.36069335165257,0.268874866063396,0.757958491625899,41,0.978376400593494,node
auc_cc,beta,detail,15,7Networks_LH_SomMot_6,-0.00833536735562635,-0.323008313119956,0.307997119909399,0.959834274808605,41,0.991317076843801,node
auc_cc,beta,communication,15,7Networks_LH_SomMot_6,0.138279791696804,-0.185328622645555,0.434830431159457,0.401186188902226,41,0.978376400593494,node
auc_cc,beta,imagination,15,7Networks_LH_SomMot_6,0.216176545386283,-0.106618182965611,0.497748308895812,0.186237763863219,41,0.978376400593494,node
auc_cc,beta,total,16,7Networks_LH_DorsAttn_Post_1,-0.0245954626980652,-0.337498786296862,0.293202367252508,0.881850686496426,41,0.963535618155453,node
auc_cc,beta,social,16,7Networks_LH_DorsAttn_Post_1,-0.124865200684807,-0.423695016053097,0.198476799779296,0.448819953300127,41,0.841537412437737,node
auc_cc,beta,switching,16,7Networks_LH_DorsAttn_Post_1,0.00868307478402979,-0.307682340288263,0.323319730276069,0.958160217089103,41,0.97993658565931,node
auc_cc,beta,detail,16,7Networks_LH_DorsAttn_Post_1,-0.0404143707237058,-0.351455196252552,0.278661476732645,0.80701720943267,41,0.933432888320563,node
auc_cc,beta,communication,16,7Networks_LH_DorsAttn_Post_1,0.0505829283313255,-0.2692365567195,0.360354114916207,0.759750486584507,41,0.933432888320563,node
auc_cc,beta,imagination,16,7Networks_LH_DorsAttn_Post_1,0.0945886355474106,-0.227730397618179,0.398226098116789,0.566797958789149,41,0.862614614754188,node
auc_cc,beta,total,17,7Networks_LH_DorsAttn_Post_2,-0.14015851196477,-0.43638274510099,0.183477917146592,0.394756114987561,41,0.818694224971677,node
auc_cc,beta,social,17,7Networks_LH_DorsAttn_Post_2,-0.108511419213185,-0.409996501493362,0.214349903879181,0.510826227905118,41,0.858268838348701,node
auc_cc,beta,switching,17,7Networks_LH_DorsAttn_Post_2,-0.310713339164351,-0.570323017223731,0.00533183426360039,0.054201105272118,41,0.416379696353971,node
auc_cc,beta,detail,17,7Networks_LH_DorsAttn_Post_2,0.0700756638185624,-0.250996435404782,0.377256803989412,0.671634418806478,41,0.915865116554289,node
auc_cc,beta,communication,17,7Networks_LH_DorsAttn_Post_2,-0.0711323183025176,-0.378167247866975,0.250001124073102,0.666967198120131,41,0.915865116554289,node
auc_cc,beta,imagination,17,7Networks_LH_DorsAttn_Post_2,0.100282559326482,-0.222272923220823,0.403051889693152,0.543570264287511,41,0.858268838348701,node
auc_cc,beta,total,18,7Networks_LH_DorsAttn_Post_3,-0.14712427928292,-0.442122940297239,0.176595939491137,0.371442314393251,41,0.818694224971677,node
auc_cc,beta,social,18,7Networks_LH_DorsAttn_Post_3,-0.174328858966899,-0.46431198761922,0.149411952331029,0.288500585175192,41,0.818694224971677,node
auc_cc,beta,switching,18,7Networks_LH_DorsAttn_Post_3,-0.0150472663079492,-0.329007676174285,0.301908576464733,0.927557885214325,41,0.97993658565931,node
auc_cc,beta,detail,18,7Networks_LH_DorsAttn_Post_3,-0.155074592382565,-0.448645062683364,0.168702390164531,0.345859352938624,41,0.818694224971677,node
auc_cc,beta,communication,18,7Networks_LH_DorsAttn_Post_3,0.137715977387595,-0.185883582085981,0.434364229114191,0.403127584944045,41,0.818694224971677,node
auc_cc,beta,imagination,18,7Networks_LH_DorsAttn_Post_3,-0.204730651096974,-0.488685436540441,0.118442873357553,0.211212683610621,41,0.79185132405363,node
auc_cc,beta,total,19,7Networks_LH_DorsAttn_Post_4,-0.106694506986362,-0.40846614923381,0.216102949755609,0.517970015068534,41,0.858268838348701,node
auc_cc,beta,social,19,7Networks_LH_DorsAttn_Post_4,-0.16168799334604,-0.454046714804546,0.162104412833159,0.325420879909204,41,0.818694224971677,node
auc_cc,beta,switching,19,7Networks_LH_DorsAttn_Post_4,-0.228190488722486,-0.507195278702108,0.0941076448296809,0.162354239630062,41,0.735960418466269,node
auc_cc,beta,detail,19,7Networks_LH_DorsAttn_Post_4,0.134461856561852,-0.189082566547009,0.431670379526383,0.414437566756012,41,0.818694224971677,node
auc_cc,beta,communication,19,7Networks_LH_DorsAttn_Post_4,0.0441107677781434,-0.275242496365187,0.354696579055598,0.789747288200624,41,0.933432888320563,node
auc_cc,beta,imagination,19,7Networks_LH_DorsAttn_Post_4,-0.0450741741812911,-0.355540168627177,0.274350065091773,0.785262024585113,41,0.933432888320563,node
auc_cc,beta,total,20,7Networks_LH_DorsAttn_Post_5,-0.315028475060936,-0.573541712006544,0.000548501386668373,0.0507719164639317,41,0.416379696353971,node
auc_cc,beta,social,20,7Networks_LH_DorsAttn_Post_5,-0.296015463014616,-0.559299601557985,0.0215166368699565,0.0672919029294215,41,0.432590804546281,node
auc_cc,beta,switching,20,7Networks_LH_DorsAttn_Post_5,-0.133321333220792,-0.430724967005917,0.190202142437331,0.418443714985524,41,0.818694224971677,node
auc_cc,beta,detail,20,7Networks_LH_DorsAttn_Post_5,-0.0952018007514126,-0.398746585011845,0.227143666408485,0.564274861404078,41,0.862614614754188,node
auc_cc,beta,communication,20,7Networks_LH_DorsAttn_Post_5,-0.25805125381504,-0.530388931185458,0.0625653321299761,0.112718074222749,41,0.589201581825892,node
auc_cc,beta,imagination,20,7Networks_LH_DorsAttn_Post_5,-0.0452215979309346,-0.355669212986468,0.274213453642716,0.784576272944323,41,0.933432888320563,node
auc_cc,beta,total,21,7Networks_LH_DorsAttn_Post_6,-0.417462484790998,-0.647674093946878,-0.117404393010946,0.00818889462989946,41,0.368500258345476,node
auc_cc,beta,social,21,7Networks_LH_DorsAttn_Post_6,-0.461382440698694,-0.678178089983702,-0.170711582806781,0.00311289836531369,41,0.280160852878232,node
auc_cc,beta,switching,21,7Networks_LH_DorsAttn_Post_6,-0.208450682863124,-0.49163769915107,0.114609756927687,0.202853574663038,41,0.79185132405363,node
auc_cc,beta,detail,21,7Networks_LH_DorsAttn_Post_6,-0.0265389038311921,-0.339220853467485,0.291423824772447,0.872588655985089,41,0.963535618155453,node
auc_cc,beta,communication,21,7Networks_LH_DorsAttn_Post_6,-0.227561516777486,-0.506702354423139,0.0947651500431499,0.163546759659171,41,0.735960418466269,node
auc_cc,beta,imagination,21,7Networks_LH_DorsAttn_Post_6,-0.18516667545102,-0.473051457744009,0.13844428337581,0.259093856682976,41,0.818694224971677,node
auc_cc,beta,total,22,7Networks_LH_DorsAttn_PrCv_1,0.117400586515072,-0.2057431133688,0.417459297738605,0.47660117545841,41,0.858268838348701,node
auc_cc,beta,social,22,7Networks_LH_DorsAttn_PrCv_1,0.200946133133221,-0.122332577626221,0.48567530920944,0.219958701126008,41,0.79185132405363,node
auc_cc,beta,switching,22,7Networks_LH_DorsAttn_PrCv_1,-0.0609445689101417,-0.369364377117119,0.259569242918197,0.712456712752604,41,0.933432888320563,node
auc_cc,beta,detail,22,7Networks_LH_DorsAttn_PrCv_1,-0.0609461707419685,-0.369365765567312,0.259567743441512,0.712449477700218,41,0.933432888320563,node
auc_cc,beta,communication,22,7Networks_LH_DorsAttn_PrCv_1,0.137153072196255,-0.186437440804058,0.433898620186295,0.405071223004965,41,0.818694224971677,node
auc_cc,beta,imagination,22,7Networks_LH_DorsAttn_PrCv_1,0.114919503122139,-0.208150421566096,0.415380397418057,0.486030874817393,41,0.858268838348701,node
auc_cc,beta,total,23,7Networks_LH_DorsAttn_FEF_1,0.00911533394040853,-0.307290919385322,0.323706779482855,0.956079327595695,41,0.97993658565931,node
auc_cc,beta,social,23,7Networks_LH_DorsAttn_FEF_1,0.00943162018544695,-0.307004446854305,0.32398991868563,0.954556911106786,41,0.97993658565931,node
auc_cc,beta,switching,23,7Networks_LH_DorsAttn_FEF_1,-0.0482672181219807,-0.358332488667314,0.271388316928511,0.770445942026264,41,0.933432888320563,node
auc_cc,beta,detail,23,7Networks_LH_DorsAttn_FEF_1,0.00337236119645324,-0.312482593885526,0.318555856226307,0.983744058387086,41,0.991348010885585,node
auc_cc,beta,communication,23,7Networks_LH_DorsAttn_FEF_1,0.16719724518654,-0.156585815122949,0.458530177785045,0.308982865301254,41,0.818694224971677,node
auc_cc,beta,imagination,23,7Networks_LH_DorsAttn_FEF_1,-0.127939931660219,-0.426255345540091,0.195473378537287,0.437638498267091,41,0.83803116689443,node
auc_cc,beta,total,24,7Networks_LH_SalVentAttn_ParOper_1,-0.00551500380870766,-0.320479790706606,0.31054783903049,0.973418736160009,41,0.99592790923489,node
auc_cc,beta,social,24,7Networks_LH_SalVentAttn_ParOper_1,-0.0115906441128241,-0.325921171227969,0.305047403539975,0.944169157712532,41,0.99592790923489,node
auc_cc,beta,switching,24,7Networks_LH_SalVentAttn_ParOper_1,-0.09598347853951,-0.39940983081867,0.226395347844144,0.561065894382934,41,0.961827247513602,node
auc_cc,beta,detail,24,7Networks_LH_SalVentAttn_ParOper_1,-0.11375512480002,-0.414403681251218,0.209278829163441,0.490489370470486,41,0.961827247513602,node
auc_cc,beta,communication,24,7Networks_LH_SalVentAttn_ParOper_1,0.100410275505941,-0.222150278450648,0.403159940720684,0.543054518307722,41,0.961827247513602,node
auc_cc,beta,imagination,24,7Networks_LH_SalVentAttn_ParOper_1,0.174712950794698,-0.149024615396106,0.464622682350344,0.287422975549963,41,0.885675578105559,node
auc_cc,beta,total,25,7Networks_LH_SalVentAttn_FrOperIns_1,0.103339371062769,-0.219334688337056,0.405635712942805,0.531290746299843,41,0.961827247513602,node
auc_cc,beta,social,25,7Networks_LH_SalVentAttn_FrOperIns_1,0.154383252388053,-0.169390446738405,0.44807915334056,0.348040221062859,41,0.901664293674777,node
auc_cc,beta,switching,25,7Networks_LH_SalVentAttn_FrOperIns_1,-0.0143192468735402,-0.328358166448581,0.302570234944818,0.93105420174136,41,0.99592790923489,node
auc_cc,beta,detail,25,7Networks_LH_SalVentAttn_FrOperIns_1,-0.229282910346155,-0.508050974105848,0.0929649969516151,0.160297998753191,41,0.751745615375354,node
auc_cc,beta,communication,25,7Networks_LH_SalVentAttn_FrOperIns_1,0.191585494830792,-0.131910913555442,0.478200931440202,0.242651247580002,41,0.841394646314527,node
auc_cc,beta,imagination,25,7Networks_LH_SalVentAttn_FrOperIns_1,0.239227152431436,-0.0825243702153161,0.515815091804984,0.142441440715696,41,0.751745615375354,node
auc_cc,beta,total,26,7Networks_LH_SalVentAttn_FrOperIns_2,0.455149904900858,0.163041898315191,0.673894378646354,0.00359864732158757,41,0.0863675357181018,node
auc_cc,beta,social,26,7Networks_LH_SalVentAttn_FrOperIns_2,0.463789887564111,0.173683619063906,0.679828827792248,0.00294121383146378,41,0.0863675357181018,node
auc_cc,beta,switching,26,7Networks_LH_SalVentAttn_FrOperIns_2,0.166296067898766,-0.15748990633421,0.457797807318084,0.311635061151036,41,0.897508976114985,node
auc_cc,beta,detail,26,7Networks_LH_SalVentAttn_FrOperIns_2,-0.123215429209847,-0.422319279589354,0.20008581002027,0.454882916307115,41,0.961827247513602,node
auc_cc,beta,communication,26,7Networks_LH_SalVentAttn_FrOperIns_2,0.396905401654697,0.0930338080768384,0.633138320571486,0.0123584314836131,41,0.177961413364029,node
auc_cc,beta,imagination,26,7Networks_LH_SalVentAttn_FrOperIns_2,0.384366713184115,0.0783457408613202,0.624189730058099,0.015696678792097,41,0.188360145505163,node
auc_cc,beta,total,27,7Networks_LH_SalVentAttn_PFCl_1,0.053953464814731,-0.266098934510985,0.363291418744442,0.744262050583869,41,0.99592790923489,node
auc_cc,beta,social,27,7Networks_LH_SalVentAttn_PFCl_1,0.00321995437740373,-0.312620113828106,0.318418907185074,0.984478620743987,41,0.99592790923489,node
auc_cc,beta,switching,27,7Networks_LH_SalVentAttn_PFCl_1,-0.225730379194883,-0.505266255051231,0.096677757267604,0.167054581194523,41,0.751745615375354,node
auc_cc,beta,detail,27,7Networks_LH_SalVentAttn_PFCl_1,0.214492128949839,-0.108364093006595,0.496418433447585,0.189775412995279,41,0.803754690332947,node
auc_cc,beta,communication,27,7Networks_LH_SalVentAttn_PFCl_1,0.161093113449867,-0.162699092745625,0.453561710587542,0.327227853536883,41,0.901664293674777,node
auc_cc,beta,imagination,27,7Networks_LH_SalVentAttn_PFCl_1,0.026342169873284,-0.291603966146556,0.339046624411438,0.873525508060047,41,0.99592790923489,node
auc_cc,beta,total,28,7Networks_LH_SalVentAttn_Med_1,-0.0790808457294429,-0.384996941902078,0.242492223740219,0.632264200153691,41,0.99592790923489,node
auc_cc,beta,social,28,7Networks_LH_SalVentAttn_Med_1,-0.0373039708357846,-0.348721886562471,0.28153218691444,0.82161987311514,41,0.99592790923489,node
auc_cc,beta,switching,28,7Networks_LH_SalVentAttn_Med_1,-0.145835301998456,-0.441062567312077,0.177871802961871,0.375693455697824,41,0.901664293674777,node
auc_cc,beta,detail,28,7Networks_LH_SalVentAttn_Med_1,0.117074514287783,-0.206059713187504,0.4171862609041,0.47783494684804,41,0.961827247513602,node
auc_cc,beta,communication,28,7Networks_LH_SalVentAttn_Med_1,-0.105612618726034,-0.407554087758977,0.217145820857236,0.52224721624008,41,0.961827247513602,node
auc_cc,beta,imagination,28,7Networks_LH_SalVentAttn_Med_1,-0.0538613622019787,-0.363211236200885,0.266184762776753,0.744684000139843,41,0.99592790923489,node
auc_cc,beta,total,29,7Networks_LH_SalVentAttn_Med_2,-0.0147553315553912,-0.328747259373455,0.302173937247363,0.928959745751757,41,0.99592790923489,node
auc_cc,beta,social,29,7Networks_LH_SalVentAttn_Med_2,-0.251908199032268,-0.525650534785502,0.069107073525557,0.121850966945138,41,0.751745615375354,node
auc_cc,beta,switching,29,7Networks_LH_SalVentAttn_Med_2,-0.000844719265196457,-0.316282877255537,0.314761629690718,0.99592790923489,41,0.99592790923489,node
auc_cc,beta,detail,29,7Networks_LH_SalVentAttn_Med_2,0.0415097273861422,-0.277649169719373,0.352416496229348,0.801889790935923,41,0.99592790923489,node
auc_cc,beta,communication,29,7Networks_LH_SalVentAttn_Med_2,0.0912126672837815,-0.230956638954263,0.395356892540703,0.580781654730087,41,0.972471607920146,node
auc_cc,beta,imagination,29,7Networks_LH_SalVentAttn_Med_2,0.190489885282143,-0.133028068176092,0.477323375378244,0.245406771841737,41,0.841394646314527,node
auc_cc,beta,total,30,7Networks_LH_SalVentAttn_Med_3,-0.485787710881114,-0.694811579973409,-0.201087298859428,0.00171801555618012,41,0.0863675357181018,node
auc_cc,beta,social,30,7Networks_LH_SalVentAttn_Med_3,-0.438724763719588,-0.662534250053219,-0.1429970312079,0.00520773618253607,41,0.0937392512856493,node
auc_cc,beta,switching,30,7Networks_LH_SalVentAttn_Med_3,-0.357847445976059,-0.605053925879457,-0.0477121121142803,0.025306372568556,41,0.227757353117004,node
auc_cc,beta,detail,30,7Networks_LH_SalVentAttn_Med_3,-0.0150103468329221,-0.328974745248696,0.301942137980612,0.927735159429626,41,0.99592790923489,node
auc_cc,beta,communication,30,7Networks_LH_SalVentAttn_Med_3,-0.367599763781698,-0.61212437432013,-0.0589100471537111,0.0213219516445836,41,0.219311502630002,node
auc_cc,beta,imagination,30,7Networks_LH_SalVentAttn_Med_3,-0.0986102147320557,-0.401636265727387,0.223877920234343,0.550345040341389,41,0.961827247513602,node
auc_cc,beta,total,31,7Networks_LH_Limbic_OFC_1,0.00954047080909589,-0.306905843422653,0.324087348648226,0.954033004540782,41,0.954033004540782,node
auc_cc,beta,social,31,7Networks_LH_Limbic_OFC_1,-0.0828381978966128,-0.388213789292804,0.238929225949095,0.61612050427842,41,0.894231289417315,node
auc_cc,beta,switching,31,7Networks_LH_Limbic_OFC_1,-0.0825608607394383,-0.387976601896258,0.239192513942316,0.617306156326076,41,0.894231289417315,node
auc_cc,beta,detail,31,7Networks_LH_Limbic_OFC_1,-0.0648812917333258,-0.372772533329507,0.255879400779231,0.694751882900666,41,0.894231289417315,node
auc_cc,beta,communication,31,7Networks_LH_Limbic_OFC_1,0.220362705381203,-0.102270559633297,0.501047629520183,0.177648868265838,41,0.844052257464283,node
auc_cc,beta,imagination,31,7Networks_LH_Limbic_OFC_1,0.108300443949618,-0.21455356993793,0.40981888791753,0.51165320519843,41,0.894231289417315,node
auc_cc,beta,total,32,7Networks_LH_Limbic_TempPole_1,-0.058024886183007,-0.366831337540395,0.262299795222478,0.725684811002869,41,0.894231289417315,node
auc_cc,beta,social,32,7Networks_LH_Limbic_TempPole_1,-0.0359708889026802,-0.347548797205018,0.282760795791038,0.827896901249694,41,0.894231289417315,node
auc_cc,beta,switching,32,7Networks_LH_Limbic_TempPole_1,-0.20591779721774,-0.489628277191827,0.11722068488346,0.208519574188489,41,0.844052257464283,node
auc_cc,beta,detail,32,7Networks_LH_Limbic_TempPole_1,-0.0921791530187048,-0.396178907043489,0.230033740858323,0.576762557113779,41,0.894231289417315,node
auc_cc,beta,communication,32,7Networks_LH_Limbic_TempPole_1,0.0628539161944669,-0.257780803011487,0.371018401490727,0.703850467435595,41,0.894231289417315,node
auc_cc,beta,imagination,32,7Networks_LH_Limbic_TempPole_1,0.196017171411412,-0.127383688124405,0.481744764433467,0.231718583543568,41,0.844052257464283,node
auc_cc,beta,total,33,7Networks_LH_Limbic_TempPole_2,-0.224138809701848,-0.504016781879457,0.0983382058151032,0.17014723049136,41,0.844052257464283,node
auc_cc,beta,social,33,7Networks_LH_Limbic_TempPole_2,-0.357125258796895,-0.604528783654544,-0.0468859614374816,0.0256244772734192,41,0.768734318202575,node
auc_cc,beta,switching,33,7Networks_LH_Limbic_TempPole_2,0.0434972075335063,-0.275810568269957,0.354159062309332,0.792607292883761,41,0.894231289417315,node
auc_cc,beta,detail,33,7Networks_LH_Limbic_TempPole_2,-0.253999438644541,-0.527265505003551,0.0668832067417874,0.118681703299856,41,0.844052257464283,node
auc_cc,beta,communication,33,7Networks_LH_Limbic_TempPole_2,-0.142239663511945,-0.438100263980161,0.18142511711104,0.387703452180417,41,0.887968395889304,node
auc_cc,beta,imagination,33,7Networks_LH_Limbic_TempPole_2,0.218637222663098,-0.104064089944531,0.499688678600207,0.181154177906607,41,0.844052257464283,node
auc_cc,beta,total,34,7Networks_LH_Cont_Par_1,0.00355662668963161,-0.312316309495812,0.318721415124076,0.982855962972743,41,0.99932153685189,node
auc_cc,beta,social,34,7Networks_LH_Cont_Par_1,-0.115318791708882,-0.4157151734567,0.207763269938651,0.484506822285575,41,0.978636990487971,node
auc_cc,beta,switching,34,7Networks_LH_Cont_Par_1,0.0697903061709046,-0.25126511048528,0.377010829769628,0.672896931235125,41,0.99932153685189,node
auc_cc,beta,detail,34,7Networks_LH_Cont_Par_1,0.0026993027834921,-0.313089809078303,0.317950963123446,0.986988121413145,41,0.99932153685189,node
auc_cc,beta,communication,34,7Networks_LH_Cont_Par_1,0.016799449122635,-0.300314857045288,0.330569686502483,0.919148639208717,41,0.99932153685189,node
auc_cc,beta,imagination,34,7Networks_LH_Cont_Par_1,0.0771248260883222,-0.244343638372598,0.383319353565943,0.640735982818075,41,0.99932153685189,node
auc_cc,beta,total,35,7Networks_LH_Cont_PFCl_1,0.0388310043365619,-0.280123540571968,0.350064452014837,0.814443047571524,41,0.99932153685189,node
auc_cc,beta,social,35,7Networks_LH_Cont_PFCl_1,0.153068437586716,-0.170698146672147,0.447002237103769,0.352210940304604,41,0.978636990487971,node
auc_cc,beta,switching,35,7Networks_LH_Cont_PFCl_1,-0.0645255241616311,-0.372464874175732,0.256213241964829,0.696345515040633,41,0.99932153685189,node
auc_cc,beta,detail,35,7Networks_LH_Cont_PFCl_1,-0.222026269083848,-0.502356505146578,0.100539401901448,0.174315448608488,41,0.845301563180674,node
auc_cc,beta,communication,35,7Networks_LH_Cont_PFCl_1,0.207079760978633,-0.116023473456391,0.490550475762012,0.20590679103119,41,0.845301563180674,node
auc_cc,beta,imagination,35,7Networks_LH_Cont_PFCl_1,0.039245697782711,-0.279740759983663,0.350428829198759,0.812496600888243,41,0.99932153685189,node
auc_cc,beta,total,36,7Networks_LH_Cont_pCun_1,-0.336820956334365,-0.589675860781713,-0.0238311449451308,0.0360191806531579,41,0.556051850456038,node
auc_cc,beta,social,36,7Networks_LH_Cont_pCun_1,-0.308924480635906,-0.568986351575824,0.00731055438809144,0.0556759249744919,41,0.556051850456038,node
auc_cc,beta,switching,36,7Networks_LH_Cont_pCun_1,-0.228698813449022,-0.507593518622252,0.0935760544740379,0.161395070625654,41,0.845301563180674,node
auc_cc,beta,detail,36,7Networks_LH_Cont_pCun_1,0.0235601976051173,-0.294148894237776,0.336580590631569,0.886790952772772,41,0.99932153685189,node
auc_cc,beta,communication,36,7Networks_LH_Cont_pCun_1,-0.107966610402045,-0.409537797016957,0.214875780523367,0.512963127755659,41,0.978636990487971,node
auc_cc,beta,imagination,36,7Networks_LH_Cont_pCun_1,-0.326028392190315,-0.581710689155599,-0.0117105966220084,0.0428136812842,41,0.556051850456038,node
auc_cc,beta,total,37,7Networks_LH_Cont_Cing_1,-0.106928007156434,-0.408662917249112,0.215877773845437,0.517049166565194,41,0.978636990487971,node
auc_cc,beta,social,37,7Networks_LH_Cont_Cing_1,-0.309009937187346,-0.56905023744127,0.00721608414611587,0.05560474920992,41,0.556051850456038,node
auc_cc,beta,switching,37,7Networks_LH_Cont_Cing_1,0.044294699834492,-0.275072157268414,0.354857674932901,0.788890447795995,41,0.99932153685189,node
auc_cc,beta,detail,37,7Networks_LH_Cont_Cing_1,-0.135530392286446,-0.432555527396319,0.188032892351536,0.410704092360422,41,0.978636990487971,node
auc_cc,beta,communication,37,7Networks_LH_Cont_Cing_1,0.0163822824334412,-0.300694456796512,0.330197952683742,0.921149994020078,41,0.99932153685189,node
auc_cc,beta,imagination,37,7Networks_LH_Cont_Cing_1,0.213706400957998,-0.109177825219728,0.495797634876704,0.191441748386896,41,0.845301563180674,node
auc_cc,beta,total,38,7Networks_LH_Default_Temp_1,-0.095509998627378,-0.399008125759641,0.226848666767518,0.563008627086082,41,0.94145691220492,node
auc_cc,beta,social,38,7Networks_LH_Default_Temp_1,-0.104636327703849,-0.406730530250319,0.218086270967551,0.526121824074952,41,0.94145691220492,node
auc_cc,beta,switching,38,7Networks_LH_Default_Temp_1,0.107764417935645,-0.215070899160019,0.409367521263951,0.513757320308228,41,0.94145691220492,node
auc_cc,beta,detail,38,7Networks_LH_Default_Temp_1,-0.166857804313292,-0.458254366780303,0.156926417277156,0.309980167128456,41,0.94145691220492,node
auc_cc,beta,communication,38,7Networks_LH_Default_Temp_1,-0.25926449879534,-0.531322750166845,0.0612700811187579,0.110977196370464,41,0.853927259281116,node
auc_cc,beta,imagination,38,7Networks_LH_Default_Temp_1,0.218430745155122,-0.104278569762206,0.499525968877785,0.181576909898551,41,0.90046860408288,node
auc_cc,beta,total,39,7Networks_LH_Default_Temp_2,-0.138733818913446,-0.435205737863601,0.184881575967538,0.39962674544009,41,0.94145691220492,node
auc_cc,beta,social,39,7Networks_LH_Default_Temp_2,-0.285291342657866,-0.551197317493766,0.0332215816261929,0.0783281977773336,41,0.704953779996003,node
auc_cc,beta,switching,39,7Networks_LH_Default_Temp_2,0.0666898083925446,-0.254181161395546,0.374335448615838,0.686670889844278,41,0.94145691220492,node
auc_cc,beta,detail,39,7Networks_LH_Default_Temp_2,-0.121672382046212,-0.421031291668566,0.201589156214587,0.460593455574376,41,0.94145691220492,node
auc_cc,beta,communication,39,7Networks_LH_Default_Temp_2,-0.158176104367503,-0.451180969762741,0.165611720276519,0.336178555561799,41,0.94145691220492,node
auc_cc,beta,imagination,39,7Networks_LH_Default_Temp_2,0.222828065915681,-0.0997043282838933,0.502986892554735,0.172724915348694,41,0.90046860408288,node
auc_cc,beta,total,40,7Networks_LH_Default_Par_1,0.0506162858493045,-0.26920553753445,0.360383214946339,0.759596735988935,41,0.959490613880761,node
auc_cc,beta,social,40,7Networks_LH_Default_Par_1,-0.12917915725124,-0.427285899525559,0.194261175634699,0.433175823722711,41,0.94145691220492,node
auc_cc,beta,switching,40,7Networks_LH_Default_Par_1,0.0623557007965076,-0.258247681401842,0.370586997214516,0.70609268415369,41,0.94145691220492,node
auc_cc,beta,detail,40,7Networks_LH_Default_Par_1,0.0418844730403262,-0.27730267438255,0.352745227574757,0.800137452906931,41,0.960036633839173,node
auc_cc,beta,communication,40,7Networks_LH_Default_Par_1,-0.103741459024551,-0.405975225614867,0.218947761703944,0.529685618455677,41,0.94145691220492,node
auc_cc,beta,imagination,40,7Networks_LH_Default_Par_1,0.390281145496877,0.0852575091921997,0.62841858739427,0.0140378575857934,41,0.336908582059041,node
auc_cc,beta,total,41,7Networks_LH_Default_Par_2,-0.210842812443464,-0.493532689593974,0.112139817088818,0.197601992794928,41,0.90046860408288,node
auc_cc,beta,social,41,7Networks_LH_Default_Par_2,-0.202480650199072,-0.486896646800505,0.120756606517496,0.21638288865389,41,0.934127044815933,node
auc_cc,beta,switching,41,7Networks_LH_Default_Par_2,-0.0760361766527303,-0.382384792934273,0.245373054235545,0.645470671581775,41,0.94145691220492,node
auc_cc,beta,detail,41,7Networks_LH_Default_Par_2,0.0117039801314536,-0.304944596381161,0.326022478173062,0.943624098484716,41,0.984651233201443,node
auc_cc,beta,communication,41,7Networks_LH_Default_Par_2,-0.214794565131686,-0.496657309471015,0.108050762304677,0.189136759282824,41,0.90046860408288,node
auc_cc,beta,imagination,41,7Networks_LH_Default_Par_2,-0.0960338194450548,-0.399452533691467,0.226347142262277,0.56085952399873,41,0.94145691220492,node
auc_cc,beta,total,42,7Networks_LH_Default_PFC_1,0.379166099819421,0.0722923718210435,0.620459610472252,0.017289000384863,41,0.35565943648861,node
auc_cc,beta,social,42,7Networks_LH_Default_PFC_1,0.419939282812741,0.120365256009691,0.649414181981898,0.00777953070140087,41,0.224050484200345,node
auc_cc,beta,switching,42,7Networks_LH_Default_PFC_1,0.0273127234510394,-0.290715050395571,0.339905945809528,0.868905381205039,41,0.964024042481955,node
auc_cc,beta,detail,42,7Networks_LH_Default_PFC_1,-0.114007284706712,-0.414615259463822,0.209034532103351,0.48952204573232,41,0.94145691220492,node
auc_cc,beta,communication,42,7Networks_LH_Default_PFC_1,0.471396154352847,0.18310854379042,0.685029946752597,0.00245196642619728,41,0.166356380801567,node
auc_cc,beta,imagination,42,7Networks_LH_Default_PFC_1,0.265761414373458,-0.0543156060484369,0.536312118204206,0.101999091637585,41,0.853927259281116,node
auc_cc,beta,total,43,7Networks_LH_Default_PFC_2,0.444124569781205,0.149560171057539,0.666280315750692,0.0046210105778213,41,0.166356380801567,node
auc_cc,beta,social,43,7Networks_LH_Default_PFC_2,0.50382122638383,0.223889847627882,0.706960375593789,0.00107592780970752,41,0.154933604597884,node
auc_cc,beta,switching,43,7Networks_LH_Default_PFC_2,0.0896080252360724,-0.232487633863099,0.393991037222548,0.587482115185281,41,0.94145691220492,node
auc_cc,beta,detail,43,7Networks_LH_Default_PFC_2,-0.114795348908185,-0.415276286051086,0.208270781302565,0.486505267670504,41,0.94145691220492,node
auc_cc,beta,communication,43,7Networks_LH_Default_PFC_2,0.44878761397009,0.155248784717087,0.669506262576482,0.0041613854576413,41,0.166356380801567,node
auc_cc,beta,imagination,43,7Networks_LH_Default_PFC_2,0.311128173575418,-0.00487261736360381,0.570632792320386,0.0538636003722559,41,0.680264939339091,node
auc_cc,beta,total,44,7Networks_LH_Default_PFC_3,-0.0731008417228595,-0.379861801750469,0.248145069876631,0.658305254093303,41,0.94145691220492,node
auc_cc,beta,social,44,7Networks_LH_Default_PFC_3,-0.127886780842119,-0.426211127395124,0.195525348250502,0.437830469372973,41,0.94145691220492,node
auc_cc,beta,switching,44,7Networks_LH_Default_PFC_3,-0.00129989587912551,-0.316692461825402,0.314351490434919,0.993733700554361,41,0.993733700554361,node
auc_cc,beta,detail,44,7Networks_LH_Default_PFC_3,-0.221252960916947,-0.501748233608786,0.101344374185863,0.175859375707683,41,0.90046860408288,node
auc_cc,beta,communication,44,7Networks_LH_Default_PFC_3,0.136855018429807,-0.186730621274832,0.43365201980812,0.406102534653509,41,0.94145691220492,node
auc_cc,beta,imagination,44,7Networks_LH_Default_PFC_3,0.0756303099118977,-0.245756652309947,0.382036212610732,0.647239387267917,41,0.94145691220492,node
auc_cc,beta,total,45,7Networks_LH_Default_PFC_4,0.200690731280027,-0.122594720852969,0.485471924335703,0.220557774470429,41,0.934127044815933,node
auc_cc,beta,social,45,7Networks_LH_Default_PFC_4,0.0942334415424808,-0.228070171923997,0.397924501289796,0.568261905151206,41,0.94145691220492,node
auc_cc,beta,switching,45,7Networks_LH_Default_PFC_4,0.0303745402945867,-0.287907174957957,0.342613440821206,0.854359009901754,41,0.964024042481955,node
auc_cc,beta,detail,45,7Networks_LH_Default_PFC_4,0.152219055599561,-0.171542326423978,0.446306086404707,0.35492131733576,41,0.94145691220492,node
auc_cc,beta,communication,45,7Networks_LH_Default_PFC_4,0.126389488242802,-0.196988622422907,0.424964887916853,0.44325746519434,41,0.94145691220492,node
auc_cc,beta,imagination,45,7Networks_LH_Default_PFC_4,0.186561405464627,-0.137027054123517,0.474172049766692,0.255459693779669,41,0.94145691220492,node
auc_cc,beta,total,46,7Networks_LH_Default_PFC_5,0.0416949869024657,-0.277477886426825,0.352579017670663,0.801023383930439,41,0.960036633839173,node
auc_cc,beta,social,46,7Networks_LH_Default_PFC_5,0.0563465851770941,-0.263867061378949,0.365373212449921,0.733324581352963,41,0.959490613880761,node
auc_cc,beta,switching,46,7Networks_LH_Default_PFC_5,-0.182658627503216,-0.471034027280076,0.140989459975442,0.265714934639359,41,0.94145691220492,node
auc_cc,beta,detail,46,7Networks_LH_Default_PFC_5,0.23242261142482,-0.0896762095378824,0.510507246761763,0.154493380882486,41,0.90046860408288,node
auc_cc,beta,communication,46,7Networks_LH_Default_PFC_5,0.0460336792256278,-0.273460700547215,0.356379839590236,0.780801708328803,41,0.960036633839173,node
auc_cc,beta,imagination,46,7Networks_LH_Default_PFC_5,-0.0518436441508988,-0.361453503956415,0.268063754430225,0.753946007314379,41,0.959490613880761,node
auc_cc,beta,total,47,7Networks_LH_Default_PFC_6,-0.0907900120073415,-0.394997263015492,0.231360050742978,0.582543193856198,41,0.94145691220492,node
auc_cc,beta,social,47,7Networks_LH_Default_PFC_6,-0.167475348596344,-0.458756107516403,0.156306702870256,0.308167294675448,41,0.94145691220492,node
auc_cc,beta,switching,47,7Networks_LH_Default_PFC_6,-0.220150394004686,-0.500880492560045,0.10249135712901,0.178077545672543,41,0.90046860408288,node
auc_cc,beta,detail,47,7Networks_LH_Default_PFC_6,0.175250066539721,-0.148482795025522,0.465057039595538,0.285920414059317,41,0.94145691220492,node
auc_cc,beta,communication,47,7Networks_LH_Default_PFC_6,-0.0804628874480594,-0.386181038196537,0.24118267789024,0.626306089698935,41,0.94145691220492,node
auc_cc,beta,imagination,47,7Networks_LH_Default_PFC_6,0.115106693746465,-0.207968933478069,0.415537354026798,0.485316073819392,41,0.94145691220492,node
auc_cc,beta,total,48,7Networks_LH_Default_PFC_7,0.02808633800893,-0.290006114782802,0.340590525131908,0.865225807048825,41,0.964024042481955,node
auc_cc,beta,social,48,7Networks_LH_Default_PFC_7,0.0432048474047186,-0.276081174861788,0.353902864517069,0.793971023082006,41,0.960036633839173,node
auc_cc,beta,switching,48,7Networks_LH_Default_PFC_7,-0.0662245712454201,-0.37393355882864,0.254618219054691,0.688746473596767,41,0.94145691220492,node
auc_cc,beta,detail,48,7Networks_LH_Default_PFC_7,0.0722567020538357,-0.24894126959005,0.379135397392485,0.662014356553721,41,0.94145691220492,node
auc_cc,beta,communication,48,7Networks_LH_Default_PFC_7,0.0413964817954349,-0.277753861920533,0.352317140751688,0.802419524047354,41,0.960036633839173,node
auc_cc,beta,imagination,48,7Networks_LH_Default_PFC_7,-0.0218505484667169,-0.335062967079211,0.295710637029112,0.894958523084302,41,0.964024042481955,node
auc_cc,beta,total,49,7Networks_LH_Default_pCunPCC_1,-0.16792621591311,-0.459122309718988,0.155854090093632,0.306847977808208,41,0.94145691220492,node
auc_cc,beta,social,49,7Networks_LH_Default_pCunPCC_1,-0.245581474999239,-0.520752646760694,0.0758156698424628,0.131825397415173,41,0.90046860408288,node
auc_cc,beta,switching,49,7Networks_LH_Default_pCunPCC_1,-0.098868485614033,-0.401854984192171,0.223630164424131,0.549296171174112,41,0.94145691220492,node
auc_cc,beta,detail,49,7Networks_LH_Default_pCunPCC_1,-0.00775849958975905,-0.32249150276825,0.308519205717351,0.962612009548782,41,0.990115209821605,node
auc_cc,beta,communication,49,7Networks_LH_Default_pCunPCC_1,-0.0788985202758295,-0.384840655109157,0.242664897746486,0.633051944727803,41,0.94145691220492,node
auc_cc,beta,imagination,49,7Networks_LH_Default_pCunPCC_1,0.0279945132754215,-0.290090280665791,0.340509285826267,0.865662411783468,41,0.964024042481955,node
auc_cc,beta,total,50,7Networks_LH_Default_pCunPCC_2,0.0464679150074666,-0.273058028076674,0.356759678293834,0.778785398918042,41,0.960036633839173,node
auc_cc,beta,social,50,7Networks_LH_Default_pCunPCC_2,-0.0404826300747376,-0.351515120760705,0.278598413495618,0.806697449267638,41,0.960036633839173,node
auc_cc,beta,switching,50,7Networks_LH_Default_pCunPCC_2,0.115085165628157,-0.207989806900361,0.415519303924005,0.485398252721961,41,0.94145691220492,node
auc_cc,beta,detail,50,7Networks_LH_Default_pCunPCC_2,-0.0901284567372952,-0.394434170681463,0.231991263080744,0.585305207692259,41,0.94145691220492,node
auc_cc,beta,communication,50,7Networks_LH_Default_pCunPCC_2,-0.0781644868603309,-0.384211274532264,0.243359868823701,0.636227397382175,41,0.94145691220492,node
auc_cc,beta,imagination,50,7Networks_LH_Default_pCunPCC_2,0.302306469383046,-0.0146095070465011,0.564029285614328,0.061412807023668,41,0.680264939339091,node
auc_cc,beta,total,51,7Networks_RH_Vis_1,-0.0987934818356519,-0.401791470290759,0.223702118842106,0.549600673133821,41,0.926724555511905,node
auc_cc,beta,social,51,7Networks_RH_Vis_1,-0.0146496817838153,-0.328653004027639,0.302269957925107,0.929467124600583,41,0.957632795043025,node
auc_cc,beta,switching,51,7Networks_RH_Vis_1,-0.0786572959627466,-0.384633854085282,0.242893321477513,0.634094777579092,41,0.926724555511905,node
auc_cc,beta,detail,51,7Networks_RH_Vis_1,-0.127776005590492,-0.426118964756008,0.195633656043152,0.438230718704577,41,0.926724555511905,node
auc_cc,beta,communication,51,7Networks_RH_Vis_1,0.113549426175098,-0.209478083837432,0.414231062940094,0.491279191570245,41,0.926724555511905,node
auc_cc,beta,imagination,51,7Networks_RH_Vis_1,-0.199962461561123,-0.484891809953573,0.123341965747055,0.222272168573062,41,0.926724555511905,node
auc_cc,beta,total,52,7Networks_RH_Vis_2,-0.165717564870339,-0.457327459791741,0.158069994020877,0.313345176135101,41,0.926724555511905,node
auc_cc,beta,social,52,7Networks_RH_Vis_2,0.00916997610349938,-0.307241431989047,0.323755699131696,0.955816301141511,41,0.965279828875586,node
auc_cc,beta,switching,52,7Networks_RH_Vis_2,-0.0667503564377238,-0.374387743853937,0.254124271115745,0.686400930202101,41,0.928003782125139,node
auc_cc,beta,detail,52,7Networks_RH_Vis_2,-0.0339623803719726,-0.345779500213831,0.28460992552897,0.837374099226742,41,0.947938562564969,node
auc_cc,beta,communication,52,7Networks_RH_Vis_2,-0.187006804669856,-0.474529708347682,0.136574190664292,0.25430633622055,41,0.926724555511905,node
auc_cc,beta,imagination,52,7Networks_RH_Vis_2,-0.262077615563653,-0.533485429163073,0.0582626599843811,0.107019037167834,41,0.875344275744072,node
auc_cc,beta,total,53,7Networks_RH_Vis_3,-0.0790333413406209,-0.384956223503784,0.242537215434099,0.632469406310777,41,0.926724555511905,node
auc_cc,beta,social,53,7Networks_RH_Vis_3,-0.0563425677049408,-0.365369720208612,0.263870811031374,0.73334289998584,41,0.930820112908675,node
auc_cc,beta,switching,53,7Networks_RH_Vis_3,-0.0988594321918217,-0.401847317824227,0.22363884995614,0.549332922219098,41,0.926724555511905,node
auc_cc,beta,detail,53,7Networks_RH_Vis_3,0.0660852304579157,-0.254749094446403,0.373813168391277,0.689368559356848,41,0.928003782125139,node
auc_cc,beta,communication,53,7Networks_RH_Vis_3,0.0743658787743939,-0.246951063031966,0.380949691516969,0.652761837926162,41,0.926724555511905,node
auc_cc,beta,imagination,53,7Networks_RH_Vis_3,-0.250018396263713,-0.524189426036829,0.0711139877332995,0.124769135957426,41,0.875344275744072,node
auc_cc,beta,total,54,7Networks_RH_Vis_4,-0.0444077864105549,-0.354956712032994,0.274967418070046,0.78836375978539,41,0.935036087187322,node
auc_cc,beta,social,54,7Networks_RH_Vis_4,-0.0101210876297246,-0.324606934169479,0.306379771054377,0.951238777363783,41,0.965279828875586,node
auc_cc,beta,switching,54,7Networks_RH_Vis_4,-0.121502759134355,-0.420889633029012,0.201754322045006,0.461223535170497,41,0.926724555511905,node
auc_cc,beta,detail,54,7Networks_RH_Vis_4,-0.0546310121725769,-0.36388113601178,0.265467387993818,0.741160273393154,41,0.930820112908675,node
auc_cc,beta,communication,54,7Networks_RH_Vis_4,0.0237376232381272,-0.293986720943005,0.336737994967232,0.885943976063709,41,0.947938562564969,node
auc_cc,beta,imagination,54,7Networks_RH_Vis_4,0.0755963652612292,-0.24578872996063,0.382007055156177,0.647387400508221,41,0.926724555511905,node
auc_cc,beta,total,55,7Networks_RH_Vis_5,-0.222659684230716,-0.50285453249997,0.0998797359716639,0.173058069770824,41,0.926724555511905,node
auc_cc,beta,social,55,7Networks_RH_Vis_5,0.0952983871648693,-0.227051222566024,0.398828554818216,0.563877893682105,41,0.926724555511905,node
auc_cc,beta,switching,55,7Networks_RH_Vis_5,-0.300384528109211,-0.562586157413039,0.0167228913609476,0.0631639302316176,41,0.875344275744072,node
auc_cc,beta,detail,55,7Networks_RH_Vis_5,-0.22473369553192,-0.504483938456079,0.0977177849180519,0.16898650356653,41,0.926724555511905,node
auc_cc,beta,communication,55,7Networks_RH_Vis_5,-0.173161310862692,-0.46336711086771,0.150588755042862,0.291792275047769,41,0.926724555511905,node
auc_cc,beta,imagination,55,7Networks_RH_Vis_5,-0.0218391471816775,-0.335052840913564,0.295721046263444,0.895013027667481,41,0.947938562564969,node
auc_cc,beta,total,56,7Networks_RH_Vis_6,-0.178830196498864,-0.467948675434968,0.144866334336406,0.276035339334653,41,0.926724555511905,node
auc_cc,beta,social,56,7Networks_RH_Vis_6,-0.0719772427277229,-0.378894831939203,0.249204762383537,0.66324404463107,41,0.926724555511905,node
auc_cc,beta,switching,56,7Networks_RH_Vis_6,-0.111232989209273,-0.412285659308312,0.211720102843861,0.500218632527542,41,0.926724555511905,node
auc_cc,beta,detail,56,7Networks_RH_Vis_6,-0.0823806837932327,-0.387822487265225,0.239363538251874,0.618076948994456,41,0.926724555511905,node
auc_cc,beta,communication,56,7Networks_RH_Vis_6,-0.127682135350194,-0.426040861877084,0.195725429199499,0.438570045254105,41,0.926724555511905,node
auc_cc,beta,imagination,56,7Networks_RH_Vis_6,-0.117187401599436,-0.417280793314348,0.205950112911662,0.477407621595347,41,0.926724555511905,node
auc_cc,beta,total,57,7Networks_RH_Vis_7,-0.065618486610285,-0.373409826163359,0.255187396514817,0.691453798446182,41,0.928003782125139,node
auc_cc,beta,social,57,7Networks_RH_Vis_7,0.217232993549281,-0.10552215000609,0.498581717652975,0.18404297556586,41,0.926724555511905,node
auc_cc,beta,switching,57,7Networks_RH_Vis_7,-0.239623747065805,-0.51612379978555,0.0821065091422249,0.141760996889905,41,0.875344275744072,node
auc_cc,beta,detail,57,7Networks_RH_Vis_7,-0.164333963999336,-0.456201871435843,0.159456479017701,0.317459212938213,41,0.926724555511905,node
auc_cc,beta,communication,57,7Networks_RH_Vis_7,0.018548199651482,-0.298722492149638,0.332126925033335,0.910764501287911,41,0.947938562564969,node
auc_cc,beta,imagination,57,7Networks_RH_Vis_7,-0.0471365624992686,-0.357344363208797,0.2724377635646,0.775683427423896,41,0.930820112908675,node
auc_cc,beta,total,58,7Networks_RH_Vis_8,-0.396844949643301,-0.633095328239649,-0.0929626746806191,0.0123729493131092,41,0.631020414968569,node
auc_cc,beta,social,58,7Networks_RH_Vis_8,-0.17607670659848,-0.465725258192798,0.147648534460068,0.283617880171147,41,0.926724555511905,node
auc_cc,beta,switching,58,7Networks_RH_Vis_8,-0.419144668807857,-0.648856183251265,-0.119414761758735,0.007908905453375,41,0.631020414968569,node
auc_cc,beta,detail,58,7Networks_RH_Vis_8,0.0497878343600306,-0.269975718947404,0.359660321901901,0.763417894923437,41,0.930820112908675,node
auc_cc,beta,communication,58,7Networks_RH_Vis_8,-0.287905369430086,-0.553176899060523,0.0303765071927805,0.0755161330547983,41,0.875344275744072,node
auc_cc,beta,imagination,58,7Networks_RH_Vis_8,-0.300664909135844,-0.562796786732826,0.0164147582289511,0.0629060323335717,41,0.875344275744072,node
auc_cc,beta,total,59,7Networks_RH_SomMot_1,0.0905995564742462,-0.231541798637787,0.394835177461171,0.583337753512193,41,0.978376400593494,node
auc_cc,beta,social,59,7Networks_RH_SomMot_1,0.00163498274040333,-0.314049483351155,0.316993910097488,0.992118420536159,41,0.992118420536159,node
auc_cc,beta,switching,59,7Networks_RH_SomMot_1,0.0461262710578082,-0.273374848333004,0.356460840971923,0.780371652854335,41,0.978376400593494,node
auc_cc,beta,detail,59,7Networks_RH_SomMot_1,-0.123483782020434,-0.422543151581931,0.199824206157764,0.453893709825351,41,0.978376400593494,node
auc_cc,beta,communication,59,7Networks_RH_SomMot_1,0.233384458661208,-0.0886672822033326,0.511258818726744,0.152746161661692,41,0.978376400593494,node
auc_cc,beta,imagination,59,7Networks_RH_SomMot_1,0.151829857134983,-0.171928982379723,0.44598698165515,0.356167454668539,41,0.978376400593494,node
auc_cc,beta,total,60,7Networks_RH_SomMot_2,-0.138769948590372,-0.43523559885069,0.184845996020394,0.399502801493465,41,0.978376400593494,node
auc_cc,beta,social,60,7Networks_RH_SomMot_2,-0.113408278077057,-0.414112601668793,0.209614794650008,0.491821536596861,41,0.978376400593494,node
auc_cc,beta,switching,60,7Networks_RH_SomMot_2,-0.172186931336142,-0.46257805668801,0.151570156157732,0.294557809992167,41,0.978376400593494,node
auc_cc,beta,detail,60,7Networks_RH_SomMot_2,-0.132287837261334,-0.429867708447259,0.19121593044691,0.422092723321947,41,0.978376400593494,node
auc_cc,beta,communication,60,7Networks_RH_SomMot_2,0.0567327904160682,-0.263506556836382,0.365708885902851,0.731564266588498,41,0.978376400593494,node
auc_cc,beta,imagination,60,7Networks_RH_SomMot_2,0.031142631132014,-0.287201928505465,0.343291833303061,0.850717133159809,41,0.986016811420622,node
auc_cc,beta,total,61,7Networks_RH_SomMot_3,-0.0110251343156757,-0.325415574691701,0.305560267499896,0.946889195319084,41,0.991317076843801,node
auc_cc,beta,social,61,7Networks_RH_SomMot_3,0.0564026246417568,-0.263814756705643,0.365421924595867,0.733069071087524,41,0.978376400593494,node
auc_cc,beta,switching,61,7Networks_RH_SomMot_3,-0.0414338899140636,-0.352349961360937,0.277719280059086,0.802244529057642,41,0.986016811420622,node
auc_cc,beta,detail,61,7Networks_RH_SomMot_3,-0.0224464492385522,-0.335592121624437,0.295166481891557,0.892110448428182,41,0.986016811420622,node
auc_cc,beta,communication,61,7Networks_RH_SomMot_3,0.0936670975372369,-0.228611767454223,0.397443480236664,0.570599694018589,41,0.978376400593494,node
auc_cc,beta,imagination,61,7Networks_RH_SomMot_3,-0.16288339318439,-0.4550207979362,0.160908703264423,0.321808658343908,41,0.978376400593494,node
auc_cc,beta,total,62,7Networks_RH_SomMot_4,-0.0108767730291063,-0.325282901852357,0.305694786759848,0.947602895726075,41,0.991317076843801,node
auc_cc,beta,social,62,7Networks_RH_SomMot_4,-0.0385828112175056,-0.349846328004659,0.280352585408852,0.815608518062394,41,0.986016811420622,node
auc_cc,beta,switching,62,7Networks_RH_SomMot_4,0.00667857420339259,-0.309496064526474,0.32152350317324,0.967813212948552,41,0.991317076843801,node
auc_cc,beta,detail,62,7Networks_RH_SomMot_4,0.0636776971054514,-0.257008508090248,0.371731420983441,0.700148461775443,41,0.978376400593494,node
auc_cc,beta,communication,62,7Networks_RH_SomMot_4,0.0247978506741303,-0.293017254202834,0.337678218365342,0.880885403616905,41,0.986016811420622,node
auc_cc,beta,imagination,62,7Networks_RH_SomMot_4,-0.10940557657594,-0.410749011309123,0.21348641271049,0.507328774320786,41,0.978376400593494,node
auc_cc,beta,total,63,7Networks_RH_SomMot_5,0.187276935386562,-0.136299467040425,0.474746578904254,0.253608529856213,41,0.978376400593494,node
auc_cc,beta,social,63,7Networks_RH_SomMot_5,0.114037846691704,-0.20900492036188,0.414640900706534,0.489404872133944,41,0.978376400593494,node
auc_cc,beta,switching,63,7Networks_RH_SomMot_5,-0.0837770680032864,-0.389016440133925,0.238037565190689,0.612113851032718,41,0.978376400593494,node
auc_cc,beta,detail,63,7Networks_RH_SomMot_5,0.145276513897053,-0.178424568100966,0.440602625836115,0.377545293360275,41,0.978376400593494,node
auc_cc,beta,communication,63,7Networks_RH_SomMot_5,0.172382049138281,-0.151373683394315,0.462736100258188,0.294002672296771,41,0.978376400593494,node
auc_cc,beta,imagination,63,7Networks_RH_SomMot_5,0.223354961104818,-0.0991553179860861,0.503400985002467,0.171685388894734,41,0.978376400593494,node
auc_cc,beta,total,64,7Networks_RH_SomMot_6,0.173249597714337,-0.150499800437635,0.4634385829793,0.291542524054485,41,0.978376400593494,node
auc_cc,beta,social,64,7Networks_RH_SomMot_6,0.0786547910397939,-0.242895693289531,0.384631706459709,0.634105610230054,41,0.978376400593494,node
auc_cc,beta,switching,64,7Networks_RH_SomMot_6,-0.0996364019275695,-0.402505095235642,0.222893266294459,0.546183166202611,41,0.978376400593494,node
auc_cc,beta,detail,64,7Networks_RH_SomMot_6,0.150296567448793,-0.17345128557706,0.444729105738009,0.361102429707,41,0.978376400593494,node
auc_cc,beta,communication,64,7Networks_RH_SomMot_6,0.104578386476012,-0.218142066262678,0.40668163805911,0.526352217446475,41,0.978376400593494,node
auc_cc,beta,imagination,64,7Networks_RH_SomMot_6,0.332309593046087,0.0187534583097899,0.58635233867171,0.0387434681004726,41,0.74558792588983,node
auc_cc,beta,total,65,7Networks_RH_SomMot_7,0.183142135678843,-0.140499126693201,0.471423187776966,0.264429895532459,41,0.978376400593494,node
auc_cc,beta,social,65,7Networks_RH_SomMot_7,0.325399287915846,0.0110069208974822,0.581244877662523,0.0432397463628781,41,0.74558792588983,node
auc_cc,beta,switching,65,7Networks_RH_SomMot_7,0.0927197881160905,-0.229517235026062,0.39663851503464,0.574519842626326,41,0.978376400593494,node
auc_cc,beta,detail,65,7Networks_RH_SomMot_7,-0.233942683972662,-0.511694812186762,0.0880814298903476,0.151738765545498,41,0.978376400593494,node
auc_cc,beta,communication,65,7Networks_RH_SomMot_7,0.217209516764768,-0.10554651498117,0.498563202982291,0.184091548588681,41,0.978376400593494,node
auc_cc,beta,imagination,65,7Networks_RH_SomMot_7,0.0724822744944534,-0.248728550243071,0.379329545440643,0.661022420535304,41,0.978376400593494,node
auc_cc,beta,total,66,7Networks_RH_SomMot_8,-0.0493451516678931,-0.359273891768986,0.270387097379762,0.765462003551591,41,0.978376400593494,node
auc_cc,beta,social,66,7Networks_RH_SomMot_8,-0.00424972061673568,-0.319343974138887,0.311690676090492,0.979515683071851,41,0.991317076843801,node
auc_cc,beta,switching,66,7Networks_RH_SomMot_8,0.046537277228926,-0.2729936972168,0.356820341950772,0.778463457549218,41,0.978376400593494,node
auc_cc,beta,detail,66,7Networks_RH_SomMot_8,-0.0732904769364076,-0.380024935807984,0.247966144607464,0.657473111523652,41,0.978376400593494,node
auc_cc,beta,communication,66,7Networks_RH_SomMot_8,-0.203323030647236,-0.487566633377377,0.119890776375996,0.214437079432128,41,0.978376400593494,node
auc_cc,beta,imagination,66,7Networks_RH_SomMot_8,0.113642179379352,-0.209388239647341,0.41430890231458,0.490922966002008,41,0.978376400593494,node
auc_cc,beta,total,67,7Networks_RH_DorsAttn_Post_1,0.214713023709804,-0.10813524737167,0.496592909044327,0.189308800331157,41,0.79185132405363,node
auc_cc,beta,social,67,7Networks_RH_DorsAttn_Post_1,0.320708887595961,0.00577033670568405,0.577766642689433,0.0465257155654612,41,0.416379696353971,node
auc_cc,beta,switching,67,7Networks_RH_DorsAttn_Post_1,-0.0539516547122128,-0.363289842952464,0.266100621351977,0.744270342495109,41,0.933432888320563,node
auc_cc,beta,detail,67,7Networks_RH_DorsAttn_Post_1,-0.0496144810238942,-0.359509009576004,0.270136827528152,0.7642181747717,41,0.933432888320563,node
auc_cc,beta,communication,67,7Networks_RH_DorsAttn_Post_1,0.309115060604035,-0.00709986489599568,0.569128821615168,0.0555172928471962,41,0.416379696353971,node
auc_cc,beta,imagination,67,7Networks_RH_DorsAttn_Post_1,0.0399965474872676,-0.27904743400526,0.351088335979811,0.808975169877821,41,0.933432888320563,node
auc_cc,beta,total,68,7Networks_RH_DorsAttn_Post_2,0.083751111265638,-0.238062224035234,0.388994255648042,0.612224473443352,41,0.90154187701147,node
auc_cc,beta,social,68,7Networks_RH_DorsAttn_Post_2,0.0320310025148312,-0.286385812063785,0.3440760538746,0.846508759720215,41,0.953027118241544,node
auc_cc,beta,switching,68,7Networks_RH_DorsAttn_Post_2,-0.103571705263555,-0.405831900105921,0.219111127024607,0.530362983999334,41,0.858268838348701,node
auc_cc,beta,detail,68,7Networks_RH_DorsAttn_Post_2,0.113671166837846,-0.209360160202413,0.414333227964402,0.490811664813647,41,0.858268838348701,node
auc_cc,beta,communication,68,7Networks_RH_DorsAttn_Post_2,-0.0770418319354383,-0.383248128580027,0.244422142323809,0.641096445874823,41,0.90154187701147,node
auc_cc,beta,imagination,68,7Networks_RH_DorsAttn_Post_2,0.358520591618522,0.0484825436722939,0.605543213693303,0.0250128258932184,41,0.416379696353971,node
auc_cc,beta,total,69,7Networks_RH_DorsAttn_Post_3,0.164088327886301,-0.15970249371696,0.456001943632782,0.318193126328011,41,0.818694224971677,node
auc_cc,beta,social,69,7Networks_RH_DorsAttn_Post_3,0.160982179727137,-0.162809963157023,0.453471247409189,0.32756550917872,41,0.818694224971677,node
auc_cc,beta,switching,69,7Networks_RH_DorsAttn_Post_3,-0.141935092632442,-0.437849044611984,0.181725715120731,0.388730964478999,41,0.818694224971677,node
auc_cc,beta,detail,69,7Networks_RH_DorsAttn_Post_3,0.078605683970257,-0.242942190046095,0.384589603258851,0.634317991119566,41,0.90154187701147,node
auc_cc,beta,communication,69,7Networks_RH_DorsAttn_Post_3,0.10199588587727,-0.220626779677719,0.404500703498187,0.536671006708907,41,0.858268838348701,node
auc_cc,beta,imagination,69,7Networks_RH_DorsAttn_Post_3,0.327878249673936,0.0137815338108693,0.58307941945578,0.041580528644517,41,0.416379696353971,node
auc_cc,beta,total,70,7Networks_RH_DorsAttn_Post_4,0.349623924237032,0.0383297878986599,0.599061401577974,0.0291290504110264,41,0.416379696353971,node
auc_cc,beta,social,70,7Networks_RH_DorsAttn_Post_4,0.300095468473202,-0.0170404990648651,0.56236897286163,0.0634306870801309,41,0.432590804546281,node
auc_cc,beta,switching,70,7Networks_RH_DorsAttn_Post_4,0.359986982498094,0.0501621418607832,0.606608439686987,0.024383133877235,41,0.416379696353971,node
auc_cc,beta,detail,70,7Networks_RH_DorsAttn_Post_4,-0.0231825880684039,-0.336245533567344,0.294493981800619,0.888593958965584,41,0.963535618155453,node
auc_cc,beta,communication,70,7Networks_RH_DorsAttn_Post_4,0.283724532044347,-0.0349244082121575,0.550009347742149,0.0800524659302987,41,0.480314795581792,node
auc_cc,beta,imagination,70,7Networks_RH_DorsAttn_Post_4,-0.0318987044446658,-0.343959293737769,0.286507379069993,0.847135216214706,41,0.953027118241544,node
auc_cc,beta,total,71,7Networks_RH_DorsAttn_Post_5,0.170386631837344,-0.153381751336681,0.461118959901562,0.299711674631029,41,0.818694224971677,node
auc_cc,beta,social,71,7Networks_RH_DorsAttn_Post_5,0.25456166456846,-0.0662847799662049,0.527699350293858,0.117840316365178,41,0.589201581825892,node
auc_cc,beta,switching,71,7Networks_RH_DorsAttn_Post_5,-0.0925855313890307,-0.396524394109964,0.229645516637602,0.575076409836125,41,0.862614614754188,node
auc_cc,beta,detail,71,7Networks_RH_DorsAttn_Post_5,-0.0167004302549215,-0.330481460411599,0.30040496810078,0.919623637673641,41,0.97993658565931,node
auc_cc,beta,communication,71,7Networks_RH_DorsAttn_Post_5,0.256631981047044,-0.0640791673777017,0.529295695882882,0.114780679749128,41,0.589201581825892,node
auc_cc,beta,imagination,71,7Networks_RH_DorsAttn_Post_5,0.059131014748679,-0.261265922354529,0.36779152452214,0.720663837321867,41,0.933432888320563,node
auc_cc,beta,total,72,7Networks_RH_DorsAttn_PrCv_1,-0.143523967083458,-0.439159088747385,0.180156900597317,0.383388164310264,41,0.818694224971677,node
auc_cc,beta,social,72,7Networks_RH_DorsAttn_PrCv_1,-0.173643870816101,-0.463757718421236,0.150102481277744,0.290428863137087,41,0.818694224971677,node
auc_cc,beta,switching,72,7Networks_RH_DorsAttn_PrCv_1,-0.11090031561036,-0.412006045789831,0.212041810063387,0.501509221961876,41,0.858268838348701,node
auc_cc,beta,detail,72,7Networks_RH_DorsAttn_PrCv_1,0.0816495577567635,-0.240057319691807,0.387196942172815,0.621208819896891,41,0.90154187701147,node
auc_cc,beta,communication,72,7Networks_RH_DorsAttn_PrCv_1,-0.00179480498409412,-0.317137665719603,0.313905416254568,0.991348010885585,41,0.991348010885585,node
auc_cc,beta,imagination,72,7Networks_RH_DorsAttn_PrCv_1,-0.20709523649125,-0.490562753699849,0.116007522162997,0.205872147495922,41,0.79185132405363,node
auc_cc,beta,total,73,7Networks_RH_DorsAttn_FEF_1,-0.368086935559433,-0.612476552382291,-0.0594714786965782,0.0211375102042752,41,0.416379696353971,node
auc_cc,beta,social,73,7Networks_RH_DorsAttn_FEF_1,-0.34184741454492,-0.593368794585269,-0.029507671617678,0.0331703455182912,41,0.416379696353971,node
auc_cc,beta,switching,73,7Networks_RH_DorsAttn_FEF_1,-0.155317062009261,-0.448843485005092,0.168460997347323,0.345096451776201,41,0.818694224971677,node
auc_cc,beta,detail,73,7Networks_RH_DorsAttn_FEF_1,-0.173561867610442,-0.463691348982032,0.150185126633992,0.29066026243958,41,0.818694224971677,node
auc_cc,beta,communication,73,7Networks_RH_DorsAttn_FEF_1,-0.17430405207515,-0.464291918686358,0.149436965395354,0.28857027314136,41,0.818694224971677,node
auc_cc,beta,imagination,73,7Networks_RH_DorsAttn_FEF_1,-0.134603373475352,-0.431787641437176,0.188943590121079,0.413942002696068,41,0.818694224971677,node
auc_cc,beta,total,74,7Networks_RH_SalVentAttn_TempOccPar_1,-0.0688342684055059,-0.376186422934871,0.252164896005827,0.677133173837401,41,0.99592790923489,node
auc_cc,beta,social,74,7Networks_RH_SalVentAttn_TempOccPar_1,0.0645640416369792,-0.256177102061304,0.372498186420401,0.69617291691542,41,0.99592790923489,node
auc_cc,beta,switching,74,7Networks_RH_SalVentAttn_TempOccPar_1,-0.327398603448559,-0.582724662900934,-0.0132443053322112,0.0418974675855643,41,0.301661766616063,node
auc_cc,beta,detail,74,7Networks_RH_SalVentAttn_TempOccPar_1,-0.0274499310075635,-0.340027386330855,0.290589339704928,0.868252574475271,41,0.99592790923489,node
auc_cc,beta,communication,74,7Networks_RH_SalVentAttn_TempOccPar_1,0.14781102809346,-0.175915733050756,0.442687555490472,0.369189098780136,41,0.901664293674777,node
auc_cc,beta,imagination,74,7Networks_RH_SalVentAttn_TempOccPar_1,-0.0333374052949193,-0.345228506404494,0.285184824519916,0.840327746789133,41,0.99592790923489,node
auc_cc,beta,total,75,7Networks_RH_SalVentAttn_TempOccPar_2,-0.139782256741809,-0.436072001106377,0.183848745608807,0.396039070023494,41,0.919832678764244,node
auc_cc,beta,social,75,7Networks_RH_SalVentAttn_TempOccPar_2,-0.171952674596334,-0.462388286565998,0.151806005862148,0.295225192701853,41,0.885675578105559,node
auc_cc,beta,switching,75,7Networks_RH_SalVentAttn_TempOccPar_2,-0.195519187639782,-0.481347012435133,0.127893081560816,0.232930063920123,41,0.841394646314527,node
auc_cc,beta,detail,75,7Networks_RH_SalVentAttn_TempOccPar_2,0.0258737648906354,-0.29203277500103,0.338631715123337,0.875756746587022,41,0.99592790923489,node
auc_cc,beta,communication,75,7Networks_RH_SalVentAttn_TempOccPar_2,0.0170496043056315,-0.300087180795249,0.330792551052492,0.917948755856566,41,0.99592790923489,node
auc_cc,beta,imagination,75,7Networks_RH_SalVentAttn_TempOccPar_2,-0.0141087749493864,-0.328170336487116,0.30276146488363,0.932065234729611,41,0.99592790923489,node
auc_cc,beta,total,76,7Networks_RH_SalVentAttn_FrOperIns_1,-0.0537993487669055,-0.3631572460635,0.266242548784559,0.744968143594049,41,0.99592790923489,node
auc_cc,beta,social,76,7Networks_RH_SalVentAttn_FrOperIns_1,0.0480019339849104,-0.271634615381011,0.358100708540786,0.771673914375582,41,0.99592790923489,node
auc_cc,beta,switching,76,7Networks_RH_SalVentAttn_FrOperIns_1,-0.0447650909145592,-0.355269580494438,0.27463643783701,0.786700264758824,41,0.99592790923489,node
auc_cc,beta,detail,76,7Networks_RH_SalVentAttn_FrOperIns_1,-0.200996897629482,-0.48571573097076,0.122280467818564,0.219839760863538,41,0.841394646314527,node
auc_cc,beta,communication,76,7Networks_RH_SalVentAttn_FrOperIns_1,0.133727332450218,-0.189803696437704,0.431061586255196,0.417015122542341,41,0.938284025720267,node
auc_cc,beta,imagination,76,7Networks_RH_SalVentAttn_FrOperIns_1,-0.104858218125072,-0.406917750682403,0.217872579050557,0.52523997201907,41,0.961827247513602,node
auc_cc,beta,total,77,7Networks_RH_SalVentAttn_Med_1,0.0289300785861976,-0.289232517910765,0.341336782105918,0.86121588377849,41,0.99592790923489,node
auc_cc,beta,social,77,7Networks_RH_SalVentAttn_Med_1,-0.0564519543006932,-0.365464802861545,0.263768713099635,0.732844177445732,41,0.99592790923489,node
auc_cc,beta,switching,77,7Networks_RH_SalVentAttn_Med_1,-0.0184532359096104,-0.332042404985049,0.298809008948099,0.911219555220426,41,0.99592790923489,node
auc_cc,beta,detail,77,7Networks_RH_SalVentAttn_Med_1,-0.00821897981786475,-0.322904057740922,0.308102470107127,0.960394667695023,41,0.99592790923489,node
auc_cc,beta,communication,77,7Networks_RH_SalVentAttn_Med_1,0.00880255297762233,-0.307574160661439,0.323426722783973,0.957585022829046,41,0.99592790923489,node
auc_cc,beta,imagination,77,7Networks_RH_SalVentAttn_Med_1,0.233186274450396,-0.088875221120968,0.511103995527271,0.153104983792235,41,0.751745615375354,node
auc_cc,beta,total,78,7Networks_RH_SalVentAttn_Med_2,-0.22704912028148,-0.506300655185016,0.0953005835858965,0.164522923205572,41,0.751745615375354,node
auc_cc,beta,social,78,7Networks_RH_SalVentAttn_Med_2,-0.344582129745642,-0.59537354941895,-0.0326045512056602,0.0316997546184762,41,0.253598036947809,node
auc_cc,beta,switching,78,7Networks_RH_SalVentAttn_Med_2,-0.148297300693816,-0.443087206452726,0.175433905954569,0.36759858306691,41,0.901664293674777,node
auc_cc,beta,detail,78,7Networks_RH_SalVentAttn_Med_2,0.0198452375587634,-0.297540302384242,0.333280816566478,0.904552132984655,41,0.99592790923489,node
auc_cc,beta,communication,78,7Networks_RH_SalVentAttn_Med_2,-0.172918530708272,-0.463170550125502,0.150833344426937,0.292479776217804,41,0.885675578105559,node
auc_cc,beta,imagination,78,7Networks_RH_SalVentAttn_Med_2,0.12238351287815,-0.200896511191247,0.421625025564047,0.457956926213195,41,0.961827247513602,node
auc_cc,beta,total,79,7Networks_RH_Limbic_OFC_1,0.0345464258553597,-0.284072469446165,0.346294215153792,0.834615870122827,41,0.894231289417315,node
auc_cc,beta,social,79,7Networks_RH_Limbic_OFC_1,-0.167025970678011,-0.458391016543855,0.156757685214954,0.309485827736904,41,0.844052257464283,node
auc_cc,beta,switching,79,7Networks_RH_Limbic_OFC_1,0.0874234035621285,-0.234569426735291,0.392129345459123,0.596659076414277,41,0.894231289417315,node
auc_cc,beta,detail,79,7Networks_RH_Limbic_OFC_1,-0.0182661013748154,-0.331875835941442,0.29897948276357,0.912116361222392,41,0.943568649540405,node
auc_cc,beta,communication,79,7Networks_RH_Limbic_OFC_1,0.134476791582306,-0.189067900249248,0.431682755263614,0.414385251415008,41,0.887968395889304,node
auc_cc,beta,imagination,79,7Networks_RH_Limbic_OFC_1,0.135004823236439,-0.1885492765718,0.432120230875744,0.412538036563381,41,0.887968395889304,node
auc_cc,beta,total,80,7Networks_RH_Limbic_TempPole_1,-0.070497175676248,-0.377620061922152,0.250599475427395,0.669771141995258,41,0.894231289417315,node
auc_cc,beta,social,80,7Networks_RH_Limbic_TempPole_1,0.0396153175120761,-0.279399498951958,0.350753522244967,0.810762652073062,41,0.894231289417315,node
auc_cc,beta,switching,80,7Networks_RH_Limbic_TempPole_1,-0.176795913444112,-0.466306364035959,0.146922322555134,0.281624413930904,41,0.844052257464283,node
auc_cc,beta,detail,80,7Networks_RH_Limbic_TempPole_1,-0.183096772105696,-0.471386680838056,0.140545137359379,0.264550285201652,41,0.844052257464283,node
auc_cc,beta,communication,80,7Networks_RH_Limbic_TempPole_1,0.224859162682053,-0.0975869001639797,0.504582445366085,0.168742424107975,41,0.844052257464283,node
auc_cc,beta,imagination,80,7Networks_RH_Limbic_TempPole_1,-0.0999628522809062,-0.402781372656382,0.222579890447726,0.544862335376251,41,0.894231289417315,node
auc_cc,beta,total,81,7Networks_RH_Cont_Par_1,-0.243584473804508,-0.519202880550688,0.0779271829134605,0.135096348608203,41,0.810578091649215,node
auc_cc,beta,social,81,7Networks_RH_Cont_Par_1,-0.270123620459853,-0.539651539169899,0.049628692595594,0.0962893520200949,41,0.682779041597036,node
auc_cc,beta,switching,81,7Networks_RH_Cont_Par_1,-0.307313970247511,-0.567781774057128,0.00908988138098539,0.0570309590211321,41,0.556051850456038,node
auc_cc,beta,detail,81,7Networks_RH_Cont_Par_1,0.13912547524405,-0.184495833616878,0.435529404966705,0.398284339610622,41,0.978636990487971,node
auc_cc,beta,communication,81,7Networks_RH_Cont_Par_1,-0.253998429688655,-0.527264726308084,0.0668842804552945,0.118683217278696,41,0.771440912311523,node
auc_cc,beta,imagination,81,7Networks_RH_Cont_Par_1,0.105945354581068,-0.216825163205537,0.407834657369807,0.520929907772368,41,0.978636990487971,node
auc_cc,beta,total,82,7Networks_RH_Cont_Par_2,0.0855882347795545,-0.236315935640219,0.390563519214862,0.604416071008387,41,0.99932153685189,node
auc_cc,beta,social,82,7Networks_RH_Cont_Par_2,0.000140740618448106,-0.315395721304934,0.315649179840947,0.99932153685189,41,0.99932153685189,node
auc_cc,beta,switching,82,7Networks_RH_Cont_Par_2,-0.118346458559067,-0.418251018014633,0.204824336064475,0.473031730629945,41,0.978636990487971,node
auc_cc,beta,detail,82,7Networks_RH_Cont_Par_2,0.154603224649179,-0.169171553434376,0.448259241302756,0.347345399722107,41,0.978636990487971,node
auc_cc,beta,communication,82,7Networks_RH_Cont_Par_2,0.0826153808652509,-0.239140759397501,0.388023232405017,0.617073000110769,41,0.99932153685189,node
auc_cc,beta,imagination,82,7Networks_RH_Cont_Par_2,0.178126393319757,-0.145577963263609,0.467380708959691,0.277960731241692,41,0.942649436384867,node
auc_cc,beta,total,83,7Networks_RH_Cont_PFCl_1,-0.0128619453811882,-0.327057127684733,0.303893782473819,0.93805666792363,41,0.99932153685189,node
auc_cc,beta,social,83,7Networks_RH_Cont_PFCl_1,-0.0163626777107963,-0.33018048068088,0.300712293592032,0.92124405944134,41,0.99932153685189,node
auc_cc,beta,switching,83,7Networks_RH_Cont_PFCl_1,-0.0496570860425079,-0.359546199089937,0.270097233560374,0.764021467719144,41,0.99932153685189,node
auc_cc,beta,detail,83,7Networks_RH_Cont_PFCl_1,0.321749415343235,0.00693054198341967,0.578539067974444,0.04577989229415,41,0.556051850456038,node
auc_cc,beta,communication,83,7Networks_RH_Cont_PFCl_1,-0.0451662785244326,-0.355620791664638,0.274264717344108,0.784833576176005,41,0.99932153685189,node
auc_cc,beta,imagination,83,7Networks_RH_Cont_PFCl_1,-0.347677468966905,-0.597638907721635,-0.0361170555263598,0.0301003341642725,41,0.556051850456038,node
auc_cc,beta,total,84,7Networks_RH_Cont_PFCl_2,-0.00690223251501149,-0.321724035101772,0.309293806631533,0.966735901138552,41,0.99932153685189,node
auc_cc,beta,social,84,7Networks_RH_Cont_PFCl_2,0.0249268719859346,-0.292899233131652,0.33779259353431,0.880270129122183,41,0.99932153685189,node
auc_cc,beta,switching,84,7Networks_RH_Cont_PFCl_2,0.119652890091421,-0.203554390381524,0.419343787415038,0.468124929635167,41,0.978636990487971,node
auc_cc,beta,detail,84,7Networks_RH_Cont_PFCl_2,0.00269810241802052,-0.313090891785154,0.317949884098029,0.986993907234241,41,0.99932153685189,node
auc_cc,beta,communication,84,7Networks_RH_Cont_PFCl_2,-0.0211238405556998,-0.334417389453475,0.296373961749903,0.898433537569156,41,0.99932153685189,node
auc_cc,beta,imagination,84,7Networks_RH_Cont_PFCl_2,-0.223476830950766,-0.503496745476317,0.0990283049922028,0.171445589047227,41,0.845301563180674,node
auc_cc,beta,total,85,7Networks_RH_Cont_PFCl_3,-0.0122330807168033,-0.326495326444653,0.304464551313463,0.941079869731949,41,0.99932153685189,node
auc_cc,beta,social,85,7Networks_RH_Cont_PFCl_3,-0.148865542291022,-0.443554076537614,0.174870662650512,0.365745154946692,41,0.978636990487971,node
auc_cc,beta,switching,85,7Networks_RH_Cont_PFCl_3,0.0226505527738365,-0.294980054504541,0.335773318310322,0.891135251794119,41,0.99932153685189,node
auc_cc,beta,detail,85,7Networks_RH_Cont_PFCl_3,0.282694998311875,-0.0360423101380529,0.549228158998503,0.081201463710367,41,0.633371416940863,node
auc_cc,beta,communication,85,7Networks_RH_Cont_PFCl_3,-0.0785084721182012,-0.384506252438657,0.24303423019197,0.634738503293976,41,0.99932153685189,node
auc_cc,beta,imagination,85,7Networks_RH_Cont_PFCl_3,-0.133078841527269,-0.430523874503954,0.190440071975135,0.419298288105232,41,0.978636990487971,node
auc_cc,beta,total,86,7Networks_RH_Cont_PFCl_4,0.0124534263149948,-0.304264587579343,0.326692199207709,0.940020486266551,41,0.99932153685189,node
auc_cc,beta,social,86,7Networks_RH_Cont_PFCl_4,-0.0691887889706047,-0.376492188536224,0.251831299793099,0.67556112754108,41,0.99932153685189,node
auc_cc,beta,switching,86,7Networks_RH_Cont_PFCl_4,-0.0808508726404501,-0.386513272477943,0.240814834013659,0.624637623692447,41,0.99932153685189,node
auc_cc,beta,detail,86,7Networks_RH_Cont_PFCl_4,0.179802081293019,-0.14388309211911,0.468732590334401,0.273390927658332,41,0.942649436384867,node
auc_cc,beta,communication,86,7Networks_RH_Cont_PFCl_4,0.0576165602224864,-0.262681262336155,0.366476719382222,0.72754117048353,41,0.99932153685189,node
auc_cc,beta,imagination,86,7Networks_RH_Cont_PFCl_4,-0.0455419459073131,-0.355949582225161,0.273916556062453,0.783086705793252,41,0.99932153685189,node
auc_cc,beta,total,87,7Networks_RH_Cont_Cing_1,-0.164661634498092,-0.456468522691412,0.15912824088009,0.316481854369525,41,0.978636990487971,node
auc_cc,beta,social,87,7Networks_RH_Cont_Cing_1,-0.330122054755539,-0.584737693888405,-0.0162971217781851,0.0401236172226569,41,0.556051850456038,node
auc_cc,beta,switching,87,7Networks_RH_Cont_Cing_1,-0.00270486437044381,-0.317955962501579,0.313084792621822,0.986961314296819,41,0.99932153685189,node
auc_cc,beta,detail,87,7Networks_RH_Cont_Cing_1,-0.113982661462984,-0.414594600426759,0.209058389321989,0.48961646093286,41,0.978636990487971,node
auc_cc,beta,communication,87,7Networks_RH_Cont_Cing_1,-0.0653273697822729,-0.373158195164516,0.255460706929276,0.692755539141888,41,0.99932153685189,node
auc_cc,beta,imagination,87,7Networks_RH_Cont_Cing_1,0.172250216134012,-0.151506434692741,0.462629318796715,0.294377682051103,41,0.956727466666085,node
auc_cc,beta,total,88,7Networks_RH_Cont_PFCmp_1,-0.124187056937639,-0.423129682086909,0.199138399524377,0.451306813805005,41,0.978636990487971,node
auc_cc,beta,social,88,7Networks_RH_Cont_PFCmp_1,-0.209345034458117,-0.492346498139409,0.113686781480023,0.200878864513196,41,0.845301563180674,node
auc_cc,beta,switching,88,7Networks_RH_Cont_PFCmp_1,-0.0650589444026616,-0.372926137705738,0.255712668413689,0.693956585529176,41,0.99932153685189,node
auc_cc,beta,detail,88,7Networks_RH_Cont_PFCmp_1,0.185753636981806,-0.137848014686957,0.473523163923758,0.257560284598736,41,0.942649436384867,node
auc_cc,beta,communication,88,7Networks_RH_Cont_PFCmp_1,-0.146486608842417,-0.441598465815452,0.177227258386854,0.373541809900556,41,0.978636990487971,node
auc_cc,beta,imagination,88,7Networks_RH_Cont_PFCmp_1,-0.104426003137193,-0.406553045099189,0.218288795806152,0.526958379493523,41,0.978636990487971,node
auc_cc,beta,total,89,7Networks_RH_Cont_pCun_1,-0.0526795422904366,-0.362181962542179,0.267285622893033,0.750104750788597,41,0.99932153685189,node
auc_cc,beta,social,89,7Networks_RH_Cont_pCun_1,0.192726480361091,-0.13074661645675,0.479114224571314,0.239803853152545,41,0.935235027294927,node
auc_cc,beta,switching,89,7Networks_RH_Cont_pCun_1,0.0389501943241529,-0.280013533270884,0.350169189894368,0.813883492479579,41,0.99932153685189,node
auc_cc,beta,detail,89,7Networks_RH_Cont_pCun_1,-0.284416132543425,-0.550533858277065,0.0341729973961522,0.079287753260892,41,0.633371416940863,node
auc_cc,beta,communication,89,7Networks_RH_Cont_pCun_1,-0.1081985443008,-0.409733093552793,0.214651929235275,0.512052869536883,41,0.978636990487971,node
auc_cc,beta,imagination,89,7Networks_RH_Cont_pCun_1,-0.0390131981342752,-0.350224551178278,0.279955380043039,0.813587748507855,41,0.99932153685189,node
auc_cc,beta,total,90,7Networks_RH_Default_Par_1,0.165549617652829,-0.158238359436426,0.457190881008973,0.313842752587939,41,0.94145691220492,node
auc_cc,beta,social,90,7Networks_RH_Default_Par_1,0.109493720608373,-0.213401264356546,0.410823169819602,0.506984657338911,41,0.94145691220492,node
auc_cc,beta,switching,90,7Networks_RH_Default_Par_1,-0.0534353827635777,-0.362840328094599,0.266581657027133,0.746636493141353,41,0.959490613880761,node
auc_cc,beta,detail,90,7Networks_RH_Default_Par_1,0.0631446361035878,-0.257508299757556,0.371270074165824,0.702543221646867,41,0.94145691220492,node
auc_cc,beta,communication,90,7Networks_RH_Default_Par_1,0.161701553170877,-0.162090854824596,0.454057768079354,0.325379764028179,41,0.94145691220492,node
auc_cc,beta,imagination,90,7Networks_RH_Default_Par_1,0.233068418194521,-0.088998864999716,0.511011916660657,0.153318659504899,41,0.90046860408288,node
auc_cc,beta,total,91,7Networks_RH_Default_Temp_1,0.0815896290630001,-0.240114172767241,0.387145655225779,0.621465825083928,41,0.94145691220492,node
auc_cc,beta,social,91,7Networks_RH_Default_Temp_1,0.305587016707897,-0.0109956337254299,0.566488862580955,0.0585130504068081,41,0.680264939339091,node
auc_cc,beta,switching,91,7Networks_RH_Default_Temp_1,-0.141268256505994,-0.437298856408465,0.182383641802772,0.390986171503512,41,0.94145691220492,node
auc_cc,beta,detail,91,7Networks_RH_Default_Temp_1,-0.124893605275221,-0.423718690437309,0.198449081716333,0.448715952155232,41,0.94145691220492,node
auc_cc,beta,communication,91,7Networks_RH_Default_Temp_1,0.132660507087631,-0.190850446690995,0.430176890434082,0.420774865245209,41,0.94145691220492,node
auc_cc,beta,imagination,91,7Networks_RH_Default_Temp_1,0.0193040236721337,-0.29803371204672,0.332799447372411,0.907143702881803,41,0.964024042481955,node
auc_cc,beta,total,92,7Networks_RH_Default_Temp_2,-0.135766715311418,-0.43275121410362,0.187800640985079,0.409880971900412,41,0.94145691220492,node
auc_cc,beta,social,92,7Networks_RH_Default_Temp_2,-0.0186102558402687,-0.33218215383574,0.298665952988091,0.910467151232957,41,0.964024042481955,node
auc_cc,beta,switching,92,7Networks_RH_Default_Temp_2,-0.316431982893579,-0.574586882369108,-0.00101040715427232,0.0496948958765854,41,0.680264939339091,node
auc_cc,beta,detail,92,7Networks_RH_Default_Temp_2,0.0102783119298357,-0.306237283487232,0.324747599252342,0.950482230564481,41,0.984672238858167,node
auc_cc,beta,communication,92,7Networks_RH_Default_Temp_2,0.107502461805838,-0.215323652270025,0.409146884481156,0.514787170268652,41,0.94145691220492,node
auc_cc,beta,imagination,92,7Networks_RH_Default_Temp_2,-0.168706663487178,-0.459755968859363,0.15507029964598,0.304572743321347,41,0.94145691220492,node
auc_cc,beta,total,93,7Networks_RH_Default_Temp_3,-0.0303697094287296,-0.342609173077649,0.287911609475251,0.854381924788648,41,0.964024042481955,node
auc_cc,beta,social,93,7Networks_RH_Default_Temp_3,0.109034008381143,-0.213845298804648,0.410436354774022,0.508780679642742,41,0.94145691220492,node
auc_cc,beta,switching,93,7Networks_RH_Default_Temp_3,-0.285550132410243,-0.551393430504447,0.0329401480965532,0.0780462108613117,41,0.704953779996003,node
auc_cc,beta,detail,93,7Networks_RH_Default_Temp_3,-0.0829322351845858,-0.388294203734258,0.238839941598533,0.615718700486693,41,0.94145691220492,node
auc_cc,beta,communication,93,7Networks_RH_Default_Temp_3,0.128168386816585,-0.195249979372945,0.426445389661519,0.43681388866971,41,0.94145691220492,node
auc_cc,beta,imagination,93,7Networks_RH_Default_Temp_3,0.0811264921153482,-0.240553466508012,0.386749239069801,0.623453486995284,41,0.94145691220492,node
auc_cc,beta,total,94,7Networks_RH_Default_PFCv_1,0.0545064143769455,-0.265583547066643,0.363772708360223,0.741730374824356,41,0.959490613880761,node
auc_cc,beta,social,94,7Networks_RH_Default_PFCv_1,0.0767279531692015,-0.244719001323793,0.38297872714357,0.642460428210076,41,0.94145691220492,node
auc_cc,beta,switching,94,7Networks_RH_Default_PFCv_1,0.00174304447064194,-0.313952075850324,0.317091110177165,0.991597517263001,41,0.993733700554361,node
auc_cc,beta,detail,94,7Networks_RH_Default_PFCv_1,-0.0371412268590436,-0.348578726910519,0.281682232759055,0.822385600688194,41,0.962792898366666,node
auc_cc,beta,communication,94,7Networks_RH_Default_PFCv_1,0.157293017618007,-0.166492368113136,0.450459407972245,0.338917762057478,41,0.94145691220492,node
auc_cc,beta,imagination,94,7Networks_RH_Default_PFCv_1,-0.07113208818344,-0.378167049654403,0.250001340906728,0.666968213215118,41,0.94145691220492,node
auc_cc,beta,total,95,7Networks_RH_Default_PFCv_2,-0.0711484529626576,-0.378181145351567,0.249985920834064,0.666896026805562,41,0.94145691220492,node
auc_cc,beta,social,95,7Networks_RH_Default_PFCv_2,-0.05911180958432,-0.367774858882176,0.261283879252016,0.720750916279147,41,0.952184696735754,node
auc_cc,beta,switching,95,7Networks_RH_Default_PFCv_2,0.0024328533483785,-0.313330121277306,0.317711427945835,0.988272436463345,41,0.993733700554361,node
auc_cc,beta,detail,95,7Networks_RH_Default_PFCv_2,-0.188424992648245,-0.475667890857464,0.135131334413607,0.250657115939706,41,0.94145691220492,node
auc_cc,beta,communication,95,7Networks_RH_Default_PFCv_2,0.142363035870477,-0.181303336826303,0.438202012121643,0.387287690448464,41,0.94145691220492,node
auc_cc,beta,imagination,95,7Networks_RH_Default_PFCv_2,-0.0913604927331367,-0.395482652463838,0.230815517844313,0.580166114004352,41,0.94145691220492,node
auc_cc,beta,total,96,7Networks_RH_Default_PFCdPFCm_1,-0.297052478628759,-0.560080428984466,0.0203801415487971,0.0662933598362659,41,0.681874558315878,node
auc_cc,beta,social,96,7Networks_RH_Default_PFCdPFCm_1,-0.258083902797412,-0.53041406934122,0.0625304904624376,0.112670957821814,41,0.853927259281116,node
auc_cc,beta,switching,96,7Networks_RH_Default_PFCdPFCm_1,-0.0945332302606564,-0.398179057559725,0.227783402815384,0.567026199746396,41,0.94145691220492,node
auc_cc,beta,detail,96,7Networks_RH_Default_PFCdPFCm_1,0.0200397122973991,-0.297362963751405,0.333453747373962,0.903621139093375,41,0.964024042481955,node
auc_cc,beta,communication,96,7Networks_RH_Default_PFCdPFCm_1,-0.209697591215575,-0.492625806256349,0.113322787805375,0.20010413424064,41,0.90046860408288,node
auc_cc,beta,imagination,96,7Networks_RH_Default_PFCdPFCm_1,-0.32374128732478,-0.58001643042861,-0.00915387823950704,0.0443791107374815,41,0.680264939339091,node
auc_cc,beta,total,97,7Networks_RH_Default_PFCdPFCm_2,-0.0264985864228545,-0.339185149818414,0.291460743639327,0.872780634586382,41,0.964024042481955,node
auc_cc,beta,social,97,7Networks_RH_Default_PFCdPFCm_2,-0.12213410523988,-0.421416820562478,0.201139472299722,0.458880683513564,41,0.94145691220492,node
auc_cc,beta,switching,97,7Networks_RH_Default_PFCdPFCm_2,0.0230209346371745,-0.294641687358907,0.336102072483347,0.889365989629505,41,0.964024042481955,node
auc_cc,beta,detail,97,7Networks_RH_Default_PFCdPFCm_2,0.327524755532697,0.0133855845885405,0.582817977098853,0.0418139199217296,41,0.680264939339091,node
auc_cc,beta,communication,97,7Networks_RH_Default_PFCdPFCm_2,-0.246262565403005,-0.521280790299999,0.075094864621559,0.130723384766382,41,0.90046860408288,node
auc_cc,beta,imagination,97,7Networks_RH_Default_PFCdPFCm_2,-0.0817817198638471,-0.387310039757219,0.239931932515161,0.620642197162704,41,0.94145691220492,node
auc_cc,beta,total,98,7Networks_RH_Default_PFCdPFCm_3,-0.0783871713149984,-0.3844022404126,0.243149069628909,0.635263376266605,41,0.94145691220492,node
auc_cc,beta,social,98,7Networks_RH_Default_PFCdPFCm_3,-0.120825007871192,-0.420323471018421,0.202414080997927,0.463745705808102,41,0.94145691220492,node
auc_cc,beta,switching,98,7Networks_RH_Default_PFCdPFCm_3,-0.0754275657034536,-0.381862052250977,0.245948234869913,0.648123637467267,41,0.94145691220492,node
auc_cc,beta,detail,98,7Networks_RH_Default_PFCdPFCm_3,0.0199670100199653,-0.29742926244442,0.333389101530514,0.903969166286321,41,0.964024042481955,node
auc_cc,beta,communication,98,7Networks_RH_Default_PFCdPFCm_3,0.0380452176420535,-0.280848578744843,0.349373749251115,0.818134299735007,41,0.962792898366666,node
auc_cc,beta,imagination,98,7Networks_RH_Default_PFCdPFCm_3,-0.0624053520106703,-0.370629996124701,0.258201159892717,0.705869118886911,41,0.94145691220492,node
auc_cc,beta,total,99,7Networks_RH_Default_pCunPCC_1,-0.149102990807536,-0.443749118038205,0.174635239962507,0.364972331029339,41,0.94145691220492,node
auc_cc,beta,social,99,7Networks_RH_Default_pCunPCC_1,-0.0150281366775815,-0.328990613284999,0.301925966284436,0.927649738479841,41,0.975047900299979,node
auc_cc,beta,switching,99,7Networks_RH_Default_pCunPCC_1,-0.00632936418722295,-0.321210345169026,0.30981180370042,0.969495391020345,41,0.990122952531416,node
auc_cc,beta,detail,99,7Networks_RH_Default_pCunPCC_1,-0.231956781976343,-0.510143102337479,0.0901646027202853,0.155344784179192,41,0.90046860408288,node
auc_cc,beta,communication,99,7Networks_RH_Default_pCunPCC_1,-0.109480825379573,-0.410812320883073,0.213413721632191,0.507034993359773,41,0.94145691220492,node
auc_cc,beta,imagination,99,7Networks_RH_Default_pCunPCC_1,-0.0657695813503643,-0.373540409213516,0.255045523403868,0.690778516434143,41,0.94145691220492,node
auc_cc,beta,total,100,7Networks_RH_Default_pCunPCC_2,-0.143031679165991,-0.438753326420618,0.180643149388361,0.385038918024421,41,0.94145691220492,node
auc_cc,beta,social,100,7Networks_RH_Default_pCunPCC_2,-0.121640316772416,-0.421004513840312,0.201620380337284,0.460712529536152,41,0.94145691220492,node
auc_cc,beta,switching,100,7Networks_RH_Default_pCunPCC_2,-0.0250319523984305,-0.33788573868202,0.292803104623842,0.879769074740165,41,0.964024042481955,node
auc_cc,beta,detail,100,7Networks_RH_Default_pCunPCC_2,-0.213569625547221,-0.49568954004627,0.109319431249276,0.19173286656859,41,0.90046860408288,node
auc_cc,beta,communication,100,7Networks_RH_Default_pCunPCC_2,-0.0807324111665807,-0.386411841548081,0.240927155646469,0.625146852506714,41,0.94145691220492,node
auc_cc,beta,imagination,100,7Networks_RH_Default_pCunPCC_2,0.100833048250225,-0.221744220515908,0.403517556645809,0.541348938083632,41,0.94145691220492,node
auc_cc,gamma,total,1,7Networks_LH_Vis_1,-0.130897591266451,-0.428713687920742,0.192578577712538,0.42702941503873,41,0.877407079262852,node
auc_cc,gamma,social,1,7Networks_LH_Vis_1,-0.0309647467300778,-0.343134751380091,0.287365289308598,0.851560297251367,41,0.996876665379025,node
auc_cc,gamma,switching,1,7Networks_LH_Vis_1,-0.131622279469357,-0.429315361066757,0.191868431418859,0.424452070913053,41,0.877407079262852,node
auc_cc,gamma,detail,1,7Networks_LH_Vis_1,-0.0167327144164149,-0.330510226293209,0.300375588868784,0.919468765905645,41,0.996876665379025,node
auc_cc,gamma,communication,1,7Networks_LH_Vis_1,0.0284370335591817,-0.289684624503549,0.340900750049798,0.86355869728229,41,0.996876665379025,node
auc_cc,gamma,imagination,1,7Networks_LH_Vis_1,-0.265425692704998,-0.536054760030765,0.0546757341090209,0.102449000137565,41,0.877407079262852,node
auc_cc,gamma,total,2,7Networks_LH_Vis_2,-0.220218191612342,-0.500933866850914,0.102420853095308,0.177940575538202,41,0.877407079262852,node
auc_cc,gamma,social,2,7Networks_LH_Vis_2,-0.170426224684238,-0.461151065810368,0.153341933462392,0.299597712665981,41,0.877407079262852,node
auc_cc,gamma,switching,2,7Networks_LH_Vis_2,-0.0399590001550192,-0.351055363713458,0.279082112682606,0.809151176695504,41,0.970981412034604,node
auc_cc,gamma,detail,2,7Networks_LH_Vis_2,0.11256285229143,-0.21043337842671,0.413402848431764,0.495076423635061,41,0.877407079262852,node
auc_cc,gamma,communication,2,7Networks_LH_Vis_2,-0.220403858737881,-0.501080024075456,0.102227757691908,0.177565860924733,41,0.877407079262852,node
auc_cc,gamma,imagination,2,7Networks_LH_Vis_2,-0.375742272852667,-0.617997909722164,-0.0683194359039077,0.0184097429876339,41,0.877407079262852,node
auc_cc,gamma,total,3,7Networks_LH_Vis_3,-0.0051669731315191,-0.320167461583001,0.310862280618365,0.975095637461965,41,0.996876665379025,node
auc_cc,gamma,social,3,7Networks_LH_Vis_3,-0.0207526728893726,-0.334087545782117,0.296712638178746,0.900209133700807,41,0.996876665379025,node
auc_cc,gamma,switching,3,7Networks_LH_Vis_3,-0.0841382775668107,-0.389325118943673,0.237694373825632,0.61057532915158,41,0.902589617006683,node
auc_cc,gamma,detail,3,7Networks_LH_Vis_3,0.237344136518056,-0.0845068158170332,0.514348377503141,0.145704991117208,41,0.877407079262852,node
auc_cc,gamma,communication,3,7Networks_LH_Vis_3,0.0318058345422843,-0.286592709912355,0.343877325306753,0.847575028202288,41,0.996876665379025,node
auc_cc,gamma,imagination,3,7Networks_LH_Vis_3,-0.237960177623102,-0.514828401209656,0.0838585259506878,0.144631315900637,41,0.877407079262852,node
auc_cc,gamma,total,4,7Networks_LH_Vis_4,-0.154053314917461,-0.447808993830228,0.169718705999242,0.349083974028401,41,0.877407079262852,node
auc_cc,gamma,social,4,7Networks_LH_Vis_4,-0.0510101871087354,-0.360726796196623,0.268839198222812,0.757781867007905,41,0.955734401962308,node
auc_cc,gamma,switching,4,7Networks_LH_Vis_4,0.0941527083509261,-0.228147389374794,0.397855941216968,0.568594891898937,41,0.889398441971648,node
auc_cc,gamma,detail,4,7Networks_LH_Vis_4,-0.325343476488304,-0.581203544769621,-0.0109445088455688,0.0432777102875612,41,0.877407079262852,node
auc_cc,gamma,communication,4,7Networks_LH_Vis_4,-0.154627767798066,-0.448279332929362,0.169147128688008,0.34726792834563,41,0.877407079262852,node
auc_cc,gamma,imagination,4,7Networks_LH_Vis_4,0.0162992813181752,-0.300769971466153,0.330123979457517,0.921548248902865,41,0.996876665379025,node
auc_cc,gamma,total,5,7Networks_LH_Vis_5,-0.124609558153584,-0.423481927206777,0.198726240261268,0.449756558098007,41,0.877407079262852,node
auc_cc,gamma,social,5,7Networks_LH_Vis_5,-0.0680769097096803,-0.375532994634633,0.252877298714418,0.680496034406458,41,0.937981020398091,node
auc_cc,gamma,switching,5,7Networks_LH_Vis_5,0.109863594500226,-0.213043907573557,0.41113431358043,0.505541941531049,41,0.877407079262852,node
auc_cc,gamma,detail,5,7Networks_LH_Vis_5,-0.0773297859123882,-0.383495233014403,0.244149749358527,0.639846142414386,41,0.929401273938545,node
auc_cc,gamma,communication,5,7Networks_LH_Vis_5,-0.205854159680046,-0.489577752589905,0.117286225721517,0.208663331402436,41,0.877407079262852,node
auc_cc,gamma,imagination,5,7Networks_LH_Vis_5,-0.153127274645882,-0.447050446583089,0.17063965236606,0.35202365777716,41,0.877407079262852,node
auc_cc,gamma,total,6,7Networks_LH_Vis_6,-0.149322837479512,-0.443929676404707,0.174417235940795,0.364257668495457,41,0.877407079262852,node
auc_cc,gamma,social,6,7Networks_LH_Vis_6,-0.20931692500247,-0.492324226310731,0.113715799072291,0.200940724178345,41,0.877407079262852,node
auc_cc,gamma,switching,6,7Networks_LH_Vis_6,-0.130138065894788,-0.428082807516006,0.19332249864193,0.429740016587546,41,0.877407079262852,node
auc_cc,gamma,detail,6,7Networks_LH_Vis_6,0.263356895387868,-0.0568930932180603,0.534467746452472,0.105254920686976,41,0.877407079262852,node
auc_cc,gamma,communication,6,7Networks_LH_Vis_6,-0.126035089220551,-0.424669745720074,0.197334758780188,0.444547370231966,41,0.877407079262852,node
auc_cc,gamma,imagination,6,7Networks_LH_Vis_6,-0.240200528389834,-0.516572636329637,0.0814985973529138,0.140775680562993,41,0.877407079262852,node
auc_cc,gamma,total,7,7Networks_LH_Vis_7,0.0104317050687402,-0.30609825431468,0.324884823274449,0.949744160147087,41,0.996876665379025,node
auc_cc,gamma,social,7,7Networks_LH_Vis_7,0.0924850524643158,-0.229741516408452,0.396438978851845,0.575493109511066,41,0.889398441971648,node
auc_cc,gamma,switching,7,7Networks_LH_Vis_7,0.0443650431087005,-0.275007007206994,0.354919279827036,0.788562821015822,41,0.969077201730288,node
auc_cc,gamma,detail,7,7Networks_LH_Vis_7,-0.140872733797886,-0.436972416735424,0.182773743131042,0.392327401317944,41,0.877407079262852,node
auc_cc,gamma,communication,7,7Networks_LH_Vis_7,-0.0632663412037829,-0.371375419342896,0.25739420561253,0.70199621486701,41,0.94597416806875,node
auc_cc,gamma,imagination,7,7Networks_LH_Vis_7,0.100442604993567,-0.222119231097239,0.403187290923216,0.54292400181016,41,0.879019812454545,node
auc_cc,gamma,total,8,7Networks_LH_Vis_8,-0.287750046412717,-0.553059357837175,0.0305457030875648,0.0756809843524738,41,0.877407079262852,node
auc_cc,gamma,social,8,7Networks_LH_Vis_8,-0.210736735791763,-0.493448714925208,0.112249428789664,0.19783282798114,41,0.877407079262852,node
auc_cc,gamma,switching,8,7Networks_LH_Vis_8,-0.00652840844403478,-0.321388848781758,0.309631845845606,0.968536559375124,41,0.996876665379025,node
auc_cc,gamma,detail,8,7Networks_LH_Vis_8,-0.0472484632694095,-0.357442188769268,0.272333933923435,0.775164633961147,41,0.964229178829719,node
auc_cc,gamma,communication,8,7Networks_LH_Vis_8,-0.368218561407601,-0.61257168849161,-0.0596232018287757,0.0210879063831637,41,0.877407079262852,node
auc_cc,gamma,imagination,8,7Networks_LH_Vis_8,-0.199818939657975,-0.484777455804557,0.12348918390172,0.222611104530666,41,0.877407079262852,node
auc_cc,gamma,total,9,7Networks_LH_Vis_9,0.0605769613580106,-0.259913319917796,0.36904570251454,0.714117754326409,41,0.94597416806875,node
auc_cc,gamma,social,9,7Networks_LH_Vis_9,0.165597187236242,-0.158190673313205,0.457229567153407,0.313701767838445,41,0.877407079262852,node
auc_cc,gamma,switching,9,7Networks_LH_Vis_9,0.0756998554006083,-0.245690929715158,0.382095948230855,0.646936180878791,41,0.929401273938545,node
auc_cc,gamma,detail,9,7Networks_LH_Vis_9,-0.12277269479782,-0.421949850838118,0.200517309130439,0.456517472916633,41,0.877407079262852,node
auc_cc,gamma,communication,9,7Networks_LH_Vis_9,0.213666771328684,-0.109218855832419,0.495766316125584,0.191526065554238,41,0.877407079262852,node
auc_cc,gamma,imagination,9,7Networks_LH_Vis_9,-0.257424307168198,-0.529906119321001,0.063234232569497,0.113625724190206,41,0.877407079262852,node
auc_cc,gamma,total,10,7Networks_LH_SomMot_1,-0.086953371028689,-0.39172846640361,0.235016949372951,0.598641694190296,41,0.972599223746013,node
auc_cc,gamma,social,10,7Networks_LH_SomMot_1,-0.248468382919516,-0.522989820759416,0.0727581171843163,0.127201357634403,41,0.841309517479787,node
auc_cc,gamma,switching,10,7Networks_LH_SomMot_1,0.0376157762324884,-0.281244666636511,0.348996129257494,0.820153251497913,41,0.97617198458796,node
auc_cc,gamma,detail,10,7Networks_LH_SomMot_1,0.205012765936294,-0.118152519685051,0.488909554426835,0.210570516521507,41,0.841309517479787,node
auc_cc,gamma,communication,10,7Networks_LH_SomMot_1,-0.039427810781609,-0.350588816004156,0.279572629492253,0.81164216722812,41,0.97617198458796,node
auc_cc,gamma,imagination,10,7Networks_LH_SomMot_1,-0.214249509526404,-0.496226772189616,0.108615405836228,0.190288851818136,41,0.841309517479787,node
auc_cc,gamma,total,11,7Networks_LH_SomMot_2,0.0692976750464044,-0.25172882502598,0.376586086763441,0.675078567148456,41,0.972599223746013,node
auc_cc,gamma,social,11,7Networks_LH_SomMot_2,-0.0700783559881039,-0.377259124394787,0.250993900389161,0.671622512019482,41,0.972599223746013,node
auc_cc,gamma,switching,11,7Networks_LH_SomMot_2,0.109613007221196,-0.213286024027353,0.410923523271419,0.506519146100683,41,0.945502406054609,node
auc_cc,gamma,detail,11,7Networks_LH_SomMot_2,0.031644340239661,-0.286741082284742,0.343734776578191,0.848339938987155,41,0.97617198458796,node
auc_cc,gamma,communication,11,7Networks_LH_SomMot_2,0.00787471171110854,-0.308414044946919,0.32259563119893,0.962052388681454,41,0.990197818589155,node
auc_cc,gamma,imagination,11,7Networks_LH_SomMot_2,0.163861669817649,-0.159929465449087,0.455817436273373,0.318871281520508,41,0.841309517479787,node
auc_cc,gamma,total,12,7Networks_LH_SomMot_3,0.0628084367648919,-0.257823428063697,0.370979026408677,0.704055045436015,41,0.97617198458796,node
auc_cc,gamma,social,12,7Networks_LH_SomMot_3,-0.130526753445617,-0.428405697212243,0.192941843131907,0.428351669354511,41,0.922603595532792,node
auc_cc,gamma,switching,12,7Networks_LH_SomMot_3,0.0706370987481153,-0.25046767860588,0.377740626402681,0.669153047338129,41,0.972599223746013,node
auc_cc,gamma,detail,12,7Networks_LH_SomMot_3,0.33219087843837,0.018620059199541,0.586264765955435,0.038817361076984,41,0.623936217949398,node
auc_cc,gamma,communication,12,7Networks_LH_SomMot_3,-0.24187925859231,-0.517878117681394,0.0797278982792429,0.137936638595557,41,0.841309517479787,node
auc_cc,gamma,imagination,12,7Networks_LH_SomMot_3,0.190798800407547,-0.132713161455237,0.47757086665862,0.244627710619802,41,0.841309517479787,node
auc_cc,gamma,total,13,7Networks_LH_SomMot_4,0.132464267546155,-0.19104291339044,0.430014090859282,0.42146853073551,41,0.922603595532792,node
auc_cc,gamma,social,13,7Networks_LH_SomMot_4,-0.0715012736865349,-0.37848501059019,0.24965342813735,0.66534042505481,41,0.972599223746013,node
auc_cc,gamma,switching,13,7Networks_LH_SomMot_4,0.207437698674745,-0.115654488628483,0.49083442700754,0.205106549227251,41,0.841309517479787,node
auc_cc,gamma,detail,13,7Networks_LH_SomMot_4,0.175073313552894,-0.148661117659885,0.464914117574126,0.286414311158707,41,0.841309517479787,node
auc_cc,gamma,communication,13,7Networks_LH_SomMot_4,0.0169791744700158,-0.300151285463734,0.330729808285862,0.918286558502651,41,0.990197818589155,node
auc_cc,gamma,imagination,13,7Networks_LH_SomMot_4,0.0462874076654701,-0.273225428474357,0.356601795715638,0.779623385432843,41,0.97617198458796,node
auc_cc,gamma,total,14,7Networks_LH_SomMot_5,-0.0337244244952918,-0.345569737652422,0.284828842223812,0.838498427772026,41,0.97617198458796,node
auc_cc,gamma,social,14,7Networks_LH_SomMot_5,-0.234565087529944,-0.512180762489916,0.0874279603230226,0.150621279787529,41,0.841309517479787,node
auc_cc,gamma,switching,14,7Networks_LH_SomMot_5,-0.00727009365586409,-0.322053797796988,0.308961081512863,0.964964124199855,41,0.990197818589155,node
auc_cc,gamma,detail,14,7Networks_LH_SomMot_5,0.124903222518532,-0.198439696800693,0.423726706032042,0.448680742357383,41,0.928077188308192,node
auc_cc,gamma,communication,14,7Networks_LH_SomMot_5,0.00447921235781779,-0.311483460952735,0.319550051000568,0.978409749320236,41,0.990197818589155,node
auc_cc,gamma,imagination,14,7Networks_LH_SomMot_5,0.0909317693508979,-0.231224759955007,0.395117892098644,0.581952112334488,41,0.972599223746013,node
auc_cc,gamma,total,15,7Networks_LH_SomMot_6,-0.0899635084983647,-0.39429373700031,0.232148603552834,0.585994778984084,41,0.972599223746013,node
auc_cc,gamma,social,15,7Networks_LH_SomMot_6,-0.130978497538225,-0.42878087354144,0.192499311740025,0.42674124009875,41,0.922603595532792,node
auc_cc,gamma,switching,15,7Networks_LH_SomMot_6,-0.0129288905086754,-0.327116920569135,0.303833008482108,0.937734885824777,41,0.990197818589155,node
auc_cc,gamma,detail,15,7Networks_LH_SomMot_6,-0.131950056570441,-0.42958741159284,0.191547120339389,0.423289205688925,41,0.922603595532792,node
auc_cc,gamma,communication,15,7Networks_LH_SomMot_6,0.067483504128388,-0.253435237316119,0.375020806930287,0.683135169059699,41,0.972599223746013,node
auc_cc,gamma,imagination,15,7Networks_LH_SomMot_6,-0.00455255406593425,-0.319615903422456,0.311417232136388,0.978056319750319,41,0.990197818589155,node
auc_cc,gamma,total,16,7Networks_LH_DorsAttn_Post_1,-0.0959601854707467,-0.399390071472426,0.226417652350172,0.561161395241819,41,0.974717781286485,node
auc_cc,gamma,social,16,7Networks_LH_DorsAttn_Post_1,-0.0355894217956237,-0.34721293307738,0.283112175132549,0.829695058909782,41,0.974717781286485,node
auc_cc,gamma,switching,16,7Networks_LH_DorsAttn_Post_1,-0.183989310683697,-0.472104781666825,0.139639610184736,0.262188243398427,41,0.974717781286485,node
auc_cc,gamma,detail,16,7Networks_LH_DorsAttn_Post_1,0.113076851741433,-0.209935752270469,0.413834405659878,0.493096213347489,41,0.974717781286485,node
auc_cc,gamma,communication,16,7Networks_LH_DorsAttn_Post_1,-0.0336892760010673,-0.345538750954718,0.284861175621585,0.838664529345018,41,0.974717781286485,node
auc_cc,gamma,imagination,16,7Networks_LH_DorsAttn_Post_1,-0.150890157609213,-0.445216211401112,0.172862132142549,0.359187071505619,41,0.974717781286485,node
auc_cc,gamma,total,17,7Networks_LH_DorsAttn_Post_2,-0.0532651328425599,-0.362692060940787,0.266740252207202,0.747417277276839,41,0.974717781286485,node
auc_cc,gamma,social,17,7Networks_LH_DorsAttn_Post_2,-0.289593174799764,-0.554453470936798,0.0285367765606404,0.0737428485979245,41,0.965614510119198,node
auc_cc,gamma,switching,17,7Networks_LH_DorsAttn_Post_2,0.0280504849109064,-0.290038978057276,0.340558805684547,0.86539627530312,41,0.974717781286485,node
auc_cc,gamma,detail,17,7Networks_LH_DorsAttn_Post_2,0.285106695189241,-0.0334223546430917,0.55105737215573,0.0785298820130831,41,0.965614510119198,node
auc_cc,gamma,communication,17,7Networks_LH_DorsAttn_Post_2,-0.0621437058236399,-0.370403390609586,0.258446296798478,0.707047510508709,41,0.974717781286485,node
auc_cc,gamma,imagination,17,7Networks_LH_DorsAttn_Post_2,-0.0870390418232053,-0.39180154151743,0.234935391531143,0.598280117577026,41,0.974717781286485,node
auc_cc,gamma,total,18,7Networks_LH_DorsAttn_Post_3,-0.0172476284630626,-0.330968946988697,0.299906925453418,0.916999048802874,41,0.974717781286485,node
auc_cc,gamma,social,18,7Networks_LH_DorsAttn_Post_3,0.00719065805643245,-0.309032936425102,0.321982595606834,0.965346706344772,41,0.974717781286485,node
auc_cc,gamma,switching,18,7Networks_LH_DorsAttn_Post_3,-0.0333369415922029,-0.345228097512635,0.285185250983413,0.840329939065188,41,0.974717781286485,node
auc_cc,gamma,detail,18,7Networks_LH_DorsAttn_Post_3,-0.00795677000726433,-0.322669152517556,0.308339785439892,0.961657246751637,41,0.974717781286485,node
auc_cc,gamma,communication,18,7Networks_LH_DorsAttn_Post_3,-0.0677701683719563,-0.375268259630982,0.253165733229333,0.681859781559132,41,0.974717781286485,node
auc_cc,gamma,imagination,18,7Networks_LH_DorsAttn_Post_3,0.0698683038409322,-0.251191677624959,0.377078066951991,0.67255175690836,41,0.974717781286485,node
auc_cc,gamma,total,19,7Networks_LH_DorsAttn_Post_4,0.00524539292063073,-0.310791435306454,0.32023784291927,0.974717781286485,41,0.974717781286485,node
auc_cc,gamma,social,19,7Networks_LH_DorsAttn_Post_4,-0.125854495107003,-0.424519323191405,0.197511111412329,0.445205467005554,41,0.974717781286485,node
auc_cc,gamma,switching,19,7Networks_LH_DorsAttn_Post_4,0.110264929232704,-0.212656056879504,0.41147184330778,0.503978858704693,41,0.974717781286485,node
auc_cc,gamma,detail,19,7Networks_LH_DorsAttn_Post_4,0.105082782390176,-0.217656280574539,0.407107201340627,0.524348232384239,41,0.974717781286485,node
auc_cc,gamma,communication,19,7Networks_LH_DorsAttn_Post_4,0.0243593229776172,-0.293418321033475,0.337289402037575,0.882977159859788,41,0.974717781286485,node
auc_cc,gamma,imagination,19,7Networks_LH_DorsAttn_Post_4,-0.114549655214836,-0.415070232737704,0.208508937116769,0.487444769357172,41,0.974717781286485,node
auc_cc,gamma,total,20,7Networks_LH_DorsAttn_Post_5,0.0162843382281457,-0.300783566313053,0.330110661292314,0.921619950651526,41,0.974717781286485,node
auc_cc,gamma,social,20,7Networks_LH_DorsAttn_Post_5,0.0713139934515599,-0.249829927513539,0.378323724581608,0.666165980187003,41,0.974717781286485,node
auc_cc,gamma,switching,20,7Networks_LH_DorsAttn_Post_5,-0.140954038596775,-0.437039526994172,0.182693561087107,0.392051476019785,41,0.974717781286485,node
auc_cc,gamma,detail,20,7Networks_LH_DorsAttn_Post_5,0.144766274287618,-0.17892912963501,0.440182509411103,0.379240941873251,41,0.974717781286485,node
auc_cc,gamma,communication,20,7Networks_LH_DorsAttn_Post_5,0.0187161154853884,-0.298569499520974,0.332276361901058,0.909959939162457,41,0.974717781286485,node
auc_cc,gamma,imagination,20,7Networks_LH_DorsAttn_Post_5,-0.0766645397642251,-0.382924293234982,0.24477896888284,0.642736136250828,41,0.974717781286485,node
auc_cc,gamma,total,21,7Networks_LH_DorsAttn_Post_6,-0.126360363683155,-0.424940635485012,0.197017070996262,0.443363392360387,41,0.974717781286485,node
auc_cc,gamma,social,21,7Networks_LH_DorsAttn_Post_6,-0.159058493985256,-0.451901579499697,0.164731251570912,0.3334551962339,41,0.974717781286485,node
auc_cc,gamma,switching,21,7Networks_LH_DorsAttn_Post_6,-0.0431216966563872,-0.353829990256191,0.276158129397112,0.794358994923898,41,0.974717781286485,node
auc_cc,gamma,detail,21,7Networks_LH_DorsAttn_Post_6,0.0247278599859546,-0.293081273496277,0.337616168960859,0.881219202810334,41,0.974717781286485,node
auc_cc,gamma,communication,21,7Networks_LH_DorsAttn_Post_6,-0.14135639928718,-0.437371593312181,0.182296693297363,0.390687640809396,41,0.974717781286485,node
auc_cc,gamma,imagination,21,7Networks_LH_DorsAttn_Post_6,-0.00710580411789039,-0.321906532748389,0.309109688606506,0.965755393042646,41,0.974717781286485,node
auc_cc,gamma,total,22,7Networks_LH_DorsAttn_PrCv_1,0.0445714264711312,-0.274815843522294,0.355100009692246,0.787601788873851,41,0.974717781286485,node
auc_cc,gamma,social,22,7Networks_LH_DorsAttn_PrCv_1,-0.196567885833369,-0.482184496663502,0.126820157162745,0.230383824714262,41,0.974717781286485,node
auc_cc,gamma,switching,22,7Networks_LH_DorsAttn_PrCv_1,0.13923596483452,-0.184386994376872,0.435620700358291,0.397906107041751,41,0.974717781286485,node
auc_cc,gamma,detail,22,7Networks_LH_DorsAttn_PrCv_1,0.255962257454567,-0.0647930007135688,0.528779507580503,0.115763807243411,41,0.974717781286485,node
auc_cc,gamma,communication,22,7Networks_LH_DorsAttn_PrCv_1,-0.0890024268857373,-0.39347520827673,0.23306502289594,0.590019778037883,41,0.974717781286485,node
auc_cc,gamma,imagination,22,7Networks_LH_DorsAttn_PrCv_1,0.0417078224605811,-0.277466018448615,0.352590277144694,0.80096336429004,41,0.974717781286485,node
auc_cc,gamma,total,23,7Networks_LH_DorsAttn_FEF_1,0.383145075135359,0.0769217575226789,0.623314496354379,0.0160591464039437,41,0.722661588177465,node
auc_cc,gamma,social,23,7Networks_LH_DorsAttn_FEF_1,0.0417538027467513,-0.27742350348421,0.352630610751597,0.80074836767596,41,0.974717781286485,node
auc_cc,gamma,switching,23,7Networks_LH_DorsAttn_FEF_1,0.293139805566027,-0.024663865615245,0.557131910436712,0.0701230305063943,41,0.965614510119198,node
auc_cc,gamma,detail,23,7Networks_LH_DorsAttn_FEF_1,0.046228235324462,-0.273280299999938,0.356550036169462,0.779898140354805,41,0.974717781286485,node
auc_cc,gamma,communication,23,7Networks_LH_DorsAttn_FEF_1,0.283600447767159,-0.0350591853174052,0.54991521986735,0.0801902735243554,41,0.965614510119198,node
auc_cc,gamma,imagination,23,7Networks_LH_DorsAttn_FEF_1,0.530005861755756,0.257553807111469,0.724389556899854,0.000520145948632028,41,0.0468131353768825,node
auc_cc,gamma,total,24,7Networks_LH_SalVentAttn_ParOper_1,0.153574693069684,-0.170194765691216,0.447416993166822,0.350601471714327,41,0.899682230903968,node
auc_cc,gamma,social,24,7Networks_LH_SalVentAttn_ParOper_1,0.0254801093424621,-0.292393054469607,0.338282924181691,0.877632650833405,41,0.944034626971384,node
auc_cc,gamma,switching,24,7Networks_LH_SalVentAttn_ParOper_1,0.165053306384033,-0.158735796539062,0.456787188147625,0.315316082496492,41,0.899682230903968,node
auc_cc,gamma,detail,24,7Networks_LH_SalVentAttn_ParOper_1,0.169703963391967,-0.154068134444356,0.460565263122201,0.301680990259233,41,0.899682230903968,node
auc_cc,gamma,communication,24,7Networks_LH_SalVentAttn_ParOper_1,0.0738742306436718,-0.247415221689989,0.380526991308085,0.654914086458367,41,0.944034626971384,node
auc_cc,gamma,imagination,24,7Networks_LH_SalVentAttn_ParOper_1,-0.0372672719676024,-0.348689605240694,0.281566023707563,0.821792530957725,41,0.944034626971384,node
auc_cc,gamma,total,25,7Networks_LH_SalVentAttn_FrOperIns_1,0.211107708875779,-0.111866058545266,0.493742369562842,0.197026372508791,41,0.899682230903968,node
auc_cc,gamma,social,25,7Networks_LH_SalVentAttn_FrOperIns_1,0.0118244939761285,-0.304835270116541,0.326130193197024,0.94304454719384,41,0.969988677113665,node
auc_cc,gamma,switching,25,7Networks_LH_SalVentAttn_FrOperIns_1,0.332555632756432,0.0190299676565305,0.586533816940597,0.0385906873634364,41,0.692956926107601,node
auc_cc,gamma,detail,25,7Networks_LH_SalVentAttn_FrOperIns_1,0.0511567537023932,-0.268702863519044,0.360854617779431,0.75710689904659,41,0.944034626971384,node
auc_cc,gamma,communication,25,7Networks_LH_SalVentAttn_FrOperIns_1,0.0732073096177158,-0.248044617620534,0.379953393311122,0.657838009874902,41,0.944034626971384,node
auc_cc,gamma,imagination,25,7Networks_LH_SalVentAttn_FrOperIns_1,0.125381688972642,-0.197972713989738,0.424125429961231,0.446930922970764,41,0.899682230903968,node
auc_cc,gamma,total,26,7Networks_LH_SalVentAttn_FrOperIns_2,-0.0133042763850329,-0.327452154598074,0.303492178664931,0.935930717644483,41,0.969988677113665,node
auc_cc,gamma,social,26,7Networks_LH_SalVentAttn_FrOperIns_2,-0.239678634221472,-0.516166518111738,0.0820486698820595,0.141667015016638,41,0.899682230903968,node
auc_cc,gamma,switching,26,7Networks_LH_SalVentAttn_FrOperIns_2,0.0551467475224825,-0.264986483353845,0.364329850755998,0.738801960722794,41,0.944034626971384,node
auc_cc,gamma,detail,26,7Networks_LH_SalVentAttn_FrOperIns_2,0.398715719285957,0.0951654326241382,0.634425109342107,0.0119303268895044,41,0.429491768022159,node
auc_cc,gamma,communication,26,7Networks_LH_SalVentAttn_FrOperIns_2,-0.210416506925094,-0.493195176521799,0.11258028174409,0.198530830571427,41,0.899682230903968,node
auc_cc,gamma,imagination,26,7Networks_LH_SalVentAttn_FrOperIns_2,-0.0296995797278891,-0.342017033860534,0.288526626116157,0.85756177314334,41,0.944034626971384,node
auc_cc,gamma,total,27,7Networks_LH_SalVentAttn_PFCl_1,0.0678186786543905,-0.253120121917475,0.375310130069241,0.681644042292513,41,0.944034626971384,node
auc_cc,gamma,social,27,7Networks_LH_SalVentAttn_PFCl_1,-0.132799325561451,-0.430292042025019,0.190714282076151,0.420284559472043,41,0.899682230903968,node
auc_cc,gamma,switching,27,7Networks_LH_SalVentAttn_PFCl_1,0.178050739507485,-0.145654438355184,0.467319642406051,0.278168217590938,41,0.899682230903968,node
auc_cc,gamma,detail,27,7Networks_LH_SalVentAttn_PFCl_1,0.175043518430063,-0.148691175303533,0.464890023824677,0.286497621416136,41,0.899682230903968,node
auc_cc,gamma,communication,27,7Networks_LH_SalVentAttn_PFCl_1,-0.067033907248885,-0.374632620142783,0.253857820329945,0.685137200843223,41,0.944034626971384,node
auc_cc,gamma,imagination,27,7Networks_LH_SalVentAttn_PFCl_1,0.0530122058742579,-0.266975832645488,0.362471763120482,0.748577685804709,41,0.944034626971384,node
auc_cc,gamma,total,28,7Networks_LH_SalVentAttn_Med_1,0.17380589251412,-0.149939177518351,0.463888841396748,0.289972014537801,41,0.899682230903968,node
auc_cc,gamma,social,28,7Networks_LH_SalVentAttn_Med_1,0.0382899474130892,-0.280622807851376,0.34958890184015,0.816984257152679,41,0.944034626971384,node
auc_cc,gamma,switching,28,7Networks_LH_SalVentAttn_Med_1,0.271825207395933,-0.047796619410947,0.540951867947881,0.0941298340535451,41,0.824612717870423,node
auc_cc,gamma,detail,28,7Networks_LH_SalVentAttn_Med_1,-0.0737729879802807,-0.380439930835545,0.247510785275817,0.65535763061865,41,0.944034626971384,node
auc_cc,gamma,communication,28,7Networks_LH_SalVentAttn_Med_1,0.112769076285133,-0.210233743738454,0.413576011653427,0.494281445745891,41,0.91251959214626,node
auc_cc,gamma,imagination,28,7Networks_LH_SalVentAttn_Med_1,0.155991835198545,-0.167789016347203,0.449395525824361,0.34297878128293,41,0.899682230903968,node
auc_cc,gamma,total,29,7Networks_LH_SalVentAttn_Med_2,-0.0240943588918148,-0.337054422448537,0.293660596579964,0.884241406139714,41,0.944034626971384,node
auc_cc,gamma,social,29,7Networks_LH_SalVentAttn_Med_2,-0.0243822431618038,-0.33730972664107,0.293397361557235,0.882867812167349,41,0.944034626971384,node
auc_cc,gamma,switching,29,7Networks_LH_SalVentAttn_Med_2,-0.147482453340344,-0.442417444699845,0.176241216183057,0.370266130444939,41,0.899682230903968,node
auc_cc,gamma,detail,29,7Networks_LH_SalVentAttn_Med_2,0.140439596610654,-0.183200826486452,0.436614842924849,0.393799247242906,41,0.899682230903968,node
auc_cc,gamma,communication,29,7Networks_LH_SalVentAttn_Med_2,-0.0507668860021315,-0.360514586190074,0.269065486060226,0.758902707196416,41,0.944034626971384,node
auc_cc,gamma,imagination,29,7Networks_LH_SalVentAttn_Med_2,0.0339080782726386,-0.284659885767718,0.34573163464083,0.837630645728938,41,0.944034626971384,node
auc_cc,gamma,total,30,7Networks_LH_SalVentAttn_Med_3,0.147174684768387,-0.176546024709941,0.442164389460403,0.371276656951305,41,0.899682230903968,node
auc_cc,gamma,social,30,7Networks_LH_SalVentAttn_Med_3,-0.0322493524128681,-0.344268738255424,0.286185150706142,0.84547503506512,41,0.944034626971384,node
auc_cc,gamma,switching,30,7Networks_LH_SalVentAttn_Med_3,0.182013659251253,-0.141643285394413,0.47051473785752,0.26743549991242,41,0.899682230903968,node
auc_cc,gamma,detail,30,7Networks_LH_SalVentAttn_Med_3,0.00295552331648981,-0.312858684236888,0.31818126467718,0.985753141229193,41,0.985753141229193,node
auc_cc,gamma,communication,30,7Networks_LH_SalVentAttn_Med_3,0.0597265010380818,-0.260709030478996,0.3683081705002,0.717965545824645,41,0.944034626971384,node
auc_cc,gamma,imagination,30,7Networks_LH_SalVentAttn_Med_3,0.264959258662631,-0.055175938921406,0.535697116594217,0.103076589733803,41,0.824612717870423,node
auc_cc,gamma,total,31,7Networks_LH_Limbic_OFC_1,-0.0445750044916477,-0.355103142759335,0.274812529139116,0.787585130412083,41,0.955900505381947,node
auc_cc,gamma,social,31,7Networks_LH_Limbic_OFC_1,-0.287618968052612,-0.552960155622947,0.0306884746911622,0.0758203226324738,41,0.758203226324738,node
auc_cc,gamma,switching,31,7Networks_LH_Limbic_OFC_1,0.0754367790029938,-0.245939529333445,0.381869967087502,0.648083444175158,41,0.955900505381947,node
auc_cc,gamma,detail,31,7Networks_LH_Limbic_OFC_1,0.052785241764243,-0.267187198288982,0.362274049346386,0.749619443902978,41,0.955900505381947,node
auc_cc,gamma,communication,31,7Networks_LH_Limbic_OFC_1,0.0638900283201082,-0.256809381079685,0.371915144321765,0.699195364368906,41,0.955900505381947,node
auc_cc,gamma,imagination,31,7Networks_LH_Limbic_OFC_1,0.0412561698815681,-0.277883565622989,0.352194029042803,0.80307598705872,41,0.955900505381947,node
auc_cc,gamma,total,32,7Networks_LH_Limbic_TempPole_1,0.34221843755122,0.0299274787378553,0.593640965828534,0.0329676069634309,41,0.494514104451463,node
auc_cc,gamma,social,32,7Networks_LH_Limbic_TempPole_1,0.229067321006848,-0.0931905656867844,0.507882146242175,0.160702295427701,41,0.803511477138507,node
auc_cc,gamma,switching,32,7Networks_LH_Limbic_TempPole_1,0.185537685015307,-0.138067418174195,0.473349635324945,0.25812380522806,41,0.863671634418404,node
auc_cc,gamma,detail,32,7Networks_LH_Limbic_TempPole_1,0.0533747156996276,-0.266638173014007,0.362787496193171,0.746914690159549,41,0.955900505381947,node
auc_cc,gamma,communication,32,7Networks_LH_Limbic_TempPole_1,0.347296889636433,0.0356847693014609,0.597360591541199,0.030293327368414,41,0.494514104451463,node
auc_cc,gamma,imagination,32,7Networks_LH_Limbic_TempPole_1,0.128580344101485,-0.194847054364879,0.426788016453831,0.435329098461089,41,0.955900505381947,node
auc_cc,gamma,total,33,7Networks_LH_Limbic_TempPole_2,-0.0929761822578666,-0.39685642912665,0.229272220634493,0.573457628993437,41,0.955900505381947,node
auc_cc,gamma,social,33,7Networks_LH_Limbic_TempPole_2,-0.0970320569152466,-0.400299040580116,0.225390921052143,0.556774586789562,41,0.955900505381947,node
auc_cc,gamma,switching,33,7Networks_LH_Limbic_TempPole_2,-0.0943804917963891,-0.398049370284712,0.22792951494442,0.567655621338262,41,0.955900505381947,node
auc_cc,gamma,detail,33,7Networks_LH_Limbic_TempPole_2,0.0132757876413167,-0.303518047727064,0.327426715827012,0.936067628429562,41,0.955900505381947,node
auc_cc,gamma,communication,33,7Networks_LH_Limbic_TempPole_2,0.0180947413989983,-0.299135568681394,0.331723290727895,0.912937664877172,41,0.955900505381947,node
auc_cc,gamma,imagination,33,7Networks_LH_Limbic_TempPole_2,-0.0947026913381993,-0.398322929478912,0.227621276571399,0.566328241261934,41,0.955900505381947,node
auc_cc,gamma,total,34,7Networks_LH_Cont_Par_1,-0.100718145141331,-0.403420371305705,0.221854591869699,0.541812234548415,41,0.942934870524197,node
auc_cc,gamma,social,34,7Networks_LH_Cont_Par_1,-0.143457248341376,-0.439104103700321,0.180222810137736,0.383611643716119,41,0.942934870524197,node
auc_cc,gamma,switching,34,7Networks_LH_Cont_Par_1,0.116678687834134,-0.206443949983785,0.416854742499149,0.479334897059306,41,0.942934870524197,node
auc_cc,gamma,detail,34,7Networks_LH_Cont_Par_1,-0.100484411225232,-0.403222657489873,0.222079081861968,0.542755249222961,41,0.942934870524197,node
auc_cc,gamma,communication,34,7Networks_LH_Cont_Par_1,-0.0562998142761803,-0.365332555680961,0.263910713757062,0.733537853568784,41,0.971034740491753,node
auc_cc,gamma,imagination,34,7Networks_LH_Cont_Par_1,-0.104385391194717,-0.406518771550607,0.218327898483644,0.527119986404658,41,0.942934870524197,node
auc_cc,gamma,total,35,7Networks_LH_Cont_PFCl_1,-0.0355026219306702,-0.347136498648356,0.283192116814247,0.830104335484312,41,0.971034740491753,node
auc_cc,gamma,social,35,7Networks_LH_Cont_PFCl_1,-0.171557678335718,-0.4620682419563,0.152203604653217,0.296352709539147,41,0.942934870524197,node
auc_cc,gamma,switching,35,7Networks_LH_Cont_PFCl_1,-0.0222021302564694,-0.335375192457415,0.295389610116503,0.893277998107802,41,0.972863777966874,node
auc_cc,gamma,detail,35,7Networks_LH_Cont_PFCl_1,0.21463019863065,-0.108221057662192,0.496527491623383,0.18948366289597,41,0.942934870524197,node
auc_cc,gamma,communication,35,7Networks_LH_Cont_PFCl_1,-0.0742081730672601,-0.380814116157426,0.24709996701959,0.653451912742847,41,0.971034740491753,node
auc_cc,gamma,imagination,35,7Networks_LH_Cont_PFCl_1,-0.025889775915939,-0.338645899566107,0.29201811956056,0.875680462630249,41,0.972863777966874,node
auc_cc,gamma,total,36,7Networks_LH_Cont_pCun_1,0.193088748949175,-0.130376759615895,0.479404070048672,0.238904534454634,41,0.942934870524197,node
auc_cc,gamma,social,36,7Networks_LH_Cont_pCun_1,0.246836502984969,-0.0744871995314209,0.521725679942081,0.129800077852817,41,0.942934870524197,node
auc_cc,gamma,switching,36,7Networks_LH_Cont_pCun_1,-0.0341501052597858,-0.345944961228506,0.284437197322504,0.836487333894603,41,0.971034740491753,node
auc_cc,gamma,detail,36,7Networks_LH_Cont_pCun_1,0.069200980654316,-0.251819826324406,0.37650270238438,0.675507090179778,41,0.971034740491753,node
auc_cc,gamma,communication,36,7Networks_LH_Cont_pCun_1,0.337514557133864,0.0246132501724122,0.59018607820783,0.0356145729062533,41,0.786997921547467,node
auc_cc,gamma,imagination,36,7Networks_LH_Cont_pCun_1,-0.154133345205077,-0.447874529184699,0.169639089380854,0.34883062432919,41,0.942934870524197,node
auc_cc,gamma,total,37,7Networks_LH_Cont_Cing_1,-0.00530339147840537,-0.320289894074153,0.310739036503554,0.974438325814952,41,0.974438325814952,node
auc_cc,gamma,social,37,7Networks_LH_Cont_Cing_1,0.0506217191432892,-0.269200485046795,0.360387954720864,0.759571693855558,41,0.971034740491753,node
auc_cc,gamma,switching,37,7Networks_LH_Cont_Cing_1,-0.134193371179372,-0.431447883037735,0.189346196508407,0.415378673078841,41,0.942934870524197,node
auc_cc,gamma,detail,37,7Networks_LH_Cont_Cing_1,0.166577752342698,-0.157207369375468,0.458026769677303,0.310804512671822,41,0.942934870524197,node
auc_cc,gamma,communication,37,7Networks_LH_Cont_Cing_1,-0.188810531387822,-0.475977143059779,0.134738852154478,0.249671154648608,41,0.942934870524197,node
auc_cc,gamma,imagination,37,7Networks_LH_Cont_Cing_1,0.100175966879648,-0.222375275234263,0.402961703400026,0.544000886840883,41,0.942934870524197,node
auc_cc,gamma,total,38,7Networks_LH_Default_Temp_1,0.255230306867206,-0.0655727842244229,0.528215127023665,0.116845524607742,41,0.999835423534047,node
auc_cc,gamma,social,38,7Networks_LH_Default_Temp_1,0.0655685394080195,-0.2552342922967,0.373366656802484,0.691677077378949,41,0.999835423534047,node
auc_cc,gamma,switching,38,7Networks_LH_Default_Temp_1,0.29253908552906,-0.0253205219689156,0.556678628660157,0.0707261111425895,41,0.999835423534047,node
auc_cc,gamma,detail,38,7Networks_LH_Default_Temp_1,0.282805267393076,-0.0359226144378827,0.549311851159862,0.0810777892102919,41,0.999835423534047,node
auc_cc,gamma,communication,38,7Networks_LH_Default_Temp_1,0.022056859153632,-0.295522264855931,0.3352461914847,0.893972323840941,41,0.999835423534047,node
auc_cc,gamma,imagination,38,7Networks_LH_Default_Temp_1,-3.41397924794829e-05,-0.315553196894678,0.315491714844215,0.999835423534046,41,0.999835423534047,node
auc_cc,gamma,total,39,7Networks_LH_Default_Temp_2,-0.0137840782532344,-0.327880521007776,0.303056426784703,0.933625168882474,41,0.999835423534047,node
auc_cc,gamma,social,39,7Networks_LH_Default_Temp_2,-0.0585254247035053,-0.36726591698699,0.261832044483295,0.723411335786919,41,0.999835423534047,node
auc_cc,gamma,switching,39,7Networks_LH_Default_Temp_2,-0.000745268689837742,-0.316193372332726,0.314851224463705,0.996407321729552,41,0.999835423534047,node
auc_cc,gamma,detail,39,7Networks_LH_Default_Temp_2,0.0849331162514923,-0.236938900991427,0.390004122840487,0.607195632708766,41,0.999835423534047,node
auc_cc,gamma,communication,39,7Networks_LH_Default_Temp_2,-0.0417395289978822,-0.35261809003589,0.27743670162036,0.800815107941103,41,0.999835423534047,node
auc_cc,gamma,imagination,39,7Networks_LH_Default_Temp_2,-0.0210448103524257,-0.334347164517943,0.296446080506697,0.898811562604983,41,0.999835423534047,node
auc_cc,gamma,total,40,7Networks_LH_Default_Par_1,0.0252277484742652,-0.292623971469625,0.338059279461909,0.878835584603456,41,0.999835423534047,node
auc_cc,gamma,social,40,7Networks_LH_Default_Par_1,0.0282102055980207,-0.289892570855218,0.340700106044881,0.86463690867706,41,0.999835423534047,node
auc_cc,gamma,switching,40,7Networks_LH_Default_Par_1,-0.0778164847701533,-0.383912788473616,0.243689236308061,0.637735112991304,41,0.999835423534047,node
auc_cc,gamma,detail,40,7Networks_LH_Default_Par_1,0.127713995506272,-0.195694281442066,0.42606737098908,0.4384548594389,41,0.999835423534047,node
auc_cc,gamma,communication,40,7Networks_LH_Default_Par_1,0.0622940053788166,-0.258305485850901,0.370533565950594,0.706370514921543,41,0.999835423534047,node
auc_cc,gamma,imagination,40,7Networks_LH_Default_Par_1,-0.0960870572264614,-0.39949769247578,0.226296160963933,0.560641316337587,41,0.999835423534047,node
auc_cc,gamma,total,41,7Networks_LH_Default_Par_2,-0.159169073955333,-0.45199185847596,0.164620875929466,0.333114873357163,41,0.999835423534047,node
auc_cc,gamma,social,41,7Networks_LH_Default_Par_2,-0.275160317965819,-0.54349678575525,0.0441995066683905,0.0900053725642606,41,0.999835423534047,node
auc_cc,gamma,switching,41,7Networks_LH_Default_Par_2,-0.0164092897336903,-0.330222021615074,0.300669884614469,0.921020412023,41,0.999835423534047,node
auc_cc,gamma,detail,41,7Networks_LH_Default_Par_2,-0.0596665231504234,-0.368256142105998,0.260765130763521,0.718237167974204,41,0.999835423534047,node
auc_cc,gamma,communication,41,7Networks_LH_Default_Par_2,-0.00313087378301471,-0.318338855447952,0.312700487029032,0.984907972580389,41,0.999835423534047,node
auc_cc,gamma,imagination,41,7Networks_LH_Default_Par_2,-0.0352719585199352,-0.346933360398413,0.283404533655509,0.831192168413193,41,0.999835423534047,node
auc_cc,gamma,total,42,7Networks_LH_Default_PFC_1,0.0633799749985857,-0.257287669953821,0.371473771020491,0.701485618368537,41,0.999835423534047,node
auc_cc,gamma,social,42,7Networks_LH_Default_PFC_1,-0.125556592172136,-0.424271154413743,0.197801971987856,0.446292207572576,41,0.999835423534047,node
auc_cc,gamma,switching,42,7Networks_LH_Default_PFC_1,-0.00448504627124896,-0.319555289295528,0.311478192941536,0.978381635869606,41,0.999835423534047,node
auc_cc,gamma,detail,42,7Networks_LH_Default_PFC_1,0.237283193950693,-0.0845709338221908,0.514300881174864,0.145811522768993,41,0.999835423534047,node
auc_cc,gamma,communication,42,7Networks_LH_Default_PFC_1,0.0539873910600642,-0.266067318159296,0.363320953045395,0.744106642870348,41,0.999835423534047,node
auc_cc,gamma,imagination,42,7Networks_LH_Default_PFC_1,0.0526444691353185,-0.267318280628792,0.362151405002347,0.750265806083364,41,0.999835423534047,node
auc_cc,gamma,total,43,7Networks_LH_Default_PFC_2,0.0904849256912956,-0.231651177655023,0.394737612782482,0.58381621395972,41,0.999835423534047,node
auc_cc,gamma,social,43,7Networks_LH_Default_PFC_2,-0.0513090184649574,-0.360987396447512,0.268561214864251,0.756405877963921,41,0.999835423534047,node
auc_cc,gamma,switching,43,7Networks_LH_Default_PFC_2,-0.00351116604648121,-0.318680571423068,0.312357335770513,0.983075065566099,41,0.999835423534047,node
auc_cc,gamma,detail,43,7Networks_LH_Default_PFC_2,0.189957830210743,-0.133570289684875,0.476897005982206,0.246752483430316,41,0.999835423534047,node
auc_cc,gamma,communication,43,7Networks_LH_Default_PFC_2,0.0714016584894298,-0.249747311603925,0.378399224159371,0.665779493182715,41,0.999835423534047,node
auc_cc,gamma,imagination,43,7Networks_LH_Default_PFC_2,0.0756821750815268,-0.245707638432706,0.382080762084872,0.647013258709477,41,0.999835423534047,node
auc_cc,gamma,total,44,7Networks_LH_Default_PFC_3,-0.0994176778122572,-0.402319956477882,0.223103193108531,0.547068982845648,41,0.999835423534047,node
auc_cc,gamma,social,44,7Networks_LH_Default_PFC_3,-0.280519191841496,-0.547575668449124,0.0384022516638682,0.0836719333896025,41,0.999835423534047,node
auc_cc,gamma,switching,44,7Networks_LH_Default_PFC_3,0.0702007891408447,-0.250878609549978,0.377364646565025,0.671081104600373,41,0.999835423534047,node
auc_cc,gamma,detail,44,7Networks_LH_Default_PFC_3,0.0294802467677354,-0.288727863589379,0.341823173238857,0.858603019274778,41,0.999835423534047,node
auc_cc,gamma,communication,44,7Networks_LH_Default_PFC_3,-0.0801973548446315,-0.385953615147398,0.241434372750783,0.627449027273448,41,0.999835423534047,node
auc_cc,gamma,imagination,44,7Networks_LH_Default_PFC_3,0.0450800382039374,-0.274344631392415,0.355545301805326,0.785234744627672,41,0.999835423534047,node
auc_cc,gamma,total,45,7Networks_LH_Default_PFC_4,-0.000558499041580712,-0.316025265589243,0.315019469571569,0.997307668699576,41,0.999835423534047,node
auc_cc,gamma,social,45,7Networks_LH_Default_PFC_4,-0.220739225954198,-0.501343984687228,0.101878911277723,0.176890448978785,41,0.999835423534047,node
auc_cc,gamma,switching,45,7Networks_LH_Default_PFC_4,0.00296744718628906,-0.312847927347628,0.318191981435874,0.985695669081498,41,0.999835423534047,node
auc_cc,gamma,detail,45,7Networks_LH_Default_PFC_4,0.146273861532313,-0.177437827366282,0.441423439426853,0.374243832491377,41,0.999835423534047,node
auc_cc,gamma,communication,45,7Networks_LH_Default_PFC_4,-0.0334644429798906,-0.345340523447882,0.285067984276589,0.839727187636798,41,0.999835423534047,node
auc_cc,gamma,imagination,45,7Networks_LH_Default_PFC_4,0.197682082278523,-0.125679391733579,0.483073715832287,0.227699413340553,41,0.999835423534047,node
auc_cc,gamma,total,46,7Networks_LH_Default_PFC_5,0.088417170345812,-0.233622801979567,0.392976523597915,0.592476791502655,41,0.999835423534047,node
auc_cc,gamma,social,46,7Networks_LH_Default_PFC_5,-0.0584022865243134,-0.367159017992005,0.261947130454517,0.723970420458297,41,0.999835423534047,node
auc_cc,gamma,switching,46,7Networks_LH_Default_PFC_5,0.293094648321016,-0.0247132372319959,0.557097841867901,0.0701682241095632,41,0.999835423534047,node
auc_cc,gamma,detail,46,7Networks_LH_Default_PFC_5,-0.0958353608443211,-0.399284178817251,0.226537173633,0.561673300788823,41,0.999835423534047,node
auc_cc,gamma,communication,46,7Networks_LH_Default_PFC_5,0.0732415561453356,-0.248012304618403,0.379982853429563,0.657687743045159,41,0.999835423534047,node
auc_cc,gamma,imagination,46,7Networks_LH_Default_PFC_5,0.0413044807171779,-0.277838908617194,0.352236418885509,0.802849945027385,41,0.999835423534047,node
auc_cc,gamma,total,47,7Networks_LH_Default_PFC_6,0.114912997712707,-0.208156728396115,0.415374942405413,0.486055726008752,41,0.999835423534047,node
auc_cc,gamma,social,47,7Networks_LH_Default_PFC_6,-0.24204580979952,-0.51800756783569,0.0795521118595457,0.137657294133454,41,0.999835423534047,node
auc_cc,gamma,switching,47,7Networks_LH_Default_PFC_6,0.118815479052073,-0.204368539471149,0.418643431821913,0.471267030295774,41,0.999835423534047,node
auc_cc,gamma,detail,47,7Networks_LH_Default_PFC_6,0.271661786007564,-0.0479726661742735,0.540827039448441,0.0943356049651257,41,0.999835423534047,node
auc_cc,gamma,communication,47,7Networks_LH_Default_PFC_6,0.039580281811759,-0.279431850031901,0.350722748286661,0.810926972432284,41,0.999835423534047,node
auc_cc,gamma,imagination,47,7Networks_LH_Default_PFC_6,0.230432976124709,-0.0917611367296769,0.50895122806014,0.158153718118045,41,0.999835423534047,node
auc_cc,gamma,total,48,7Networks_LH_Default_PFC_7,0.150445270095177,-0.173303716142761,0.444851148879755,0.360622030080453,41,0.999835423534047,node
auc_cc,gamma,social,48,7Networks_LH_Default_PFC_7,-0.134472610224624,-0.431679290439735,0.189072006387187,0.414399897763577,41,0.999835423534047,node
auc_cc,gamma,switching,48,7Networks_LH_Default_PFC_7,0.340506031826812,0.027990835391842,0.592384316760707,0.0339118697890934,41,0.999835423534047,node
auc_cc,gamma,detail,48,7Networks_LH_Default_PFC_7,0.0116244894953925,-0.305016703149483,0.32595142514052,0.944006384773664,41,0.999835423534047,node
auc_cc,gamma,communication,48,7Networks_LH_Default_PFC_7,0.04852007286004,-0.271153519359713,0.358553373590977,0.76927601735038,41,0.999835423534047,node
auc_cc,gamma,imagination,48,7Networks_LH_Default_PFC_7,0.214091416671881,-0.108779141182863,0.496101869312875,0.190623940163669,41,0.999835423534047,node
auc_cc,gamma,total,49,7Networks_LH_Default_pCunPCC_1,-0.0750694355747626,-0.381554359838826,0.246286587569298,0.649686751715072,41,0.999835423534047,node
auc_cc,gamma,social,49,7Networks_LH_Default_pCunPCC_1,0.0457704163072283,-0.273704773150847,0.35614950587844,0.782024819989963,41,0.999835423534047,node
auc_cc,gamma,switching,49,7Networks_LH_Default_pCunPCC_1,-0.160766173481369,-0.453295083394399,0.163025822665365,0.32822360223502,41,0.999835423534047,node
auc_cc,gamma,detail,49,7Networks_LH_Default_pCunPCC_1,0.103605998494417,-0.219078125828737,0.40586085556566,0.530226110317349,41,0.999835423534047,node
auc_cc,gamma,communication,49,7Networks_LH_Default_pCunPCC_1,0.0378610156974259,-0.281018487542813,0.349211787649787,0.819000155590737,41,0.999835423534047,node
auc_cc,gamma,imagination,49,7Networks_LH_Default_pCunPCC_1,-0.319991800207896,-0.577234051958614,-0.004971265871371,0.0470453882934321,41,0.999835423534047,node
auc_cc,gamma,total,50,7Networks_LH_Default_pCunPCC_2,-0.162414355071824,-0.454638681013136,0.161377976236987,0.323222980017516,41,0.999835423534047,node
auc_cc,gamma,social,50,7Networks_LH_Default_pCunPCC_2,-0.064847151541302,-0.372743012656774,0.255911440188846,0.694904755173494,41,0.999835423534047,node
auc_cc,gamma,switching,50,7Networks_LH_Default_pCunPCC_2,-0.250400512245894,-0.524484990823304,0.0707084015512189,0.124174912066813,41,0.999835423534047,node
auc_cc,gamma,detail,50,7Networks_LH_Default_pCunPCC_2,0.176997330312152,-0.146718881319791,0.466469060371701,0.281067773234311,41,0.999835423534047,node
auc_cc,gamma,communication,50,7Networks_LH_Default_pCunPCC_2,-0.0921962592978715,-0.396193451871684,0.230017400835672,0.576691534618764,41,0.999835423534047,node
auc_cc,gamma,imagination,50,7Networks_LH_Default_pCunPCC_2,-0.273152044136203,-0.541964925913992,0.0463665403438383,0.092471904691904,41,0.999835423534047,node
auc_cc,gamma,total,51,7Networks_RH_Vis_1,-0.118568138629505,-0.418436504290327,0.204608923666579,0.472197220087922,41,0.877407079262852,node
auc_cc,gamma,social,51,7Networks_RH_Vis_1,-0.173385017864899,-0.463548204244486,0.150363345854694,0.291159707429988,41,0.877407079262852,node
auc_cc,gamma,switching,51,7Networks_RH_Vis_1,0.0531213659690465,-0.266874163785339,0.362566845127635,0.748076800956728,41,0.955734401962308,node
auc_cc,gamma,detail,51,7Networks_RH_Vis_1,-0.00149508038277255,-0.316868059958858,0.314175582315971,0.992792813862417,41,0.996876665379025,node
auc_cc,gamma,communication,51,7Networks_RH_Vis_1,-0.14826920684328,-0.4430641202583,0.175461747192902,0.367690361773497,41,0.877407079262852,node
auc_cc,gamma,imagination,51,7Networks_RH_Vis_1,-0.0507532468461779,-0.3605026890131,0.269078170428423,0.75896555449948,41,0.955734401962308,node
auc_cc,gamma,total,52,7Networks_RH_Vis_2,-0.0218570358362078,-0.335068728869185,0.295704714106144,0.894927510005588,41,0.996876665379025,node
auc_cc,gamma,social,52,7Networks_RH_Vis_2,-0.000647907072072904,-0.316105742018975,0.31493893185209,0.996876665379025,41,0.996876665379025,node
auc_cc,gamma,switching,52,7Networks_RH_Vis_2,0.0225640583187917,-0.295059061161053,0.335696534088478,0.891548498845053,41,0.996876665379025,node
auc_cc,gamma,detail,52,7Networks_RH_Vis_2,-0.127593675398902,-0.425967256451876,0.195811907749961,0.438889946900877,41,0.877407079262852,node
auc_cc,gamma,communication,52,7Networks_RH_Vis_2,-0.106936877500625,-0.408670391637251,0.215869219051207,0.517014200856044,41,0.877407079262852,node
auc_cc,gamma,imagination,52,7Networks_RH_Vis_2,0.202350892458374,-0.120889932679423,0.486793414335481,0.216683694669736,41,0.877407079262852,node
auc_cc,gamma,total,53,7Networks_RH_Vis_3,-0.177434552585595,-0.466822163309269,0.146277170419762,0.279861920699202,41,0.877407079262852,node
auc_cc,gamma,social,53,7Networks_RH_Vis_3,-0.207941506632656,-0.491233994855367,0.115134980375003,0.20398386167675,41,0.877407079262852,node
auc_cc,gamma,switching,53,7Networks_RH_Vis_3,-0.178472362419604,-0.467659934542855,0.145228189107097,0.27701317215787,41,0.877407079262852,node
auc_cc,gamma,detail,53,7Networks_RH_Vis_3,0.0981090362792058,-0.224358575150698,0.401211740674288,0.55238307978017,41,0.880360533399646,node
auc_cc,gamma,communication,53,7Networks_RH_Vis_3,-0.104988170967777,-0.407027386839155,0.21774741339265,0.524723841519941,41,0.877407079262852,node
auc_cc,gamma,imagination,53,7Networks_RH_Vis_3,-0.0698156928413924,-0.377032714473578,0.251241209974094,0.672784576686653,41,0.937981020398091,node
auc_cc,gamma,total,54,7Networks_RH_Vis_4,-0.117725057705805,-0.41773094017258,0.205428000915262,0.475375124665604,41,0.877407079262852,node
auc_cc,gamma,social,54,7Networks_RH_Vis_4,-0.00842608722660972,-0.323089571116315,0.307914997864894,0.959397482030277,41,0.996876665379025,node
auc_cc,gamma,switching,54,7Networks_RH_Vis_4,-0.203759313737083,-0.487913499225445,0.119442154945706,0.213434081062089,41,0.877407079262852,node
auc_cc,gamma,detail,54,7Networks_RH_Vis_4,0.0856869222344989,-0.236222068819161,0.390647767511269,0.603997831123554,41,0.902589617006683,node
auc_cc,gamma,communication,54,7Networks_RH_Vis_4,-0.278154997641126,-0.545777735826661,0.04096249723139,0.0864220252612036,41,0.877407079262852,node
auc_cc,gamma,imagination,54,7Networks_RH_Vis_4,0.102109589273555,-0.220517469749349,0.404596799043755,0.536214642645612,41,0.879019812454545,node
auc_cc,gamma,total,55,7Networks_RH_Vis_5,-0.0550656813189799,-0.364259328738964,0.265062085219571,0.739172498275343,41,0.955734401962308,node
auc_cc,gamma,social,55,7Networks_RH_Vis_5,-0.188319177178137,-0.475583000669975,0.135239037855857,0.250928179306656,41,0.877407079262852,node
auc_cc,gamma,switching,55,7Networks_RH_Vis_5,-0.0697748092105443,-0.376997470370237,0.251279700046728,0.672965520038707,41,0.937981020398091,node
auc_cc,gamma,detail,55,7Networks_RH_Vis_5,0.157688542626137,-0.166097999322999,0.450782635057978,0.337689207816974,41,0.877407079262852,node
auc_cc,gamma,communication,55,7Networks_RH_Vis_5,-0.00744947440903652,-0.322214572840144,0.308798806117112,0.964100209235271,41,0.996876665379025,node
auc_cc,gamma,imagination,55,7Networks_RH_Vis_5,-0.00625408721610186,-0.321142830676136,0.309879856442117,0.969858024691645,41,0.996876665379025,node
auc_cc,gamma,total,56,7Networks_RH_Vis_6,-0.15480338149181,-0.448423085971178,0.168972350596314,0.346713904678728,41,0.877407079262852,node
auc_cc,gamma,social,56,7Networks_RH_Vis_6,-0.108490719060365,-0.409979075683929,0.214369888120686,0.510907338374069,41,0.877407079262852,node
auc_cc,gamma,switching,56,7Networks_RH_Vis_6,-0.129872293789929,-0.427861982081814,0.193582722650896,0.430690764771589,41,0.877407079262852,node
auc_cc,gamma,detail,56,7Networks_RH_Vis_6,0.129153151623374,-0.194286624332516,0.427264280906429,0.433269214579942,41,0.877407079262852,node
auc_cc,gamma,communication,56,7Networks_RH_Vis_6,-0.127326288770343,-0.42574474637129,0.196073274649081,0.4398576900509,41,0.877407079262852,node
auc_cc,gamma,imagination,56,7Networks_RH_Vis_6,-0.237733193055258,-0.514651553381309,0.0840974244958763,0.145026240546966,41,0.877407079262852,node
auc_cc,gamma,total,57,7Networks_RH_Vis_7,-0.22371494581982,-0.503683826811745,0.0987801108778802,0.170977751014568,41,0.877407079262852,node
auc_cc,gamma,social,57,7Networks_RH_Vis_7,-0.155633542942873,-0.449102430118861,0.168145863471235,0.344102232268075,41,0.877407079262852,node
auc_cc,gamma,switching,57,7Networks_RH_Vis_7,-0.327685582448935,-0.582936930370463,-0.0135657148013818,0.0417076039747707,41,0.877407079262852,node
auc_cc,gamma,detail,57,7Networks_RH_Vis_7,0.107089641822042,-0.21572188132819,0.408799108570737,0.516412208657469,41,0.877407079262852,node
auc_cc,gamma,communication,57,7Networks_RH_Vis_7,-0.134308319833546,-0.431543146550097,0.189233332351832,0.414975602098584,41,0.877407079262852,node
auc_cc,gamma,imagination,57,7Networks_RH_Vis_7,-0.0870505859087974,-0.391811388049021,0.23492440131672,0.598231402623335,41,0.902589617006683,node
auc_cc,gamma,total,58,7Networks_RH_Vis_8,-0.0605978673139153,-0.369063827583706,0.259893754334023,0.714023255449137,41,0.94597416806875,node
auc_cc,gamma,social,58,7Networks_RH_Vis_8,-0.128210542468896,-0.426480454645754,0.19520875300864,0.436661821541237,41,0.877407079262852,node
auc_cc,gamma,switching,58,7Networks_RH_Vis_8,0.0032988590643838,-0.312548918089114,0.31848981065018,0.984098318477916,41,0.996876665379025,node
auc_cc,gamma,detail,58,7Networks_RH_Vis_8,-0.0405608089721616,-0.351583750452901,0.278526182438397,0.806331259155975,41,0.970981412034604,node
auc_cc,gamma,communication,58,7Networks_RH_Vis_8,0.122592018430167,-0.200693364430513,0.421799061373178,0.457185430701183,41,0.877407079262852,node
auc_cc,gamma,imagination,58,7Networks_RH_Vis_8,-0.121663420372851,-0.421023807794672,0.201597882867339,0.460626732966023,41,0.877407079262852,node
auc_cc,gamma,total,59,7Networks_RH_SomMot_1,-0.00511056767382037,-0.320116835839939,0.310913235766559,0.975367423588572,41,0.990197818589155,node
auc_cc,gamma,social,59,7Networks_RH_SomMot_1,-0.095301279744907,-0.398831009583769,0.227048453958545,0.563866007240772,41,0.972599223746013,node
auc_cc,gamma,switching,59,7Networks_RH_SomMot_1,0.165628318286838,-0.158159465177581,0.45725488400112,0.313609524560767,41,0.841309517479787,node
auc_cc,gamma,detail,59,7Networks_RH_SomMot_1,-0.178566175951458,-0.467735639850504,0.145133329843384,0.276756594672011,41,0.841309517479787,node
auc_cc,gamma,communication,59,7Networks_RH_SomMot_1,0.10383434663903,-0.218858362123405,0.406053645652739,0.52931514915912,41,0.966575489768828,node
auc_cc,gamma,imagination,59,7Networks_RH_SomMot_1,0.0138015503772739,-0.303040556253136,0.327896117657791,0.933541221616114,41,0.990197818589155,node
auc_cc,gamma,total,60,7Networks_RH_SomMot_2,-0.0792736150411564,-0.385162161943066,0.24230963656329,0.631431767430219,41,0.972599223746013,node
auc_cc,gamma,social,60,7Networks_RH_SomMot_2,-0.17951275251161,-0.468499267499966,0.144175868813349,0.274176423292148,41,0.841309517479787,node
auc_cc,gamma,switching,60,7Networks_RH_SomMot_2,-0.110452703201246,-0.411629736226731,0.212474556789834,0.503248373946017,41,0.945502406054609,node
auc_cc,gamma,detail,60,7Networks_RH_SomMot_2,-0.00950471237770273,-0.324055342745007,0.306938236306474,0.954205110578264,41,0.990197818589155,node
auc_cc,gamma,communication,60,7Networks_RH_SomMot_2,0.181168720438192,-0.142499400441406,0.469834141722367,0.269700609028125,41,0.841309517479787,node
auc_cc,gamma,imagination,60,7Networks_RH_SomMot_2,-0.0567792856631304,-0.365749292208231,0.263463149662544,0.731352433439263,41,0.97617198458796,node
auc_cc,gamma,total,61,7Networks_RH_SomMot_3,0.0368189214058627,-0.281979344250512,0.348295164237705,0.823902559989696,41,0.97617198458796,node
auc_cc,gamma,social,61,7Networks_RH_SomMot_3,0.0345592424585183,-0.284060672979853,0.346305508226615,0.834555363827326,41,0.97617198458796,node
auc_cc,gamma,switching,61,7Networks_RH_SomMot_3,-0.046721114635216,-0.356981112051573,0.272823181089637,0.777610361648067,41,0.97617198458796,node
auc_cc,gamma,detail,61,7Networks_RH_SomMot_3,0.000346768271801526,-0.315210176075524,0.315834667998001,0.998328347863605,41,0.998328347863606,node
auc_cc,gamma,communication,61,7Networks_RH_SomMot_3,0.0516621640496934,-0.268232637816054,0.361295299878495,0.754780749904364,41,0.97617198458796,node
auc_cc,gamma,imagination,61,7Networks_RH_SomMot_3,0.0861078600596665,-0.235821625271419,0.391007059724706,0.602215287595445,41,0.972599223746013,node
auc_cc,gamma,total,62,7Networks_RH_SomMot_4,0.177545642759033,-0.146164919199799,0.466911865601726,0.27955607351858,41,0.841309517479787,node
auc_cc,gamma,social,62,7Networks_RH_SomMot_4,0.0978848763265128,-0.224573504860076,0.401021823008206,0.55329577294808,41,0.972599223746013,node
auc_cc,gamma,switching,62,7Networks_RH_SomMot_4,0.242133086422986,-0.0794599877868591,0.518075397615784,0.137511078351183,41,0.841309517479787,node
auc_cc,gamma,detail,62,7Networks_RH_SomMot_4,-0.0715969471526982,-0.378567397523796,0.249563253915164,0.664918834225711,41,0.972599223746013,node
auc_cc,gamma,communication,62,7Networks_RH_SomMot_4,0.179719966221538,-0.143966191510011,0.468666374537592,0.273613710914057,41,0.841309517479787,node
auc_cc,gamma,imagination,62,7Networks_RH_SomMot_4,0.0259620772606867,-0.291951937801233,0.338709950800986,0.875335999264061,41,0.990197818589155,node
auc_cc,gamma,total,63,7Networks_RH_SomMot_5,0.346692081929889,0.034998030040373,0.59691817406872,0.0306021234383605,41,0.623936217949398,node
auc_cc,gamma,social,63,7Networks_RH_SomMot_5,0.181311974208376,-0.142354285900395,0.46994955644656,0.269315689210995,41,0.841309517479787,node
auc_cc,gamma,switching,63,7Networks_RH_SomMot_5,0.224506412707503,-0.0979548532915426,0.504305475362229,0.169429298152989,41,0.841309517479787,node
auc_cc,gamma,detail,63,7Networks_RH_SomMot_5,0.141063322299295,-0.182585779723149,0.437129726286383,0.391680776163012,41,0.922603595532792,node
auc_cc,gamma,communication,63,7Networks_RH_SomMot_5,0.213613213459949,-0.109274305326248,0.495723988912449,0.1916400584663,41,0.841309517479787,node
auc_cc,gamma,imagination,63,7Networks_RH_SomMot_5,0.214040132656915,-0.108832251812584,0.496061349344926,0.190732729465259,41,0.841309517479787,node
auc_cc,gamma,total,64,7Networks_RH_SomMot_6,0.386889745963091,0.0812906326219715,0.62599543517208,0.0149698755148754,41,0.623936217949398,node
auc_cc,gamma,social,64,7Networks_RH_SomMot_6,0.17060433620521,-0.153162796633935,0.461295487340013,0.299085388634203,41,0.841309517479787,node
auc_cc,gamma,switching,64,7Networks_RH_SomMot_6,0.153296703140168,-0.170471198122847,0.447189262126584,0.351484692646315,41,0.894688308554257,node
auc_cc,gamma,detail,64,7Networks_RH_SomMot_6,0.190465000906778,-0.133053432356438,0.477303436963834,0.24546960093601,41,0.841309517479787,node
auc_cc,gamma,communication,64,7Networks_RH_SomMot_6,0.357157816029147,0.0469231963597701,0.604552462447709,0.0256100656391004,41,0.623936217949398,node
auc_cc,gamma,imagination,64,7Networks_RH_SomMot_6,0.237843173905151,-0.083981675585653,0.514737244415556,0.144834788899547,41,0.841309517479787,node
auc_cc,gamma,total,65,7Networks_RH_SomMot_7,0.323471370998689,0.00885241415380117,0.579816333404675,0.0445668727106713,41,0.623936217949398,node
auc_cc,gamma,social,65,7Networks_RH_SomMot_7,0.272520275555849,-0.0470476307722945,0.541482659388576,0.0932584956829297,41,0.841309517479787,node
auc_cc,gamma,switching,65,7Networks_RH_SomMot_7,0.0516788036415574,-0.268217154013626,0.361309806074986,0.754704202369872,41,0.97617198458796,node
auc_cc,gamma,detail,65,7Networks_RH_SomMot_7,0.033086538881623,-0.285415525834335,0.345007275751454,0.841513956507056,41,0.97617198458796,node
auc_cc,gamma,communication,65,7Networks_RH_SomMot_7,0.385841417638739,0.0800663722476751,0.625245470042488,0.0152683374676534,41,0.623936217949398,node
auc_cc,gamma,imagination,65,7Networks_RH_SomMot_7,0.163318918457013,-0.160472828790207,0.455375516245702,0.320498863801824,41,0.841309517479787,node
auc_cc,gamma,total,66,7Networks_RH_SomMot_8,0.112013203601221,-0.210965333095854,0.41294121028253,0.49719847254235,41,0.945502406054609,node
auc_cc,gamma,social,66,7Networks_RH_SomMot_8,0.133237644178236,-0.19028426127786,0.430655569042272,0.418738535199852,41,0.922603595532792,node
auc_cc,gamma,switching,66,7Networks_RH_SomMot_8,-0.0493704120388468,-0.359295945114624,0.270363626433873,0.765345320287634,41,0.97617198458796,node
auc_cc,gamma,detail,66,7Networks_RH_SomMot_8,-0.120746431476654,-0.42025781684909,0.202490552442897,0.464038594154096,41,0.928077188308192,node
auc_cc,gamma,communication,66,7Networks_RH_SomMot_8,0.256393479839728,-0.0643334145290826,0.529111894628494,0.115130065356734,41,0.841309517479787,node
auc_cc,gamma,imagination,66,7Networks_RH_SomMot_8,0.122637615235674,-0.200648935801198,0.421837117263481,0.457016810373515,41,0.928077188308192,node
auc_cc,gamma,total,67,7Networks_RH_DorsAttn_Post_1,0.0173063842837219,-0.29985343746755,0.331021281274445,0.916717282660202,41,0.974717781286485,node
auc_cc,gamma,social,67,7Networks_RH_DorsAttn_Post_1,-0.129592181768263,-0.427629203347219,0.19385693797245,0.431694076518977,41,0.974717781286485,node
auc_cc,gamma,switching,67,7Networks_RH_DorsAttn_Post_1,0.0396002677040848,-0.279413395652927,0.350740303177703,0.810833235949764,41,0.974717781286485,node
auc_cc,gamma,detail,67,7Networks_RH_DorsAttn_Post_1,0.03663901282665,-0.282145163154808,0.348136856804248,0.824749590500579,41,0.974717781286485,node
auc_cc,gamma,communication,67,7Networks_RH_DorsAttn_Post_1,0.0693451812031982,-0.251684113818291,0.37662705185901,0.6748680698709,41,0.974717781286485,node
auc_cc,gamma,imagination,67,7Networks_RH_DorsAttn_Post_1,0.0830673535431938,-0.238711643017155,0.38840973983725,0.61514155827876,41,0.974717781286485,node
auc_cc,gamma,total,68,7Networks_RH_DorsAttn_Post_2,0.187887390829625,-0.135678448940804,0.475236545717757,0.252036302283268,41,0.974717781286485,node
auc_cc,gamma,social,68,7Networks_RH_DorsAttn_Post_2,0.0931804300997394,-0.229077008863384,0.397029998610206,0.572612091317459,41,0.974717781286485,node
auc_cc,gamma,switching,68,7Networks_RH_DorsAttn_Post_2,0.215775517366938,-0.107034032077629,0.497431810486699,0.187075742296038,41,0.974717781286485,node
auc_cc,gamma,detail,68,7Networks_RH_DorsAttn_Post_2,0.0778586426638176,-0.243649339807228,0.383948951269993,0.637552387660088,41,0.974717781286485,node
auc_cc,gamma,communication,68,7Networks_RH_DorsAttn_Post_2,0.13748840093387,-0.186107525914676,0.434176007571289,0.403912730724582,41,0.974717781286485,node
auc_cc,gamma,imagination,68,7Networks_RH_DorsAttn_Post_2,-0.0457827020276664,-0.356160255726944,0.273693383902197,0.781967729376995,41,0.974717781286485,node
auc_cc,gamma,total,69,7Networks_RH_DorsAttn_Post_3,-0.132480883177817,-0.43002787587379,0.191026618169766,0.421409773063955,41,0.974717781286485,node
auc_cc,gamma,social,69,7Networks_RH_DorsAttn_Post_3,0.0851473672891793,-0.236735194504188,0.390187093530691,0.606285998153357,41,0.974717781286485,node
auc_cc,gamma,switching,69,7Networks_RH_DorsAttn_Post_3,-0.192226362240511,-0.478713985169371,0.131257062388516,0.241049133727239,41,0.974717781286485,node
auc_cc,gamma,detail,69,7Networks_RH_DorsAttn_Post_3,-0.129646450861603,-0.427674305144745,0.193803815256988,0.43149959285665,41,0.974717781286485,node
auc_cc,gamma,communication,69,7Networks_RH_DorsAttn_Post_3,0.0190720692874132,-0.298245126514324,0.332593091301947,0.908254694194053,41,0.974717781286485,node
auc_cc,gamma,imagination,69,7Networks_RH_DorsAttn_Post_3,-0.202735406155456,-0.487099302043796,0.1204948106807,0.215793148796709,41,0.974717781286485,node
auc_cc,gamma,total,70,7Networks_RH_DorsAttn_Post_4,-0.241560841434478,-0.517630596144274,0.0800639159008309,0.13847186256515,41,0.974717781286485,node
auc_cc,gamma,social,70,7Networks_RH_DorsAttn_Post_4,-0.107337258968393,-0.409007721582756,0.215483028979254,0.515437174337813,41,0.974717781286485,node
auc_cc,gamma,switching,70,7Networks_RH_DorsAttn_Post_4,-0.27458138299668,-0.543055372265098,0.0448245165755416,0.0907111442679199,41,0.965614510119198,node
auc_cc,gamma,detail,70,7Networks_RH_DorsAttn_Post_4,0.019545894704436,-0.297813225903107,0.333014593724038,0.905985399351304,41,0.974717781286485,node
auc_cc,gamma,communication,70,7Networks_RH_DorsAttn_Post_4,-0.0726465346199445,-0.379470905564106,0.248573630142146,0.660300459187424,41,0.974717781286485,node
auc_cc,gamma,imagination,70,7Networks_RH_DorsAttn_Post_4,-0.269911304734063,-0.53948920019238,0.049857138863758,0.0965614510119198,41,0.965614510119198,node
auc_cc,gamma,total,71,7Networks_RH_DorsAttn_Post_5,0.0503376367897989,-0.269464633159871,0.360140111913498,0.760881357152245,41,0.974717781286485,node
auc_cc,gamma,social,71,7Networks_RH_DorsAttn_Post_5,0.226831173510759,-0.0955282725886557,0.506129756516243,0.164939405000735,41,0.974717781286485,node
auc_cc,gamma,switching,71,7Networks_RH_DorsAttn_Post_5,-0.0974225243738427,-0.40063001681921,0.225016719456448,0.555180527248013,41,0.974717781286485,node
auc_cc,gamma,detail,71,7Networks_RH_DorsAttn_Post_5,-0.0681601578480205,-0.375604833799167,0.252799009116546,0.680126092460504,41,0.974717781286485,node
auc_cc,gamma,communication,71,7Networks_RH_DorsAttn_Post_5,0.220317930842646,-0.102317126462571,0.501012383597371,0.177739211079626,41,0.974717781286485,node
auc_cc,gamma,imagination,71,7Networks_RH_DorsAttn_Post_5,-0.22699268181678,-0.506256402178717,0.0953595480893513,0.164630700431706,41,0.974717781286485,node
auc_cc,gamma,total,72,7Networks_RH_DorsAttn_PrCv_1,0.145746319455921,-0.177959840072799,0.440989335684881,0.375987985477293,41,0.974717781286485,node
auc_cc,gamma,social,72,7Networks_RH_DorsAttn_PrCv_1,0.112338154060241,-0.210650866398479,0.413214147892275,0.495943363301451,41,0.974717781286485,node
auc_cc,gamma,switching,72,7Networks_RH_DorsAttn_PrCv_1,0.287793520885718,-0.0304983474736322,0.553092258357345,0.07563481459535,41,0.965614510119198,node
auc_cc,gamma,detail,72,7Networks_RH_DorsAttn_PrCv_1,-0.0615102073519941,-0.369854580697938,0.259039652000357,0.709903419738799,41,0.974717781286485,node
auc_cc,gamma,communication,72,7Networks_RH_DorsAttn_PrCv_1,-0.00845755640110378,-0.32311775704422,0.307886510028427,0.95924596879603,41,0.974717781286485,node
auc_cc,gamma,imagination,72,7Networks_RH_DorsAttn_PrCv_1,0.0387181220754455,-0.280227718385931,0.34996524985711,0.814973073815889,41,0.974717781286485,node
auc_cc,gamma,total,73,7Networks_RH_DorsAttn_FEF_1,-0.058658470025518,-0.367381407426864,0.261707688973042,0.72280742871165,41,0.974717781286485,node
auc_cc,gamma,social,73,7Networks_RH_DorsAttn_FEF_1,0.0312483343600008,-0.28710484677989,0.343385166922747,0.850216182043,41,0.974717781286485,node
auc_cc,gamma,switching,73,7Networks_RH_DorsAttn_FEF_1,-0.020874546398455,-0.334195858953278,0.296601442025669,0.899626060585968,41,0.974717781286485,node
auc_cc,gamma,detail,73,7Networks_RH_DorsAttn_FEF_1,-0.102970346543993,-0.405324044760147,0.219689708933046,0.532765963630675,41,0.974717781286485,node
auc_cc,gamma,communication,73,7Networks_RH_DorsAttn_FEF_1,-0.0166257281178561,-0.330414896967126,0.30047294623117,0.919982005772679,41,0.974717781286485,node
auc_cc,gamma,imagination,73,7Networks_RH_DorsAttn_FEF_1,-0.0778614229013219,-0.383951336108575,0.24364670866628,0.63754033799429,41,0.974717781286485,node
auc_cc,gamma,total,74,7Networks_RH_SalVentAttn_TempOccPar_1,-0.359808187267445,-0.606478605382629,-0.0499572566713034,0.0244591992633548,41,0.587020782320516,node
auc_cc,gamma,social,74,7Networks_RH_SalVentAttn_TempOccPar_1,-0.425865187056338,-0.653567728131718,-0.127471014935083,0.0068707544169308,41,0.429491768022159,node
auc_cc,gamma,switching,74,7Networks_RH_SalVentAttn_TempOccPar_1,-0.118346606125218,-0.418251141495918,0.204824192680948,0.47303117486119,41,0.91251959214626,node
auc_cc,gamma,detail,74,7Networks_RH_SalVentAttn_TempOccPar_1,-0.0946096493732114,-0.398243938994182,0.22771029358607,0.566711403806341,41,0.944034626971384,node
auc_cc,gamma,communication,74,7Networks_RH_SalVentAttn_TempOccPar_1,-0.170296638878459,-0.461045981622162,0.153472251863241,0.299970808716895,41,0.899682230903968,node
auc_cc,gamma,imagination,74,7Networks_RH_SalVentAttn_TempOccPar_1,-0.13492745735792,-0.432056141784441,0.188625275302585,0.412808392890495,41,0.899682230903968,node
auc_cc,gamma,total,75,7Networks_RH_SalVentAttn_TempOccPar_2,0.130674437188875,-0.192797185672278,0.428528360797149,0.427824816741026,41,0.899682230903968,node
auc_cc,gamma,social,75,7Networks_RH_SalVentAttn_TempOccPar_2,0.0225557366932534,-0.295066662156979,0.33568914646436,0.891588258806307,41,0.944034626971384,node
auc_cc,gamma,switching,75,7Networks_RH_SalVentAttn_TempOccPar_2,0.318526278408234,0.00333944361698677,0.576144907499973,0.0481220087574723,41,0.692956926107601,node
auc_cc,gamma,detail,75,7Networks_RH_SalVentAttn_TempOccPar_2,-0.274938005257938,-0.543327299244809,0.0444395418574243,0.0902758881037822,41,0.824612717870423,node
auc_cc,gamma,communication,75,7Networks_RH_SalVentAttn_TempOccPar_2,0.265996449222238,-0.0540634350039958,0.53649226174395,0.101685014212866,41,0.824612717870423,node
auc_cc,gamma,imagination,75,7Networks_RH_SalVentAttn_TempOccPar_2,0.037405442938311,-0.281438624301061,0.348811140335559,0.821142518585632,41,0.944034626971384,node
auc_cc,gamma,total,76,7Networks_RH_SalVentAttn_FrOperIns_1,-0.0814124793507898,-0.386994039531499,0.240282218023559,0.622225793347431,41,0.944034626971384,node
auc_cc,gamma,social,76,7Networks_RH_SalVentAttn_FrOperIns_1,-0.184756812858957,-0.472721977589738,0.138860505895103,0.260168305719544,41,0.899682230903968,node
auc_cc,gamma,switching,76,7Networks_RH_SalVentAttn_FrOperIns_1,0.182478829257896,-0.141171755725359,0.470889284699206,0.266193841416988,41,0.899682230903968,node
auc_cc,gamma,detail,76,7Networks_RH_SalVentAttn_FrOperIns_1,-0.148358147162778,-0.443137205855747,0.175373604825115,0.367399853016725,41,0.899682230903968,node
auc_cc,gamma,communication,76,7Networks_RH_SalVentAttn_FrOperIns_1,-0.0793901799275997,-0.385262058660956,0.242199217617385,0.63092862435466,41,0.944034626971384,node
auc_cc,gamma,imagination,76,7Networks_RH_SalVentAttn_FrOperIns_1,0.0381603756954132,-0.280742346223121,0.349474993795688,0.817593098138281,41,0.944034626971384,node
auc_cc,gamma,total,77,7Networks_RH_SalVentAttn_Med_1,0.216661621621782,-0.10611502845264,0.498131039459141,0.185227718746122,41,0.899682230903968,node
auc_cc,gamma,social,77,7Networks_RH_SalVentAttn_Med_1,0.196673657090502,-0.126711900434512,0.482268935998525,0.230128069552427,41,0.899682230903968,node
auc_cc,gamma,switching,77,7Networks_RH_SalVentAttn_Med_1,0.142415167496387,-0.181251874955751,0.438245004044755,0.387112086561994,41,0.899682230903968,node
auc_cc,gamma,detail,77,7Networks_RH_SalVentAttn_Med_1,0.0312571242575262,-0.287096773520732,0.343392927930816,0.850174527370793,41,0.944034626971384,node
auc_cc,gamma,communication,77,7Networks_RH_SalVentAttn_Med_1,0.0447042195325269,-0.274692829892919,0.355216284275315,0.786983596632214,41,0.944034626971384,node
auc_cc,gamma,imagination,77,7Networks_RH_SalVentAttn_Med_1,0.185821070759073,-0.137779496620506,0.47357734588245,0.257384485818283,41,0.899682230903968,node
auc_cc,gamma,total,78,7Networks_RH_SalVentAttn_Med_2,0.114357777114638,-0.2086949017596,0.414909290931212,0.488179139536351,41,0.91251959214626,node
auc_cc,gamma,social,78,7Networks_RH_SalVentAttn_Med_2,0.00537074027858804,-0.310678187812653,0.320350334273928,0.974113821683322,41,0.985753141229193,node
auc_cc,gamma,switching,78,7Networks_RH_SalVentAttn_Med_2,0.124586492814041,-0.198748743961,0.423462699645396,0.449841115451984,41,0.899682230903968,node
auc_cc,gamma,detail,78,7Networks_RH_SalVentAttn_Med_2,0.0290765099931447,-0.289098217629513,0.341466255112139,0.860520306785886,41,0.944034626971384,node
auc_cc,gamma,communication,78,7Networks_RH_SalVentAttn_Med_2,0.104957420027873,-0.217777032492507,0.407001444253726,0.52484595177358,41,0.944034626971384,node
auc_cc,gamma,imagination,78,7Networks_RH_SalVentAttn_Med_2,0.0669364473881416,-0.253949408197456,0.374548458025223,0.685571464922116,41,0.944034626971384,node
auc_cc,gamma,total,79,7Networks_RH_Limbic_OFC_1,0.0273402500457774,-0.290689831183684,0.339930310055898,0.868774408163859,41,0.955900505381947,node
auc_cc,gamma,social,79,7Networks_RH_Limbic_OFC_1,-0.207744838499388,-0.491078032420455,0.115337798358875,0.204421606419208,41,0.863671634418404,node
auc_cc,gamma,switching,79,7Networks_RH_Limbic_OFC_1,0.0680863080033521,-0.25286846042535,0.375541105097885,0.680454266138901,41,0.955900505381947,node
auc_cc,gamma,detail,79,7Networks_RH_Limbic_OFC_1,0.235584929155775,-0.08635661599697,0.512976634091957,0.148803239651268,41,0.803511477138507,node
auc_cc,gamma,communication,79,7Networks_RH_Limbic_OFC_1,-0.185163759521833,-0.473049113972545,0.138447244955915,0.259101490325521,41,0.863671634418404,node
auc_cc,gamma,imagination,79,7Networks_RH_Limbic_OFC_1,0.252873645275316,-0.0680807946419758,0.526396350727913,0.120380046817659,41,0.803511477138507,node
auc_cc,gamma,total,80,7Networks_RH_Limbic_TempPole_1,0.0639811029259055,-0.256723961769493,0.37199394084026,0.698786694230458,41,0.955900505381947,node
auc_cc,gamma,social,80,7Networks_RH_Limbic_TempPole_1,0.0722211858502775,-0.248974759260685,0.379104826472728,0.662170587985418,41,0.955900505381947,node
auc_cc,gamma,switching,80,7Networks_RH_Limbic_TempPole_1,-0.0524698228593379,-0.361999234263635,0.267480888416684,0.75106793388796,41,0.955900505381947,node
auc_cc,gamma,detail,80,7Networks_RH_Limbic_TempPole_1,0.152975568428177,-0.17079047018131,0.446926139177032,0.3525066724435,41,0.955900505381947,node
auc_cc,gamma,communication,80,7Networks_RH_Limbic_TempPole_1,0.00915248307522954,-0.307257274967243,0.323740038280258,0.955900505381947,41,0.955900505381947,node
auc_cc,gamma,imagination,80,7Networks_RH_Limbic_TempPole_1,-0.0270836055088539,-0.33970313342929,0.290924945664256,0.869995670396454,41,0.955900505381947,node
auc_cc,gamma,total,81,7Networks_RH_Cont_Par_1,-0.0561214832988635,-0.365177526224689,0.264077142203706,0.734351211837532,41,0.971034740491753,node
auc_cc,gamma,social,81,7Networks_RH_Cont_Par_1,-0.0822075628114711,-0.387674391874777,0.239527846220327,0.618817936319021,41,0.971034740491753,node
auc_cc,gamma,switching,81,7Networks_RH_Cont_Par_1,-0.0245552502830235,-0.337463132277229,0.293239144479511,0.882042498388091,41,0.972863777966874,node
auc_cc,gamma,detail,81,7Networks_RH_Cont_Par_1,0.132391404808387,-0.191114368959079,0.429953639283461,0.421726248815026,41,0.942934870524197,node
auc_cc,gamma,communication,81,7Networks_RH_Cont_Par_1,-0.0157065679030373,-0.329595622396521,0.301309108409095,0.924392741413498,41,0.972863777966874,node
auc_cc,gamma,imagination,81,7Networks_RH_Cont_Par_1,-0.208821987983822,-0.491932014545617,0.11422663583202,0.202032101262674,41,0.942934870524197,node
auc_cc,gamma,total,82,7Networks_RH_Cont_Par_2,-0.106953608836592,-0.408684489796148,0.215853082773979,0.516948251366224,41,0.942934870524197,node
auc_cc,gamma,social,82,7Networks_RH_Cont_Par_2,-0.0449183223820645,-0.355403734075536,0.27449447244498,0.785987153663485,41,0.971034740491753,node
auc_cc,gamma,switching,82,7Networks_RH_Cont_Par_2,-0.0682753456111497,-0.375704229240953,0.252690675394107,0.679614337453628,41,0.971034740491753,node
auc_cc,gamma,detail,82,7Networks_RH_Cont_Par_2,-0.0957884494702648,-0.399244380330544,0.226582089403864,0.561865740187963,41,0.945097591592979,node
auc_cc,gamma,communication,82,7Networks_RH_Cont_Par_2,0.0440486249317091,-0.275300042195366,0.354642147418282,0.790036833411235,41,0.971034740491753,node
auc_cc,gamma,imagination,82,7Networks_RH_Cont_Par_2,-0.152469192912768,-0.446511135112068,0.171293770514933,0.354121821365699,41,0.942934870524197,node
auc_cc,gamma,total,83,7Networks_RH_Cont_PFCl_1,-0.0450817477010159,-0.355546798240948,0.274343047340604,0.785226791942089,41,0.971034740491753,node
auc_cc,gamma,social,83,7Networks_RH_Cont_PFCl_1,-0.191548643074902,-0.478171423396803,0.131948503358418,0.24274359155965,41,0.942934870524197,node
auc_cc,gamma,switching,83,7Networks_RH_Cont_PFCl_1,0.10835055842877,-0.214505194209389,0.409861079824443,0.511456706651618,41,0.942934870524197,node
auc_cc,gamma,detail,83,7Networks_RH_Cont_PFCl_1,0.0108111581153369,-0.30575427580779,0.325224221432082,0.9479185528908,41,0.972863777966874,node
auc_cc,gamma,communication,83,7Networks_RH_Cont_PFCl_1,-0.147564431782676,-0.442484841564355,0.176160015718105,0.369997239164456,41,0.942934870524197,node
auc_cc,gamma,imagination,83,7Networks_RH_Cont_PFCl_1,0.160106595656101,-0.163684760642217,0.452757022866677,0.330238181828078,41,0.942934870524197,node
auc_cc,gamma,total,84,7Networks_RH_Cont_PFCl_2,0.113678103823568,-0.209353440434323,0.414339049269469,0.490785031265835,41,0.942934870524197,node
auc_cc,gamma,social,84,7Networks_RH_Cont_PFCl_2,0.0847234045871364,-0.23713826410951,0.389825005447938,0.608086560007147,41,0.971034740491753,node
auc_cc,gamma,switching,84,7Networks_RH_Cont_PFCl_2,0.118932710009734,-0.204254591911976,0.418741497568402,0.470826490682804,41,0.942934870524197,node
auc_cc,gamma,detail,84,7Networks_RH_Cont_PFCl_2,-0.0320237483641062,-0.344069651947898,0.28639247807587,0.846543107095375,41,0.971034740491753,node
auc_cc,gamma,communication,84,7Networks_RH_Cont_PFCl_2,0.0939377617299389,-0.228352955809864,0.39767338815578,0.569481882113718,41,0.945097591592979,node
auc_cc,gamma,imagination,84,7Networks_RH_Cont_PFCl_2,0.041006603883161,-0.278114234558752,0.351975029622153,0.80424393497639,41,0.971034740491753,node
auc_cc,gamma,total,85,7Networks_RH_Cont_PFCl_3,0.329755308569983,0.0158856813394155,0.584466797105455,0.040358867771665,41,0.786997921547467,node
auc_cc,gamma,social,85,7Networks_RH_Cont_PFCl_3,0.231646640714201,-0.0904896806402091,0.509900605906117,0.155913524328246,41,0.942934870524197,node
auc_cc,gamma,switching,85,7Networks_RH_Cont_PFCl_3,0.360724505438247,0.0510075605327635,0.60714386181055,0.0240714413226706,41,0.786997921547467,node
auc_cc,gamma,detail,85,7Networks_RH_Cont_PFCl_3,-0.182569534484131,-0.470962306866264,0.14107979329281,0.265952169765505,41,0.942934870524197,node
auc_cc,gamma,communication,85,7Networks_RH_Cont_PFCl_3,0.235009151025396,-0.0869615628519365,0.51252736267766,0.149827676617007,41,0.942934870524197,node
auc_cc,gamma,imagination,85,7Networks_RH_Cont_PFCl_3,0.294752540351052,-0.0228996028568186,0.558348044645126,0.0685239548281299,41,0.847511626196622,node
auc_cc,gamma,total,86,7Networks_RH_Cont_PFCl_4,0.357016967179893,0.0467621171264022,0.60445002028794,0.0256724615301123,41,0.786997921547467,node
auc_cc,gamma,social,86,7Networks_RH_Cont_PFCl_4,0.153561428700323,-0.17020795690194,0.447406127780484,0.35064358417468,41,0.942934870524197,node
auc_cc,gamma,switching,86,7Networks_RH_Cont_PFCl_4,0.27116105783192,-0.0485119552762145,0.540444487242142,0.0949682459791699,41,0.925940398296907,node
auc_cc,gamma,detail,86,7Networks_RH_Cont_PFCl_4,0.061572070542646,-0.25898171958873,0.369908183256701,0.709624357948816,41,0.971034740491753,node
auc_cc,gamma,communication,86,7Networks_RH_Cont_PFCl_4,0.287395124388502,-0.0309322569833376,0.55279072973839,0.0760587356843123,41,0.847511626196622,node
auc_cc,gamma,imagination,86,7Networks_RH_Cont_PFCl_4,0.248940813917137,-0.0722571852948927,0.523355565594139,0.126456320103488,41,0.942934870524197,node
auc_cc,gamma,total,87,7Networks_RH_Cont_Cing_1,0.0627606470379288,-0.257868217069801,0.370937649928387,0.704270037865779,41,0.971034740491753,node
auc_cc,gamma,social,87,7Networks_RH_Cont_Cing_1,0.0152773637915004,-0.301699389467725,0.329212898154764,0.926453116798202,41,0.972863777966874,node
auc_cc,gamma,switching,87,7Networks_RH_Cont_Cing_1,-0.00764680031889231,-0.322391410763741,0.308620275506851,0.963149915379496,41,0.974438325814952,node
auc_cc,gamma,detail,87,7Networks_RH_Cont_Cing_1,0.189121625913279,-0.134422080814764,0.476226629561386,0.248877470517731,41,0.942934870524197,node
auc_cc,gamma,communication,87,7Networks_RH_Cont_Cing_1,-0.154596185825704,-0.448253479093622,0.169178558227358,0.347367619979385,41,0.942934870524197,node
auc_cc,gamma,imagination,87,7Networks_RH_Cont_Cing_1,0.155096074181337,-0.168681005334524,0.448662643242987,0.345791721507881,41,0.942934870524197,node
auc_cc,gamma,total,88,7Networks_RH_Cont_PFCmp_1,0.0168864735882866,-0.300235656692621,0.330647221019758,0.918731201324264,41,0.972863777966874,node
auc_cc,gamma,social,88,7Networks_RH_Cont_PFCmp_1,-0.122316913742505,-0.421569431825423,0.200961392807229,0.458203498485816,41,0.942934870524197,node
auc_cc,gamma,switching,88,7Networks_RH_Cont_PFCmp_1,0.130660150071478,-0.192811180637405,0.428516494642098,0.427875769338182,41,0.942934870524197,node
auc_cc,gamma,detail,88,7Networks_RH_Cont_PFCmp_1,0.0547597621399001,-0.26534734820284,0.363993168167355,0.740571316659756,41,0.971034740491753,node
auc_cc,gamma,communication,88,7Networks_RH_Cont_PFCmp_1,-0.0374659004668472,-0.348864315444009,0.281382876399003,0.820858138817419,41,0.971034740491753,node
auc_cc,gamma,imagination,88,7Networks_RH_Cont_PFCmp_1,0.0444913970973619,-0.274889974151815,0.355029930742495,0.787974412039282,41,0.971034740491753,node
auc_cc,gamma,total,89,7Networks_RH_Cont_pCun_1,-0.0436575858945762,-0.35429958349629,0.275662101623572,0.791859457032569,41,0.971034740491753,node
auc_cc,gamma,social,89,7Networks_RH_Cont_pCun_1,0.15563451183103,-0.168144898605393,0.449103222788731,0.344099191216537,41,0.942934870524197,node
auc_cc,gamma,switching,89,7Networks_RH_Cont_pCun_1,-0.205869086107643,-0.489589603499348,0.117270853120234,0.208629606418773,41,0.942934870524197,node
auc_cc,gamma,detail,89,7Networks_RH_Cont_pCun_1,0.0125931824639117,-0.304137744340593,0.326817053371456,0.939348615536847,41,0.972863777966874,node
auc_cc,gamma,communication,89,7Networks_RH_Cont_pCun_1,0.130586985675162,-0.192882846858034,0.428455726395125,0.428136750911663,41,0.942934870524197,node
auc_cc,gamma,imagination,89,7Networks_RH_Cont_pCun_1,-0.305678522893454,-0.566557402396623,0.0108947111874469,0.0584337570419552,41,0.847511626196622,node
auc_cc,gamma,total,90,7Networks_RH_Default_Par_1,-0.122903698730033,-0.422059174171156,0.200389642759027,0.456033482508033,41,0.999835423534047,node
auc_cc,gamma,social,90,7Networks_RH_Default_Par_1,-0.162999753937358,-0.45511557829783,0.160792261577269,0.321458388631168,41,0.999835423534047,node
auc_cc,gamma,switching,90,7Networks_RH_Default_Par_1,0.0145744688666839,-0.302338311894398,0.328585899081631,0.929828348423821,41,0.999835423534047,node
auc_cc,gamma,detail,90,7Networks_RH_Default_Par_1,-0.189188825448259,-0.476280515075674,0.134353646345212,0.248706249187687,41,0.999835423534047,node
auc_cc,gamma,communication,90,7Networks_RH_Default_Par_1,0.095606487101128,-0.226756298146928,0.399089996991146,0.562612473475639,41,0.999835423534047,node
auc_cc,gamma,imagination,90,7Networks_RH_Default_Par_1,-0.072680467710308,-0.379500106154264,0.248541624479044,0.660151353137242,41,0.999835423534047,node
auc_cc,gamma,total,91,7Networks_RH_Default_Temp_1,-0.0286424449641651,-0.34108242516688,0.28949628603492,0.862582498164476,41,0.999835423534047,node
auc_cc,gamma,social,91,7Networks_RH_Default_Temp_1,-0.0964362369754353,-0.39979384662641,0.225961737407433,0.559211098486906,41,0.999835423534047,node
auc_cc,gamma,switching,91,7Networks_RH_Default_Temp_1,0.220876444516631,-0.101736154700659,0.501451971529518,0.176614627733194,41,0.999835423534047,node
auc_cc,gamma,detail,91,7Networks_RH_Default_Temp_1,-0.115530423025003,-0.415892578770885,0.207558030415007,0.48370005070852,41,0.999835423534047,node
auc_cc,gamma,communication,91,7Networks_RH_Default_Temp_1,-0.0978180924719887,-0.400965235901092,0.224637532687688,0.553567828067548,41,0.999835423534047,node
auc_cc,gamma,imagination,91,7Networks_RH_Default_Temp_1,0.0119156866181846,-0.304752537552345,0.326211695566833,0.942606020816162,41,0.999835423534047,node
auc_cc,gamma,total,92,7Networks_RH_Default_Temp_2,0.0964076120571146,-0.225989155508318,0.399769571002504,0.559328280388748,41,0.999835423534047,node
auc_cc,gamma,social,92,7Networks_RH_Default_Temp_2,0.0884960794101029,-0.233547610010307,0.3930437707874,0.592145254577208,41,0.999835423534047,node
auc_cc,gamma,switching,92,7Networks_RH_Default_Temp_2,0.132150956598751,-0.19135014916278,0.429754129176755,0.422577351000025,41,0.999835423534047,node
auc_cc,gamma,detail,92,7Networks_RH_Default_Temp_2,0.049490364766663,-0.270252165876491,0.359400664068673,0.764791301721483,41,0.999835423534047,node
auc_cc,gamma,communication,92,7Networks_RH_Default_Temp_2,-0.0278400788593843,-0.340372643871568,0.290231823032275,0.866396799241884,41,0.999835423534047,node
auc_cc,gamma,imagination,92,7Networks_RH_Default_Temp_2,-0.0110626555926693,-0.325449126324486,0.305526244935155,0.946708703534519,41,0.999835423534047,node
auc_cc,gamma,total,93,7Networks_RH_Default_Temp_3,-0.153180354586182,-0.447093937371442,0.170586879682865,0.351854752446526,41,0.999835423534047,node
auc_cc,gamma,social,93,7Networks_RH_Default_Temp_3,-0.29669338647328,-0.559810101172168,0.0207737738711313,0.0666377967758172,41,0.999835423534047,node
auc_cc,gamma,switching,93,7Networks_RH_Default_Temp_3,0.217937137544863,-0.104791186166797,0.499136912667624,0.182590341178106,41,0.999835423534047,node
auc_cc,gamma,detail,93,7Networks_RH_Default_Temp_3,-0.171518848946051,-0.462036776467087,0.152242684223758,0.296463696954942,41,0.999835423534047,node
auc_cc,gamma,communication,93,7Networks_RH_Default_Temp_3,-0.1470904178147,-0.442095094812361,0.176629470378411,0.37155362466581,41,0.999835423534047,node
auc_cc,gamma,imagination,93,7Networks_RH_Default_Temp_3,0.0176221803627522,-0.299565920360485,0.331302530343964,0.91520304124555,41,0.999835423534047,node
auc_cc,gamma,total,94,7Networks_RH_Default_PFCv_1,0.057326709200429,-0.262951986800336,0.366224938486274,0.728859842760253,41,0.999835423534047,node
auc_cc,gamma,social,94,7Networks_RH_Default_PFCv_1,0.0836499133138781,-0.238158357908589,0.388907761254286,0.612655839748209,41,0.999835423534047,node
auc_cc,gamma,switching,94,7Networks_RH_Default_PFCv_1,0.0226504708400093,-0.294980129347438,0.335773245576702,0.891135643238329,41,0.999835423534047,node
auc_cc,gamma,detail,94,7Networks_RH_Default_PFCv_1,0.0235665952520088,-0.294143046880493,0.336586266650769,0.886760410166648,41,0.999835423534047,node
auc_cc,gamma,communication,94,7Networks_RH_Default_PFCv_1,-0.0651310856045401,-0.372988508558773,0.255644956280833,0.693633723322546,41,0.999835423534047,node
auc_cc,gamma,imagination,94,7Networks_RH_Default_PFCv_1,0.0955476056615375,-0.226812666163584,0.399040036200422,0.562854208198327,41,0.999835423534047,node
auc_cc,gamma,total,95,7Networks_RH_Default_PFCv_2,0.0891531016900425,-0.232921387876995,0.393603566084106,0.589387947099624,41,0.999835423534047,node
auc_cc,gamma,social,95,7Networks_RH_Default_PFCv_2,0.0610522750202421,-0.259468415658258,0.369457732521254,0.71197028791271,41,0.999835423534047,node
auc_cc,gamma,switching,95,7Networks_RH_Default_PFCv_2,0.00326322875058916,-0.312581067778701,0.318457793816343,0.984270047891405,41,0.999835423534047,node
auc_cc,gamma,detail,95,7Networks_RH_Default_PFCv_2,0.0732029902049174,-0.248048693112741,0.379949677549701,0.657856963525372,41,0.999835423534047,node
auc_cc,gamma,communication,95,7Networks_RH_Default_PFCv_2,0.0479403275956943,-0.271691806773751,0.358046877250048,0.771959162475425,41,0.999835423534047,node
auc_cc,gamma,imagination,95,7Networks_RH_Default_PFCv_2,0.0685925500919631,-0.252392303994129,0.375977908218054,0.678205796646612,41,0.999835423534047,node
auc_cc,gamma,total,96,7Networks_RH_Default_PFCdPFCm_1,0.0735897455725475,-0.247683733040803,0.380282343415809,0.656160712108645,41,0.999835423534047,node
auc_cc,gamma,social,96,7Networks_RH_Default_PFCdPFCm_1,-0.124630498471944,-0.423499383090179,0.198705809543281,0.449679798537513,41,0.999835423534047,node
auc_cc,gamma,switching,96,7Networks_RH_Default_PFCdPFCm_1,0.172392375982704,-0.151363284124102,0.462744464390036,0.293973309722155,41,0.999835423534047,node
auc_cc,gamma,detail,96,7Networks_RH_Default_PFCdPFCm_1,0.0672685593497994,-0.253637282497784,0.374835234748513,0.684092041538936,41,0.999835423534047,node
auc_cc,gamma,communication,96,7Networks_RH_Default_PFCdPFCm_1,-0.0703664309996695,-0.377507396578505,0.250722616147062,0.670348885969927,41,0.999835423534047,node
auc_cc,gamma,imagination,96,7Networks_RH_Default_PFCdPFCm_1,0.227499271041145,-0.0948302042642238,0.506653562615398,0.16366511978702,41,0.999835423534047,node
auc_cc,gamma,total,97,7Networks_RH_Default_PFCdPFCm_2,0.110568453110236,-0.212362663199266,0.41172705748946,0.502798346976441,41,0.999835423534047,node
auc_cc,gamma,social,97,7Networks_RH_Default_PFCdPFCm_2,-0.0448592954908762,-0.355352057765989,0.274549161136135,0.786261833618939,41,0.999835423534047,node
auc_cc,gamma,switching,97,7Networks_RH_Default_PFCdPFCm_2,0.271011221075865,-0.0486732946931837,0.540329991546525,0.0951581880188384,41,0.999835423534047,node
auc_cc,gamma,detail,97,7Networks_RH_Default_PFCdPFCm_2,0.00991131752073848,-0.306569857195903,0.324419235856364,0.952248234577501,41,0.999835423534047,node
auc_cc,gamma,communication,97,7Networks_RH_Default_PFCdPFCm_2,-0.0949252473324873,-0.398511856123044,0.227408326383883,0.565412201840612,41,0.999835423534047,node
auc_cc,gamma,imagination,97,7Networks_RH_Default_PFCdPFCm_2,0.201431732684558,-0.121834036155422,0.486061923053087,0.21882276316083,41,0.999835423534047,node
auc_cc,gamma,total,98,7Networks_RH_Default_PFCdPFCm_3,-0.119804172836288,-0.419470272334929,0.203407262346227,0.467558481405167,41,0.999835423534047,node
auc_cc,gamma,social,98,7Networks_RH_Default_PFCdPFCm_3,-0.244265894174769,-0.519731898389164,0.0772070126417318,0.133973540897729,41,0.999835423534047,node
auc_cc,gamma,switching,98,7Networks_RH_Default_PFCdPFCm_3,0.109081720799116,-0.213799219749779,0.410476506415394,0.508594126267549,41,0.999835423534047,node
auc_cc,gamma,detail,98,7Networks_RH_Default_PFCdPFCm_3,0.0689826418801975,-0.252025289046479,0.376314399693363,0.676475078549701,41,0.999835423534047,node
auc_cc,gamma,communication,98,7Networks_RH_Default_PFCdPFCm_3,-0.267403610354595,-0.537570271503279,0.0525528245579927,0.0998200388766854,41,0.999835423534047,node
auc_cc,gamma,imagination,98,7Networks_RH_Default_PFCdPFCm_3,0.0320472877759635,-0.286370847036704,0.34409042582322,0.846431652336312,41,0.999835423534047,node
auc_cc,gamma,total,99,7Networks_RH_Default_pCunPCC_1,-0.0801306689085679,-0.385896494216692,0.241497576674264,0.627736199788524,41,0.999835423534047,node
auc_cc,gamma,social,99,7Networks_RH_Default_pCunPCC_1,-0.0284249313550803,-0.340890045586229,0.289695720054655,0.863616218157451,41,0.999835423534047,node
auc_cc,gamma,switching,99,7Networks_RH_Default_pCunPCC_1,-0.0873546075137033,-0.392070678249639,0.234634936662888,0.596949082055913,41,0.999835423534047,node
auc_cc,gamma,detail,99,7Networks_RH_Default_pCunPCC_1,0.152705889912965,-0.171058531989945,0.446705137761125,0.353366289125071,41,0.999835423534047,node
auc_cc,gamma,communication,99,7Networks_RH_Default_pCunPCC_1,-0.0455141976711847,-0.355925299119476,0.27394227545647,0.783215700607414,41,0.999835423534047,node
auc_cc,gamma,imagination,99,7Networks_RH_Default_pCunPCC_1,-0.287737863952517,-0.553050138272161,0.0305589728686443,0.0756939260419056,41,0.999835423534047,node
auc_cc,gamma,total,100,7Networks_RH_Default_pCunPCC_2,-0.0499999682262409,-0.359845461835843,0.269778544722782,0.76243891582833,41,0.999835423534047,node
auc_cc,gamma,social,100,7Networks_RH_Default_pCunPCC_2,0.0200876177667996,-0.297319276101496,0.333496342633371,0.9033918243942,41,0.999835423534047,node
auc_cc,gamma,switching,100,7Networks_RH_Default_pCunPCC_2,-0.140181608700057,-0.436401818074061,0.183455150536407,0.394677438332722,41,0.999835423534047,node
auc_cc,gamma,detail,100,7Networks_RH_Default_pCunPCC_2,0.198348483571723,-0.124996690605742,0.483605276935448,0.226104119543185,41,0.999835423534047,node
auc_cc,gamma,communication,100,7Networks_RH_Default_pCunPCC_2,-0.0012979836703029,-0.316690741395927,0.314353213687143,0.993742918398331,41,0.999835423534047,node
auc_cc,gamma,imagination,100,7Networks_RH_Default_pCunPCC_2,-0.296385399758818,-0.559578201369511,0.0211113066585939,0.0669343380961525,41,0.999835423534047,node
