quantity,band,aqvar,node,roi,r,ci_lo,ci_hi,p,n,q4,level
auc_degree,theta,total,1,7Networks_LH_Vis_1,0.124028503323784,-0.208370050275268,0.430742235777304,0.464551368686612,39,0.833881402938482,node
auc_degree,theta,social,1,7Networks_LH_Vis_1,0.0951422382146249,-0.236162808016979,0.406630969125066,0.57538567161063,39,0.889840209453064,node
auc_degree,theta,switching,1,7Networks_LH_Vis_1,0.192615868824002,-0.140156111953817,0.486289933313611,0.253388353476416,39,0.757636026593007,node
auc_degree,theta,detail,1,7Networks_LH_Vis_1,-0.0227581810075133,-0.344244173079582,0.303504444547739,0.893641055898199,39,0.984274784571752,node
auc_degree,theta,communication,1,7Networks_LH_Vis_1,-0.108568986206287,-0.417892462007823,0.223311409364696,0.522414593297582,39,0.864744528909413,node
auc_degree,theta,imagination,1,7Networks_LH_Vis_1,0.202971958397485,-0.129574396921974,0.494475845118335,0.22826320901395,39,0.757636026593007,node
auc_degree,theta,total,2,7Networks_LH_Vis_2,-0.22890539772435,-0.514750386921925,0.102739403050612,0.172957799026491,39,0.757636026593007,node
auc_degree,theta,social,2,7Networks_LH_Vis_2,-0.258699694162504,-0.537655240252432,0.0713016939369604,0.122092161513005,39,0.757636026593007,node
auc_degree,theta,switching,2,7Networks_LH_Vis_2,-0.108402915521483,-0.417753750783308,0.223471071613926,0.523054812527683,39,0.864744528909413,node
auc_degree,theta,detail,2,7Networks_LH_Vis_2,0.118949710863962,-0.213295788757474,0.426534473876171,0.483175283119379,39,0.835319980986045,node
auc_degree,theta,communication,2,7Networks_LH_Vis_2,-0.219335745418324,-0.507305950901807,0.112698258239188,0.192122829986161,39,0.757636026593007,node
auc_degree,theta,imagination,2,7Networks_LH_Vis_2,-0.168131349444897,-0.466729085453603,0.164875363125869,0.319879533316864,39,0.757636026593007,node
auc_degree,theta,total,3,7Networks_LH_Vis_3,-0.217191897094585,-0.505632292019405,0.11492018915553,0.196613320300619,39,0.757636026593007,node
auc_degree,theta,social,3,7Networks_LH_Vis_3,-0.190849518738877,-0.484888567145453,0.141953388426294,0.257850649022413,39,0.757636026593007,node
auc_degree,theta,switching,3,7Networks_LH_Vis_3,-0.0720821148586143,-0.387066173494738,0.257967592827579,0.671593776423125,39,0.918912981529782,node
auc_degree,theta,detail,3,7Networks_LH_Vis_3,0.123300451059444,-0.2090771988937,0.430139864681914,0.467197439207469,39,0.833881402938482,node
auc_degree,theta,communication,3,7Networks_LH_Vis_3,-0.293110750768967,-0.563606686457549,0.0341579205892752,0.0783012190663071,39,0.757636026593007,node
auc_degree,theta,imagination,3,7Networks_LH_Vis_3,-0.200991707947518,-0.492914555849639,0.131603664574493,0.232931087602324,39,0.757636026593007,node
auc_degree,theta,total,4,7Networks_LH_Vis_4,0.0585693079607657,-0.270590448775642,0.375468232860073,0.730597259981895,39,0.931511506476916,node
auc_degree,theta,social,4,7Networks_LH_Vis_4,-0.13165068498111,-0.437032261339637,0.200945791079203,0.437333400376099,39,0.833881402938482,node
auc_degree,theta,switching,4,7Networks_LH_Vis_4,-0.0670476468268325,-0.382756745732719,0.262683698402244,0.693373449135538,39,0.923537523700922,node
auc_degree,theta,detail,4,7Networks_LH_Vis_4,0.323208090727939,-0.000911934160669054,0.585875431763902,0.0510275256866108,39,0.757636026593007,node
auc_degree,theta,communication,4,7Networks_LH_Vis_4,0.0381427128495693,-0.289459285336837,0.357745790732148,0.822655199797645,39,0.942818318869211,node
auc_degree,theta,imagination,4,7Networks_LH_Vis_4,0.039222946408923,-0.288467767547753,0.358688820190135,0.817715976540651,39,0.942818318869211,node
auc_degree,theta,total,5,7Networks_LH_Vis_5,0.0726805156632941,-0.25740598503014,0.387577482055764,0.669022058242275,39,0.918912981529782,node
auc_degree,theta,social,5,7Networks_LH_Vis_5,-0.16740422534903,-0.466143679752342,0.165603117209409,0.322007170726474,39,0.757636026593007,node
auc_degree,theta,switching,5,7Networks_LH_Vis_5,-0.0199760564360655,-0.341788272951604,0.306029309746516,0.906582181970594,39,0.984274784571752,node
auc_degree,theta,detail,5,7Networks_LH_Vis_5,0.308958100886219,-0.016742512490916,0.575381208293294,0.0627966813407845,39,0.757636026593007,node
auc_degree,theta,communication,5,7Networks_LH_Vis_5,0.133134936276012,-0.199495622616066,0.438253640007563,0.432137470377624,39,0.833881402938482,node
auc_degree,theta,imagination,5,7Networks_LH_Vis_5,-0.0198698357096943,-0.341694420188557,0.306125617579472,0.907076762252399,39,0.984274784571752,node
auc_degree,theta,total,6,7Networks_LH_Vis_6,-0.0436777778380287,-0.362570950893037,0.284371356866333,0.797421869117649,39,0.942818318869211,node
auc_degree,theta,social,6,7Networks_LH_Vis_6,-0.166202193335577,-0.465175352909857,0.166805395836776,0.325543756477717,39,0.757636026593007,node
auc_degree,theta,switching,6,7Networks_LH_Vis_6,-0.079249847285331,-0.393177991846878,0.251225875731496,0.641038658934848,39,0.918912981529782,node
auc_degree,theta,detail,6,7Networks_LH_Vis_6,0.210248462505845,-0.122093776721607,0.500196750568969,0.211659991520681,39,0.757636026593007,node
auc_degree,theta,communication,6,7Networks_LH_Vis_6,0.00211326554296733,-0.322131834627491,0.325914616000888,0.990095881988231,39,0.995178962608543,node
auc_degree,theta,imagination,6,7Networks_LH_Vis_6,-0.0711350817677517,-0.386256577083183,0.258855941483548,0.675671309948369,39,0.918912981529782,node
auc_degree,theta,total,7,7Networks_LH_Vis_7,-0.121392961535088,-0.428560361791359,0.210928274108065,0.474167856572862,39,0.833881402938482,node
auc_degree,theta,social,7,7Networks_LH_Vis_7,-0.186464343450846,-0.481402968565537,0.14640587649479,0.269152993097059,39,0.757636026593007,node
auc_degree,theta,switching,7,7Networks_LH_Vis_7,0.0714839967672694,-0.258528712500699,0.386554912844626,0.674167959385503,39,0.918912981529782,node
auc_degree,theta,detail,7,7Networks_LH_Vis_7,0.0277330025745912,-0.29897818754364,0.3486247210121,0.870570031916144,39,0.984274784571752,node
auc_degree,theta,communication,7,7Networks_LH_Vis_7,-0.0983405984391377,-0.409322164208935,0.233111980541317,0.562550104900059,39,0.889840209453064,node
auc_degree,theta,imagination,7,7Networks_LH_Vis_7,-0.172045176566652,-0.469875609167277,0.160951906610691,0.308578788733913,39,0.757636026593007,node
auc_degree,theta,total,8,7Networks_LH_Vis_8,-0.0765447663659576,-0.390874664376797,0.253773952387068,0.652505248662607,39,0.918912981529782,node
auc_degree,theta,social,8,7Networks_LH_Vis_8,-0.197805665673773,-0.49039863211524,0.134862731289574,0.240576370029769,39,0.757636026593007,node
auc_degree,theta,switching,8,7Networks_LH_Vis_8,-0.0839529949778981,-0.397173278663544,0.246784769330266,0.621297395358363,39,0.918912981529782,node
auc_degree,theta,detail,8,7Networks_LH_Vis_8,0.275427151743061,-0.0533594399647898,0.550336783017209,0.0989545270810579,39,0.757636026593007,node
auc_degree,theta,communication,8,7Networks_LH_Vis_8,-0.180163609977292,-0.47637838582369,0.152779802270034,0.285953595686108,39,0.757636026593007,node
auc_degree,theta,imagination,8,7Networks_LH_Vis_8,0.00677756793975244,-0.317945191366855,0.33007720642407,0.96824321206634,39,0.995178962608543,node
auc_degree,theta,total,9,7Networks_LH_Vis_9,0.121472718553404,-0.210850923632052,0.4286264424807,0.473875315266992,39,0.833881402938482,node
auc_degree,theta,social,9,7Networks_LH_Vis_9,-0.135356260109785,-0.440079447295329,0.19732258156986,0.424425544194316,39,0.833881402938482,node
auc_degree,theta,switching,9,7Networks_LH_Vis_9,0.107736177276212,-0.224111902128648,0.417196709704194,0.52562902737631,39,0.864744528909413,node
auc_degree,theta,detail,9,7Networks_LH_Vis_9,0.218187694947476,-0.113888535788508,0.506409961290561,0.194518473139083,39,0.757636026593007,node
auc_degree,theta,communication,9,7Networks_LH_Vis_9,0.172294696410705,-0.160701415470642,0.470075954491017,0.307866998966939,39,0.757636026593007,node
auc_degree,theta,imagination,9,7Networks_LH_Vis_9,0.00102865709392216,-0.323103557035636,0.324944870123447,0.995178962608543,39,0.995178962608543,node
auc_degree,theta,total,10,7Networks_LH_SomMot_1,0.00687091538593534,-0.317861273935676,0.330160384886751,0.967806051365219,39,0.98863032884625,node
auc_degree,theta,social,10,7Networks_LH_SomMot_1,-0.0272413532289639,-0.348192425644337,0.299426161947766,0.872845713795646,39,0.98863032884625,node
auc_degree,theta,switching,10,7Networks_LH_SomMot_1,0.0104555383220587,-0.314634918278325,0.333350716277993,0.951026884359373,39,0.98863032884625,node
auc_degree,theta,detail,10,7Networks_LH_SomMot_1,-0.00917944561948666,-0.332215834757413,0.315784332838116,0.956998102760306,39,0.98863032884625,node
auc_degree,theta,communication,10,7Networks_LH_SomMot_1,0.099768033471341,-0.231748280663217,0.410521506452637,0.556864573957194,39,0.98863032884625,node
auc_degree,theta,imagination,10,7Networks_LH_SomMot_1,-0.0599641385521835,-0.376670016607303,0.269292698972061,0.724428780579117,39,0.98863032884625,node
auc_degree,theta,total,11,7Networks_LH_SomMot_2,0.0533708263820735,-0.275416599015165,0.370979823415294,0.753731271565452,39,0.98863032884625,node
auc_degree,theta,social,11,7Networks_LH_SomMot_2,-0.0338612639087821,-0.354001720031411,0.293382210888127,0.842295976037559,39,0.98863032884625,node
auc_degree,theta,switching,11,7Networks_LH_SomMot_2,0.0237911648655374,-0.302565811451285,0.345154913422628,0.888842810693306,39,0.98863032884625,node
auc_degree,theta,detail,11,7Networks_LH_SomMot_2,-0.00314406767242443,-0.326835622684851,0.321207684712461,0.985265321117665,39,0.98863032884625,node
auc_degree,theta,communication,11,7Networks_LH_SomMot_2,0.16968226807732,-0.163321888310202,0.467976852334355,0.315370848334058,39,0.98863032884625,node
auc_degree,theta,imagination,11,7Networks_LH_SomMot_2,0.010441128074922,-0.314647903339822,0.333337905876409,0.951094300130729,39,0.98863032884625,node
auc_degree,theta,total,12,7Networks_LH_SomMot_3,-0.0918655973511305,-0.403868289118619,0.23928154657094,0.588670932279753,39,0.98863032884625,node
auc_degree,theta,social,12,7Networks_LH_SomMot_3,-0.0664959262206915,-0.382283644520287,0.263199573995435,0.695775439372202,39,0.98863032884625,node
auc_degree,theta,switching,12,7Networks_LH_SomMot_3,-0.112619895967299,-0.421271540581839,0.219411295411762,0.506918155275796,39,0.98863032884625,node
auc_degree,theta,detail,12,7Networks_LH_SomMot_3,-0.0903394177722033,-0.402579554409747,0.24073185029481,0.594904756855505,39,0.98863032884625,node
auc_degree,theta,communication,12,7Networks_LH_SomMot_3,0.0432444809850911,-0.284770318682161,0.36219384271083,0.799390252351219,39,0.98863032884625,node
auc_degree,theta,imagination,12,7Networks_LH_SomMot_3,-0.00261634214317326,-0.326364184409553,0.321680886169548,0.987738302771559,39,0.98863032884625,node
auc_degree,theta,total,13,7Networks_LH_SomMot_4,0.0939013386969673,-0.237344711751323,0.405585381935725,0.580400986546956,39,0.98863032884625,node
auc_degree,theta,social,13,7Networks_LH_SomMot_4,0.327138072579604,0.00348272345932957,0.588754201885574,0.048113703867052,39,0.98863032884625,node
auc_degree,theta,switching,13,7Networks_LH_SomMot_4,0.0510665556906226,-0.277550542572315,0.368985540213167,0.764054998154658,39,0.98863032884625,node
auc_degree,theta,detail,13,7Networks_LH_SomMot_4,-0.153863439017607,-0.455194021607893,0.17908969242987,0.363232723901279,39,0.98863032884625,node
auc_degree,theta,communication,13,7Networks_LH_SomMot_4,0.0778672135269436,-0.252528833251891,0.392001196271274,0.646889494825201,39,0.98863032884625,node
auc_degree,theta,imagination,13,7Networks_LH_SomMot_4,-0.145826109023091,-0.448651301372653,0.187036098051405,0.389129200097569,39,0.98863032884625,node
auc_degree,theta,total,14,7Networks_LH_SomMot_5,-0.045896569459638,-0.364500380967825,0.282326603223475,0.787361873536743,39,0.98863032884625,node
auc_degree,theta,social,14,7Networks_LH_SomMot_5,-0.0264972196950187,-0.347537867275379,0.300103917630783,0.876291970571417,39,0.98863032884625,node
auc_degree,theta,switching,14,7Networks_LH_SomMot_5,-0.0958425145518044,-0.40722066497306,0.235495391776105,0.572564055683979,39,0.98863032884625,node
auc_degree,theta,detail,14,7Networks_LH_SomMot_5,0.120080560366179,-0.212200478244023,0.427472532388856,0.478995222809222,39,0.98863032884625,node
auc_degree,theta,communication,14,7Networks_LH_SomMot_5,-0.0422024135710878,-0.361286479841084,0.285729346195751,0.80412913398273,39,0.98863032884625,node
auc_degree,theta,imagination,14,7Networks_LH_SomMot_5,-0.103703132583444,-0.413822249724684,0.227982124790331,0.541331131667547,39,0.98863032884625,node
auc_degree,theta,total,15,7Networks_LH_SomMot_6,0.08988625261553,-0.241162201323943,0.402196654761394,0.596761287772731,39,0.98863032884625,node
auc_degree,theta,social,15,7Networks_LH_SomMot_6,0.0597166703271702,-0.269523030593685,0.376456876155159,0.725521945587929,39,0.98863032884625,node
auc_degree,theta,switching,15,7Networks_LH_SomMot_6,-0.0418491037516206,-0.360978703958071,0.28605435255144,0.805737410662608,39,0.98863032884625,node
auc_degree,theta,detail,15,7Networks_LH_SomMot_6,0.0504216961322094,-0.278147155236759,0.368426907169225,0.766951419048266,39,0.98863032884625,node
auc_degree,theta,communication,15,7Networks_LH_SomMot_6,0.159248313991117,-0.173741320910394,0.45955940438329,0.346474709828864,39,0.98863032884625,node
auc_degree,theta,imagination,15,7Networks_LH_SomMot_6,0.0298769796972115,-0.297022982823849,0.350508273700691,0.860658479228333,39,0.98863032884625,node
auc_degree,theta,total,16,7Networks_LH_DorsAttn_Post_1,-0.23973952551507,-0.523126780887849,0.0913838262361,0.152956618107414,39,0.712040772805657,node
auc_degree,theta,social,16,7Networks_LH_DorsAttn_Post_1,-0.238221792161648,-0.521956635474695,0.092979812280692,0.155652263814484,39,0.712040772805657,node
auc_degree,theta,switching,16,7Networks_LH_DorsAttn_Post_1,0.0277293703686061,-0.298981497616068,0.348621527801828,0.870586840459241,39,0.958218472760186,node
auc_degree,theta,detail,16,7Networks_LH_DorsAttn_Post_1,-0.0824477194458648,-0.395895849507548,0.248207689975987,0.627588264198967,39,0.898026991019514,node
auc_degree,theta,communication,16,7Networks_LH_DorsAttn_Post_1,-0.134440570929872,-0.439327105750362,0.198218763521103,0.427595242078547,39,0.818799399724878,node
auc_degree,theta,imagination,16,7Networks_LH_DorsAttn_Post_1,-0.272351167335438,-0.548014274018337,0.0566748183431053,0.102936387763494,39,0.712040772805657,node
auc_degree,theta,total,17,7Networks_LH_DorsAttn_Post_2,0.319163056160392,-0.00542221123891862,0.582905444630462,0.0541725080745875,39,0.712040772805657,node
auc_degree,theta,social,17,7Networks_LH_DorsAttn_Post_2,0.49633939634334,0.205338706388921,0.706706966822061,0.0017815414690796,39,0.160338732217164,node
auc_degree,theta,switching,17,7Networks_LH_DorsAttn_Post_2,0.14034118870939,-0.192434076296959,0.444167636122042,0.407402103782384,39,0.818799399724878,node
auc_degree,theta,detail,17,7Networks_LH_DorsAttn_Post_2,-0.0773387988744823,-0.391551177121091,0.253026480979641,0.649131116019685,39,0.90373304565034,node
auc_degree,theta,communication,17,7Networks_LH_DorsAttn_Post_2,0.160272800249557,-0.172721550551745,0.460388289964739,0.343340655630335,39,0.818799399724878,node
auc_degree,theta,imagination,17,7Networks_LH_DorsAttn_Post_2,0.088070789194755,-0.242884962556289,0.400661591641199,0.604224044078917,39,0.898026991019514,node
auc_degree,theta,total,18,7Networks_LH_DorsAttn_Post_3,0.225509432509917,-0.106281110963315,0.512113518219819,0.179595623396774,39,0.73470936844135,node
auc_degree,theta,social,18,7Networks_LH_DorsAttn_Post_3,-0.0957487417711343,-0.407141714883892,0.235584782444729,0.572941528716877,39,0.893063830475118,node
auc_degree,theta,switching,18,7Networks_LH_DorsAttn_Post_3,0.406021033466507,0.0944182508717914,0.645166899418937,0.0126522461747974,39,0.569351077865882,node
auc_degree,theta,detail,18,7Networks_LH_DorsAttn_Post_3,0.0681039391920214,-0.261695506604581,0.383662056203459,0.688782967877581,39,0.925584517568283,node
auc_degree,theta,communication,18,7Networks_LH_DorsAttn_Post_3,0.187443207223396,-0.145413155006458,0.482181837405375,0.266602324995366,39,0.818799399724878,node
auc_degree,theta,imagination,18,7Networks_LH_DorsAttn_Post_3,0.0822017047131003,-0.248440109459405,0.395686957452299,0.62861889371366,39,0.898026991019514,node
auc_degree,theta,total,19,7Networks_LH_DorsAttn_Post_4,-0.0462436968998089,-0.36480199085597,0.28200643381134,0.785791019298443,39,0.958218472760186,node
auc_degree,theta,social,19,7Networks_LH_DorsAttn_Post_4,0.0479525517791016,-0.280429222566489,0.366285795834032,0.77807021126979,39,0.958218472760186,node
auc_degree,theta,switching,19,7Networks_LH_DorsAttn_Post_4,-0.147903537506756,-0.450345530836183,0.184986337122413,0.382334911427307,39,0.818799399724878,node
auc_degree,theta,detail,19,7Networks_LH_DorsAttn_Post_4,-0.0229356637760214,-0.344400695558637,0.303343217754233,0.892816372687789,39,0.958218472760186,node
auc_degree,theta,communication,19,7Networks_LH_DorsAttn_Post_4,0.0275483131066661,-0.299146487284793,0.348462344043029,0.871424779064701,39,0.958218472760186,node
auc_degree,theta,imagination,19,7Networks_LH_DorsAttn_Post_4,-0.0408429649669944,-0.360101853499731,0.28697947692511,0.810321670646443,39,0.958218472760186,node
auc_degree,theta,total,20,7Networks_LH_DorsAttn_Post_5,0.107705823544073,-0.224141069564926,0.4171713444785,0.525746367624911,39,0.885916923482329,node
auc_degree,theta,social,20,7Networks_LH_DorsAttn_Post_5,0.0203193238403475,-0.305718031639076,0.342091527636033,0.904984113162398,39,0.958218472760186,node
auc_degree,theta,switching,20,7Networks_LH_DorsAttn_Post_5,0.166369709631806,-0.166637904536824,0.465310342758251,0.325049451290333,39,0.818799399724878,node
auc_degree,theta,detail,20,7Networks_LH_DorsAttn_Post_5,0.054374656642076,-0.274485955557208,0.37184769588965,0.749246868673217,39,0.958218472760186,node
auc_degree,theta,communication,20,7Networks_LH_DorsAttn_Post_5,-0.00997494043753989,-0.332923410705277,0.315067918995745,0.953275453855538,39,0.986147021229867,node
auc_degree,theta,imagination,20,7Networks_LH_DorsAttn_Post_5,0.0680432884517467,-0.261752265829187,0.383610091027672,0.689046251967499,39,0.925584517568283,node
auc_degree,theta,total,21,7Networks_LH_DorsAttn_Post_6,0.260586953510979,-0.0692880081755923,0.539092367495077,0.11929595984861,39,0.712040772805657,node
auc_degree,theta,social,21,7Networks_LH_DorsAttn_Post_6,0.0990112338917957,-0.232471451365082,0.409885771319786,0.559875600620198,39,0.893063830475118,node
auc_degree,theta,switching,21,7Networks_LH_DorsAttn_Post_6,0.162914218553874,-0.170088993984042,0.462522982576268,0.335340393772766,39,0.818799399724878,node
auc_degree,theta,detail,21,7Networks_LH_DorsAttn_Post_6,0.141847304158581,-0.190953837461165,0.445400332427103,0.402336442953902,39,0.818799399724878,node
auc_degree,theta,communication,21,7Networks_LH_DorsAttn_Post_6,0.20950469922182,-0.122860140017138,0.499613150934638,0.213317674062453,39,0.767943626624829,node
auc_degree,theta,imagination,21,7Networks_LH_DorsAttn_Post_6,0.120502513994426,-0.21179157128324,0.427822380465115,0.477440370352225,39,0.885916923482329,node
auc_degree,theta,total,22,7Networks_LH_DorsAttn_PrCv_1,0.146952505672464,-0.185925062557016,0.449570194974401,0.38543661033429,39,0.818799399724878,node
auc_degree,theta,social,22,7Networks_LH_DorsAttn_PrCv_1,0.21602064227842,-0.11613270096217,0.504716999206226,0.199097434640017,39,0.767943626624829,node
auc_degree,theta,switching,22,7Networks_LH_DorsAttn_PrCv_1,0.169028748892758,-0.163976685980054,0.467451218831375,0.317265806738243,39,0.818799399724878,node
auc_degree,theta,detail,22,7Networks_LH_DorsAttn_PrCv_1,-0.273679006764625,-0.549017375199636,0.0552445270092725,0.101202814022306,39,0.712040772805657,node
auc_degree,theta,communication,22,7Networks_LH_DorsAttn_PrCv_1,0.26462971638909,-0.064965357152734,0.54216543884239,0.113467984353103,39,0.712040772805657,node
auc_degree,theta,imagination,22,7Networks_LH_DorsAttn_PrCv_1,-0.0055291103600632,-0.328964269165421,0.319067040169796,0.974090761909725,39,0.991406749815058,node
auc_degree,theta,total,23,7Networks_LH_DorsAttn_FEF_1,-0.0764999041294983,-0.39083643177976,0.25381617218524,0.652696088525246,39,0.90373304565034,node
auc_degree,theta,social,23,7Networks_LH_DorsAttn_FEF_1,-0.00212460090123245,-0.325924747321638,0.322121675444389,0.990042759858408,39,0.991406749815058,node
auc_degree,theta,switching,23,7Networks_LH_DorsAttn_FEF_1,-0.166989576011072,-0.46580972949254,0.166017963483134,0.323224421140451,39,0.818799399724878,node
auc_degree,theta,detail,23,7Networks_LH_DorsAttn_FEF_1,0.03647034152092,-0.290992925230423,0.356284545971649,0.830315103163664,39,0.958218472760186,node
auc_degree,theta,communication,23,7Networks_LH_DorsAttn_FEF_1,0.0399677335967356,-0.287783737539422,0.359338629874946,0.814314551546976,39,0.958218472760186,node
auc_degree,theta,imagination,23,7Networks_LH_DorsAttn_FEF_1,-0.144584081309472,-0.447637335305102,0.188260201321351,0.393224626408504,39,0.818799399724878,node
auc_degree,theta,total,24,7Networks_LH_SalVentAttn_ParOper_1,0.0955517472585216,-0.235772552914735,0.406975844195913,0.573734878202552,39,0.980987555666502,node
auc_degree,theta,social,24,7Networks_LH_SalVentAttn_ParOper_1,0.0418893034215326,-0.286017377059309,0.361013726271825,0.805554380823854,39,0.980987555666502,node
auc_degree,theta,switching,24,7Networks_LH_SalVentAttn_ParOper_1,0.0303739118486732,-0.296569412791684,0.350944474597894,0.858364111208189,39,0.980987555666502,node
auc_degree,theta,detail,24,7Networks_LH_SalVentAttn_ParOper_1,0.218853421520251,-0.113198438862064,0.506929599718246,0.193126758000231,39,0.980987555666502,node
auc_degree,theta,communication,24,7Networks_LH_SalVentAttn_ParOper_1,-0.0257131245962935,-0.346847819009086,0.300817713638027,0.879925726279732,39,0.985282518685077,node
auc_degree,theta,imagination,24,7Networks_LH_SalVentAttn_ParOper_1,-0.023651537079527,-0.345031844580421,0.302692722913388,0.889491162701806,39,0.985282518685077,node
auc_degree,theta,total,25,7Networks_LH_SalVentAttn_FrOperIns_1,-0.110459513008445,-0.419470516405232,0.221492579179177,0.51515367484422,39,0.980987555666502,node
auc_degree,theta,social,25,7Networks_LH_SalVentAttn_FrOperIns_1,-0.0935231300357453,-0.405266539443909,0.237704744437904,0.581933468622088,39,0.980987555666502,node
auc_degree,theta,switching,25,7Networks_LH_SalVentAttn_FrOperIns_1,-0.0838416966742408,-0.397078868586967,0.246890027258602,0.621761636681975,39,0.980987555666502,node
auc_degree,theta,detail,25,7Networks_LH_SalVentAttn_FrOperIns_1,-0.033002035967715,-0.353249098173861,0.294168162567314,0.846249339872411,39,0.980987555666502,node
auc_degree,theta,communication,25,7Networks_LH_SalVentAttn_FrOperIns_1,0.0709445322600968,-0.259034615847987,0.386093622076348,0.676492843002125,39,0.980987555666502,node
auc_degree,theta,imagination,25,7Networks_LH_SalVentAttn_FrOperIns_1,-0.188058343936057,-0.482671055196082,0.144788966718874,0.265007601317699,39,0.980987555666502,node
auc_degree,theta,total,26,7Networks_LH_SalVentAttn_FrOperIns_2,-0.222705252047776,-0.509932073340063,0.109199304512639,0.185211666267632,39,0.980987555666502,node
auc_degree,theta,social,26,7Networks_LH_SalVentAttn_FrOperIns_2,-0.146660894107308,-0.449332365068752,0.186212778974329,0.386390610576465,39,0.980987555666502,node
auc_degree,theta,switching,26,7Networks_LH_SalVentAttn_FrOperIns_2,-0.217493950334984,-0.505868230316623,0.114607335615077,0.195976232357266,39,0.980987555666502,node
auc_degree,theta,detail,26,7Networks_LH_SalVentAttn_FrOperIns_2,0.00467102209733745,-0.319837580743053,0.328198805216237,0.978110683043514,39,0.995832762088395,node
auc_degree,theta,communication,26,7Networks_LH_SalVentAttn_FrOperIns_2,-0.0732211805210502,-0.388039291098429,0.256898371419524,0.666701656917074,39,0.980987555666502,node
auc_degree,theta,imagination,26,7Networks_LH_SalVentAttn_FrOperIns_2,-0.197440828433606,-0.490110219343841,0.135235471898645,0.24146250064747,39,0.980987555666502,node
auc_degree,theta,total,27,7Networks_LH_SalVentAttn_PFCl_1,-0.0575683366211106,-0.374605140350172,0.271521015383057,0.735034260558081,39,0.980987555666502,node
auc_degree,theta,social,27,7Networks_LH_SalVentAttn_PFCl_1,0.0989481729231566,-0.232531693640591,0.409832784513726,0.56012683732774,39,0.980987555666502,node
auc_degree,theta,switching,27,7Networks_LH_SalVentAttn_PFCl_1,-0.0322494049361923,-0.352589506785863,0.294856244723517,0.849715291703118,39,0.980987555666502,node
auc_degree,theta,detail,27,7Networks_LH_SalVentAttn_PFCl_1,-0.156035946707433,-0.456956963959288,0.176934277529053,0.356414269183397,39,0.980987555666502,node
auc_degree,theta,communication,27,7Networks_LH_SalVentAttn_PFCl_1,-0.0508561807805644,-0.368803320537841,0.27774520558092,0.764999563351863,39,0.980987555666502,node
auc_degree,theta,imagination,27,7Networks_LH_SalVentAttn_PFCl_1,-0.0522262946014569,-0.369989628534081,0.276476934430177,0.75885393080329,39,0.980987555666502,node
auc_degree,theta,total,28,7Networks_LH_SalVentAttn_Med_1,0.0124328426935121,-0.31285201645572,0.335107367727722,0.941779795469092,39,0.995832762088395,node
auc_degree,theta,social,28,7Networks_LH_SalVentAttn_Med_1,-0.00529710081222619,-0.328757345255134,0.319275420946956,0.975177608513012,39,0.995832762088395,node
auc_degree,theta,switching,28,7Networks_LH_SalVentAttn_Med_1,-0.101505996936222,-0.411980307111982,0.230086156590199,0.549978568854708,39,0.980987555666502,node
auc_degree,theta,detail,28,7Networks_LH_SalVentAttn_Med_1,0.172550574246046,-0.160444497032597,0.470281372931497,0.307138152189957,39,0.980987555666502,node
auc_degree,theta,communication,28,7Networks_LH_SalVentAttn_Med_1,-0.0314807821532533,-0.351915571850288,0.295558597161524,0.853257756285089,39,0.980987555666502,node
auc_degree,theta,imagination,28,7Networks_LH_SalVentAttn_Med_1,0.00508860356132498,-0.319462657239426,0.328571364916257,0.976154349638218,39,0.995832762088395,node
auc_degree,theta,total,29,7Networks_LH_SalVentAttn_Med_2,0.00671596030588319,-0.318000572573745,0.330022307385915,0.968531735266207,39,0.995832762088395,node
auc_degree,theta,social,29,7Networks_LH_SalVentAttn_Med_2,-0.0715907714846425,-0.386646196165182,0.258428558985528,0.673708153327938,39,0.980987555666502,node
auc_degree,theta,switching,29,7Networks_LH_SalVentAttn_Med_2,0.118678024188555,-0.213558812816147,0.426309006622593,0.484182357105881,39,0.980987555666502,node
auc_degree,theta,detail,29,7Networks_LH_SalVentAttn_Med_2,0.204951335217537,-0.127543236970042,0.496034568004073,0.223661476542791,39,0.980987555666502,node
auc_degree,theta,communication,29,7Networks_LH_SalVentAttn_Med_2,-0.126944485497436,-0.433152105781147,0.205534303350756,0.454033759913006,39,0.980987555666502,node
auc_degree,theta,imagination,29,7Networks_LH_SalVentAttn_Med_2,-0.155314929824759,-0.456372136562898,0.177649975885832,0.358668587916186,39,0.980987555666502,node
auc_degree,theta,total,30,7Networks_LH_SalVentAttn_Med_3,0.0389512028881967,-0.288717259909621,0.358451653101191,0.818957843838406,39,0.980987555666502,node
auc_degree,theta,social,30,7Networks_LH_SalVentAttn_Med_3,0.067823036929768,-0.261958366234927,0.383421364091188,0.690002663766483,39,0.980987555666502,node
auc_degree,theta,switching,30,7Networks_LH_SalVentAttn_Med_3,-0.00273160159586796,-0.326467164027449,0.321577549032856,0.987198173504894,39,0.995832762088395,node
auc_degree,theta,detail,30,7Networks_LH_SalVentAttn_Med_3,-0.116461833119074,-0.424468405964351,0.215702544144094,0.492437707929338,39,0.980987555666502,node
auc_degree,theta,communication,30,7Networks_LH_SalVentAttn_Med_3,0.120688358071163,-0.211611436532057,0.427976437370175,0.476756394247993,39,0.980987555666502,node
auc_degree,theta,imagination,30,7Networks_LH_SalVentAttn_Med_3,0.0479141946170137,-0.280464644304549,0.366252507921242,0.778243286767318,39,0.980987555666502,node
auc_degree,theta,total,31,7Networks_LH_Limbic_OFC_1,0.125024301345262,-0.207402280282997,0.431565690310345,0.460945141653026,39,0.85526812868504,node
auc_degree,theta,social,31,7Networks_LH_Limbic_OFC_1,0.160396383560482,-0.172598487847236,0.460488242696862,0.342963770502487,39,0.84489331294437,node
auc_degree,theta,switching,31,7Networks_LH_Limbic_OFC_1,0.0253945088143954,-0.301107659000989,0.346567319635483,0.881402992643652,39,0.944360349261056,node
auc_degree,theta,detail,31,7Networks_LH_Limbic_OFC_1,0.0751628559525174,-0.255073889163379,0.389696471456481,0.658393703546001,39,0.873965102562118,node
auc_degree,theta,communication,31,7Networks_LH_Limbic_OFC_1,0.00748084876249041,-0.317312831140323,0.330703750447453,0.964949871348677,39,0.990840249718849,node
auc_degree,theta,imagination,31,7Networks_LH_Limbic_OFC_1,0.0583162060614149,-0.270825806513483,0.375250046394579,0.731718375816055,39,0.873965102562118,node
auc_degree,theta,total,32,7Networks_LH_Limbic_TempPole_1,-0.15922774660675,-0.459542758481182,0.173761786309623,0.34653780631498,39,0.84489331294437,node
auc_degree,theta,social,32,7Networks_LH_Limbic_TempPole_1,-0.0590287956652305,-0.37586424444504,0.270163073698867,0.728563364980598,39,0.873965102562118,node
auc_degree,theta,switching,32,7Networks_LH_Limbic_TempPole_1,-0.10617833426271,-0.415894268650479,0.225608093631922,0.53166776641943,39,0.85526812868504,node
auc_degree,theta,detail,32,7Networks_LH_Limbic_TempPole_1,-0.178261973375803,-0.474858096392019,0.154698102933465,0.291154460339566,39,0.84489331294437,node
auc_degree,theta,communication,32,7Networks_LH_Limbic_TempPole_1,0.00195443106034731,-0.32227418033228,0.325772645034817,0.990840249718849,39,0.990840249718849,node
auc_degree,theta,imagination,32,7Networks_LH_Limbic_TempPole_1,-0.10551669625558,-0.415340718809473,0.226243074194133,0.534242637202904,39,0.85526812868504,node
auc_degree,theta,total,33,7Networks_LH_Limbic_TempPole_2,0.0644658492908402,-0.265096136005206,0.380541424145107,0.704638654854754,39,0.873965102562118,node
auc_degree,theta,social,33,7Networks_LH_Limbic_TempPole_2,0.0743960806882267,-0.255794665447213,0.389042287689238,0.661669798541853,39,0.873965102562118,node
auc_degree,theta,switching,33,7Networks_LH_Limbic_TempPole_2,0.1794491979989,-0.153500768998931,0.475807447021594,0.287900383746335,39,0.84489331294437,node
auc_degree,theta,detail,33,7Networks_LH_Limbic_TempPole_2,-0.226040332986778,-0.512526103651208,0.105727980771161,0.17854614811338,39,0.84489331294437,node
auc_degree,theta,communication,33,7Networks_LH_Limbic_TempPole_2,0.196896183299272,-0.135791740375176,0.48967954475669,0.24278943936805,39,0.84489331294437,node
auc_degree,theta,imagination,33,7Networks_LH_Limbic_TempPole_2,-0.0802397970601192,-0.394019932530179,0.250292236884443,0.636862565686853,39,0.873965102562118,node
auc_degree,theta,total,34,7Networks_LH_Cont_Par_1,0.158328349906343,-0.174656442075689,0.458814638940868,0.349303809817768,39,0.826837580890627,node
auc_degree,theta,social,34,7Networks_LH_Cont_Par_1,-0.123437105237283,-0.430252949549976,0.208944494789343,0.466700167798687,39,0.826837580890627,node
auc_degree,theta,switching,34,7Networks_LH_Cont_Par_1,0.293518536207151,-0.0337122633040178,0.563911053635001,0.0778680533653948,39,0.826837580890627,node
auc_degree,theta,detail,34,7Networks_LH_Cont_Par_1,0.0359648264172581,-0.291456174366973,0.3558425409228,0.832633568824463,39,0.922241835565859,node
auc_degree,theta,communication,34,7Networks_LH_Cont_Par_1,0.141116606431191,-0.191672170132169,0.444802428745212,0.404789541136317,39,0.826837580890627,node
auc_degree,theta,imagination,34,7Networks_LH_Cont_Par_1,0.143259366814716,-0.189564659363486,0.446555005892426,0.397620100856435,39,0.826837580890627,node
auc_degree,theta,total,35,7Networks_LH_Cont_PFCl_1,0.147159795113049,-0.185720507229544,0.449739228123694,0.38475930569499,39,0.826837580890627,node
auc_degree,theta,social,35,7Networks_LH_Cont_PFCl_1,0.132432612188648,-0.200182000902142,0.437675843466318,0.434591827040581,39,0.826837580890627,node
auc_degree,theta,switching,35,7Networks_LH_Cont_PFCl_1,-0.0376977130096773,-0.357357122145706,0.289867534550887,0.824691869648488,39,0.922241835565859,node
auc_degree,theta,detail,35,7Networks_LH_Cont_PFCl_1,-0.0110629348214892,-0.333890570375232,0.314087483134852,0.948185598756476,39,0.948398747622247,node
auc_degree,theta,communication,35,7Networks_LH_Cont_PFCl_1,0.161891311086474,-0.171109033932466,0.461696720060738,0.338424820750608,39,0.826837580890627,node
auc_degree,theta,imagination,35,7Networks_LH_Cont_PFCl_1,0.204980936190781,-0.127512840416109,0.49605786399784,0.223593144227205,39,0.826837580890627,node
auc_degree,theta,total,36,7Networks_LH_Cont_pCun_1,0.125766609543368,-0.206680441760223,0.432179194518743,0.458266681924458,39,0.826837580890627,node
auc_degree,theta,social,36,7Networks_LH_Cont_pCun_1,-0.0949006697142368,-0.406427486427192,0.236392968551565,0.576360476556393,39,0.848119938907129,node
auc_degree,theta,switching,36,7Networks_LH_Cont_pCun_1,0.223179680910056,-0.108705987960045,0.510301403706399,0.184252883072616,39,0.826837580890627,node
auc_degree,theta,detail,36,7Networks_LH_Cont_pCun_1,0.152801642780509,-0.180141973190304,0.454331536866263,0.366593392908108,39,0.826837580890627,node
auc_degree,theta,communication,36,7Networks_LH_Cont_pCun_1,0.0110173642905443,-0.314128562508721,0.333850074627858,0.948398747622247,39,0.948398747622247,node
auc_degree,theta,imagination,36,7Networks_LH_Cont_pCun_1,0.0793050339278205,-0.251173844429554,0.393224941299627,0.640805566888812,39,0.861773003747023,node
auc_degree,theta,total,37,7Networks_LH_Cont_Cing_1,0.257570763088038,-0.0725049670157951,0.53679479619995,0.12378806056575,39,0.826837580890627,node
auc_degree,theta,social,37,7Networks_LH_Cont_Cing_1,0.112749865146341,-0.219285988413784,0.421379813070947,0.506424823712536,39,0.826837580890627,node
auc_degree,theta,switching,37,7Networks_LH_Cont_Cing_1,0.262988720125132,-0.0667214553896703,0.540918944210175,0.115807190641681,39,0.826837580890627,node
auc_degree,theta,detail,37,7Networks_LH_Cont_Cing_1,0.320879353611562,-0.00351012419853781,0.584166463623947,0.052819723917902,39,0.826837580890627,node
auc_degree,theta,communication,37,7Networks_LH_Cont_Cing_1,-0.143202758567204,-0.44650873556148,0.189620375840448,0.3978085588807,39,0.826837580890627,node
auc_degree,theta,imagination,37,7Networks_LH_Cont_Cing_1,0.141869011888662,-0.190932491621492,0.445418090942063,0.402263696432848,39,0.826837580890627,node
auc_degree,theta,total,38,7Networks_LH_Default_Temp_1,-0.178639282102212,-0.475159881858226,0.154317687390173,0.290117737307655,39,0.941109518634232,node
auc_degree,theta,social,38,7Networks_LH_Default_Temp_1,-0.119035569707245,-0.426605718438011,0.213212657471505,0.482857252393239,39,0.941109518634232,node
auc_degree,theta,switching,38,7Networks_LH_Default_Temp_1,-0.0650391492273586,-0.381033659959901,0.264560799350943,0.702131706843153,39,0.941109518634232,node
auc_degree,theta,detail,38,7Networks_LH_Default_Temp_1,-0.139046902048717,-0.44310739356785,0.193704917066296,0.411784205152006,39,0.941109518634232,node
auc_degree,theta,communication,38,7Networks_LH_Default_Temp_1,0.0499889912135793,-0.278547344098837,0.368051932003188,0.768896686108369,39,0.941109518634232,node
auc_degree,theta,imagination,38,7Networks_LH_Default_Temp_1,-0.258261886424198,-0.537321622703125,0.0717684460918269,0.122747769803088,39,0.941109518634232,node
auc_degree,theta,total,39,7Networks_LH_Default_Temp_2,0.0525257743909973,-0.276199562865389,0.370248794071977,0.757512540618441,39,0.941109518634232,node
auc_degree,theta,social,39,7Networks_LH_Default_Temp_2,0.0084716150757983,-0.316421485831028,0.331585928494238,0.960311269035263,39,0.987748733864842,node
auc_degree,theta,switching,39,7Networks_LH_Default_Temp_2,0.142526039141597,-0.190286268726694,0.445955474420846,0.400065451398918,39,0.941109518634232,node
auc_degree,theta,detail,39,7Networks_LH_Default_Temp_2,-0.0907127860760256,-0.402894948026341,0.240377180993118,0.593377036706204,39,0.941109518634232,node
auc_degree,theta,communication,39,7Networks_LH_Default_Temp_2,0.133784162496581,-0.198860846190109,0.438787529159786,0.429875517065262,39,0.941109518634232,node
auc_degree,theta,imagination,39,7Networks_LH_Default_Temp_2,-0.0700123346919841,-0.385296137473996,0.259908393006897,0.68051720377722,39,0.941109518634232,node
auc_degree,theta,total,40,7Networks_LH_Default_Par_1,-0.205333054096719,-0.496334948983397,0.12715121078243,0.222781393380994,39,0.941109518634232,node
auc_degree,theta,social,40,7Networks_LH_Default_Par_1,-0.207323820750661,-0.497900388126492,0.125105003840607,0.218229950930622,39,0.941109518634232,node
auc_degree,theta,switching,40,7Networks_LH_Default_Par_1,0.0471646690313607,-0.281156630218492,0.365601875426622,0.781627404004412,39,0.941109518634232,node
auc_degree,theta,detail,40,7Networks_LH_Default_Par_1,-0.100588835916956,-0.411210664644838,0.230963536660945,0.553607460176651,39,0.941109518634232,node
auc_degree,theta,communication,40,7Networks_LH_Default_Par_1,-0.119756177974907,-0.427203519476291,0.21251475174917,0.480192331249851,39,0.941109518634232,node
auc_degree,theta,imagination,40,7Networks_LH_Default_Par_1,-0.21439819233052,-0.503448040722299,0.117810667139512,0.202574601631513,39,0.941109518634232,node
auc_degree,theta,total,41,7Networks_LH_Default_Par_2,0.0712439500166759,-0.258753847821786,0.38634967070557,0.675202102278673,39,0.941109518634232,node
auc_degree,theta,social,41,7Networks_LH_Default_Par_2,-0.175902164077689,-0.47296904997557,0.157075105584603,0.297692435540183,39,0.941109518634232,node
auc_degree,theta,switching,41,7Networks_LH_Default_Par_2,0.194539763890319,-0.138196033888525,0.487814573789899,0.248586906533366,39,0.941109518634232,node
auc_degree,theta,detail,41,7Networks_LH_Default_Par_2,0.227484275844971,-0.10422253827501,0.513647584540509,0.175713875385769,39,0.941109518634232,node
auc_degree,theta,communication,41,7Networks_LH_Default_Par_2,-0.0465826563248591,-0.365096439271638,0.281693727516803,0.784257932195193,39,0.941109518634232,node
auc_degree,theta,imagination,41,7Networks_LH_Default_Par_2,0.0174630278261479,-0.308306026612377,0.33956613056427,0.918292119922447,39,0.984961211565577,node
auc_degree,theta,total,42,7Networks_LH_Default_PFC_1,-0.238637265004566,-0.522277063839469,0.0925430872248766,0.154910939643572,39,0.941109518634232,node
auc_degree,theta,social,42,7Networks_LH_Default_PFC_1,-0.150168225211007,-0.452190000002735,0.182748506253132,0.375008021945844,39,0.941109518634232,node
auc_degree,theta,switching,42,7Networks_LH_Default_PFC_1,-0.278581625564303,-0.552714144846285,0.049951918582077,0.0949942797110848,39,0.941109518634232,node
auc_degree,theta,detail,42,7Networks_LH_Default_PFC_1,-0.0486307696260043,-0.366874246455813,0.27980276010375,0.775011697393474,39,0.941109518634232,node
auc_degree,theta,communication,42,7Networks_LH_Default_PFC_1,-0.0925458695238136,-0.404442324989533,0.238634618483442,0.585901625639925,39,0.941109518634232,node
auc_degree,theta,imagination,42,7Networks_LH_Default_PFC_1,-0.0618847737535254,-0.3783230899341,0.267503781780094,0.715962986789804,39,0.941109518634232,node
auc_degree,theta,total,43,7Networks_LH_Default_PFC_2,-0.166199595791205,-0.465173259618226,0.166807992842244,0.32555142496136,39,0.941109518634232,node
auc_degree,theta,social,43,7Networks_LH_Default_PFC_2,-0.107031665622056,-0.416607857242937,0.224788726601614,0.528355797677925,39,0.941109518634232,node
auc_degree,theta,switching,43,7Networks_LH_Default_PFC_2,-0.155503714130805,-0.456525287430428,0.177462618164445,0.358077511306531,39,0.941109518634232,node
auc_degree,theta,detail,43,7Networks_LH_Default_PFC_2,-0.0282855350161206,-0.349110386529658,0.298474566590453,0.868013765900039,39,0.984204584957524,node
auc_degree,theta,communication,43,7Networks_LH_Default_PFC_2,-0.101280776540909,-0.411791352775391,0.230301658219053,0.550868649450546,39,0.941109518634232,node
auc_degree,theta,imagination,43,7Networks_LH_Default_PFC_2,-0.0564193375293256,-0.373613732381227,0.27258844000242,0.740137860780087,39,0.941109518634232,node
auc_degree,theta,total,44,7Networks_LH_Default_PFC_3,-0.0689036524850491,-0.384347058717602,0.260946891677929,0.685314804805333,39,0.941109518634232,node
auc_degree,theta,social,44,7Networks_LH_Default_PFC_3,-0.100539955417013,-0.411169633776467,0.231010281887866,0.553801177898015,39,0.941109518634232,node
auc_degree,theta,switching,44,7Networks_LH_Default_PFC_3,-0.121955117678225,-0.429026052215234,0.210382991415497,0.4721079446146,39,0.941109518634232,node
auc_degree,theta,detail,44,7Networks_LH_Default_PFC_3,0.130371557300697,-0.202194377786251,0.435978772987837,0.441838702198595,39,0.941109518634232,node
auc_degree,theta,communication,44,7Networks_LH_Default_PFC_3,-0.23447455612303,-0.519063002510635,0.0969129767270858,0.162455067422339,39,0.941109518634232,node
auc_degree,theta,imagination,44,7Networks_LH_Default_PFC_3,0.204726724762685,-0.127773863896239,0.495857785710227,0.224180443543539,39,0.941109518634232,node
auc_degree,theta,total,45,7Networks_LH_Default_PFC_4,-0.0575614576251849,-0.374599207000208,0.271527408406947,0.735064782516223,39,0.941109518634232,node
auc_degree,theta,social,45,7Networks_LH_Default_PFC_4,0.000839175486626575,-0.323273247296053,0.324775385139859,0.996067003962647,39,0.996067003962647,node
auc_degree,theta,switching,45,7Networks_LH_Default_PFC_4,-0.175731340308552,-0.472832198078714,0.157247024346962,0.298169324464136,39,0.941109518634232,node
auc_degree,theta,detail,45,7Networks_LH_Default_PFC_4,-0.0505019710958444,-0.368496460792788,0.278072900072143,0.766590689162006,39,0.941109518634232,node
auc_degree,theta,communication,45,7Networks_LH_Default_PFC_4,0.00277949696627372,-0.32153460563678,0.326509954326325,0.98697372768274,39,0.996067003962647,node
auc_degree,theta,imagination,45,7Networks_LH_Default_PFC_4,0.106535475775969,-0.225265224185766,0.41619297057236,0.530280397248931,39,0.941109518634232,node
auc_degree,theta,total,46,7Networks_LH_Default_PFC_5,-0.10049040898871,-0.411128042635386,0.231057662391038,0.553997567143465,39,0.941109518634232,node
auc_degree,theta,social,46,7Networks_LH_Default_PFC_5,-0.0369782487635715,-0.356728498521657,0.290527329268744,0.827987088399057,39,0.96862077914879,node
auc_degree,theta,switching,46,7Networks_LH_Default_PFC_5,-0.0974236049124504,-0.408551131594543,0.233987343005455,0.566216606598472,39,0.941109518634232,node
auc_degree,theta,detail,46,7Networks_LH_Default_PFC_5,-0.0691088528682447,-0.384522769203474,0.260754738769055,0.684425918517205,39,0.941109518634232,node
auc_degree,theta,communication,46,7Networks_LH_Default_PFC_5,-0.0210177094199411,-0.342708299564498,0.30508451381499,0.901733947050769,39,0.984961211565577,node
auc_degree,theta,imagination,46,7Networks_LH_Default_PFC_5,-0.0541673649004224,-0.371668524995664,0.274678184653469,0.750172242743407,39,0.941109518634232,node
auc_degree,theta,total,47,7Networks_LH_Default_PFC_6,0.0962962944808669,-0.235062738296081,0.407602650040311,0.570739007103934,39,0.941109518634232,node
auc_degree,theta,social,47,7Networks_LH_Default_PFC_6,0.197003439646762,-0.135682211640005,0.489764368312561,0.242527739932138,39,0.941109518634232,node
auc_degree,theta,switching,47,7Networks_LH_Default_PFC_6,0.173930165657843,-0.159058517201489,0.471388351770845,0.303227347446944,39,0.941109518634232,node
auc_degree,theta,detail,47,7Networks_LH_Default_PFC_6,-0.299370788566835,-0.568271042467274,0.0273021337591749,0.0718549031517558,39,0.941109518634232,node
auc_degree,theta,communication,47,7Networks_LH_Default_PFC_6,0.0870108076329701,-0.243889854398684,0.399764513218399,0.608599707604119,39,0.941109518634232,node
auc_degree,theta,imagination,47,7Networks_LH_Default_PFC_6,0.0908489274190022,-0.240247835872227,0.403009931606869,0.592820411692007,39,0.941109518634232,node
auc_degree,theta,total,48,7Networks_LH_Default_PFC_7,0.178561315613985,-0.154396303959011,0.475097527096778,0.290331769114091,39,0.941109518634232,node
auc_degree,theta,social,48,7Networks_LH_Default_PFC_7,0.338785587997581,0.0165812742424573,0.597247374813799,0.040255102788388,39,0.941109518634232,node
auc_degree,theta,switching,48,7Networks_LH_Default_PFC_7,0.0814997391574239,-0.249103073810881,0.395090737425759,0.631563440565763,39,0.941109518634232,node
auc_degree,theta,detail,48,7Networks_LH_Default_PFC_7,-0.255169346583278,-0.534962560598932,0.0750613289978486,0.127453893041577,39,0.941109518634232,node
auc_degree,theta,communication,48,7Networks_LH_Default_PFC_7,0.21239763104915,-0.119877074259531,0.501881633372544,0.2069200844935,39,0.941109518634232,node
auc_degree,theta,imagination,48,7Networks_LH_Default_PFC_7,0.0823727135108793,-0.248278554972275,0.395832165117101,0.627902413060407,39,0.941109518634232,node
auc_degree,theta,total,49,7Networks_LH_Default_pCunPCC_1,-0.0678048650404953,-0.383405791966128,0.261975369240766,0.690081593859197,39,0.941109518634232,node
auc_degree,theta,social,49,7Networks_LH_Default_pCunPCC_1,-0.153979842886442,-0.455288540735664,0.178974285381615,0.362865421515424,39,0.941109518634232,node
auc_degree,theta,switching,49,7Networks_LH_Default_pCunPCC_1,-0.0773931822240107,-0.391597499106573,0.252975272167893,0.648900272199699,39,0.941109518634232,node
auc_degree,theta,detail,49,7Networks_LH_Default_pCunPCC_1,0.203537171336967,-0.12899468179479,0.494921131259854,0.226942653249705,39,0.941109518634232,node
auc_degree,theta,communication,49,7Networks_LH_Default_pCunPCC_1,-0.114517260968094,-0.422851291990603,0.217580903642017,0.499740265103899,39,0.941109518634232,node
auc_degree,theta,imagination,49,7Networks_LH_Default_pCunPCC_1,-0.0263317660723725,-0.347392287621694,0.300254567740585,0.877058532276153,39,0.984961211565577,node
auc_degree,theta,total,50,7Networks_LH_Default_pCunPCC_2,-0.0660438640256275,-0.381895877098824,0.263622125447819,0.697745732683108,39,0.941109518634232,node
auc_degree,theta,social,50,7Networks_LH_Default_pCunPCC_2,-0.0523936163552314,-0.370134432490102,0.27632197146919,0.758104399538463,39,0.941109518634232,node
auc_degree,theta,switching,50,7Networks_LH_Default_pCunPCC_2,-0.0574784493214165,-0.374527607684824,0.271604550234798,0.735433120124035,39,0.941109518634232,node
auc_degree,theta,detail,50,7Networks_LH_Default_pCunPCC_2,0.0573286600410534,-0.27174374270396,0.374398396465219,0.736097936065474,39,0.941109518634232,node
auc_degree,theta,communication,50,7Networks_LH_Default_pCunPCC_2,-0.0860556815935526,-0.398955662128187,0.244794732114582,0.612554036546536,39,0.941109518634232,node
auc_degree,theta,imagination,50,7Networks_LH_Default_pCunPCC_2,-0.0496092673060231,-0.367722784080204,0.278898439302645,0.770604919457017,39,0.941109518634232,node
auc_degree,theta,total,51,7Networks_RH_Vis_1,-0.39786867570258,-0.639455145921671,-0.0847730266114098,0.0147400113982364,39,0.757636026593007,node
auc_degree,theta,social,51,7Networks_RH_Vis_1,-0.31896798588646,-0.582762039769634,0.00563938438138247,0.0543279959410088,39,0.757636026593007,node
auc_degree,theta,switching,51,7Networks_RH_Vis_1,-0.216727125912261,-0.505269168022063,0.115401450181172,0.197596442285669,39,0.757636026593007,node
auc_degree,theta,detail,51,7Networks_RH_Vis_1,-0.15771702649863,-0.458319502796955,0.17526422934876,0.351191503076847,39,0.783966630255632,node
auc_degree,theta,communication,51,7Networks_RH_Vis_1,-0.216746347713404,-0.505284187969698,0.115381549490917,0.197555714694262,39,0.757636026593007,node
auc_degree,theta,imagination,51,7Networks_RH_Vis_1,-0.168015869870788,-0.466636130626198,0.164990966977982,0.320216849317379,39,0.757636026593007,node
auc_degree,theta,total,52,7Networks_RH_Vis_2,-0.156954873973595,-0.457701942477652,0.17602161798869,0.353553578350579,39,0.783966630255632,node
auc_degree,theta,social,52,7Networks_RH_Vis_2,-0.247749599481067,-0.529284756548263,0.0829324877324637,0.139290565557779,39,0.757636026593007,node
auc_degree,theta,switching,52,7Networks_RH_Vis_2,-0.0661735533247296,-0.382007132648252,0.263500915241362,0.697180287499716,39,0.923537523700922,node
auc_degree,theta,detail,52,7Networks_RH_Vis_2,0.0451633865143322,-0.283002606714032,0.363863117842505,0.790682456709138,39,0.942818318869211,node
auc_degree,theta,communication,52,7Networks_RH_Vis_2,-0.0475966032251994,-0.365976857826547,0.280757896481349,0.779676728696707,39,0.942818318869211,node
auc_degree,theta,imagination,52,7Networks_RH_Vis_2,-0.0918565568244172,-0.403860658772344,0.239290141989826,0.588707774073204,39,0.89624168590249,node
auc_degree,theta,total,53,7Networks_RH_Vis_3,-0.0474171494023691,-0.36582107807057,0.280923570418794,0.780487006925419,39,0.942818318869211,node
auc_degree,theta,social,53,7Networks_RH_Vis_3,-0.136165975307156,-0.440744363087714,0.196529652506113,0.42163365810446,39,0.833881402938482,node
auc_degree,theta,switching,53,7Networks_RH_Vis_3,-0.133212620939908,-0.438317535089296,0.199419681676788,0.431866464395984,39,0.833881402938482,node
auc_degree,theta,detail,53,7Networks_RH_Vis_3,-0.0100843702656879,-0.333020717793567,0.314969338710066,0.952763433492327,39,0.995178962608543,node
auc_degree,theta,communication,53,7Networks_RH_Vis_3,0.168673638610045,-0.164332367960796,0.467165510762555,0.318298479711261,39,0.757636026593007,node
auc_degree,theta,imagination,53,7Networks_RH_Vis_3,0.0391548137595088,-0.288530325475419,0.358629360559379,0.818027301627574,39,0.942818318869211,node
auc_degree,theta,total,54,7Networks_RH_Vis_4,0.236061759099415,-0.0952482833228458,0.520289444855131,0.159547912951629,39,0.757636026593007,node
auc_degree,theta,social,54,7Networks_RH_Vis_4,0.00199324984961073,-0.322239392716872,0.325807343767117,0.990658327196758,39,0.995178962608543,node
auc_degree,theta,switching,54,7Networks_RH_Vis_4,0.189647902475485,-0.143174790550628,0.48393437916122,0.260915877959175,39,0.757636026593007,node
auc_degree,theta,detail,54,7Networks_RH_Vis_4,0.0123890755721452,-0.312891505351324,0.335068508965103,0.941984400603643,39,0.995178962608543,node
auc_degree,theta,communication,54,7Networks_RH_Vis_4,0.291138458751283,-0.0363115478516391,0.562133549008261,0.0804227943546298,39,0.757636026593007,node
auc_degree,theta,imagination,54,7Networks_RH_Vis_4,0.225190558872378,-0.106613237710292,0.511865644305631,0.180228071362585,39,0.757636026593007,node
auc_degree,theta,total,55,7Networks_RH_Vis_5,0.0546297068704356,-0.27424940222533,0.37206811398338,0.748108768973618,39,0.942062894263075,node
auc_degree,theta,social,55,7Networks_RH_Vis_5,-0.18951475362024,-0.483828604288722,0.143310069475911,0.261257007136259,39,0.757636026593007,node
auc_degree,theta,switching,55,7Networks_RH_Vis_5,0.0987089434796138,-0.232760206904756,0.409631753550677,0.561080409180888,39,0.889840209453064,node
auc_degree,theta,detail,55,7Networks_RH_Vis_5,0.15331160311396,-0.179636678049336,0.454745842280915,0.364977020466108,39,0.79207778909666,node
auc_degree,theta,communication,55,7Networks_RH_Vis_5,0.025518063782845,-0.30099522920598,0.346676100385668,0.880830081243895,39,0.984274784571752,node
auc_degree,theta,imagination,55,7Networks_RH_Vis_5,0.129916891788865,-0.202637927233592,0.435604109029307,0.443446209141607,39,0.833881402938482,node
auc_degree,theta,total,56,7Networks_RH_Vis_6,-0.146474556246235,-0.449180370863283,0.186396597970849,0.387000931552258,39,0.822376979548549,node
auc_degree,theta,social,56,7Networks_RH_Vis_6,-0.248029150012248,-0.529499134769512,0.0826366756417578,0.138830429087784,39,0.757636026593007,node
auc_degree,theta,switching,56,7Networks_RH_Vis_6,-0.0950447545865123,-0.406548858530394,0.236255692497862,0.575778959057865,39,0.889840209453064,node
auc_degree,theta,detail,56,7Networks_RH_Vis_6,0.078962092851862,-0.251497146635417,0.392933161279995,0.642254596583303,39,0.918912981529782,node
auc_degree,theta,communication,56,7Networks_RH_Vis_6,-0.0432133419015558,-0.362166737630643,0.284798985885973,0.799531758262163,39,0.942818318869211,node
auc_degree,theta,imagination,56,7Networks_RH_Vis_6,-0.0616076822893829,-0.378084724341717,0.267762010433588,0.717182321017332,39,0.925982237262884,node
auc_degree,theta,total,57,7Networks_RH_Vis_7,-0.237637135682766,-0.521505590615986,0.0935941592580528,0.156699816846639,39,0.757636026593007,node
auc_degree,theta,social,57,7Networks_RH_Vis_7,-0.223243743274518,-0.510351266454155,0.108639362652191,0.184123687892918,39,0.757636026593007,node
auc_degree,theta,switching,57,7Networks_RH_Vis_7,-0.183011242082007,-0.478651657060538,0.149902517106118,0.278278459185528,39,0.757636026593007,node
auc_degree,theta,detail,57,7Networks_RH_Vis_7,0.0162936299135679,-0.309364189789364,0.33853086459946,0.9237470880851,39,0.991812662996634,node
auc_degree,theta,communication,57,7Networks_RH_Vis_7,0.0030444934867574,-0.321296983392231,0.32674668141958,0.985731927364713,39,0.995178962608543,node
auc_degree,theta,imagination,57,7Networks_RH_Vis_7,-0.293197366618837,-0.563671341849247,0.034063271437737,0.0782090557966028,39,0.757636026593007,node
auc_degree,theta,total,58,7Networks_RH_Vis_8,0.243359660547742,-0.0875701609136486,0.525913533668462,0.146664300664351,39,0.757636026593007,node
auc_degree,theta,social,58,7Networks_RH_Vis_8,-0.0618700454702739,-0.378310421108718,0.267517508636322,0.716027780840336,39,0.925982237262884,node
auc_degree,theta,switching,58,7Networks_RH_Vis_8,0.186989279231725,-0.145873592582388,0.48182071088554,0.267783160319099,39,0.757636026593007,node
auc_degree,theta,detail,58,7Networks_RH_Vis_8,0.165769270624851,-0.167238164952263,0.464826425893445,0.326823384020513,39,0.757636026593007,node
auc_degree,theta,communication,58,7Networks_RH_Vis_8,0.219313333817809,-0.112721503296435,0.507288465849012,0.192169396923265,39,0.757636026593007,node
auc_degree,theta,imagination,58,7Networks_RH_Vis_8,0.240663321313288,-0.0904115670177281,0.523838488316913,0.151332582908396,39,0.757636026593007,node
auc_degree,theta,total,59,7Networks_RH_SomMot_1,-0.0231116570859497,-0.344555886835896,0.303183325547752,0.891998719765704,39,0.98863032884625,node
auc_degree,theta,social,59,7Networks_RH_SomMot_1,0.0714897331144312,-0.258523332050237,0.386559817091481,0.674143253880637,39,0.98863032884625,node
auc_degree,theta,switching,59,7Networks_RH_SomMot_1,-0.0276745961332591,-0.348573372787401,0.299031413073666,0.870840322697465,39,0.98863032884625,node
auc_degree,theta,detail,59,7Networks_RH_SomMot_1,0.00576358726205763,-0.318856411431678,0.329173362100516,0.972992403761447,39,0.98863032884625,node
auc_degree,theta,communication,59,7Networks_RH_SomMot_1,-0.183067000099109,-0.478696129282975,0.149846122123845,0.278129527957148,39,0.98863032884625,node
auc_degree,theta,imagination,59,7Networks_RH_SomMot_1,0.0621335260466426,-0.267271922817795,0.378537041253,0.714868948153635,39,0.98863032884625,node
auc_degree,theta,total,60,7Networks_RH_SomMot_2,0.0639209523976513,-0.265604762179599,0.380073409134731,0.707024248943041,39,0.98863032884625,node
auc_degree,theta,social,60,7Networks_RH_SomMot_2,0.172359955879891,-0.160635894891115,0.470128347784729,0.30768100889029,39,0.98863032884625,node
auc_degree,theta,switching,60,7Networks_RH_SomMot_2,-0.00335337265649299,-0.327022558574424,0.321019960039644,0.984284530470826,39,0.98863032884625,node
auc_degree,theta,detail,60,7Networks_RH_SomMot_2,-0.0067504088012209,-0.330053004975608,0.317969605917478,0.968370404282721,39,0.98863032884625,node
auc_degree,theta,communication,60,7Networks_RH_SomMot_2,-0.114333997507633,-0.422698788040882,0.217757800236268,0.500431307076584,39,0.98863032884625,node
auc_degree,theta,imagination,60,7Networks_RH_SomMot_2,0.119896510582692,-0.212378800830538,0.427319905111673,0.479674253134082,39,0.98863032884625,node
auc_degree,theta,total,61,7Networks_RH_SomMot_3,-0.0826888319083457,-0.396100547554733,0.247979864909734,0.626578845478436,39,0.98863032884625,node
auc_degree,theta,social,61,7Networks_RH_SomMot_3,0.0663104479843507,-0.263372959466717,0.382124559473435,0.69658360142832,39,0.98863032884625,node
auc_degree,theta,switching,61,7Networks_RH_SomMot_3,-0.126794038407049,-0.433027878045439,0.205680747509745,0.454573242655256,39,0.98863032884625,node
auc_degree,theta,detail,61,7Networks_RH_SomMot_3,0.0913338193231893,-0.239787054405592,0.403419386288928,0.590839753822989,39,0.98863032884625,node
auc_degree,theta,communication,61,7Networks_RH_SomMot_3,-0.282194925112725,-0.555431828232832,0.0460393443671012,0.0906084783596648,39,0.98863032884625,node
auc_degree,theta,imagination,61,7Networks_RH_SomMot_3,-0.00242599309147908,-0.326194098471127,0.321851528803661,0.98863032884625,39,0.98863032884625,node
auc_degree,theta,total,62,7Networks_RH_SomMot_4,0.089386757011678,-0.241636399550069,0.401774481819391,0.598810542113019,39,0.98863032884625,node
auc_degree,theta,social,62,7Networks_RH_SomMot_4,0.123265944550486,-0.20911070603495,0.430111308130056,0.46732304949286,39,0.98863032884625,node
auc_degree,theta,switching,62,7Networks_RH_SomMot_4,0.0251753590801844,-0.301307053662924,0.346374353714361,0.882419312763865,39,0.98863032884625,node
auc_degree,theta,detail,62,7Networks_RH_SomMot_4,-0.145471409945551,-0.448361811795555,0.187385783736748,0.390296234085196,39,0.98863032884625,node
auc_degree,theta,communication,62,7Networks_RH_SomMot_4,0.0697665318618621,-0.260138701505029,0.385085777409304,0.68157980818506,39,0.98863032884625,node
auc_degree,theta,imagination,62,7Networks_RH_SomMot_4,0.213956618529259,-0.118267022326516,0.503102458858621,0.203528244199092,39,0.98863032884625,node
auc_degree,theta,total,63,7Networks_RH_SomMot_5,0.112904415459885,-0.219136967783165,0.421508551738232,0.505838502557431,39,0.98863032884625,node
auc_degree,theta,social,63,7Networks_RH_SomMot_5,0.04563523675849,-0.282567592508215,0.364273271753344,0.788545027767312,39,0.98863032884625,node
auc_degree,theta,switching,63,7Networks_RH_SomMot_5,0.189841983754193,-0.142977582147557,0.484088544001128,0.260419166998846,39,0.98863032884625,node
auc_degree,theta,detail,63,7Networks_RH_SomMot_5,0.0194125382829999,-0.30654016220851,0.341290295530579,0.909206401709146,39,0.98863032884625,node
auc_degree,theta,communication,63,7Networks_RH_SomMot_5,-0.147786194287647,-0.450249890555055,0.185102194776412,0.38271682149133,39,0.98863032884625,node
auc_degree,theta,imagination,63,7Networks_RH_SomMot_5,0.23842590539098,-0.0927652742020755,0.52211406532217,0.155287745468441,39,0.98863032884625,node
auc_degree,theta,total,64,7Networks_RH_SomMot_6,0.325773887610703,0.00195582116032148,0.58775566758233,0.0491096128657642,39,0.98863032884625,node
auc_degree,theta,social,64,7Networks_RH_SomMot_6,0.268281287197315,-0.0610503202089292,0.544934782105668,0.10839066537357,39,0.98863032884625,node
auc_degree,theta,switching,64,7Networks_RH_SomMot_6,0.401178042341449,0.0886813449732057,0.6417769940429,0.0138599483913122,39,0.959119263500342,node
auc_degree,theta,detail,64,7Networks_RH_SomMot_6,-0.0781776787803034,-0.392265530861521,0.252236363285166,0.645573876666992,39,0.98863032884625,node
auc_degree,theta,communication,64,7Networks_RH_SomMot_6,0.138851815082476,-0.193896373251669,0.442947510111253,0.412447027198972,39,0.98863032884625,node
auc_degree,theta,imagination,64,7Networks_RH_SomMot_6,0.135233050101418,-0.197443199177964,0.439978241333114,0.424851274473873,39,0.98863032884625,node
auc_degree,theta,total,65,7Networks_RH_SomMot_7,0.269530569197093,-0.0597085701699247,0.545880851118165,0.106693677763772,39,0.98863032884625,node
auc_degree,theta,social,65,7Networks_RH_SomMot_7,0.249182417012755,-0.0814157063316977,0.530383157844216,0.136943998682459,39,0.98863032884625,node
auc_degree,theta,switching,65,7Networks_RH_SomMot_7,0.142650315298952,-0.19016400376047,0.446057095462143,0.399650433421666,39,0.98863032884625,node
auc_degree,theta,detail,65,7Networks_RH_SomMot_7,-0.148052675310071,-0.450467075193959,0.184839074048467,0.381849844034998,39,0.98863032884625,node
auc_degree,theta,communication,65,7Networks_RH_SomMot_7,0.373366899808022,0.0561333997922426,0.622126533191857,0.0228361729404843,39,0.959119263500342,node
auc_degree,theta,imagination,65,7Networks_RH_SomMot_7,0.13041179348479,-0.202155118759711,0.436011924234608,0.441696597730731,39,0.98863032884625,node
auc_degree,theta,total,66,7Networks_RH_SomMot_8,0.15498159495118,-0.177980732924378,0.456101675792842,0.359713678527011,39,0.98863032884625,node
auc_degree,theta,social,66,7Networks_RH_SomMot_8,0.181733113186574,-0.151194653321877,0.477631813875007,0.281706609554645,39,0.98863032884625,node
auc_degree,theta,switching,66,7Networks_RH_SomMot_8,-0.00710890081238356,-0.330372422198828,0.317647306917702,0.966691570523893,39,0.98863032884625,node
auc_degree,theta,detail,66,7Networks_RH_SomMot_8,0.0609739834594533,-0.268352392854017,0.37753943251179,0.719973485194041,39,0.98863032884625,node
auc_degree,theta,communication,66,7Networks_RH_SomMot_8,0.144280362555991,-0.188559379650157,0.447389266874096,0.394229885925432,39,0.98863032884625,node
auc_degree,theta,imagination,66,7Networks_RH_SomMot_8,0.0287150619157209,-0.298082936684431,0.34948781348118,0.86602748939502,39,0.98863032884625,node
auc_degree,theta,total,67,7Networks_RH_DorsAttn_Post_1,-0.185676510178543,-0.48077576165714,0.147204376413739,0.271217480840223,39,0.818799399724878,node
auc_degree,theta,social,67,7Networks_RH_DorsAttn_Post_1,-0.105579214085938,-0.415393033263368,0.226183087272009,0.533999081685793,39,0.885916923482329,node
auc_degree,theta,switching,67,7Networks_RH_DorsAttn_Post_1,-0.30012144047733,-0.568829195482914,0.0264779758995112,0.0711106962957624,39,0.712040772805657,node
auc_degree,theta,detail,67,7Networks_RH_DorsAttn_Post_1,-0.149586552863542,-0.451716504838294,0.183323609985987,0.376881924211616,39,0.818799399724878,node
auc_degree,theta,communication,67,7Networks_RH_DorsAttn_Post_1,0.173606688317154,-0.159383610293338,0.471128878889382,0.30414147274948,39,0.818799399724878,node
auc_degree,theta,imagination,67,7Networks_RH_DorsAttn_Post_1,-0.103687181826346,-0.413808886740289,0.227997410803387,0.541393675461423,39,0.885916923482329,node
auc_degree,theta,total,68,7Networks_RH_DorsAttn_Post_2,0.0213237160273541,-0.304806838879815,0.342978458755339,0.900310338134465,39,0.958218472760186,node
auc_degree,theta,social,68,7Networks_RH_DorsAttn_Post_2,-0.109512944777538,-0.418680633430983,0.222403538407777,0.518782869180003,39,0.885916923482329,node
auc_degree,theta,switching,68,7Networks_RH_DorsAttn_Post_2,0.160598791358617,-0.172396910252344,0.460651931312864,0.34234704517989,39,0.818799399724878,node
auc_degree,theta,detail,68,7Networks_RH_DorsAttn_Post_2,0.0633695931012741,-0.266119233945101,0.379599678697337,0.709440939813499,39,0.93896594975316,node
auc_degree,theta,communication,68,7Networks_RH_DorsAttn_Post_2,-0.134847831444833,-0.439661768838816,0.19782024767561,0.426183867252236,39,0.818799399724878,node
auc_degree,theta,imagination,68,7Networks_RH_DorsAttn_Post_2,0.111118538057442,-0.220858003744906,0.420020177002784,0.512634405108813,39,0.885916923482329,node
auc_degree,theta,total,69,7Networks_RH_DorsAttn_Post_3,0.351397369590754,0.0308900301151307,0.606378775458887,0.0329541702993567,39,0.712040772805657,node
auc_degree,theta,social,69,7Networks_RH_DorsAttn_Post_3,0.246650477861237,-0.084094980973851,0.528441527213861,0.14111059346107,39,0.712040772805657,node
auc_degree,theta,switching,69,7Networks_RH_DorsAttn_Post_3,0.108134517527246,-0.223729074859116,0.417529539760061,0.524090327572722,39,0.885916923482329,node
auc_degree,theta,detail,69,7Networks_RH_DorsAttn_Post_3,0.0951064542661676,-0.236196904429917,0.406600828840399,0.575530024083965,39,0.893063830475118,node
auc_degree,theta,communication,69,7Networks_RH_DorsAttn_Post_3,0.311935469766572,-0.0134483379525554,0.577581127355982,0.0601754401596796,39,0.712040772805657,node
auc_degree,theta,imagination,69,7Networks_RH_DorsAttn_Post_3,0.236782859304436,-0.0944913648780254,0.520846256742761,0.158239637027486,39,0.712040772805657,node
auc_degree,theta,total,70,7Networks_RH_DorsAttn_Post_4,0.11211515967135,-0.219897822238743,0.420850980102368,0.508836299827065,39,0.885916923482329,node
auc_degree,theta,social,70,7Networks_RH_DorsAttn_Post_4,-0.0858291542617812,-0.398763755376408,0.245009257525324,0.613493476031872,39,0.898026991019514,node
auc_degree,theta,switching,70,7Networks_RH_DorsAttn_Post_4,0.0321183206549516,-0.294976051975755,0.352474594481697,0.850319235824388,39,0.958218472760186,node
auc_degree,theta,detail,70,7Networks_RH_DorsAttn_Post_4,-0.039670476632072,-0.359079317143991,0.288056785406945,0.815671719093553,39,0.958218472760186,node
auc_degree,theta,communication,70,7Networks_RH_DorsAttn_Post_4,0.180949012924051,-0.151986784047925,0.477005770554489,0.283823196402144,39,0.818799399724878,node
auc_degree,theta,imagination,70,7Networks_RH_DorsAttn_Post_4,0.346602822260804,0.0254348322026191,0.602915249452823,0.0355902256050095,39,0.712040772805657,node
auc_degree,theta,total,71,7Networks_RH_DorsAttn_Post_5,0.301739944815781,-0.0246994710971345,0.570031805296306,0.0695266518064759,39,0.712040772805657,node
auc_degree,theta,social,71,7Networks_RH_DorsAttn_Post_5,0.262660856931519,-0.0670720707495936,0.540669754134888,0.116278866021536,39,0.712040772805657,node
auc_degree,theta,switching,71,7Networks_RH_DorsAttn_Post_5,0.0837963411032333,-0.246932919056536,0.397040393296689,0.621950862633113,39,0.898026991019514,node
auc_degree,theta,detail,71,7Networks_RH_DorsAttn_Post_5,0.0543368739845673,-0.274520994734918,0.371815040526325,0.749415509095559,39,0.958218472760186,node
auc_degree,theta,communication,71,7Networks_RH_DorsAttn_Post_5,0.273182679790557,-0.0557793070402017,0.548642523443465,0.101848176690341,39,0.712040772805657,node
auc_degree,theta,imagination,71,7Networks_RH_DorsAttn_Post_5,0.163523333861539,-0.169481247032661,0.463014753736117,0.333511949057375,39,0.818799399724878,node
auc_degree,theta,total,72,7Networks_RH_DorsAttn_PrCv_1,0.0279849436004479,-0.298748571508977,0.348846193762065,0.869404276302749,39,0.958218472760186,node
auc_degree,theta,social,72,7Networks_RH_DorsAttn_PrCv_1,0.0475270953501014,-0.280822069313294,0.365916521748138,0.779990546767228,39,0.958218472760186,node
auc_degree,theta,switching,72,7Networks_RH_DorsAttn_PrCv_1,0.0129774230767639,-0.312360574610527,0.335590783173433,0.939234270217145,39,0.982919585110966,node
auc_degree,theta,detail,72,7Networks_RH_DorsAttn_PrCv_1,-0.142875405025752,-0.446241132192038,0.189942530429814,0.398899381177315,39,0.818799399724878,node
auc_degree,theta,communication,72,7Networks_RH_DorsAttn_PrCv_1,-0.00183355138073345,-0.325664589409253,0.322382501538492,0.991406749815057,39,0.991406749815058,node
auc_degree,theta,imagination,72,7Networks_RH_DorsAttn_PrCv_1,0.212141203719201,-0.120141733556789,0.501680717502744,0.207481720383042,39,0.767943626624829,node
auc_degree,theta,total,73,7Networks_RH_DorsAttn_FEF_1,0.154429050977,-0.178528838147554,0.455653230901432,0.361450070169752,39,0.818799399724878,node
auc_degree,theta,social,73,7Networks_RH_DorsAttn_FEF_1,0.232490372479537,-0.098991427758677,0.517528160611084,0.166142846987987,39,0.712040772805657,node
auc_degree,theta,switching,73,7Networks_RH_DorsAttn_FEF_1,0.267724330988714,-0.0616481172659245,0.544512777481425,0.109153767435676,39,0.712040772805657,node
auc_degree,theta,detail,73,7Networks_RH_DorsAttn_FEF_1,-0.255608530067941,-0.535297846089964,0.0745941323800168,0.126777503418386,39,0.712040772805657,node
auc_degree,theta,communication,73,7Networks_RH_DorsAttn_FEF_1,0.0228164763071856,-0.303451490682747,0.344295585815019,0.893370171487735,39,0.958218472760186,node
auc_degree,theta,imagination,73,7Networks_RH_DorsAttn_FEF_1,0.136565806724898,-0.196137949398582,0.441072570395392,0.420258853808835,39,0.818799399724878,node
auc_degree,theta,total,74,7Networks_RH_SalVentAttn_TempOccPar_1,-0.211839705403404,-0.501444447663818,0.120452850331679,0.208143423987529,39,0.980987555666502,node
auc_degree,theta,social,74,7Networks_RH_SalVentAttn_TempOccPar_1,-0.141010095582561,-0.444715252137079,0.191776848811726,0.405147832166,39,0.980987555666502,node
auc_degree,theta,switching,74,7Networks_RH_SalVentAttn_TempOccPar_1,-0.137185750775648,-0.441581299292364,0.195530398382549,0.418132188974934,39,0.980987555666502,node
auc_degree,theta,detail,74,7Networks_RH_SalVentAttn_TempOccPar_1,-0.16300289827198,-0.46259458989345,0.170000529234655,0.335073811359942,39,0.980987555666502,node
auc_degree,theta,communication,74,7Networks_RH_SalVentAttn_TempOccPar_1,0.0797266633419883,-0.250776258969379,0.393583584043829,0.639025848471105,39,0.980987555666502,node
auc_degree,theta,imagination,74,7Networks_RH_SalVentAttn_TempOccPar_1,-0.24643237853131,-0.5282741386017,0.0843255481724699,0.141473811430283,39,0.980987555666502,node
auc_degree,theta,total,75,7Networks_RH_SalVentAttn_TempOccPar_2,-0.13811801916788,-0.442345954668996,0.194616285522473,0.414945561470062,39,0.980987555666502,node
auc_degree,theta,social,75,7Networks_RH_SalVentAttn_TempOccPar_2,-0.073462773609167,-0.388245596814343,0.256671488202321,0.665665781913036,39,0.980987555666502,node
auc_degree,theta,switching,75,7Networks_RH_SalVentAttn_TempOccPar_2,-0.0346249540530312,-0.354670309784398,0.292683277880164,0.838785373169852,39,0.980987555666502,node
auc_degree,theta,detail,75,7Networks_RH_SalVentAttn_TempOccPar_2,-0.0665732494809346,-0.382349959303956,0.263127285747548,0.695438625522867,39,0.980987555666502,node
auc_degree,theta,communication,75,7Networks_RH_SalVentAttn_TempOccPar_2,-0.132991997801531,-0.438136066074985,0.19963534222783,0.432636362878221,39,0.980987555666502,node
auc_degree,theta,imagination,75,7Networks_RH_SalVentAttn_TempOccPar_2,-0.0894044788177744,-0.401789462535968,0.241619577984578,0.598737783598982,39,0.980987555666502,node
auc_degree,theta,total,76,7Networks_RH_SalVentAttn_FrOperIns_1,-0.101169893252972,-0.411698314631853,0.230407744697439,0.55130711377097,39,0.980987555666502,node
auc_degree,theta,social,76,7Networks_RH_SalVentAttn_FrOperIns_1,0.157172513943709,-0.175805378598736,0.457878322361984,0.35287808747421,39,0.980987555666502,node
auc_degree,theta,switching,76,7Networks_RH_SalVentAttn_FrOperIns_1,-0.119772442000766,-0.427217008659363,0.212498996203737,0.480132272986481,39,0.980987555666502,node
auc_degree,theta,detail,76,7Networks_RH_SalVentAttn_FrOperIns_1,-0.0440574953270663,-0.362901341892471,0.284021635273348,0.795697898438976,39,0.980987555666502,node
auc_degree,theta,communication,76,7Networks_RH_SalVentAttn_FrOperIns_1,-0.173527906567631,-0.471065677398712,0.159462774618603,0.304364369460555,39,0.980987555666502,node
auc_degree,theta,imagination,76,7Networks_RH_SalVentAttn_FrOperIns_1,-0.185232293827338,-0.480421980592586,0.147654415891862,0.27238609503479,39,0.980987555666502,node
auc_degree,theta,total,77,7Networks_RH_SalVentAttn_Med_1,0.190774689895094,-0.142029479004909,0.484829166957115,0.258040831121995,39,0.980987555666502,node
auc_degree,theta,social,77,7Networks_RH_SalVentAttn_Med_1,0.164532185071452,-0.168474104740758,0.463828847536875,0.330497137791581,39,0.980987555666502,node
auc_degree,theta,switching,77,7Networks_RH_SalVentAttn_Med_1,0.0998582463745793,-0.231662051978433,0.410597267944356,0.556506154136098,39,0.980987555666502,node
auc_degree,theta,detail,77,7Networks_RH_SalVentAttn_Med_1,0.0501876385167928,-0.278363638515429,0.368224089427535,0.76800347425972,39,0.980987555666502,node
auc_degree,theta,communication,77,7Networks_RH_SalVentAttn_Med_1,-0.0465973307951333,-0.365109185300974,0.281680188040519,0.78419157874373,39,0.980987555666502,node
auc_degree,theta,imagination,77,7Networks_RH_SalVentAttn_Med_1,0.297850978817679,-0.0289694088384637,0.567140218011866,0.0733803346649109,39,0.980987555666502,node
auc_degree,theta,total,78,7Networks_RH_SalVentAttn_Med_2,0.162136270861055,-0.170864825843418,0.461894635863944,0.337684599231575,39,0.980987555666502,node
auc_degree,theta,social,78,7Networks_RH_SalVentAttn_Med_2,0.109744388516349,-0.222180854878843,0.41887380954796,0.517894336048833,39,0.980987555666502,node
auc_degree,theta,switching,78,7Networks_RH_SalVentAttn_Med_2,0.0955220314726098,-0.235800875145821,0.406950821523969,0.573854594805216,39,0.980987555666502,node
auc_degree,theta,detail,78,7Networks_RH_SalVentAttn_Med_2,0.000889155628583481,-0.323228489601884,0.324820092731534,0.995832762088395,39,0.995832762088395,node
auc_degree,theta,communication,78,7Networks_RH_SalVentAttn_Med_2,0.139821135095204,-0.192944843366633,0.443741725341573,0.40915965827301,39,0.980987555666502,node
auc_degree,theta,imagination,78,7Networks_RH_SalVentAttn_Med_2,0.114089680635652,-0.217993595221214,0.422495450910933,0.501353319774692,39,0.980987555666502,node
auc_degree,theta,total,79,7Networks_RH_Limbic_OFC_1,-0.269130136722057,-0.545577684246526,0.0601387710253743,0.107235405929049,39,0.84489331294437,node
auc_degree,theta,social,79,7Networks_RH_Limbic_OFC_1,-0.112327171478695,-0.421027650471112,0.219693479338346,0.508030150528526,39,0.85526812868504,node
auc_degree,theta,switching,79,7Networks_RH_Limbic_OFC_1,-0.214885368330546,-0.503829204237956,0.117307020394142,0.201526091791559,39,0.84489331294437,node
auc_degree,theta,detail,79,7Networks_RH_Limbic_OFC_1,-0.0519960009226488,-0.369790302025794,0.27669019010649,0.759885904235471,39,0.873965102562118,node
auc_degree,theta,communication,79,7Networks_RH_Limbic_OFC_1,-0.103616767576551,-0.413749894556298,0.228064888601941,0.541669814833859,39,0.85526812868504,node
auc_degree,theta,imagination,79,7Networks_RH_Limbic_OFC_1,-0.317328010454629,-0.581555770643154,0.00746397081750416,0.0556493221555477,39,0.84489331294437,node
auc_degree,theta,total,80,7Networks_RH_Limbic_TempPole_1,-0.176157391322014,-0.473173493251642,0.156818204707629,0.296980826075153,39,0.84489331294437,node
auc_degree,theta,social,80,7Networks_RH_Limbic_TempPole_1,0.104827804014875,-0.226903911425436,0.414764123180435,0.536929953966035,39,0.85526812868504,node
auc_degree,theta,switching,80,7Networks_RH_Limbic_TempPole_1,-0.152950720176944,-0.454452664824217,0.179994277749477,0.366120435609227,39,0.84489331294437,node
auc_degree,theta,detail,80,7Networks_RH_Limbic_TempPole_1,-0.177735981927384,-0.474437272556819,0.155228260768268,0.292603686159526,39,0.84489331294437,node
auc_degree,theta,communication,80,7Networks_RH_Limbic_TempPole_1,-0.0460718458356886,-0.364652682349092,0.282164948005388,0.786568592305907,39,0.873965102562118,node
auc_degree,theta,imagination,80,7Networks_RH_Limbic_TempPole_1,-0.312737549835943,-0.578173109488134,0.0125597035809305,0.059484340671163,39,0.84489331294437,node
auc_degree,theta,total,81,7Networks_RH_Cont_Par_1,0.069086877173026,-0.26077531840996,0.384503952787064,0.684521092794303,39,0.889877420632593,node
auc_degree,theta,social,81,7Networks_RH_Cont_Par_1,-0.043113876815322,-0.362080154425473,0.284890551314313,0.799983801436469,39,0.922241835565859,node
auc_degree,theta,switching,81,7Networks_RH_Cont_Par_1,0.103258659625731,-0.228408013251134,0.413449835853125,0.543075225014117,39,0.826837580890627,node
auc_degree,theta,detail,81,7Networks_RH_Cont_Par_1,0.0608849737956053,-0.268435298462793,0.377462822951723,0.720365820608459,39,0.906266677539675,node
auc_degree,theta,communication,81,7Networks_RH_Cont_Par_1,0.0491930014118541,-0.279283220588986,0.36736186964807,0.772478764535166,39,0.922241835565859,node
auc_degree,theta,imagination,81,7Networks_RH_Cont_Par_1,0.0338668796548235,-0.293377072605957,0.354006637657418,0.842270150015625,39,0.922241835565859,node
auc_degree,theta,total,82,7Networks_RH_Cont_Par_2,0.122676573407131,-0.209682887497766,0.429623467419713,0.469471235411018,39,0.826837580890627,node
auc_degree,theta,social,82,7Networks_RH_Cont_Par_2,0.0128994797868176,-0.312430923105341,0.335521604558139,0.939598563732806,39,0.948398747622247,node
auc_degree,theta,switching,82,7Networks_RH_Cont_Par_2,0.0372902678706392,-0.290241226035425,0.357001157196418,0.826557650367173,39,0.922241835565859,node
auc_degree,theta,detail,82,7Networks_RH_Cont_Par_2,0.0799079945831604,-0.250605234077936,0.39373779707226,0.638261050580477,39,0.861773003747023,node
auc_degree,theta,communication,82,7Networks_RH_Cont_Par_2,0.115271658675381,-0.21685248509335,0.423478885367021,0.49690072483184,39,0.826837580890627,node
auc_degree,theta,imagination,82,7Networks_RH_Cont_Par_2,0.131444503654636,-0.201147122618739,0.436862507218353,0.438057890908461,39,0.826837580890627,node
auc_degree,theta,total,83,7Networks_RH_Cont_PFCl_1,-0.226222019631791,-0.512667269726423,0.105538639429668,0.178187997135222,39,0.826837580890627,node
auc_degree,theta,social,83,7Networks_RH_Cont_PFCl_1,0.0657758491472133,-0.263872584517679,0.38166592825097,0.698914785637473,39,0.893694316061031,node
auc_degree,theta,switching,83,7Networks_RH_Cont_PFCl_1,-0.0177896211746098,-0.339855123744857,0.308010355187965,0.916769284442118,39,0.948398747622247,node
auc_degree,theta,detail,83,7Networks_RH_Cont_PFCl_1,-0.243679255521678,-0.526159264400292,0.0872330139395999,0.146118035973614,39,0.826837580890627,node
auc_degree,theta,communication,83,7Networks_RH_Cont_PFCl_1,-0.157703998667752,-0.458308948986321,0.175277179060086,0.351231798610176,39,0.826837580890627,node
auc_degree,theta,imagination,83,7Networks_RH_Cont_PFCl_1,-0.402863403904173,-0.642957749200206,-0.090675439659881,0.0134290797341899,39,0.826837580890627,node
auc_degree,theta,total,84,7Networks_RH_Cont_PFCl_2,-0.269785634684571,-0.546073923126338,0.0594344791895075,0.106349693377826,39,0.826837580890627,node
auc_degree,theta,social,84,7Networks_RH_Cont_PFCl_2,-0.101190642219766,-0.41171572482934,0.230387893930098,0.551225053927085,39,0.826837580890627,node
auc_degree,theta,switching,84,7Networks_RH_Cont_PFCl_2,-0.187412335841007,-0.482157280571825,0.145444473672021,0.266682524170776,39,0.826837580890627,node
auc_degree,theta,detail,84,7Networks_RH_Cont_PFCl_2,-0.105543397585914,-0.415363062534165,0.226217454121151,0.534138608216412,39,0.826837580890627,node
auc_degree,theta,communication,84,7Networks_RH_Cont_PFCl_2,-0.253280225241545,-0.533519344705655,0.0770692954846944,0.130393976859655,39,0.826837580890627,node
auc_degree,theta,imagination,84,7Networks_RH_Cont_PFCl_2,-0.110174572876342,-0.419232791576074,0.221766861097701,0.51624482261291,39,0.826837580890627,node
auc_degree,theta,total,85,7Networks_RH_Cont_PFCl_3,-0.103525146229717,-0.413673131430454,0.228152684338434,0.542029221442486,39,0.826837580890627,node
auc_degree,theta,social,85,7Networks_RH_Cont_PFCl_3,-0.0191541483509431,-0.34106189754956,0.306774340573292,0.910410003566136,39,0.948398747622247,node
auc_degree,theta,switching,85,7Networks_RH_Cont_PFCl_3,-0.0895761207582668,-0.401934547406386,0.241456644896236,0.598033290255027,39,0.848119938907129,node
auc_degree,theta,detail,85,7Networks_RH_Cont_PFCl_3,0.129843545951803,-0.202709467067266,0.435543658978349,0.443705828307665,39,0.826837580890627,node
auc_degree,theta,communication,85,7Networks_RH_Cont_PFCl_3,-0.258010075499472,-0.537129698577655,0.07203683932085,0.12312604094993,39,0.826837580890627,node
auc_degree,theta,imagination,85,7Networks_RH_Cont_PFCl_3,-0.0805001556817258,-0.394241277058619,0.250046585997352,0.635766068490286,39,0.861773003747023,node
auc_degree,theta,total,86,7Networks_RH_Cont_PFCl_4,-0.0319054536705545,-0.352287968490535,0.295170584350536,0.851300155906947,39,0.922241835565859,node
auc_degree,theta,social,86,7Networks_RH_Cont_PFCl_4,0.0144827178565859,-0.311001255504125,0.336926126297846,0.932201254079834,39,0.948398747622247,node
auc_degree,theta,switching,86,7Networks_RH_Cont_PFCl_4,-0.0900489689334288,-0.402334153678377,0.24100769176927,0.596094379970702,39,0.848119938907129,node
auc_degree,theta,detail,86,7Networks_RH_Cont_PFCl_4,-0.13087895567487,-0.436396766057192,0.201699223597325,0.440048527219327,39,0.826837580890627,node
auc_degree,theta,communication,86,7Networks_RH_Cont_PFCl_4,-0.113774526534486,-0.422233112358997,0.218297699349954,0.502543930377587,39,0.826837580890627,node
auc_degree,theta,imagination,86,7Networks_RH_Cont_PFCl_4,0.318777921090256,-0.00585095544135203,0.582622298854497,0.0544798362564805,39,0.826837580890627,node
auc_degree,theta,total,87,7Networks_RH_Cont_Cing_1,0.237322530864578,-0.0939246362427039,0.521262816806317,0.15726561820494,39,0.826837580890627,node
auc_degree,theta,social,87,7Networks_RH_Cont_Cing_1,0.182076384291194,-0.150847731940024,0.477905794720106,0.280783221147164,39,0.826837580890627,node
auc_degree,theta,switching,87,7Networks_RH_Cont_Cing_1,0.178271902281287,-0.154688093536604,0.474866038791368,0.291127148418671,39,0.826837580890627,node
auc_degree,theta,detail,87,7Networks_RH_Cont_Cing_1,0.240250845578828,-0.0908457597130496,0.523520759095279,0.152056156845509,39,0.826837580890627,node
auc_degree,theta,communication,87,7Networks_RH_Cont_Cing_1,-0.132395390517061,-0.43764521445169,0.200218368372764,0.434722117134654,39,0.826837580890627,node
auc_degree,theta,imagination,87,7Networks_RH_Cont_Cing_1,0.173997591064234,-0.158990745913267,0.471442429644579,0.303037027970799,39,0.826837580890627,node
auc_degree,theta,total,88,7Networks_RH_Cont_PFCmp_1,-0.138639244068415,-0.442773275586609,0.194104959235398,0.413169940657503,39,0.826837580890627,node
auc_degree,theta,social,88,7Networks_RH_Cont_PFCmp_1,-0.076150496337427,-0.390538621552306,0.254144956377509,0.654183180703459,39,0.864852340591014,node
auc_degree,theta,switching,88,7Networks_RH_Cont_PFCmp_1,-0.150594070020815,-0.452536539933285,0.182327325851466,0.373639628392035,39,0.826837580890627,node
auc_degree,theta,detail,88,7Networks_RH_Cont_PFCmp_1,0.195894535223065,-0.136814217438917,0.488887124915843,0.24524257062737,39,0.826837580890627,node
auc_degree,theta,communication,88,7Networks_RH_Cont_PFCmp_1,-0.307901383201581,-0.574599492450835,0.0179099721437788,0.0637484115192163,39,0.826837580890627,node
auc_degree,theta,imagination,88,7Networks_RH_Cont_PFCmp_1,-0.0577634236669619,-0.374773398242807,0.271339698322549,0.734168830270933,39,0.908970932716394,node
auc_degree,theta,total,89,7Networks_RH_Cont_pCun_1,0.13659950242994,-0.196104933853224,0.441100226273515,0.420143107664042,39,0.826837580890627,node
auc_degree,theta,social,89,7Networks_RH_Cont_pCun_1,-0.0353916682012133,-0.355341217884857,0.29198122528686,0.835263953317098,39,0.922241835565859,node
auc_degree,theta,switching,89,7Networks_RH_Cont_pCun_1,0.104361716807726,-0.227350844135137,0.41437387182344,0.538751803757805,39,0.826837580890627,node
auc_degree,theta,detail,89,7Networks_RH_Cont_pCun_1,0.0474193417500665,-0.280921546534978,0.36582298130508,0.780477106557579,39,0.922241835565859,node
auc_degree,theta,communication,89,7Networks_RH_Cont_pCun_1,0.104134011792711,-0.227569140498329,0.414183174643996,0.539642937547767,39,0.826837580890627,node
auc_degree,theta,imagination,89,7Networks_RH_Cont_pCun_1,0.22584162080793,-0.105935037414304,0.512371691420226,0.178938446884651,39,0.826837580890627,node
auc_degree,theta,total,90,7Networks_RH_Default_Par_1,0.0487396284019406,-0.279702182378748,0.366968673241868,0.774521093699751,39,0.941109518634232,node
auc_degree,theta,social,90,7Networks_RH_Default_Par_1,0.092785571144203,-0.238406595972346,0.404644534508266,0.584927208611117,39,0.941109518634232,node
auc_degree,theta,switching,90,7Networks_RH_Default_Par_1,0.0105123360692264,-0.314583736691504,0.333401207099722,0.950761169497328,39,0.984961211565577,node
auc_degree,theta,detail,90,7Networks_RH_Default_Par_1,-0.002140435953006,-0.325938900255621,0.322107483338245,0.989968550393244,39,0.996067003962647,node
auc_degree,theta,communication,90,7Networks_RH_Default_Par_1,-0.0145914414405629,-0.33702252450595,0.310903023778598,0.931693466986868,39,0.984961211565577,node
auc_degree,theta,imagination,90,7Networks_RH_Default_Par_1,0.0382793849618055,-0.289333876458597,0.35786513969072,0.822029909206195,39,0.96862077914879,node
auc_degree,theta,total,91,7Networks_RH_Default_Temp_1,-0.199826599163065,-0.491995069604417,0.132796312249339,0.235707547982023,39,0.941109518634232,node
auc_degree,theta,social,91,7Networks_RH_Default_Temp_1,-0.100060653630504,-0.410767235507528,0.231468565003185,0.555702372901368,39,0.941109518634232,node
auc_degree,theta,switching,91,7Networks_RH_Default_Temp_1,-0.0687594343137458,-0.384223552849338,0.261081924233176,0.685939778046734,39,0.941109518634232,node
auc_degree,theta,detail,91,7Networks_RH_Default_Temp_1,-0.0836265783432959,-0.396896373177626,0.247093448582598,0.622659334337706,39,0.941109518634232,node
auc_degree,theta,communication,91,7Networks_RH_Default_Temp_1,-0.0718614043167315,-0.386877536615895,0.258174676570545,0.672543244368431,39,0.941109518634232,node
auc_degree,theta,imagination,91,7Networks_RH_Default_Temp_1,-0.28586469913492,-0.558186026469486,0.0420552832675582,0.0863152643623404,39,0.941109518634232,node
auc_degree,theta,total,92,7Networks_RH_Default_Temp_2,-0.132699104160532,-0.437895114015054,0.199921597885348,0.433659633396967,39,0.941109518634232,node
auc_degree,theta,social,92,7Networks_RH_Default_Temp_2,0.124190519113928,-0.208212638952777,0.430876246172155,0.463963617007108,39,0.941109518634232,node
auc_degree,theta,switching,92,7Networks_RH_Default_Temp_2,-0.0541659001713469,-0.371667258885102,0.274679542855964,0.750178782686926,39,0.941109518634232,node
auc_degree,theta,detail,92,7Networks_RH_Default_Temp_2,-0.227645665258977,-0.513772871675208,0.104054180554635,0.175399315134663,39,0.941109518634232,node
auc_degree,theta,communication,92,7Networks_RH_Default_Temp_2,-0.0173348934917266,-0.339452731517269,0.308422011973491,0.918889661741431,39,0.984961211565577,node
auc_degree,theta,imagination,92,7Networks_RH_Default_Temp_2,-0.292182391377086,-0.562913493776729,0.0351720133795733,0.0792943532385357,39,0.941109518634232,node
auc_degree,theta,total,93,7Networks_RH_Default_Temp_3,-0.0770919949788338,-0.391340937496368,0.253258854846278,0.650179142118907,39,0.941109518634232,node
auc_degree,theta,social,93,7Networks_RH_Default_Temp_3,0.0664093271523166,-0.263280529649472,0.382209370659231,0.696152726037507,39,0.941109518634232,node
auc_degree,theta,switching,93,7Networks_RH_Default_Temp_3,-0.0148410326029566,-0.337243795364155,0.310677491929876,0.930527867071126,39,0.984961211565577,node
auc_degree,theta,detail,93,7Networks_RH_Default_Temp_3,-0.224731195253007,-0.511508477676077,0.107091563393578,0.181141943659059,39,0.941109518634232,node
auc_degree,theta,communication,93,7Networks_RH_Default_Temp_3,0.0565654778837256,-0.272452719986158,0.373739869073581,0.739488124809493,39,0.941109518634232,node
auc_degree,theta,imagination,93,7Networks_RH_Default_Temp_3,-0.140937549823818,-0.444655871856425,0.191848142324574,0.405391972047931,39,0.941109518634232,node
auc_degree,theta,total,94,7Networks_RH_Default_PFCv_1,-0.194785923281535,-0.488009520151246,0.137945056716497,0.247976990766884,39,0.941109518634232,node
auc_degree,theta,social,94,7Networks_RH_Default_PFCv_1,-0.0313926406053011,-0.351838267359241,0.295639116591662,0.853664169469513,39,0.975616193679443,node
auc_degree,theta,switching,94,7Networks_RH_Default_PFCv_1,-0.165612203735555,-0.464699810164547,0.167395144398244,0.327288411718243,39,0.941109518634232,node
auc_degree,theta,detail,94,7Networks_RH_Default_PFCv_1,-0.084330037516372,-0.397493060106466,0.246428131615132,0.619725768528498,39,0.941109518634232,node
auc_degree,theta,communication,94,7Networks_RH_Default_PFCv_1,-0.0667729784478463,-0.382521237899137,0.2629405452788,0.6945688884094,39,0.941109518634232,node
auc_degree,theta,imagination,94,7Networks_RH_Default_PFCv_1,-0.242823742946276,-0.525501370530282,0.088135340745614,0.14758366310074,39,0.941109518634232,node
auc_degree,theta,total,95,7Networks_RH_Default_PFCv_2,-0.0857582042450102,-0.398703643141419,0.245076441791023,0.613787840324311,39,0.941109518634232,node
auc_degree,theta,social,95,7Networks_RH_Default_PFCv_2,0.0342127791248512,-0.293060545866198,0.354309502601452,0.840679721100155,39,0.96862077914879,node
auc_degree,theta,switching,95,7Networks_RH_Default_PFCv_2,-0.0747211336423866,-0.389319649377969,0.255489157294452,0.6602802285559,39,0.941109518634232,node
auc_degree,theta,detail,95,7Networks_RH_Default_PFCv_2,-0.158936858278829,-0.459307309808071,0.174051201446149,0.347430940779213,39,0.941109518634232,node
auc_degree,theta,communication,95,7Networks_RH_Default_PFCv_2,0.0203138464509225,-0.305722999134517,0.342086689240762,0.905009610075526,39,0.984961211565577,node
auc_degree,theta,imagination,95,7Networks_RH_Default_PFCv_2,-0.0772142660108928,-0.391445098039693,0.253143737471386,0.649659848508426,39,0.941109518634232,node
auc_degree,theta,total,96,7Networks_RH_Default_PFCdPFCm_1,-0.186696678703977,-0.481587876792733,0.146170312751369,0.268546142248766,39,0.941109518634232,node
auc_degree,theta,social,96,7Networks_RH_Default_PFCdPFCm_1,-0.0892194430114507,-0.401633038579363,0.241795204449976,0.59949765411711,39,0.941109518634232,node
auc_degree,theta,switching,96,7Networks_RH_Default_PFCdPFCm_1,-0.135792856566474,-0.440438009784761,0.196895090224553,0.422918884160648,39,0.941109518634232,node
auc_degree,theta,detail,96,7Networks_RH_Default_PFCdPFCm_1,0.0717563489209675,-0.258273235132007,0.386787738611224,0.672995354567606,39,0.941109518634232,node
auc_degree,theta,communication,96,7Networks_RH_Default_PFCdPFCm_1,-0.369390840412389,-0.619291334478916,-0.0515345810658399,0.0244463910080621,39,0.941109518634232,node
auc_degree,theta,imagination,96,7Networks_RH_Default_PFCdPFCm_1,0.0122291268417848,-0.313035809567226,0.334926488695015,0.942732169460623,39,0.984961211565577,node
auc_degree,theta,total,97,7Networks_RH_Default_PFCdPFCm_2,-0.097305695666503,-0.408451958126545,0.234099860255969,0.566688848772509,39,0.941109518634232,node
auc_degree,theta,social,97,7Networks_RH_Default_PFCdPFCm_2,-0.0341829937194897,-0.354283425541419,0.293087804808664,0.840816648566658,39,0.96862077914879,node
auc_degree,theta,switching,97,7Networks_RH_Default_PFCdPFCm_2,-0.17493002198844,-0.472190047264567,0.158053209882169,0.30041287569458,39,0.941109518634232,node
auc_degree,theta,detail,97,7Networks_RH_Default_PFCdPFCm_2,0.246941800747826,-0.0837869490622131,0.528665079852806,0.140626500426569,39,0.941109518634232,node
auc_degree,theta,communication,97,7Networks_RH_Default_PFCdPFCm_2,-0.217070094505181,-0.505537137989629,0.115046328315002,0.196870635164656,39,0.941109518634232,node
auc_degree,theta,imagination,97,7Networks_RH_Default_PFCdPFCm_2,-0.122643754717712,-0.42959629710891,0.209714742303478,0.469591008790599,39,0.941109518634232,node
auc_degree,theta,total,98,7Networks_RH_Default_PFCdPFCm_3,-0.10788408996196,-0.417320306672214,0.223969761714242,0.525057415766756,39,0.941109518634232,node
auc_degree,theta,social,98,7Networks_RH_Default_PFCdPFCm_3,-0.0874166509511174,-0.400108055350747,0.243505187634212,0.606922768950384,39,0.941109518634232,node
auc_degree,theta,switching,98,7Networks_RH_Default_PFCdPFCm_3,-0.112254806753676,-0.420967351261268,0.219763229756242,0.508305236596408,39,0.941109518634232,node
auc_degree,theta,detail,98,7Networks_RH_Default_PFCdPFCm_3,0.035004576220478,-0.292335715602829,0.355002536827376,0.837041426869431,39,0.96862077914879,node
auc_degree,theta,communication,98,7Networks_RH_Default_PFCdPFCm_3,-0.162340555330619,-0.462059665137248,0.170661136951152,0.337068052106284,39,0.941109518634232,node
auc_degree,theta,imagination,98,7Networks_RH_Default_PFCdPFCm_3,0.0599852866592368,-0.269273013575417,0.376688229580919,0.724335385911314,39,0.941109518634232,node
auc_degree,theta,total,99,7Networks_RH_Default_pCunPCC_1,-0.0701982795660499,-0.385455248845094,0.259734144341241,0.679713767697102,39,0.941109518634232,node
auc_degree,theta,social,99,7Networks_RH_Default_pCunPCC_1,-0.187629219453623,-0.482329792191012,0.145224433599084,0.266119429296692,39,0.941109518634232,node
auc_degree,theta,switching,99,7Networks_RH_Default_pCunPCC_1,-0.100476457023296,-0.411116330595899,0.231071004161683,0.554052875013893,39,0.941109518634232,node
auc_degree,theta,detail,99,7Networks_RH_Default_pCunPCC_1,0.064058260925181,-0.265476610793651,0.380191359461141,0.706422842829062,39,0.941109518634232,node
auc_degree,theta,communication,99,7Networks_RH_Default_pCunPCC_1,0.0654150292474241,-0.264209699399309,0.381356293667816,0.700489723081271,39,0.941109518634232,node
auc_degree,theta,imagination,99,7Networks_RH_Default_pCunPCC_1,0.01835464358709,-0.30749868054459,0.340354952443419,0.914135397541996,39,0.984961211565577,node
auc_degree,theta,total,100,7Networks_RH_Default_pCunPCC_2,0.0624561101248766,-0.266971189340777,0.378814444788094,0.713451023909625,39,0.941109518634232,node
auc_degree,theta,social,100,7Networks_RH_Default_pCunPCC_2,-0.0019941692074581,-0.325808165537758,0.322238568819994,0.990654018672863,39,0.996067003962647,node
auc_degree,theta,switching,100,7Networks_RH_Default_pCunPCC_2,-0.0194082654168303,-0.341286518935478,0.306544035020878,0.909226303462887,39,0.984961211565577,node
auc_degree,theta,detail,100,7Networks_RH_Default_pCunPCC_2,0.0106581911486074,-0.314452295099692,0.333530857680369,0.950078844969402,39,0.984961211565577,node
auc_degree,theta,communication,100,7Networks_RH_Default_pCunPCC_2,0.0896233251683306,-0.241411832293923,0.401974445427549,0.597839605916995,39,0.941109518634232,node
auc_degree,theta,imagination,100,7Networks_RH_Default_pCunPCC_2,0.140433471346636,-0.192343422701056,0.44424319892937,0.407090679080195,39,0.941109518634232,node
auc_degree,alpha,total,1,7Networks_LH_Vis_1,-0.183850251635125,-0.479320685195899,0.149053693915231,0.276042925469024,39,0.920532476348471,node
auc_degree,alpha,social,1,7Networks_LH_Vis_1,-0.102395918857091,-0.412726668458423,0.229234318559731,0.546468203852247,39,0.920532476348471,node
auc_degree,alpha,switching,1,7Networks_LH_Vis_1,-0.283571514013293,-0.556465673592128,0.0445460843625309,0.0889791845419923,39,0.907587682328322,node
auc_degree,alpha,detail,1,7Networks_LH_Vis_1,0.057686917228984,-0.271410807429447,0.374707415765937,0.734508183876447,39,0.924936231548118,node
auc_degree,alpha,communication,1,7Networks_LH_Vis_1,-0.0798099588253725,-0.393654424823499,0.250697700325139,0.638674488787741,39,0.920532476348471,node
auc_degree,alpha,imagination,1,7Networks_LH_Vis_1,-0.0903654389944486,-0.402601537595552,0.240707135131282,0.59479822951685,39,0.920532476348471,node
auc_degree,alpha,total,2,7Networks_LH_Vis_2,0.0634195335784996,-0.266072642360106,0.379642594615673,0.709221927565059,39,0.920532476348471,node
auc_degree,alpha,social,2,7Networks_LH_Vis_2,0.133117512119639,-0.199512655117958,0.438239308339885,0.432198268159035,39,0.920532476348471,node
auc_degree,alpha,switching,2,7Networks_LH_Vis_2,0.0173625219576172,-0.308397003901622,0.339477183536138,0.918760815402153,39,0.976183366364787,node
auc_degree,alpha,detail,2,7Networks_LH_Vis_2,-0.0533303367325886,-0.370944805999994,0.275454123738075,0.753912318536239,39,0.926494656514414,node
auc_degree,alpha,communication,2,7Networks_LH_Vis_2,0.0222366399581245,-0.303978108599286,0.343784121344328,0.896065057704588,39,0.972325913679447,node
auc_degree,alpha,imagination,2,7Networks_LH_Vis_2,0.0414786980671295,-0.286395004240525,0.360655960831699,0.807424352396519,39,0.946635447637298,node
auc_degree,alpha,total,3,7Networks_LH_Vis_3,0.197448382798697,-0.135227754839993,0.490116191904201,0.241444130070442,39,0.920532476348471,node
auc_degree,alpha,social,3,7Networks_LH_Vis_3,0.0841077909283016,-0.246638361481084,0.397304575102217,0.620651958739165,39,0.920532476348471,node
auc_degree,alpha,switching,3,7Networks_LH_Vis_3,0.0773859636023171,-0.252982069521075,0.391591350608789,0.648930911600942,39,0.920532476348471,node
auc_degree,alpha,detail,3,7Networks_LH_Vis_3,0.146291595289619,-0.18657706303878,0.449031114119912,0.387600738836673,39,0.920532476348471,node
auc_degree,alpha,communication,3,7Networks_LH_Vis_3,0.101570097139842,-0.230024816508929,0.412034080715158,0.549725366059941,39,0.920532476348471,node
auc_degree,alpha,imagination,3,7Networks_LH_Vis_3,0.163905184733352,-0.169100124778064,0.463322948240305,0.332368851065076,39,0.920532476348471,node
auc_degree,alpha,total,4,7Networks_LH_Vis_4,-0.0821925049767613,-0.395679145291588,0.248448800062141,0.628657447615315,39,0.920532476348471,node
auc_degree,alpha,social,4,7Networks_LH_Vis_4,0.0745799084222036,-0.255621899019078,0.389199151511588,0.660883815427847,39,0.920532476348471,node
auc_degree,alpha,switching,4,7Networks_LH_Vis_4,-0.334233146515293,-0.59393469669058,-0.0114484950520791,0.0431925516106147,39,0.906756050572644,node
auc_degree,alpha,detail,4,7Networks_LH_Vis_4,0.312848598404069,-0.012436630998165,0.578255047826148,0.0593891557486042,39,0.906756050572644,node
auc_degree,alpha,communication,4,7Networks_LH_Vis_4,-0.202694417807935,-0.494257137021934,0.129858975427813,0.228913563325271,39,0.920532476348471,node
auc_degree,alpha,imagination,4,7Networks_LH_Vis_4,-0.12089986297192,-0.428151744293847,0.21140640181335,0.475978601486694,39,0.920532476348471,node
auc_degree,alpha,total,5,7Networks_LH_Vis_5,0.0821350332971045,-0.248503089927964,0.395630340909682,0.62889831964497,39,0.920532476348471,node
auc_degree,alpha,social,5,7Networks_LH_Vis_5,0.0291284821933609,-0.297705888381382,0.349850989186255,0.864116459195231,39,0.972325913679447,node
auc_degree,alpha,switching,5,7Networks_LH_Vis_5,-0.165212485466992,-0.464377531631107,0.167794563982622,0.328473709040533,39,0.920532476348471,node
auc_degree,alpha,detail,5,7Networks_LH_Vis_5,0.390037307846416,0.0755625010920415,0.63394305762769,0.0170117678659091,39,0.867600161161365,node
auc_degree,alpha,communication,5,7Networks_LH_Vis_5,-0.109966577196424,-0.419059234544919,0.22196704351815,0.517042042822351,39,0.920532476348471,node
auc_degree,alpha,imagination,5,7Networks_LH_Vis_5,0.104781295079542,-0.226948515288137,0.414725186714699,0.537111615754122,39,0.920532476348471,node
auc_degree,alpha,total,6,7Networks_LH_Vis_6,0.214290649321201,-0.117921823005733,0.503363884569609,0.202806569014377,39,0.920532476348471,node
auc_degree,alpha,social,6,7Networks_LH_Vis_6,0.0605175123665248,-0.268777508691241,0.377146507386753,0.721986255959585,39,0.920532476348471,node
auc_degree,alpha,switching,6,7Networks_LH_Vis_6,0.0139782443305662,-0.311456956209933,0.336478753602744,0.934557710162757,39,0.980244160097195,node
auc_degree,alpha,detail,6,7Networks_LH_Vis_6,0.30290579882899,-0.023417082664758,0.570897367133144,0.0684028868065985,39,0.906756050572644,node
auc_degree,alpha,communication,6,7Networks_LH_Vis_6,0.0931076759162667,-0.238100127768222,0.40491621035835,0.583618948299501,39,0.920532476348471,node
auc_degree,alpha,imagination,6,7Networks_LH_Vis_6,0.152455123029377,-0.180485222689252,0.454049940501852,0.367694155221863,39,0.920532476348471,node
auc_degree,alpha,total,7,7Networks_LH_Vis_7,-0.0811666261341703,-0.3948077127695,0.249417570709805,0.632962717585539,39,0.920532476348471,node
auc_degree,alpha,social,7,7Networks_LH_Vis_7,0.12110890695778,-0.21120372398474,0.428324988756318,0.475210512753994,39,0.920532476348471,node
auc_degree,alpha,switching,7,7Networks_LH_Vis_7,-0.00160072106547475,-0.325456436083573,0.322591118641362,0.992497915668133,39,0.994053908200824,node
auc_degree,alpha,detail,7,7Networks_LH_Vis_7,-0.209548752299755,-0.499647724862961,0.122814759382194,0.213219240647729,39,0.920532476348471,node
auc_degree,alpha,communication,7,7Networks_LH_Vis_7,-0.0686744461395075,-0.384150765205804,0.2611614932536,0.6863081728041,39,0.920532476348471,node
auc_degree,alpha,imagination,7,7Networks_LH_Vis_7,-0.126723960259641,-0.432970008883035,0.205748956011607,0.454824651211934,39,0.920532476348471,node
auc_degree,alpha,total,8,7Networks_LH_Vis_8,-0.203738425676688,-0.495079646544954,0.12878820879924,0.226473705785886,39,0.920532476348471,node
auc_degree,alpha,social,8,7Networks_LH_Vis_8,-0.210018518839382,-0.500016351611492,0.122330749789652,0.212171530864359,39,0.920532476348471,node
auc_degree,alpha,switching,8,7Networks_LH_Vis_8,-0.193896230932666,-0.487304788498987,0.138851960110014,0.250186142828235,39,0.920532476348471,node
auc_degree,alpha,detail,8,7Networks_LH_Vis_8,0.324993661138634,0.00108320901122579,0.587184210867309,0.0496866028806977,39,0.906756050572644,node
auc_degree,alpha,communication,8,7Networks_LH_Vis_8,-0.45387050165399,-0.678161137944897,-0.152234352371644,0.00477917926643333,39,0.4874762851762,node
auc_degree,alpha,imagination,8,7Networks_LH_Vis_8,-0.0124278334819487,-0.335102920340682,0.312856536075026,0.941803212642403,39,0.980244160097195,node
auc_degree,alpha,total,9,7Networks_LH_Vis_9,0.300113920512489,-0.0264862344427107,0.568823605182151,0.0711181216135407,39,0.906756050572644,node
auc_degree,alpha,social,9,7Networks_LH_Vis_9,0.182995345470847,-0.149918594919221,0.478638977751633,0.278320928987335,39,0.920532476348471,node
auc_degree,alpha,switching,9,7Networks_LH_Vis_9,0.17048080673294,-0.162521389006182,0.468618840405786,0.313065062652153,39,0.920532476348471,node
auc_degree,alpha,detail,9,7Networks_LH_Vis_9,0.261238126991539,-0.0685925886330856,0.539587852916865,0.118342389780847,39,0.920532476348471,node
auc_degree,alpha,communication,9,7Networks_LH_Vis_9,0.0883502948428824,-0.242619865072576,0.400898041685791,0.603072483924435,39,0.920532476348471,node
auc_degree,alpha,imagination,9,7Networks_LH_Vis_9,0.109391796493897,-0.222520087388692,0.418579505021308,0.519248268344376,39,0.920532476348471,node
auc_degree,alpha,total,10,7Networks_LH_SomMot_1,-0.137783090932965,-0.44207129425315,0.194944757706125,0.416088810960433,39,0.941476241044491,node
auc_degree,alpha,social,10,7Networks_LH_SomMot_1,-0.0756507634031431,-0.390112570529125,0.25461506022122,0.656312344361383,39,0.941476241044491,node
auc_degree,alpha,switching,10,7Networks_LH_SomMot_1,-0.0932474674971946,-0.405034098954153,0.237967101839472,0.583051577023553,39,0.941476241044491,node
auc_degree,alpha,detail,10,7Networks_LH_SomMot_1,-0.0332107544039828,-0.353431958632588,0.293977284635605,0.845288668473701,39,0.941476241044491,node
auc_degree,alpha,communication,10,7Networks_LH_SomMot_1,-0.0475826252004333,-0.365964724463923,0.280770801865461,0.77973983471366,39,0.941476241044491,node
auc_degree,alpha,imagination,10,7Networks_LH_SomMot_1,-0.154894288967245,-0.456030828395554,0.178067351298626,0.359987707239363,39,0.941476241044491,node
auc_degree,alpha,total,11,7Networks_LH_SomMot_2,0.0393842421313415,-0.288319658145899,0.358829573268076,0.81697906211847,39,0.941476241044491,node
auc_degree,alpha,social,11,7Networks_LH_SomMot_2,0.0963697657682108,-0.234992675228438,0.4076644868104,0.570443763826033,39,0.941476241044491,node
auc_degree,alpha,switching,11,7Networks_LH_SomMot_2,-0.0476969644902884,-0.366063971364741,0.280665233216236,0.77922367259725,39,0.941476241044491,node
auc_degree,alpha,detail,11,7Networks_LH_SomMot_2,0.089132530666356,-0.241877689690155,0.401559559086299,0.599854713629872,39,0.941476241044491,node
auc_degree,alpha,communication,11,7Networks_LH_SomMot_2,0.0756899949016097,-0.254578160397657,0.390146022505699,0.656145097637295,39,0.941476241044491,node
auc_degree,alpha,imagination,11,7Networks_LH_SomMot_2,-0.162380234119804,-0.462091716863941,0.170621570541585,0.336948378623004,39,0.941476241044491,node
auc_degree,alpha,total,12,7Networks_LH_SomMot_3,0.132606994515244,-0.200011608272811,0.437819329975001,0.43398170946738,39,0.941476241044491,node
auc_degree,alpha,social,12,7Networks_LH_SomMot_3,0.0671484595630285,-0.262589415045345,0.382843174909977,0.692934864721949,39,0.941476241044491,node
auc_degree,alpha,switching,12,7Networks_LH_SomMot_3,0.18984183612083,-0.142977732169699,0.484088426738265,0.260419544597984,39,0.941476241044491,node
auc_degree,alpha,detail,12,7Networks_LH_SomMot_3,-0.0570364207687771,-0.37414626959116,0.272015267942165,0.737395537474604,39,0.941476241044491,node
auc_degree,alpha,communication,12,7Networks_LH_SomMot_3,0.0650156276830491,-0.264582767321729,0.381013467865335,0.702234502014198,39,0.941476241044491,node
auc_degree,alpha,imagination,12,7Networks_LH_SomMot_3,0.110253433936177,-0.221690955100287,0.419298589399986,0.515942717954598,39,0.941476241044491,node
auc_degree,alpha,total,13,7Networks_LH_SomMot_4,0.0915626896177376,-0.239569512464685,0.403612606600477,0.589905890541331,39,0.941476241044491,node
auc_degree,alpha,social,13,7Networks_LH_SomMot_4,0.138414253027665,-0.194325699638642,0.442588835922463,0.413935873518122,39,0.941476241044491,node
auc_degree,alpha,switching,13,7Networks_LH_SomMot_4,0.0293657817214216,-0.297489419969376,0.350059405241465,0.863019887624117,39,0.941476241044491,node
auc_degree,alpha,detail,13,7Networks_LH_SomMot_4,-0.098697153829141,-0.409621845608103,0.232771467496705,0.561127422309536,39,0.941476241044491,node
auc_degree,alpha,communication,13,7Networks_LH_SomMot_4,0.289056575489637,-0.0385815474021756,0.560576688269776,0.0827104169055491,39,0.941476241044491,node
auc_degree,alpha,imagination,13,7Networks_LH_SomMot_4,-0.158789969049542,-0.459188399777546,0.174197324905961,0.347882476537631,39,0.941476241044491,node
auc_degree,alpha,total,14,7Networks_LH_SomMot_5,0.126310190089472,-0.206151621192343,0.432628274113305,0.456310596450876,39,0.941476241044491,node
auc_degree,alpha,social,14,7Networks_LH_SomMot_5,-0.0369721640068959,-0.356723180800291,0.290532908051922,0.828014969633396,39,0.941476241044491,node
auc_degree,alpha,switching,14,7Networks_LH_SomMot_5,0.175212198275103,-0.157769370282938,0.472416210289458,0.299621607256597,39,0.941476241044491,node
auc_degree,alpha,detail,14,7Networks_LH_SomMot_5,0.0193041129405355,-0.306638432720683,0.341194460010791,0.909711431882404,39,0.941525063407156,node
auc_degree,alpha,communication,14,7Networks_LH_SomMot_5,0.0646610418090733,-0.264913891726312,0.380709036719256,0.703784763381964,39,0.941476241044491,node
auc_degree,alpha,imagination,14,7Networks_LH_SomMot_5,0.174493960258603,-0.158491733816624,0.471840468763393,0.301638281213615,39,0.941476241044491,node
auc_degree,alpha,total,15,7Networks_LH_SomMot_6,0.0216127696004549,-0.304544496449308,0.343233602027719,0.898965879968035,39,0.941525063407156,node
auc_degree,alpha,social,15,7Networks_LH_SomMot_6,-0.0765385089640683,-0.39086933174464,0.253779841296191,0.65253186577441,39,0.941476241044491,node
auc_degree,alpha,switching,15,7Networks_LH_SomMot_6,0.0507887862472453,-0.277807561030411,0.368744940489636,0.765302229778876,39,0.941476241044491,node
auc_degree,alpha,detail,15,7Networks_LH_SomMot_6,0.0453489411955932,-0.282831553877676,0.364024425242475,0.789841734140155,39,0.941476241044491,node
auc_degree,alpha,communication,15,7Networks_LH_SomMot_6,0.0172881191943673,-0.308464348983276,0.339411333872323,0.9191077999927,39,0.941525063407156,node
auc_degree,alpha,imagination,15,7Networks_LH_SomMot_6,0.0488052697919385,-0.27964153094381,0.367025609032536,0.774225303308032,39,0.941476241044491,node
auc_degree,alpha,total,16,7Networks_LH_DorsAttn_Post_1,-0.131618629694465,-0.437005870867466,0.200977094207712,0.43744599456418,39,0.974900280922833,node
auc_degree,alpha,social,16,7Networks_LH_DorsAttn_Post_1,-0.0141289121427491,-0.336612382730728,0.311320870731951,0.933853864479261,39,0.974900280922833,node
auc_degree,alpha,switching,16,7Networks_LH_DorsAttn_Post_1,-0.117147582201357,-0.425038209380862,0.215039557977235,0.489875595588894,39,0.974900280922833,node
auc_degree,alpha,detail,16,7Networks_LH_DorsAttn_Post_1,-0.234513846261894,-0.519093376415356,0.0968717907332216,0.162382644613875,39,0.974900280922833,node
auc_degree,alpha,communication,16,7Networks_LH_DorsAttn_Post_1,0.136080749773173,-0.196613131733017,0.440674393964571,0.421927028479185,39,0.974900280922833,node
auc_degree,alpha,imagination,16,7Networks_LH_DorsAttn_Post_1,-0.15272469468327,-0.454269010845953,0.180218202100529,0.366837658028105,39,0.974900280922833,node
auc_degree,alpha,total,17,7Networks_LH_DorsAttn_Post_2,-0.076295187792246,-0.390661954189482,0.254008814515264,0.653567208970387,39,0.974900280922833,node
auc_degree,alpha,social,17,7Networks_LH_DorsAttn_Post_2,-0.036598472168558,-0.356396556277663,0.290875483150896,0.829727675625333,39,0.974900280922833,node
auc_degree,alpha,switching,17,7Networks_LH_DorsAttn_Post_2,-0.152882474350017,-0.454397215295578,0.180061892797043,0.366336904531115,39,0.974900280922833,node
auc_degree,alpha,detail,17,7Networks_LH_DorsAttn_Post_2,-0.178823731925036,-0.475307386261404,0.154131682847,0.289611794369945,39,0.974900280922833,node
auc_degree,alpha,communication,17,7Networks_LH_DorsAttn_Post_2,0.333800494742253,0.0109615730552588,0.593619409782541,0.0434805012860496,39,0.974900280922833,node
auc_degree,alpha,imagination,17,7Networks_LH_DorsAttn_Post_2,-0.184486473772733,-0.479827781354499,0.148409702841774,0.27435554838127,39,0.974900280922833,node
auc_degree,alpha,total,18,7Networks_LH_DorsAttn_Post_3,-0.138334085050008,-0.442523110842287,0.194404344902693,0.414208981936017,39,0.974900280922833,node
auc_degree,alpha,social,18,7Networks_LH_DorsAttn_Post_3,-0.00936025536051865,-0.332376693163357,0.315621530114472,0.956151892246574,39,0.974900280922833,node
auc_degree,alpha,switching,18,7Networks_LH_DorsAttn_Post_3,0.013679950347668,-0.311726340539869,0.33621415469884,0.935951336303336,39,0.974900280922833,node
auc_degree,alpha,detail,18,7Networks_LH_DorsAttn_Post_3,0.0294214222335147,-0.297438658943212,0.350108268742393,0.862762806816204,39,0.974900280922833,node
auc_degree,alpha,communication,18,7Networks_LH_DorsAttn_Post_3,-0.25492249965867,-0.534774071757244,0.0753238573218954,0.127835240295529,39,0.974900280922833,node
auc_degree,alpha,imagination,18,7Networks_LH_DorsAttn_Post_3,-0.246179105974717,-0.5280797274651,0.0845932548706599,0.141896467702137,39,0.974900280922833,node
auc_degree,alpha,total,19,7Networks_LH_DorsAttn_Post_4,-0.029698572768358,-0.350351636362495,0.297185786049044,0.861482471101023,39,0.974900280922833,node
auc_degree,alpha,social,19,7Networks_LH_DorsAttn_Post_4,-0.140782082948564,-0.444528609847724,0.192000913786772,0.405915451305712,39,0.974900280922833,node
auc_degree,alpha,switching,19,7Networks_LH_DorsAttn_Post_4,0.0228051166649217,-0.303461809630975,0.344285567486463,0.893422956114785,39,0.974900280922833,node
auc_degree,alpha,detail,19,7Networks_LH_DorsAttn_Post_4,0.200056451656844,-0.132561103131922,0.492176517343782,0.235158043118191,39,0.974900280922833,node
auc_degree,alpha,communication,19,7Networks_LH_DorsAttn_Post_4,-0.165069131939809,-0.464261931506989,0.167937783759501,0.328899447563451,39,0.974900280922833,node
auc_degree,alpha,imagination,19,7Networks_LH_DorsAttn_Post_4,0.0191593182262431,-0.306769655510764,0.341066467717433,0.910385919918914,39,0.974900280922833,node
auc_degree,alpha,total,20,7Networks_LH_DorsAttn_Post_5,-0.222852694588387,-0.510046864814399,0.109046009581934,0.184913319372609,39,0.974900280922833,node
auc_degree,alpha,social,20,7Networks_LH_DorsAttn_Post_5,-0.312951403257705,-0.578330898681521,0.0123226859492121,0.0593011446622467,39,0.974900280922833,node
auc_degree,alpha,switching,20,7Networks_LH_DorsAttn_Post_5,-0.0791211562215386,-0.393068502924665,0.251347201361154,0.641582343399852,39,0.974900280922833,node
auc_degree,alpha,detail,20,7Networks_LH_DorsAttn_Post_5,0.0830826676466996,-0.247607654269871,0.396434836601443,0.624931488285867,39,0.974900280922833,node
auc_degree,alpha,communication,20,7Networks_LH_DorsAttn_Post_5,-0.154069868312974,-0.455361636095649,0.178885024600999,0.362581506587256,39,0.974900280922833,node
auc_degree,alpha,imagination,20,7Networks_LH_DorsAttn_Post_5,-0.131940226155877,-0.437270610938572,0.200663013035395,0.436317110217998,39,0.974900280922833,node
auc_degree,alpha,total,21,7Networks_LH_DorsAttn_Post_6,-0.118957424594863,-0.426540874786737,0.213288320272495,0.48314670615372,39,0.974900280922833,node
auc_degree,alpha,social,21,7Networks_LH_DorsAttn_Post_6,-0.0808929077977824,-0.394575107388768,0.249675940031621,0.634113442074799,39,0.974900280922833,node
auc_degree,alpha,switching,21,7Networks_LH_DorsAttn_Post_6,-0.06423427186312,-0.380342540769772,0.26531232103917,0.705652177996407,39,0.974900280922833,node
auc_degree,alpha,detail,21,7Networks_LH_DorsAttn_Post_6,-0.0874921780215767,-0.400171978530415,0.243433590009546,0.606610910210632,39,0.974900280922833,node
auc_degree,alpha,communication,21,7Networks_LH_DorsAttn_Post_6,-0.0325563859306734,-0.352858577479537,0.294575632698651,0.848301269897231,39,0.974900280922833,node
auc_degree,alpha,imagination,21,7Networks_LH_DorsAttn_Post_6,-0.060167523248409,-0.376845163515136,0.269103369992283,0.723530751979043,39,0.974900280922833,node
auc_degree,alpha,total,22,7Networks_LH_DorsAttn_PrCv_1,0.242278434236438,-0.0887102058189779,0.525081848650747,0.148523452219442,39,0.974900280922833,node
auc_degree,alpha,social,22,7Networks_LH_DorsAttn_PrCv_1,0.211230949816994,-0.121080827669588,0.50096726327729,0.209483926938392,39,0.974900280922833,node
auc_degree,alpha,switching,22,7Networks_LH_DorsAttn_PrCv_1,-0.0310795896694378,-0.351563670890209,0.295925058618296,0.855107920297974,39,0.974900280922833,node
auc_degree,alpha,detail,22,7Networks_LH_DorsAttn_PrCv_1,0.167479642984812,-0.165527651085321,0.46620441045485,0.321786081606112,39,0.974900280922833,node
auc_degree,alpha,communication,22,7Networks_LH_DorsAttn_PrCv_1,0.151762154420493,-0.18117140830276,0.453486624598971,0.369901351748638,39,0.974900280922833,node
auc_degree,alpha,imagination,22,7Networks_LH_DorsAttn_PrCv_1,0.189970177182534,-0.142847308714879,0.484190362040536,0.260091425758281,39,0.974900280922833,node
auc_degree,alpha,total,23,7Networks_LH_DorsAttn_FEF_1,0.0947532519401707,-0.236533406322342,0.406303295423147,0.576955719540568,39,0.974900280922833,node
auc_degree,alpha,social,23,7Networks_LH_DorsAttn_FEF_1,0.0943102672943913,-0.236955333053787,0.405930037037018,0.578746066572952,39,0.974900280922833,node
auc_degree,alpha,switching,23,7Networks_LH_DorsAttn_FEF_1,0.0510247111406937,-0.277589264101762,0.368949297817665,0.764242849870021,39,0.974900280922833,node
auc_degree,alpha,detail,23,7Networks_LH_DorsAttn_FEF_1,0.10841092376727,-0.223463372803829,0.41776044003459,0.52302393109526,39,0.974900280922833,node
auc_degree,alpha,communication,23,7Networks_LH_DorsAttn_FEF_1,0.0226483190832952,-0.303604234654445,0.344147276630066,0.894151590393065,39,0.974900280922833,node
auc_degree,alpha,imagination,23,7Networks_LH_DorsAttn_FEF_1,-0.051932803733936,-0.369735597731952,0.276748706066197,0.760169169957699,39,0.974900280922833,node
auc_degree,alpha,total,24,7Networks_LH_SalVentAttn_ParOper_1,0.191422622800701,-0.141370490466453,0.485343415273689,0.256397152925623,39,0.985215778776928,node
auc_degree,alpha,social,24,7Networks_LH_SalVentAttn_ParOper_1,0.159486443585792,-0.173504351157334,0.459752115615261,0.345744686946716,39,0.985215778776928,node
auc_degree,alpha,switching,24,7Networks_LH_SalVentAttn_ParOper_1,0.111755099694693,-0.220244791353658,0.420550886871603,0.510206851917544,39,0.985215778776928,node
auc_degree,alpha,detail,24,7Networks_LH_SalVentAttn_ParOper_1,-0.120330273100451,-0.427679584080217,0.21195850059897,0.478074739789118,39,0.985215778776928,node
auc_degree,alpha,communication,24,7Networks_LH_SalVentAttn_ParOper_1,0.352603801074876,0.0322657116770626,0.607248766864877,0.0323166734253256,39,0.833231092135519,node
auc_degree,alpha,imagination,24,7Networks_LH_SalVentAttn_ParOper_1,0.0144884934129009,-0.310996037465615,0.336931247282129,0.93217427901887,39,0.985215778776928,node
auc_degree,alpha,total,25,7Networks_LH_SalVentAttn_FrOperIns_1,0.0557716266882517,-0.273189809130964,0.373054538817708,0.743019694766022,39,0.985215778776928,node
auc_degree,alpha,social,25,7Networks_LH_SalVentAttn_FrOperIns_1,-0.0104323644245179,-0.333330115120282,0.314655800198284,0.951135299469998,39,0.985215778776928,node
auc_degree,alpha,switching,25,7Networks_LH_SalVentAttn_FrOperIns_1,-0.0299167759115155,-0.350543211450121,0.296986664645809,0.860474695826553,39,0.985215778776928,node
auc_degree,alpha,detail,25,7Networks_LH_SalVentAttn_FrOperIns_1,0.0346349299486683,-0.292674145576251,0.354679041242019,0.838739535175339,39,0.985215778776928,node
auc_degree,alpha,communication,25,7Networks_LH_SalVentAttn_FrOperIns_1,0.138286207016289,-0.19445131149908,0.442483856857617,0.414372136745162,39,0.985215778776928,node
auc_degree,alpha,imagination,25,7Networks_LH_SalVentAttn_FrOperIns_1,0.0477854619761208,-0.280583518665278,0.366140782518201,0.778824232098373,39,0.985215778776928,node
auc_degree,alpha,total,26,7Networks_LH_SalVentAttn_FrOperIns_2,0.244443332395801,-0.0864266669605611,0.526746557990802,0.144818082605315,39,0.985215778776928,node
auc_degree,alpha,social,26,7Networks_LH_SalVentAttn_FrOperIns_2,0.18132142637365,-0.151610609798345,0.477303151309078,0.282816629461745,39,0.985215778776928,node
auc_degree,alpha,switching,26,7Networks_LH_SalVentAttn_FrOperIns_2,0.108466108658717,-0.223410319110536,0.417806534811603,0.522811151218619,39,0.985215778776928,node
auc_degree,alpha,detail,26,7Networks_LH_SalVentAttn_FrOperIns_2,-0.113892508884648,-0.422331328520031,0.218183861263806,0.502098041256882,39,0.985215778776928,node
auc_degree,alpha,communication,26,7Networks_LH_SalVentAttn_FrOperIns_2,0.193242676763151,-0.13951780186119,0.486786859967848,0.251817300809629,39,0.985215778776928,node
auc_degree,alpha,imagination,26,7Networks_LH_SalVentAttn_FrOperIns_2,0.383237720766028,0.0676087477013089,0.629137003035231,0.01921582017103,39,0.833231092135519,node
auc_degree,alpha,total,27,7Networks_LH_SalVentAttn_PFCl_1,-0.209924158476787,-0.4999423152784,0.122427983793702,0.212381694636892,39,0.985215778776928,node
auc_degree,alpha,social,27,7Networks_LH_SalVentAttn_PFCl_1,-0.348156226165508,-0.60403846965272,-0.0272001906208372,0.0347179621723133,39,0.833231092135519,node
auc_degree,alpha,switching,27,7Networks_LH_SalVentAttn_PFCl_1,-0.187707771892762,-0.482392268029749,0.145144729807627,0.265915676831015,39,0.985215778776928,node
auc_degree,alpha,detail,27,7Networks_LH_SalVentAttn_PFCl_1,0.0956407986981896,-0.235687674270603,0.407050828643309,0.573376182625514,39,0.985215778776928,node
auc_degree,alpha,communication,27,7Networks_LH_SalVentAttn_PFCl_1,-0.113252992195268,-0.421798866565007,0.218800805955246,0.50451735434803,39,0.985215778776928,node
auc_degree,alpha,imagination,27,7Networks_LH_SalVentAttn_PFCl_1,0.0670529942290287,-0.262678697495545,0.382761330327703,0.693350182866864,39,0.985215778776928,node
auc_degree,alpha,total,28,7Networks_LH_SalVentAttn_Med_1,0.0268350885024185,-0.299796228103353,0.347835103869633,0.874726939027271,39,0.985215778776928,node
auc_degree,alpha,social,28,7Networks_LH_SalVentAttn_Med_1,0.00315464011158249,-0.32119820295188,0.326845065820974,0.985215778776928,39,0.985215778776928,node
auc_degree,alpha,switching,28,7Networks_LH_SalVentAttn_Med_1,0.018852951639579,-0.307047264850995,0.340795613495984,0.911813251025933,39,0.985215778776928,node
auc_degree,alpha,detail,28,7Networks_LH_SalVentAttn_Med_1,0.0868186486250475,-0.244071950402769,0.399601821968146,0.609394393525496,39,0.985215778776928,node
auc_degree,alpha,communication,28,7Networks_LH_SalVentAttn_Med_1,-0.0713627461452822,-0.386451246368477,0.258642435653744,0.674690244477899,39,0.985215778776928,node
auc_degree,alpha,imagination,28,7Networks_LH_SalVentAttn_Med_1,0.039701022057607,-0.288028730107591,0.359105965783004,0.815532235299359,39,0.985215778776928,node
auc_degree,alpha,total,29,7Networks_LH_SalVentAttn_Med_2,-0.102661299057003,-0.412949157374776,0.228980196845823,0.545423450374874,39,0.985215778776928,node
auc_degree,alpha,social,29,7Networks_LH_SalVentAttn_Med_2,-0.13144975141716,-0.436866828099208,0.201141998642298,0.438039442868095,39,0.985215778776928,node
auc_degree,alpha,switching,29,7Networks_LH_SalVentAttn_Med_2,0.0383540693089036,-0.28926534214283,0.357930353405187,0.821688265404235,39,0.985215778776928,node
auc_degree,alpha,detail,29,7Networks_LH_SalVentAttn_Med_2,-0.108877543822026,-0.41815014774412,0.223014711265358,0.521226096005423,39,0.985215778776928,node
auc_degree,alpha,communication,29,7Networks_LH_SalVentAttn_Med_2,0.0235774803789131,-0.302760030350247,0.344966566035745,0.889835068610738,39,0.985215778776928,node
auc_degree,alpha,imagination,29,7Networks_LH_SalVentAttn_Med_2,-0.108323106531384,-0.417687084864275,0.223547794551191,0.52336262121408,39,0.985215778776928,node
auc_degree,alpha,total,30,7Networks_LH_SalVentAttn_Med_3,-0.0162426406903725,-0.338485706170921,0.309410310506069,0.923985020758579,39,0.985215778776928,node
auc_degree,alpha,social,30,7Networks_LH_SalVentAttn_Med_3,0.12794997075626,-0.204555188502195,0.433982060247698,0.450437106542775,39,0.985215778776928,node
auc_degree,alpha,switching,30,7Networks_LH_SalVentAttn_Med_3,-0.189546446447762,-0.483853782189138,0.143277870765141,0.261175782951249,39,0.985215778776928,node
auc_degree,alpha,detail,30,7Networks_LH_SalVentAttn_Med_3,0.0758428894612489,-0.254434343756322,0.390276384960883,0.65549345439078,39,0.985215778776928,node
auc_degree,alpha,communication,30,7Networks_LH_SalVentAttn_Med_3,-0.0748830686730009,-0.389457804264834,0.255336934488519,0.659588389489161,39,0.985215778776928,node
auc_degree,alpha,imagination,30,7Networks_LH_SalVentAttn_Med_3,-0.00393935082500997,-0.327545776686433,0.320494263323066,0.981538797142134,39,0.985215778776928,node
auc_degree,alpha,total,31,7Networks_LH_Limbic_OFC_1,0.00584369061850697,-0.318784447874474,0.329244786371887,0.972617187418789,39,0.995614542774053,node
auc_degree,alpha,social,31,7Networks_LH_Limbic_OFC_1,0.0662861028184246,-0.263395715801195,0.382103677187104,0.696689702179474,39,0.995614542774053,node
auc_degree,alpha,switching,31,7Networks_LH_Limbic_OFC_1,-0.0177056263025368,-0.339780804876731,0.30808640342063,0.917160907023865,39,0.995614542774053,node
auc_degree,alpha,detail,31,7Networks_LH_Limbic_OFC_1,-0.129738006602987,-0.43545667089357,0.202812401479367,0.444079547133078,39,0.995614542774053,node
auc_degree,alpha,communication,31,7Networks_LH_Limbic_OFC_1,0.0207797718886551,-0.305300383548661,0.342498198660794,0.902841093048527,39,0.995614542774053,node
auc_degree,alpha,imagination,31,7Networks_LH_Limbic_OFC_1,0.0938528800896117,-0.237390846615428,0.405544533952676,0.580597237296909,39,0.995614542774053,node
auc_degree,alpha,total,32,7Networks_LH_Limbic_TempPole_1,-0.108039191016047,-0.417449898001042,0.223820698291517,0.52445835159117,39,0.995614542774053,node
auc_degree,alpha,social,32,7Networks_LH_Limbic_TempPole_1,-0.0455444132539542,-0.364194333395743,0.282651336166659,0.788956330317274,39,0.995614542774053,node
auc_degree,alpha,switching,32,7Networks_LH_Limbic_TempPole_1,-0.196269495868412,-0.489183818923852,0.136431542595572,0.2443223165757,39,0.916208687158876,node
auc_degree,alpha,detail,32,7Networks_LH_Limbic_TempPole_1,0.00424078535817389,-0.320223760460323,0.327814849371781,0.980126436924311,39,0.995614542774053,node
auc_degree,alpha,communication,32,7Networks_LH_Limbic_TempPole_1,-0.000935717105994066,-0.324861741001031,0.323186792049714,0.995614542774053,39,0.995614542774053,node
auc_degree,alpha,imagination,32,7Networks_LH_Limbic_TempPole_1,-0.0512327894274826,-0.369129509004317,0.277396704955219,0.763308860378303,39,0.995614542774053,node
auc_degree,alpha,total,33,7Networks_LH_Limbic_TempPole_2,-0.0866621297575224,-0.399469290847714,0.244220255431573,0.610042013249435,39,0.995614542774053,node
auc_degree,alpha,social,33,7Networks_LH_Limbic_TempPole_2,-0.0262483642875464,-0.347318898030446,0.300330501201632,0.877444982195652,39,0.995614542774053,node
auc_degree,alpha,switching,33,7Networks_LH_Limbic_TempPole_2,-0.12200104588297,-0.429064091951032,0.210338432634015,0.471939858274305,39,0.995614542774053,node
auc_degree,alpha,detail,33,7Networks_LH_Limbic_TempPole_2,0.00429663358568187,-0.320173637282249,0.3278646960006,0.97986476856125,39,0.995614542774053,node
auc_degree,alpha,communication,33,7Networks_LH_Limbic_TempPole_2,-0.00853416167303245,-0.331641601011788,0.31636519637537,0.960018477859941,39,0.995614542774053,node
auc_degree,alpha,imagination,33,7Networks_LH_Limbic_TempPole_2,-0.102052528238983,-0.412438722354419,0.229563074098265,0.547821475703395,39,0.995614542774053,node
auc_degree,alpha,total,34,7Networks_LH_Cont_Par_1,0.0248965030368488,-0.301560731183355,0.346128775835689,0.883712792007548,39,0.977779141481739,node
auc_degree,alpha,social,34,7Networks_LH_Cont_Par_1,-0.0409044207370625,-0.36015542841425,0.286922987109992,0.810041480183936,39,0.977779141481739,node
auc_degree,alpha,switching,34,7Networks_LH_Cont_Par_1,-0.0967941131336728,-0.408021580954815,0.234587945294963,0.5687398937317,39,0.977779141481739,node
auc_degree,alpha,detail,34,7Networks_LH_Cont_Par_1,0.349403352159796,0.028618931279381,0.60493949432563,0.0340303819138702,39,0.977779141481739,node
auc_degree,alpha,communication,34,7Networks_LH_Cont_Par_1,-0.161446340135152,-0.461337128399649,0.171552534798149,0.339771984024244,39,0.977779141481739,node
auc_degree,alpha,imagination,34,7Networks_LH_Cont_Par_1,0.0244887073189064,-0.301931622933627,0.34576956643025,0.885604893513716,39,0.977779141481739,node
auc_degree,alpha,total,35,7Networks_LH_Cont_PFCl_1,-0.0736999974270336,-0.388448140744696,0.256448672814183,0.664649234320686,39,0.977779141481739,node
auc_degree,alpha,social,35,7Networks_LH_Cont_PFCl_1,-0.118375539384583,-0.42605793565055,0.213851596363131,0.48530487126914,39,0.977779141481739,node
auc_degree,alpha,switching,35,7Networks_LH_Cont_PFCl_1,-0.131484946929028,-0.436895806868967,0.201107632864265,0.437915727234354,39,0.977779141481739,node
auc_degree,alpha,detail,35,7Networks_LH_Cont_PFCl_1,-0.0508042307312926,-0.368758319388643,0.277793271573758,0.765232866126982,39,0.977779141481739,node
auc_degree,alpha,communication,35,7Networks_LH_Cont_PFCl_1,-0.0519516794155267,-0.369751936993823,0.276731228825327,0.760084561173485,39,0.977779141481739,node
auc_degree,alpha,imagination,35,7Networks_LH_Cont_PFCl_1,0.249043381428813,-0.081562956592612,0.530276614183762,0.137170415113687,39,0.977779141481739,node
auc_degree,alpha,total,36,7Networks_LH_Cont_pCun_1,0.0472337170947485,-0.281092897119481,0.365661826241951,0.781315484701317,39,0.977779141481739,node
auc_degree,alpha,social,36,7Networks_LH_Cont_pCun_1,-0.0396361894705772,-0.359049403494907,0.288088276738044,0.815828295948078,39,0.977779141481739,node
auc_degree,alpha,switching,36,7Networks_LH_Cont_pCun_1,0.104880911402934,-0.226852977690261,0.414808582367239,0.536722555057633,39,0.977779141481739,node
auc_degree,alpha,detail,36,7Networks_LH_Cont_pCun_1,0.282370479740377,-0.0458489923958394,0.55556372022195,0.0903994291795874,39,0.977779141481739,node
auc_degree,alpha,communication,36,7Networks_LH_Cont_pCun_1,-0.0837505860006374,-0.397001577966759,0.246976187369946,0.622141779671073,39,0.977779141481739,node
auc_degree,alpha,imagination,36,7Networks_LH_Cont_pCun_1,-0.197746054769488,-0.490351512615775,0.134923639964145,0.240721005320018,39,0.977779141481739,node
auc_degree,alpha,total,37,7Networks_LH_Cont_Cing_1,-0.141280399508412,-0.444936478273645,0.191511179801035,0.404238912608264,39,0.977779141481739,node
auc_degree,alpha,social,37,7Networks_LH_Cont_Cing_1,0.00474178804182129,-0.319774051032124,0.328261948577564,0.977779141481739,39,0.977779141481739,node
auc_degree,alpha,switching,37,7Networks_LH_Cont_Cing_1,-0.20723441935786,-0.497830127937136,0.125196955635334,0.218432966092977,39,0.977779141481739,node
auc_degree,alpha,detail,37,7Networks_LH_Cont_Cing_1,-0.0408768896334544,-0.360131428055632,0.286948293835078,0.810166997704177,39,0.977779141481739,node
auc_degree,alpha,communication,37,7Networks_LH_Cont_Cing_1,-0.0407457608414787,-0.360017110164036,0.287068821782449,0.810764893229715,39,0.977779141481739,node
auc_degree,alpha,imagination,37,7Networks_LH_Cont_Cing_1,-0.131130521571144,-0.436603956306428,0.20145366526259,0.439162444248548,39,0.977779141481739,node
auc_degree,alpha,total,38,7Networks_LH_Default_Temp_1,-0.00154265748203834,-0.325404521595506,0.322643138990331,0.992770034459779,39,0.999169136594387,node
auc_degree,alpha,social,38,7Networks_LH_Default_Temp_1,0.100915165379833,-0.230651423198828,0.411484557197672,0.552315001858401,39,0.990195244232094,node
auc_degree,alpha,switching,38,7Networks_LH_Default_Temp_1,-0.109331568317754,-0.418529226757362,0.222578025517475,0.519479715565369,39,0.990195244232094,node
auc_degree,alpha,detail,38,7Networks_LH_Default_Temp_1,-0.131311692312711,-0.436753148876449,0.201276795100715,0.438524919553901,39,0.990195244232094,node
auc_degree,alpha,communication,38,7Networks_LH_Default_Temp_1,0.23466119926114,-0.0967173174447679,0.519207283735105,0.162111238991772,39,0.990195244232094,node
auc_degree,alpha,imagination,38,7Networks_LH_Default_Temp_1,-0.130675430742846,-0.436229118742528,0.201897857627643,0.440766114183179,39,0.990195244232094,node
auc_degree,alpha,total,39,7Networks_LH_Default_Temp_2,-0.158037271457388,-0.458578905723055,0.174945868463037,0.3502018553727,39,0.990195244232094,node
auc_degree,alpha,social,39,7Networks_LH_Default_Temp_2,-0.0953790082308742,-0.40683037988475,0.23593718328043,0.574430953785427,39,0.990195244232094,node
auc_degree,alpha,switching,39,7Networks_LH_Default_Temp_2,-0.0729758977522952,-0.387829802340504,0.257128682444122,0.66775397424379,39,0.990195244232094,node
auc_degree,alpha,detail,39,7Networks_LH_Default_Temp_2,-0.114121045471925,-0.422521556599469,0.217963326574076,0.501234905790679,39,0.990195244232094,node
auc_degree,alpha,communication,39,7Networks_LH_Default_Temp_2,-0.0265226307325367,-0.347560224617259,0.300080778733392,0.876174248733509,39,0.990195244232094,node
auc_degree,alpha,imagination,39,7Networks_LH_Default_Temp_2,-0.143071100199788,-0.446401114646542,0.189749951855849,0.398247069987313,39,0.990195244232094,node
auc_degree,alpha,total,40,7Networks_LH_Default_Par_1,0.0217218049034245,-0.304445524130923,0.343329833533588,0.898458802195162,39,0.990195244232094,node
auc_degree,alpha,social,40,7Networks_LH_Default_Par_1,0.0878566584823023,-0.243088021663416,0.400480417875442,0.605106898400831,39,0.990195244232094,node
auc_degree,alpha,switching,40,7Networks_LH_Default_Par_1,-0.0457787420563095,-0.364397988642719,0.28243526349354,0.787895265836921,39,0.990195244232094,node
auc_degree,alpha,detail,40,7Networks_LH_Default_Par_1,-0.174143837002119,-0.471559717051184,0.158843738970647,0.302624485459942,39,0.990195244232094,node
auc_degree,alpha,communication,40,7Networks_LH_Default_Par_1,0.270849619268287,-0.0582905956508317,0.546878990586514,0.104923853514822,39,0.990195244232094,node
auc_degree,alpha,imagination,40,7Networks_LH_Default_Par_1,-0.100701142197944,-0.411304931094091,0.230856130516733,0.553162500799423,39,0.990195244232094,node
auc_degree,alpha,total,41,7Networks_LH_Default_Par_2,0.140625509062995,-0.192154756767222,0.444400429268805,0.406443048037197,39,0.990195244232094,node
auc_degree,alpha,social,41,7Networks_LH_Default_Par_2,0.171052063316198,-0.161948460731795,0.46907791108598,0.311422086169925,39,0.990195244232094,node
auc_degree,alpha,switching,41,7Networks_LH_Default_Par_2,0.161642195585529,-0.171357343038917,0.461495416010345,0.339178621003208,39,0.990195244232094,node
auc_degree,alpha,detail,41,7Networks_LH_Default_Par_2,-0.0814949327551159,-0.395086654158886,0.24910761210173,0.631583621415406,39,0.990195244232094,node
auc_degree,alpha,communication,41,7Networks_LH_Default_Par_2,0.112521384991668,-0.21950626535972,0.421189468890095,0.507292239952809,39,0.990195244232094,node
auc_degree,alpha,imagination,41,7Networks_LH_Default_Par_2,-0.017461454649895,-0.339564738358083,0.30830745068768,0.918299456007644,39,0.990195244232094,node
auc_degree,alpha,total,42,7Networks_LH_Default_PFC_1,0.195343096639972,-0.137376820613508,0.488450666548071,0.246600168737573,39,0.990195244232094,node
auc_degree,alpha,social,42,7Networks_LH_Default_PFC_1,0.130169364847342,-0.202391643706729,0.4358121707791,0.442553175824199,39,0.990195244232094,node
auc_degree,alpha,switching,42,7Networks_LH_Default_PFC_1,-0.00214299790436487,-0.325941190043679,0.32210518718519,0.989956544059475,39,0.999169136594387,node
auc_degree,alpha,detail,42,7Networks_LH_Default_PFC_1,0.0220947586369229,-0.304106937443751,0.343658941016299,0.896724650695036,39,0.990195244232094,node
auc_degree,alpha,communication,42,7Networks_LH_Default_PFC_1,0.107880144405173,-0.223973553479521,0.417317009883483,0.525072659500559,39,0.990195244232094,node
auc_degree,alpha,imagination,42,7Networks_LH_Default_PFC_1,0.363765884429531,0.0450515478662274,0.615269198902474,0.0268840750276875,39,0.990195244232094,node
auc_degree,alpha,total,43,7Networks_LH_Default_PFC_2,0.171858258376042,-0.161139524309245,0.469725508072105,0.309112679916002,39,0.990195244232094,node
auc_degree,alpha,social,43,7Networks_LH_Default_PFC_2,0.0879347053956172,-0.243014013516526,0.400546455387083,0.604785049338093,39,0.990195244232094,node
auc_degree,alpha,switching,43,7Networks_LH_Default_PFC_2,0.0343156647655938,-0.292966383116111,0.354399574934842,0.840206777626281,39,0.990195244232094,node
auc_degree,alpha,detail,43,7Networks_LH_Default_PFC_2,-0.0109022677304184,-0.333747790039121,0.314232310424508,0.948937109055757,39,0.990195244232094,node
auc_degree,alpha,communication,43,7Networks_LH_Default_PFC_2,0.223433034150306,-0.108442481392798,0.510498589156712,0.183742317989134,39,0.990195244232094,node
auc_degree,alpha,imagination,43,7Networks_LH_Default_PFC_2,0.186993116042281,-0.145869701353993,0.481823763714617,0.267773164967673,39,0.990195244232094,node
auc_degree,alpha,total,44,7Networks_LH_Default_PFC_3,0.0117525499575366,-0.313465683658705,0.334503243793734,0.944960475604377,39,0.990195244232094,node
auc_degree,alpha,social,44,7Networks_LH_Default_PFC_3,0.000177279004629448,-0.323865845182041,0.324183177476894,0.999169136594387,39,0.999169136594387,node
auc_degree,alpha,switching,44,7Networks_LH_Default_PFC_3,0.0794491802875219,-0.251037930743722,0.39334756456965,0.640196895169206,39,0.990195244232094,node
auc_degree,alpha,detail,44,7Networks_LH_Default_PFC_3,-0.147281904888685,-0.44983879179265,0.185599994555635,0.384360646014721,39,0.990195244232094,node
auc_degree,alpha,communication,44,7Networks_LH_Default_PFC_3,-0.0453270953093034,-0.364005435051167,0.282851693504243,0.789940702695433,39,0.990195244232094,node
auc_degree,alpha,imagination,44,7Networks_LH_Default_PFC_3,0.192683961531607,-0.140086783109787,0.486343925685196,0.253217368294687,39,0.990195244232094,node
auc_degree,alpha,total,45,7Networks_LH_Default_PFC_4,0.0458178013784594,-0.282399243973315,0.364431932150604,0.787718437826606,39,0.990195244232094,node
auc_degree,alpha,social,45,7Networks_LH_Default_PFC_4,0.0857134136643196,-0.245118853425759,0.398665693042454,0.613973702483371,39,0.990195244232094,node
auc_degree,alpha,switching,45,7Networks_LH_Default_PFC_4,0.0408280895798785,-0.286993149958659,0.360088885359457,0.810389494325747,39,0.990195244232094,node
auc_degree,alpha,detail,45,7Networks_LH_Default_PFC_4,-0.171043520833469,-0.469071047399886,0.161957029866528,0.311446614860403,39,0.990195244232094,node
auc_degree,alpha,communication,45,7Networks_LH_Default_PFC_4,0.120307720964534,-0.211980355834841,0.427660886086716,0.478157832735047,39,0.990195244232094,node
auc_degree,alpha,imagination,45,7Networks_LH_Default_PFC_4,0.0570112480876989,-0.272038653922994,0.374124549887791,0.737507342817467,39,0.990195244232094,node
auc_degree,alpha,total,46,7Networks_LH_Default_PFC_5,0.107141161679333,-0.224683554730238,0.416699394460963,0.527931547932984,39,0.990195244232094,node
auc_degree,alpha,social,46,7Networks_LH_Default_PFC_5,0.0669618556247084,-0.262763928171921,0.382683190524237,0.69374675998394,39,0.990195244232094,node
auc_degree,alpha,switching,46,7Networks_LH_Default_PFC_5,0.148012196709797,-0.184879045292659,0.450434087044278,0.38198146407124,39,0.990195244232094,node
auc_degree,alpha,detail,46,7Networks_LH_Default_PFC_5,-0.0443128160286831,-0.363123450571234,0.283786434615008,0.794539242177263,39,0.990195244232094,node
auc_degree,alpha,communication,46,7Networks_LH_Default_PFC_5,0.0337943476919209,-0.29344343627673,0.353943121124692,0.842603726734416,39,0.990195244232094,node
auc_degree,alpha,imagination,46,7Networks_LH_Default_PFC_5,0.0976200728067531,-0.233799839875318,0.408716364425372,0.565430128080216,39,0.990195244232094,node
auc_degree,alpha,total,47,7Networks_LH_Default_PFC_6,0.329707223281848,0.00636242076693227,0.59063256235217,0.0462822023359437,39,0.990195244232094,node
auc_degree,alpha,social,47,7Networks_LH_Default_PFC_6,0.271830710948587,-0.0572350633278558,0.547620884758104,0.103622001009163,39,0.990195244232094,node
auc_degree,alpha,switching,47,7Networks_LH_Default_PFC_6,0.0786413532035632,-0.251799452075945,0.392660213380817,0.643610998357937,39,0.990195244232094,node
auc_degree,alpha,detail,47,7Networks_LH_Default_PFC_6,0.0216161590152504,-0.304541419953286,0.343236593532017,0.898950116616593,39,0.990195244232094,node
auc_degree,alpha,communication,47,7Networks_LH_Default_PFC_6,0.24176006396476,-0.0892564680073555,0.524682923832908,0.149420860255157,39,0.990195244232094,node
auc_degree,alpha,imagination,47,7Networks_LH_Default_PFC_6,0.349740986197778,0.02900324894421,0.605183315948752,0.0338461604759486,39,0.990195244232094,node
auc_degree,alpha,total,48,7Networks_LH_Default_PFC_7,0.206170764103013,-0.12629051636087,0.496993912859289,0.22085830368384,39,0.990195244232094,node
auc_degree,alpha,social,48,7Networks_LH_Default_PFC_7,0.343048265589029,0.0214027953274783,0.600341226765482,0.0376535288446934,39,0.990195244232094,node
auc_degree,alpha,switching,48,7Networks_LH_Default_PFC_7,-0.109207683910579,-0.418425802542863,0.222697192115122,0.519955943501782,39,0.990195244232094,node
auc_degree,alpha,detail,48,7Networks_LH_Default_PFC_7,0.0378358204210652,-0.289740845593224,0.357477758785721,0.824059659868388,39,0.990195244232094,node
auc_degree,alpha,communication,48,7Networks_LH_Default_PFC_7,0.14392353289554,-0.188910795995789,0.447097759436017,0.39541283190298,39,0.990195244232094,node
auc_degree,alpha,imagination,48,7Networks_LH_Default_PFC_7,0.140468402796766,-0.192309106404787,0.444271800348327,0.406972831926737,39,0.990195244232094,node
auc_degree,alpha,total,49,7Networks_LH_Default_pCunPCC_1,0.0819056461900398,-0.248719756749718,0.39543553000946,0.629860089931412,39,0.990195244232094,node
auc_degree,alpha,social,49,7Networks_LH_Default_pCunPCC_1,-0.0510178716530985,-0.368943373909736,0.277595593030447,0.764273555476622,39,0.990195244232094,node
auc_degree,alpha,switching,49,7Networks_LH_Default_pCunPCC_1,-0.0368629689886114,-0.356627747219834,0.290633019253362,0.828515352189969,39,0.990195244232094,node
auc_degree,alpha,detail,49,7Networks_LH_Default_pCunPCC_1,0.314560522053608,-0.0105380973600212,0.579517531332546,0.0579370208575202,39,0.990195244232094,node
auc_degree,alpha,communication,49,7Networks_LH_Default_pCunPCC_1,-0.0563398844362124,-0.373545149888372,0.272662222307351,0.740491181491313,39,0.990195244232094,node
auc_degree,alpha,imagination,49,7Networks_LH_Default_pCunPCC_1,0.0837759984745784,-0.246952156226431,0.397023136215662,0.62203574097013,39,0.990195244232094,node
auc_degree,alpha,total,50,7Networks_LH_Default_pCunPCC_2,-0.0243414177127564,-0.345639802307867,0.302065559102537,0.886288445707886,39,0.990195244232094,node
auc_degree,alpha,social,50,7Networks_LH_Default_pCunPCC_2,-0.174970204365731,-0.47222225564912,0.158012794006211,0.300300116482895,39,0.990195244232094,node
auc_degree,alpha,switching,50,7Networks_LH_Default_pCunPCC_2,-0.0665668132814178,-0.382344439547279,0.263133302986175,0.695466658894103,39,0.990195244232094,node
auc_degree,alpha,detail,50,7Networks_LH_Default_pCunPCC_2,0.210674429246062,-0.121654688,0.500530870090206,0.210714627330528,39,0.990195244232094,node
auc_degree,alpha,communication,50,7Networks_LH_Default_pCunPCC_2,-0.00550826494227127,-0.328945678892766,0.319085763891055,0.974188410226019,39,0.999169136594387,node
auc_degree,alpha,imagination,50,7Networks_LH_Default_pCunPCC_2,0.00798940852935998,-0.316855375789088,0.331156642490071,0.962568728309412,39,0.997193502709031,node
auc_degree,alpha,total,51,7Networks_RH_Vis_1,-0.0777307460883908,-0.391884989514746,0.252657371622632,0.647468119540572,39,0.920532476348471,node
auc_degree,alpha,social,51,7Networks_RH_Vis_1,0.0381671598453569,-0.289436853859153,0.357767139844581,0.822543344064973,39,0.953402512438946,node
auc_degree,alpha,switching,51,7Networks_RH_Vis_1,-0.083531888473492,-0.396816035274915,0.247182980475065,0.623054649287559,39,0.920532476348471,node
auc_degree,alpha,detail,51,7Networks_RH_Vis_1,-0.199868914121475,-0.492028475340439,0.132753013970632,0.235606321057426,39,0.920532476348471,node
auc_degree,alpha,communication,51,7Networks_RH_Vis_1,-0.0233787579627734,-0.344791383398963,0.302940625828041,0.890757997347865,39,0.972325913679447,node
auc_degree,alpha,imagination,51,7Networks_RH_Vis_1,0.0741763714267204,-0.256001126670477,0.38885478151442,0.662609666492462,39,0.920532476348471,node
auc_degree,alpha,total,52,7Networks_RH_Vis_2,0.0493276176463868,-0.279158797702826,0.367478596256467,0.771872642347096,39,0.937273922850045,node
auc_degree,alpha,social,52,7Networks_RH_Vis_2,0.0541611047322213,-0.274683989523982,0.371663113703354,0.750200194207687,39,0.926494656514414,node
auc_degree,alpha,switching,52,7Networks_RH_Vis_2,0.0228295733750649,-0.303439593385172,0.344307136328137,0.893309314159771,39,0.972325913679447,node
auc_degree,alpha,detail,52,7Networks_RH_Vis_2,0.0737154942583566,-0.256434116003704,0.388461371027053,0.664582848051257,39,0.920532476348471,node
auc_degree,alpha,communication,52,7Networks_RH_Vis_2,-0.0840767639332662,-0.397278259330395,0.246667708391497,0.620781306420555,39,0.920532476348471,node
auc_degree,alpha,imagination,52,7Networks_RH_Vis_2,0.0698026571405252,-0.260104855758318,0.385116695771131,0.681423600852679,39,0.920532476348471,node
auc_degree,alpha,total,53,7Networks_RH_Vis_3,0.0989029417042891,-0.232574901552385,0.409794777813869,0.560307071980852,39,0.920532476348471,node
auc_degree,alpha,social,53,7Networks_RH_Vis_3,0.019777555189035,-0.306209280739747,0.34161287927236,0.907506462741681,39,0.974375359996331,node
auc_degree,alpha,switching,53,7Networks_RH_Vis_3,0.151628578484118,-0.181303639501127,0.453378012669391,0.370327711986252,39,0.920532476348471,node
auc_degree,alpha,detail,53,7Networks_RH_Vis_3,-0.0916106134976628,-0.403653062092834,0.239523956454372,0.58971042832909,39,0.920532476348471,node
auc_degree,alpha,communication,53,7Networks_RH_Vis_3,0.0616601855848065,-0.267713084897121,0.378129893080696,0.716951228501291,39,0.920532476348471,node
auc_degree,alpha,imagination,53,7Networks_RH_Vis_3,0.169877892405065,-0.163125824209374,0.468134154349483,0.314804997599678,39,0.920532476348471,node
auc_degree,alpha,total,54,7Networks_RH_Vis_4,0.199354349026032,-0.133279450461511,0.491622191200551,0.236839273935121,39,0.920532476348471,node
auc_degree,alpha,social,54,7Networks_RH_Vis_4,0.12378295640671,-0.208608585959066,0.430539107321342,0.465442904586752,39,0.920532476348471,node
auc_degree,alpha,switching,54,7Networks_RH_Vis_4,0.170874041045314,-0.162127028039366,0.468934866890943,0.31193350713299,39,0.920532476348471,node
auc_degree,alpha,detail,54,7Networks_RH_Vis_4,0.0854849431584151,-0.24533516955932,0.398472098201827,0.614922128360749,39,0.920532476348471,node
auc_degree,alpha,communication,54,7Networks_RH_Vis_4,-0.0417511952669684,-0.360893401440006,0.286144404290269,0.806183232368569,39,0.946635447637298,node
auc_degree,alpha,imagination,54,7Networks_RH_Vis_4,0.237258640876773,-0.0939917406358082,0.521213508654274,0.157380701864701,39,0.920532476348471,node
auc_degree,alpha,total,55,7Networks_RH_Vis_5,0.161508249551269,-0.171490837998891,0.461387164779553,0.339584354704734,39,0.920532476348471,node
auc_degree,alpha,social,55,7Networks_RH_Vis_5,0.0228230327288532,-0.303445534881511,0.344301368040056,0.893339706097262,39,0.972325913679447,node
auc_degree,alpha,switching,55,7Networks_RH_Vis_5,0.113133480683221,-0.218916069825877,0.421699337605582,0.504970121391562,39,0.920532476348471,node
auc_degree,alpha,detail,55,7Networks_RH_Vis_5,0.306242649108489,-0.0197407483069748,0.573371447684009,0.0652652833966242,39,0.906756050572644,node
auc_degree,alpha,communication,55,7Networks_RH_Vis_5,-0.127738757120741,-0.433807761940932,0.204760917951122,0.451191341344557,39,0.920532476348471,node
auc_degree,alpha,imagination,55,7Networks_RH_Vis_5,0.146945356728304,-0.18593211669311,0.449564365016589,0.385459981461669,39,0.920532476348471,node
auc_degree,alpha,total,56,7Networks_RH_Vis_6,0.135709734400975,-0.196976488648362,0.440369751739419,0.423205501121986,39,0.920532476348471,node
auc_degree,alpha,social,56,7Networks_RH_Vis_6,0.119235663403788,-0.21301890166431,0.426771738797304,0.482116505289714,39,0.920532476348471,node
auc_degree,alpha,switching,56,7Networks_RH_Vis_6,-0.0038850583700753,-0.327497307460878,0.320542978941001,0.981793188411782,39,0.994053908200824,node
auc_degree,alpha,detail,56,7Networks_RH_Vis_6,0.123921698777695,-0.208473810033196,0.43065388563581,0.464939044725284,39,0.920532476348471,node
auc_degree,alpha,communication,56,7Networks_RH_Vis_6,0.0665962494986697,-0.263105782693774,0.382369684192193,0.695338450397543,39,0.920532476348471,node
auc_degree,alpha,imagination,56,7Networks_RH_Vis_6,0.0662462868187331,-0.26343293251022,0.382069523958039,0.696863239925594,39,0.920532476348471,node
auc_degree,alpha,total,57,7Networks_RH_Vis_7,0.15119269296215,-0.181735053147547,0.453023527449078,0.371721041580026,39,0.920532476348471,node
auc_degree,alpha,social,57,7Networks_RH_Vis_7,0.06280801229103,-0.266643050481773,0.379116995355191,0.711905310607041,39,0.920532476348471,node
auc_degree,alpha,switching,57,7Networks_RH_Vis_7,0.10145651746872,-0.23013350369506,0.411938797352196,0.550174055719794,39,0.920532476348471,node
auc_degree,alpha,detail,57,7Networks_RH_Vis_7,0.201325675176698,-0.131261625944086,0.493177997558031,0.232139350188435,39,0.920532476348471,node
auc_degree,alpha,communication,57,7Networks_RH_Vis_7,-0.00126871201492291,-0.325159561378195,0.322888545908793,0.994053908200824,39,0.994053908200824,node
auc_degree,alpha,imagination,57,7Networks_RH_Vis_7,0.0420979951830891,-0.285825407535164,0.361195525944846,0.804604367329951,39,0.946635447637298,node
auc_degree,alpha,total,58,7Networks_RH_Vis_8,0.195212731443388,-0.137509793855443,0.488347462301871,0.246921852046636,39,0.920532476348471,node
auc_degree,alpha,social,58,7Networks_RH_Vis_8,-0.00467560351721549,-0.328202893234101,0.31983346788861,0.978089218779843,39,0.994053908200824,node
auc_degree,alpha,switching,58,7Networks_RH_Vis_8,0.215217355870008,-0.116963710888734,0.504088884804042,0.200813753668997,39,0.920532476348471,node
auc_degree,alpha,detail,58,7Networks_RH_Vis_8,0.288941347668444,-0.0387070883764641,0.560490463237744,0.0828384894414902,39,0.907587682328322,node
auc_degree,alpha,communication,58,7Networks_RH_Vis_8,-0.0249762831115276,-0.346199039599478,0.301488159346138,0.883342700133363,39,0.972325913679447,node
auc_degree,alpha,imagination,58,7Networks_RH_Vis_8,0.0616918478709408,-0.267683579369313,0.378157131509982,0.716811879371517,39,0.920532476348471,node
auc_degree,alpha,total,59,7Networks_RH_SomMot_1,0.00751978622079171,-0.31727781179207,0.330738431016134,0.96476755027285,39,0.976391255697824,node
auc_degree,alpha,social,59,7Networks_RH_SomMot_1,0.0213361737847738,-0.304795533351301,0.342989456010536,0.900252388419559,39,0.941525063407156,node
auc_degree,alpha,switching,59,7Networks_RH_SomMot_1,0.0811035566674431,-0.249477107669641,0.394754120007584,0.633227789341114,39,0.941476241044491,node
auc_degree,alpha,detail,59,7Networks_RH_SomMot_1,-0.154392423854697,-0.455623498910979,0.178565163731799,0.361565349696138,39,0.941476241044491,node
auc_degree,alpha,communication,59,7Networks_RH_SomMot_1,-0.0618704320622912,-0.378310753645035,0.267517148331744,0.716026080083333,39,0.941476241044491,node
auc_degree,alpha,imagination,59,7Networks_RH_SomMot_1,0.170144525449957,-0.16285854939804,0.46834852421757,0.314034779906797,39,0.941476241044491,node
auc_degree,alpha,total,60,7Networks_RH_SomMot_2,-0.167624807922558,-0.466321297850014,0.165382381838087,0.321360792958231,39,0.941476241044491,node
auc_degree,alpha,social,60,7Networks_RH_SomMot_2,-0.104097380179145,-0.41415249405409,0.227604255399918,0.539786362888885,39,0.941476241044491,node
auc_degree,alpha,switching,60,7Networks_RH_SomMot_2,-0.114293209789062,-0.422664843884088,0.217797167955995,0.500585173559,39,0.941476241044491,node
auc_degree,alpha,detail,60,7Networks_RH_SomMot_2,-0.0575178970956268,-0.374561634072971,0.271567890894691,0.735258068944537,39,0.941476241044491,node
auc_degree,alpha,communication,60,7Networks_RH_SomMot_2,-0.215169460117123,-0.504051423982623,0.117013244959588,0.20091641388794,39,0.941476241044491,node
auc_degree,alpha,imagination,60,7Networks_RH_SomMot_2,0.0605470294697763,-0.268750023013493,0.377171918820912,0.721856046933761,39,0.941476241044491,node
auc_degree,alpha,total,61,7Networks_RH_SomMot_3,-0.0789186861166755,-0.392896225593634,0.251538062382514,0.642438096194161,39,0.941476241044491,node
auc_degree,alpha,social,61,7Networks_RH_SomMot_3,-0.141877505631738,-0.445425039381707,0.190924139392263,0.402235234420472,39,0.941476241044491,node
auc_degree,alpha,switching,61,7Networks_RH_SomMot_3,0.122328648831773,-0.210020557637485,0.42933539536658,0.470741824581258,39,0.941476241044491,node
auc_degree,alpha,detail,61,7Networks_RH_SomMot_3,-0.191943294438521,-0.485756512155184,0.140840720827661,0.255081361638129,39,0.941476241044491,node
auc_degree,alpha,communication,61,7Networks_RH_SomMot_3,-0.0380069440144684,-0.3576272202217,0.289583854242827,0.823276464462746,39,0.941476241044491,node
auc_degree,alpha,imagination,61,7Networks_RH_SomMot_3,0.0719159878401492,-0.258123465888585,0.386924190513962,0.672308386619599,39,0.941476241044491,node
auc_degree,alpha,total,62,7Networks_RH_SomMot_4,-0.199944715630462,-0.492088315034888,0.132675447802513,0.235425060313175,39,0.941476241044491,node
auc_degree,alpha,social,62,7Networks_RH_SomMot_4,-0.0877033299956242,-0.400350673220156,0.243233404498662,0.605739406551224,39,0.941476241044491,node
auc_degree,alpha,switching,62,7Networks_RH_SomMot_4,-0.0376615655740499,-0.357325545647495,0.289900691491061,0.824857358560023,39,0.941476241044491,node
auc_degree,alpha,detail,62,7Networks_RH_SomMot_4,-0.249937647159059,-0.530961739333393,0.0806156025263561,0.135718937007739,39,0.941476241044491,node
auc_degree,alpha,communication,62,7Networks_RH_SomMot_4,-0.0302077680411749,-0.35079865109832,0.29672107536544,0.859131081602697,39,0.941476241044491,node
auc_degree,alpha,imagination,62,7Networks_RH_SomMot_4,-0.172937326768069,-0.470591796203311,0.160056086007083,0.306038595620276,39,0.941476241044491,node
auc_degree,alpha,total,63,7Networks_RH_SomMot_5,-0.147826747051615,-0.450282943763148,0.1850621564568,0.382584811522584,39,0.941476241044491,node
auc_degree,alpha,social,63,7Networks_RH_SomMot_5,0.11345569879697,-0.218605282698535,0.421967663236228,0.503749872691247,39,0.941476241044491,node
auc_degree,alpha,switching,63,7Networks_RH_SomMot_5,-0.141801877188956,-0.445363169062049,0.190998506097512,0.402488701339315,39,0.941476241044491,node
auc_degree,alpha,detail,63,7Networks_RH_SomMot_5,-0.306206818923996,-0.573344907535043,0.0197802706527373,0.0652983604837324,39,0.941476241044491,node
auc_degree,alpha,communication,63,7Networks_RH_SomMot_5,-0.0236978755871948,-0.345072688868816,0.302650605876481,0.889275985174172,39,0.941525063407156,node
auc_degree,alpha,imagination,63,7Networks_RH_SomMot_5,-0.083290611955417,-0.396611306889989,0.247411088576525,0.624062409430176,39,0.941476241044491,node
auc_degree,alpha,total,64,7Networks_RH_SomMot_6,-0.0413120785295722,-0.360510756407148,0.286548212516316,0.808183469049279,39,0.941476241044491,node
auc_degree,alpha,social,64,7Networks_RH_SomMot_6,0.0324154260766274,-0.294704491426802,0.352735031894451,0.84895050420789,39,0.941476241044491,node
auc_degree,alpha,switching,64,7Networks_RH_SomMot_6,0.14957896700933,-0.183331108670918,0.451710328647505,0.376906399048749,39,0.941476241044491,node
auc_degree,alpha,detail,64,7Networks_RH_SomMot_6,-0.363784214910607,-0.615282327449048,-0.0450726311208765,0.0268758169687137,39,0.941476241044491,node
auc_degree,alpha,communication,64,7Networks_RH_SomMot_6,0.0970236674210727,-0.234368955327685,0.408214714362878,0.567819141407952,39,0.941476241044491,node
auc_degree,alpha,imagination,64,7Networks_RH_SomMot_6,-0.0480016308571926,-0.366328387475462,0.280383898142437,0.777848771612403,39,0.941476241044491,node
auc_degree,alpha,total,65,7Networks_RH_SomMot_7,-0.103753591191053,-0.4138645212949,0.227933767956567,0.541133303426098,39,0.941476241044491,node
auc_degree,alpha,social,65,7Networks_RH_SomMot_7,-0.0943638115244619,-0.40597515887193,0.236904340764397,0.578529532015675,39,0.941476241044491,node
auc_degree,alpha,switching,65,7Networks_RH_SomMot_7,0.109542510323019,-0.222375093855676,0.41870531207684,0.518669322470969,39,0.941476241044491,node
auc_degree,alpha,detail,65,7Networks_RH_SomMot_7,-0.353871726805213,-0.608162445825658,-0.0337128238079448,0.0316576064465219,39,0.941476241044491,node
auc_degree,alpha,communication,65,7Networks_RH_SomMot_7,0.103306645521891,-0.228362039873801,0.413490047151836,0.542886801556544,39,0.941476241044491,node
auc_degree,alpha,imagination,65,7Networks_RH_SomMot_7,-0.0384298408113216,-0.357996513228242,0.289195806763193,0.821341681456959,39,0.941476241044491,node
auc_degree,alpha,total,66,7Networks_RH_SomMot_8,-0.0967576493975691,-0.407990899958709,0.234622727837665,0.568886214157051,39,0.941476241044491,node
auc_degree,alpha,social,66,7Networks_RH_SomMot_8,-0.188496387233723,-0.483019318677569,0.144344316177534,0.26387582684765,39,0.941476241044491,node
auc_degree,alpha,switching,66,7Networks_RH_SomMot_8,0.0615561170995686,-0.267810060136954,0.378040361191089,0.71740930857771,39,0.941476241044491,node
auc_degree,alpha,detail,66,7Networks_RH_SomMot_8,-0.00209163453211018,-0.325895282421535,0.322151220962343,0.99019725387775,39,0.99019725387775,node
auc_degree,alpha,communication,66,7Networks_RH_SomMot_8,-0.0622754765111384,-0.378659117395273,0.267139595435307,0.714244885991517,39,0.941476241044491,node
auc_degree,alpha,imagination,66,7Networks_RH_SomMot_8,-0.0642323359279571,-0.380340878026292,0.265314128157736,0.705660652930063,39,0.941476241044491,node
auc_degree,alpha,total,67,7Networks_RH_DorsAttn_Post_1,0.143668871257332,-0.189161542148912,0.446889677472484,0.39625832802155,39,0.974900280922833,node
auc_degree,alpha,social,67,7Networks_RH_DorsAttn_Post_1,0.121766121625995,-0.210566337715611,0.42886950600526,0.472799957232716,39,0.974900280922833,node
auc_degree,alpha,switching,67,7Networks_RH_DorsAttn_Post_1,0.127392682060152,-0.205097943641804,0.433522123386006,0.452428636567192,39,0.974900280922833,node
auc_degree,alpha,detail,67,7Networks_RH_DorsAttn_Post_1,-0.0537028388960885,-0.371266929896929,0.275108860910728,0.752247187255191,39,0.974900280922833,node
auc_degree,alpha,communication,67,7Networks_RH_DorsAttn_Post_1,0.140362055761112,-0.192413578102811,0.444184722845566,0.407331672202004,39,0.974900280922833,node
auc_degree,alpha,imagination,67,7Networks_RH_DorsAttn_Post_1,0.0521014631199953,-0.276592534421744,0.36988158654489,0.759413264694888,39,0.974900280922833,node
auc_degree,alpha,total,68,7Networks_RH_DorsAttn_Post_2,-0.166160500654833,-0.465141753488133,0.166847079309585,0.325666855391695,39,0.974900280922833,node
auc_degree,alpha,social,68,7Networks_RH_DorsAttn_Post_2,-0.0812257715724133,-0.394857969181182,0.24936173572371,0.632714178900859,39,0.974900280922833,node
auc_degree,alpha,switching,68,7Networks_RH_DorsAttn_Post_2,-0.00928767937110097,-0.332312127782634,0.315686880489448,0.956491550649415,39,0.974900280922833,node
auc_degree,alpha,detail,68,7Networks_RH_DorsAttn_Post_2,-0.166060932948138,-0.465061510082939,0.166946620210995,0.325960949186321,39,0.974900280922833,node
auc_degree,alpha,communication,68,7Networks_RH_DorsAttn_Post_2,0.0167697987423434,-0.308933412106905,0.338952510224756,0.921525443666186,39,0.974900280922833,node
auc_degree,alpha,imagination,68,7Networks_RH_DorsAttn_Post_2,-0.275290780061673,-0.550233906201323,0.0535065787312505,0.0991285314291961,39,0.974900280922833,node
auc_degree,alpha,total,69,7Networks_RH_DorsAttn_Post_3,0.173529705967541,-0.159460966528333,0.471067120974706,0.304359277272385,39,0.974900280922833,node
auc_degree,alpha,social,69,7Networks_RH_DorsAttn_Post_3,0.0675968720760481,-0.262169968743699,0.38322754276631,0.69098524639656,39,0.974900280922833,node
auc_degree,alpha,switching,69,7Networks_RH_DorsAttn_Post_3,0.405492290307656,0.0937909047807738,0.644797257065642,0.0127796102575188,39,0.974900280922833,node
auc_degree,alpha,detail,69,7Networks_RH_DorsAttn_Post_3,-0.254784234304238,-0.534668482106332,0.0754708862333998,0.12804921317365,39,0.974900280922833,node
auc_degree,alpha,communication,69,7Networks_RH_DorsAttn_Post_3,0.244308156112447,-0.0865693530077632,0.526642676854565,0.14504744407848,39,0.974900280922833,node
auc_degree,alpha,imagination,69,7Networks_RH_DorsAttn_Post_3,-0.00766917753465992,-0.330871481825593,0.317143444868348,0.964068055579246,39,0.974900280922833,node
auc_degree,alpha,total,70,7Networks_RH_DorsAttn_Post_4,0.0204250439609323,-0.305622149600334,0.342184911067928,0.904492010844247,39,0.974900280922833,node
auc_degree,alpha,social,70,7Networks_RH_DorsAttn_Post_4,0.0124852062632444,-0.312804769934945,0.335153857429056,0.941535007977135,39,0.974900280922833,node
auc_degree,alpha,switching,70,7Networks_RH_DorsAttn_Post_4,0.019516897848386,-0.306445570120565,0.34138253105164,0.908720342499735,39,0.974900280922833,node
auc_degree,alpha,detail,70,7Networks_RH_DorsAttn_Post_4,-0.0752540956505156,-0.389774292602963,0.254988098510109,0.658004292006782,39,0.974900280922833,node
auc_degree,alpha,communication,70,7Networks_RH_DorsAttn_Post_4,0.299591387385327,-0.0270599793533411,0.568435096098642,0.0716355682172312,39,0.974900280922833,node
auc_degree,alpha,imagination,70,7Networks_RH_DorsAttn_Post_4,-0.253324340029642,-0.533553065323076,0.0770224359619951,0.130324751153029,39,0.974900280922833,node
auc_degree,alpha,total,71,7Networks_RH_DorsAttn_Post_5,-0.099366091754542,-0.41018390054907,0.23213240747234,0.558462812080277,39,0.974900280922833,node
auc_degree,alpha,social,71,7Networks_RH_DorsAttn_Post_5,-0.0578345135304178,-0.37483470635217,0.271273620444509,0.733853547042392,39,0.974900280922833,node
auc_degree,alpha,switching,71,7Networks_RH_DorsAttn_Post_5,0.0369184807161465,-0.2905821263831,0.356676263846889,0.828260963206334,39,0.974900280922833,node
auc_degree,alpha,detail,71,7Networks_RH_DorsAttn_Post_5,-0.122526274852667,-0.429499031982944,0.209828766006317,0.470019889574279,39,0.974900280922833,node
auc_degree,alpha,communication,71,7Networks_RH_DorsAttn_Post_5,0.0605877477416299,-0.26871210617358,0.377206972619414,0.721676438756404,39,0.974900280922833,node
auc_degree,alpha,imagination,71,7Networks_RH_DorsAttn_Post_5,-0.245004280676273,-0.527177549035325,0.0858344099351385,0.143869127904332,39,0.974900280922833,node
auc_degree,alpha,total,72,7Networks_RH_DorsAttn_PrCv_1,-0.154692936789962,-0.455867419799335,0.17826709798381,0.360620172379068,39,0.974900280922833,node
auc_degree,alpha,social,72,7Networks_RH_DorsAttn_PrCv_1,-0.1358670107427,-0.440498900547443,0.196822469945742,0.422663281870997,39,0.974900280922833,node
auc_degree,alpha,switching,72,7Networks_RH_DorsAttn_PrCv_1,-0.0771243256484045,-0.391368480208653,0.253228416642705,0.650041815693694,39,0.974900280922833,node
auc_degree,alpha,detail,72,7Networks_RH_DorsAttn_PrCv_1,-0.0318292442187052,-0.352221147498381,0.295240223156079,0.851651393028132,39,0.974900280922833,node
auc_degree,alpha,communication,72,7Networks_RH_DorsAttn_PrCv_1,0.0182284505789143,-0.307612975122734,0.340243335683444,0.9147235768287,39,0.974900280922833,node
auc_degree,alpha,imagination,72,7Networks_RH_DorsAttn_PrCv_1,-0.230312953641255,-0.515841730390623,0.101268970776405,0.170258635402639,39,0.974900280922833,node
auc_degree,alpha,total,73,7Networks_RH_DorsAttn_FEF_1,0.0794420866278552,-0.251044619565971,0.39334153035493,0.640226843410135,39,0.974900280922833,node
auc_degree,alpha,social,73,7Networks_RH_DorsAttn_FEF_1,0.0457404076272516,-0.282470613635815,0.364364674261472,0.788068822303392,39,0.974900280922833,node
auc_degree,alpha,switching,73,7Networks_RH_DorsAttn_FEF_1,0.00399317151476915,-0.320445969317383,0.327593823065775,0.981286618134825,39,0.981286618134825,node
auc_degree,alpha,detail,73,7Networks_RH_DorsAttn_FEF_1,0.0250188156012835,-0.301449468178366,0.346236497264657,0.883145406067264,39,0.974900280922833,node
auc_degree,alpha,communication,73,7Networks_RH_DorsAttn_FEF_1,0.0219034191837208,-0.304280655590133,0.343490106223812,0.897614277952583,39,0.974900280922833,node
auc_degree,alpha,imagination,73,7Networks_RH_DorsAttn_FEF_1,0.158576252879882,-0.174409900733925,0.459015372656058,0.348540074507276,39,0.974900280922833,node
auc_degree,alpha,total,74,7Networks_RH_SalVentAttn_TempOccPar_1,-0.024081200008118,-0.345410516976088,0.302302153694283,0.887496280221706,39,0.985215778776928,node
auc_degree,alpha,social,74,7Networks_RH_SalVentAttn_TempOccPar_1,0.0600594205288037,-0.269204005007731,0.376752072520488,0.724008025517267,39,0.985215778776928,node
auc_degree,alpha,switching,74,7Networks_RH_SalVentAttn_TempOccPar_1,0.00607182429026794,-0.318579475770944,0.329448181807299,0.971548606523246,39,0.985215778776928,node
auc_degree,alpha,detail,74,7Networks_RH_SalVentAttn_TempOccPar_1,-0.237012480290642,-0.521023512436397,0.0942502578111456,0.157824676200567,39,0.985215778776928,node
auc_degree,alpha,communication,74,7Networks_RH_SalVentAttn_TempOccPar_1,0.0207006701032686,-0.305372141523316,0.342428343970738,0.903209201321703,39,0.985215778776928,node
auc_degree,alpha,imagination,74,7Networks_RH_SalVentAttn_TempOccPar_1,0.105368434562388,-0.22638532375233,0.415216646337472,0.53482044601067,39,0.985215778776928,node
auc_degree,alpha,total,75,7Networks_RH_SalVentAttn_TempOccPar_2,-0.0305766334337312,-0.351122381152694,0.296384338251139,0.857428459870286,39,0.985215778776928,node
auc_degree,alpha,social,75,7Networks_RH_SalVentAttn_TempOccPar_2,-0.00335039326016297,-0.327019897773435,0.321022632425285,0.984298491587952,39,0.985215778776928,node
auc_degree,alpha,switching,75,7Networks_RH_SalVentAttn_TempOccPar_2,0.170010797148026,-0.162992605683654,0.468241012605975,0.314420929945336,39,0.985215778776928,node
auc_degree,alpha,detail,75,7Networks_RH_SalVentAttn_TempOccPar_2,-0.0892285743150367,-0.401640758348791,0.241786537995212,0.599460145587285,39,0.985215778776928,node
auc_degree,alpha,communication,75,7Networks_RH_SalVentAttn_TempOccPar_2,-0.22518819700884,-0.511863808151478,0.106615697462005,0.180232761733843,39,0.985215778776928,node
auc_degree,alpha,imagination,75,7Networks_RH_SalVentAttn_TempOccPar_2,0.0529628414682396,-0.275794662697788,0.370626936940529,0.75555614148046,39,0.985215778776928,node
auc_degree,alpha,total,76,7Networks_RH_SalVentAttn_FrOperIns_1,-0.0330084536379825,-0.353254721128219,0.294162293845402,0.846219797902895,39,0.985215778776928,node
auc_degree,alpha,social,76,7Networks_RH_SalVentAttn_FrOperIns_1,-0.123328157957005,-0.430162793634855,0.209050293870502,0.46709659376842,39,0.985215778776928,node
auc_degree,alpha,switching,76,7Networks_RH_SalVentAttn_FrOperIns_1,0.125847012171891,-0.206602234562637,0.432245628806658,0.457977068334914,39,0.985215778776928,node
auc_degree,alpha,detail,76,7Networks_RH_SalVentAttn_FrOperIns_1,0.0683024480495965,-0.261509718659541,0.383832123380712,0.687921495709173,39,0.985215778776928,node
auc_degree,alpha,communication,76,7Networks_RH_SalVentAttn_FrOperIns_1,-0.142073272402196,-0.445585179323371,0.190731620926721,0.401579552142115,39,0.985215778776928,node
auc_degree,alpha,imagination,76,7Networks_RH_SalVentAttn_FrOperIns_1,-0.0199703803149517,-0.34178325790017,0.306034456320713,0.906608610001919,39,0.985215778776928,node
auc_degree,alpha,total,77,7Networks_RH_SalVentAttn_Med_1,-0.0152183641854204,-0.337578244729183,0.310336463580325,0.928765986029315,39,0.985215778776928,node
auc_degree,alpha,social,77,7Networks_RH_SalVentAttn_Med_1,0.0637508391701188,-0.265763514362691,0.379927264759481,0.707769580967243,39,0.985215778776928,node
auc_degree,alpha,switching,77,7Networks_RH_SalVentAttn_Med_1,0.166153756030971,-0.166853822332024,0.465136318029619,0.325686771819685,39,0.985215778776928,node
auc_degree,alpha,detail,77,7Networks_RH_SalVentAttn_Med_1,-0.289198998845398,-0.560683255597778,0.0384263625369708,0.0825523294075639,39,0.985215778776928,node
auc_degree,alpha,communication,77,7Networks_RH_SalVentAttn_Med_1,0.0711628583441007,-0.25882989407168,0.386280329541299,0.67555158513966,39,0.985215778776928,node
auc_degree,alpha,imagination,77,7Networks_RH_SalVentAttn_Med_1,-0.0964126668646188,-0.407700593000021,0.234951762655326,0.570271398600674,39,0.985215778776928,node
auc_degree,alpha,total,78,7Networks_RH_SalVentAttn_Med_2,-0.0396911009218003,-0.359097310378219,0.288037842513604,0.815577538938829,39,0.985215778776928,node
auc_degree,alpha,social,78,7Networks_RH_SalVentAttn_Med_2,0.0145588759442835,-0.310932447424236,0.336993651484398,0.931845559438126,39,0.985215778776928,node
auc_degree,alpha,switching,78,7Networks_RH_SalVentAttn_Med_2,-0.242489191525483,-0.525244006670393,0.0884880513796164,0.148159714769248,39,0.985215778776928,node
auc_degree,alpha,detail,78,7Networks_RH_SalVentAttn_Med_2,0.220894814973254,-0.111080316501463,0.508521722048724,0.188902837543397,39,0.985215778776928,node
auc_degree,alpha,communication,78,7Networks_RH_SalVentAttn_Med_2,-0.166491595163003,-0.465408553176229,0.166516025113455,0.324690086564567,39,0.985215778776928,node
auc_degree,alpha,imagination,78,7Networks_RH_SalVentAttn_Med_2,0.0883301939242797,-0.242638931463795,0.400881038542016,0.603155267961438,39,0.985215778776928,node
auc_degree,alpha,total,79,7Networks_RH_Limbic_OFC_1,-0.306172345806371,-0.573319372064018,0.0198182951295457,0.0653301972534684,39,0.33460123627152,node
auc_degree,alpha,social,79,7Networks_RH_Limbic_OFC_1,-0.304467230823722,-0.57205568441194,0.0216978918525451,0.066920247254304,39,0.33460123627152,node
auc_degree,alpha,switching,79,7Networks_RH_Limbic_OFC_1,-0.143474271390423,-0.446730649377677,0.189353120742568,0.396905117510094,39,0.995614542774053,node
auc_degree,alpha,detail,79,7Networks_RH_Limbic_OFC_1,0.00722357823913163,-0.31754419137036,0.330474584426,0.966154560588009,39,0.995614542774053,node
auc_degree,alpha,communication,79,7Networks_RH_Limbic_OFC_1,-0.238156292414722,-0.521906112284692,0.0930486508348114,0.155769368926802,39,0.667583009686296,node
auc_degree,alpha,imagination,79,7Networks_RH_Limbic_OFC_1,-0.154134059225574,-0.455413752866835,0.178821375557024,0.362379147739638,39,0.995614542774053,node
auc_degree,alpha,total,80,7Networks_RH_Limbic_TempPole_1,0.43053657699789,0.123779897923326,0.662183570518463,0.00781504412106803,39,0.130362978972284,node
auc_degree,alpha,social,80,7Networks_RH_Limbic_TempPole_1,0.330345036234646,0.00707816142508307,0.591098443189371,0.0458363263031684,39,0.33460123627152,node
auc_degree,alpha,switching,80,7Networks_RH_Limbic_TempPole_1,0.425280215865093,0.11743892189979,0.658555048504845,0.00869086526481893,39,0.130362978972284,node
auc_degree,alpha,detail,80,7Networks_RH_Limbic_TempPole_1,-0.0508176094493017,-0.368769908695993,0.27778089327573,0.765172781616772,39,0.995614542774053,node
auc_degree,alpha,communication,80,7Networks_RH_Limbic_TempPole_1,0.141067964620573,-0.191719976159639,0.444762617288623,0.404953144464532,39,0.995614542774053,node
auc_degree,alpha,imagination,80,7Networks_RH_Limbic_TempPole_1,0.355909040170067,0.0360408702329803,0.609629142867565,0.0306217210166264,39,0.306217210166264,node
auc_degree,alpha,total,81,7Networks_RH_Cont_Par_1,0.156832935575594,-0.176142757631134,0.457603110757613,0.353932380956295,39,0.977779141481739,node
auc_degree,alpha,social,81,7Networks_RH_Cont_Par_1,0.0124641506174292,-0.312823768184019,0.33513516388314,0.941633437583341,39,0.977779141481739,node
auc_degree,alpha,switching,81,7Networks_RH_Cont_Par_1,0.265965280122379,-0.0635346064762392,0.543179027244362,0.11159058209825,39,0.977779141481739,node
auc_degree,alpha,detail,81,7Networks_RH_Cont_Par_1,-0.122546907416009,-0.429516114820437,0.209808741090636,0.469944551815929,39,0.977779141481739,node
auc_degree,alpha,communication,81,7Networks_RH_Cont_Par_1,0.264930308033635,-0.0646434601761074,0.542393634842663,0.113043382077668,39,0.977779141481739,node
auc_degree,alpha,imagination,81,7Networks_RH_Cont_Par_1,0.0147046284257751,-0.310800751982922,0.337122872943017,0.931164862092793,39,0.977779141481739,node
auc_degree,alpha,total,82,7Networks_RH_Cont_Par_2,0.0534964313853228,-0.275300185286197,0.371088446975575,0.753169718958897,39,0.977779141481739,node
auc_degree,alpha,social,82,7Networks_RH_Cont_Par_2,0.0824151390050622,-0.248238472145783,0.395868187193461,0.627724713586431,39,0.977779141481739,node
auc_degree,alpha,switching,82,7Networks_RH_Cont_Par_2,-0.0518358382423384,-0.369651658879802,0.276838484257624,0.760603853522631,39,0.977779141481739,node
auc_degree,alpha,detail,82,7Networks_RH_Cont_Par_2,0.0390734896971375,-0.288604991811191,0.358558385336695,0.818398939443802,39,0.977779141481739,node
auc_degree,alpha,communication,82,7Networks_RH_Cont_Par_2,0.159610734757873,-0.173380650044827,0.45985268955043,0.34536402587779,39,0.977779141481739,node
auc_degree,alpha,imagination,82,7Networks_RH_Cont_Par_2,-0.117044953684039,-0.424952948698959,0.215138799306089,0.490258601684239,39,0.977779141481739,node
auc_degree,alpha,total,83,7Networks_RH_Cont_PFCl_1,0.162470408090008,-0.170531647971563,0.462164554669254,0.336676505978743,39,0.977779141481739,node
auc_degree,alpha,social,83,7Networks_RH_Cont_PFCl_1,0.225021100092131,-0.106789709455994,0.511733897428618,0.180564815847605,39,0.977779141481739,node
auc_degree,alpha,switching,83,7Networks_RH_Cont_PFCl_1,-0.0216620639354795,-0.343277108664071,0.304499752413394,0.898736627652378,39,0.977779141481739,node
auc_degree,alpha,detail,83,7Networks_RH_Cont_PFCl_1,0.199565445222123,-0.133063506825251,0.491788881398544,0.236332938374651,39,0.977779141481739,node
auc_degree,alpha,communication,83,7Networks_RH_Cont_PFCl_1,-0.0997390000151331,-0.410497123019637,0.231776030759825,0.556979948029798,39,0.977779141481739,node
auc_degree,alpha,imagination,83,7Networks_RH_Cont_PFCl_1,0.127547300141373,-0.204947378347066,0.433649747480955,0.451875616130671,39,0.977779141481739,node
auc_degree,alpha,total,84,7Networks_RH_Cont_PFCl_2,-0.233234147110148,-0.51810371371459,0.0982126555790287,0.164753487915056,39,0.977779141481739,node
auc_degree,alpha,social,84,7Networks_RH_Cont_PFCl_2,-0.0589366820420233,-0.375784865169695,0.270248760092272,0.728970954525372,39,0.977779141481739,node
auc_degree,alpha,switching,84,7Networks_RH_Cont_PFCl_2,-0.311618403659973,-0.577347036896031,0.0137994776984174,0.0604503842547167,39,0.977779141481739,node
auc_degree,alpha,detail,84,7Networks_RH_Cont_PFCl_2,-0.00703000060931701,-0.330302128287091,0.317718247872506,0.967061051754195,39,0.977779141481739,node
auc_degree,alpha,communication,84,7Networks_RH_Cont_PFCl_2,-0.176709778058251,-0.473615859042448,0.156262041401409,0.295444422395369,39,0.977779141481739,node
auc_degree,alpha,imagination,84,7Networks_RH_Cont_PFCl_2,-0.0938924829582295,-0.405577917120273,0.237353142941008,0.580436848861193,39,0.977779141481739,node
auc_degree,alpha,total,85,7Networks_RH_Cont_PFCl_3,-0.328770028257852,-0.589947686678135,-0.00531132038906232,0.0469436956842262,39,0.977779141481739,node
auc_degree,alpha,social,85,7Networks_RH_Cont_PFCl_3,-0.113054188255531,-0.421633298919492,0.218992538952891,0.505270632173558,39,0.977779141481739,node
auc_degree,alpha,switching,85,7Networks_RH_Cont_PFCl_3,-0.314476953880889,-0.579455932253031,0.0106308294141937,0.0580072459637258,39,0.977779141481739,node
auc_degree,alpha,detail,85,7Networks_RH_Cont_PFCl_3,-0.140133586659296,-0.443997631749842,0.192637992842978,0.408103191352777,39,0.977779141481739,node
auc_degree,alpha,communication,85,7Networks_RH_Cont_PFCl_3,-0.156513170425713,-0.457343904100183,0.176460380269596,0.354926898262915,39,0.977779141481739,node
auc_degree,alpha,imagination,85,7Networks_RH_Cont_PFCl_3,-0.204197528487023,-0.495441180152487,0.128317093231512,0.225406415069112,39,0.977779141481739,node
auc_degree,alpha,total,86,7Networks_RH_Cont_PFCl_4,-0.185631482367765,-0.480739905157938,0.147250000761604,0.271335787100585,39,0.977779141481739,node
auc_degree,alpha,social,86,7Networks_RH_Cont_PFCl_4,-0.161224468222587,-0.461157791585566,0.171773623278963,0.340444934838775,39,0.977779141481739,node
auc_degree,alpha,switching,86,7Networks_RH_Cont_PFCl_4,-0.130048478383607,-0.435712552941541,0.202509571813891,0.442980645728981,39,0.977779141481739,node
auc_degree,alpha,detail,86,7Networks_RH_Cont_PFCl_4,0.0731712402953824,-0.256945266398306,0.387996641265992,0.666915860765141,39,0.977779141481739,node
auc_degree,alpha,communication,86,7Networks_RH_Cont_PFCl_4,-0.0641007150684632,-0.380227826200747,0.265436985571391,0.70623693075615,39,0.977779141481739,node
auc_degree,alpha,imagination,86,7Networks_RH_Cont_PFCl_4,-0.269199796761476,-0.545630428964823,0.0600639412061747,0.107141016411118,39,0.977779141481739,node
auc_degree,alpha,total,87,7Networks_RH_Cont_Cing_1,-0.103823640265699,-0.413923202512201,0.227866633953263,0.540858725983848,39,0.977779141481739,node
auc_degree,alpha,social,87,7Networks_RH_Cont_Cing_1,-0.0297562414670264,-0.350402270166536,0.297133163209134,0.861216106107646,39,0.977779141481739,node
auc_degree,alpha,switching,87,7Networks_RH_Cont_Cing_1,-0.149620028393814,-0.451743759334929,0.18329051866135,0.37677393067604,39,0.977779141481739,node
auc_degree,alpha,detail,87,7Networks_RH_Cont_Cing_1,0.0128860358260417,-0.312443056725599,0.335509672010558,0.939661399714922,39,0.977779141481739,node
auc_degree,alpha,communication,87,7Networks_RH_Cont_Cing_1,-0.0542600678229353,-0.371748654919914,0.274592221144381,0.749758363695552,39,0.977779141481739,node
auc_degree,alpha,imagination,87,7Networks_RH_Cont_Cing_1,-0.0738499304363076,-0.388576139276525,0.256307828291911,0.664007047811713,39,0.977779141481739,node
auc_degree,alpha,total,88,7Networks_RH_Cont_PFCmp_1,0.0159044452673689,-0.309716175886255,0.338186146990791,0.925563316766484,39,0.977779141481739,node
auc_degree,alpha,social,88,7Networks_RH_Cont_PFCmp_1,0.0190791517880778,-0.306842302445144,0.340995598903903,0.910759380752571,39,0.977779141481739,node
auc_degree,alpha,switching,88,7Networks_RH_Cont_PFCmp_1,0.0655959239937208,-0.264040699079385,0.381511535845149,0.699699983852224,39,0.977779141481739,node
auc_degree,alpha,detail,88,7Networks_RH_Cont_PFCmp_1,0.0681756304265019,-0.261628412331757,0.383723478228701,0.688471803639365,39,0.977779141481739,node
auc_degree,alpha,communication,88,7Networks_RH_Cont_PFCmp_1,-0.0705673649901328,-0.385771016423193,0.259388211279922,0.678120043384094,39,0.977779141481739,node
auc_degree,alpha,imagination,88,7Networks_RH_Cont_PFCmp_1,-0.0729327243505532,-0.38779292584819,0.257169216716368,0.667939262433104,39,0.977779141481739,node
auc_degree,alpha,total,89,7Networks_RH_Cont_pCun_1,0.0827039555446518,-0.247965573498342,0.396113386080217,0.62651555255147,39,0.977779141481739,node
auc_degree,alpha,social,89,7Networks_RH_Cont_pCun_1,-0.0190799658742223,-0.340996318591528,0.306841564738269,0.910755588181695,39,0.977779141481739,node
auc_degree,alpha,switching,89,7Networks_RH_Cont_pCun_1,0.185033409938544,-0.14785586223781,0.480263555117504,0.272910371630012,39,0.977779141481739,node
auc_degree,alpha,detail,89,7Networks_RH_Cont_pCun_1,0.122184604042677,-0.210160333767794,0.429216111924322,0.471268393986841,39,0.977779141481739,node
auc_degree,alpha,communication,89,7Networks_RH_Cont_pCun_1,0.00920319937497487,-0.315762945833859,0.332236968492207,0.95688692977113,39,0.977779141481739,node
auc_degree,alpha,imagination,89,7Networks_RH_Cont_pCun_1,-0.1100076577472,-0.419093515020238,0.221927508356263,0.516884538137822,39,0.977779141481739,node
auc_degree,alpha,total,90,7Networks_RH_Default_Par_1,0.0169302077542852,-0.308788264104724,0.339094522635393,0.920777159919491,39,0.990195244232094,node
auc_degree,alpha,social,90,7Networks_RH_Default_Par_1,0.00160706975400404,-0.322585430603012,0.325462112309877,0.992468162173059,39,0.999169136594387,node
auc_degree,alpha,switching,90,7Networks_RH_Default_Par_1,0.149855553822954,-0.183057675077486,0.451935499192792,0.376014631428977,39,0.990195244232094,node
auc_degree,alpha,detail,90,7Networks_RH_Default_Par_1,-0.203874809083408,-0.495187056084671,0.128648272491742,0.226156291677562,39,0.990195244232094,node
auc_degree,alpha,communication,90,7Networks_RH_Default_Par_1,0.155156444186041,-0.177807245261991,0.456243551650105,0.35916525328073,39,0.990195244232094,node
auc_degree,alpha,imagination,90,7Networks_RH_Default_Par_1,-0.0742038534936503,-0.388878236923808,0.255975303366538,0.662492076403072,39,0.990195244232094,node
auc_degree,alpha,total,91,7Networks_RH_Default_Temp_1,0.0246496310189227,-0.301785274020891,0.345911328325769,0.884858160311769,39,0.990195244232094,node
auc_degree,alpha,social,91,7Networks_RH_Default_Temp_1,0.0943854962389364,-0.236883689033323,0.405993432194047,0.578441848707839,39,0.990195244232094,node
auc_degree,alpha,switching,91,7Networks_RH_Default_Temp_1,0.153377752097936,-0.179571121330864,0.454799573927674,0.36476766678715,39,0.990195244232094,node
auc_degree,alpha,detail,91,7Networks_RH_Default_Temp_1,-0.230541909806129,-0.516019163147284,0.101029649932515,0.169822454247747,39,0.990195244232094,node
auc_degree,alpha,communication,91,7Networks_RH_Default_Temp_1,-0.0916833757900011,-0.403714482882962,0.239454786484439,0.5894137148286,39,0.990195244232094,node
auc_degree,alpha,imagination,91,7Networks_RH_Default_Temp_1,0.152380720578202,-0.18055891239929,0.45398947011659,0.36793076017308,39,0.990195244232094,node
auc_degree,alpha,total,92,7Networks_RH_Default_Temp_2,0.208359139612562,-0.124039733707972,0.498713763218477,0.215888363284894,39,0.990195244232094,node
auc_degree,alpha,social,92,7Networks_RH_Default_Temp_2,0.152734585750688,-0.180208403702887,0.4542770482362,0.366806254251078,39,0.990195244232094,node
auc_degree,alpha,switching,92,7Networks_RH_Default_Temp_2,0.235737431043233,-0.0955885964312275,0.520038929672182,0.160138877872604,39,0.990195244232094,node
auc_degree,alpha,detail,92,7Networks_RH_Default_Temp_2,-0.0393504143709343,-0.35880005501958,0.288350721703524,0.817133598763995,39,0.990195244232094,node
auc_degree,alpha,communication,92,7Networks_RH_Default_Temp_2,0.0975029185613084,-0.233911651378984,0.408617838172837,0.56589904655719,39,0.990195244232094,node
auc_degree,alpha,imagination,92,7Networks_RH_Default_Temp_2,0.122649233116167,-0.209709424854442,0.429600832666533,0.469571013989725,39,0.990195244232094,node
auc_degree,alpha,total,93,7Networks_RH_Default_Temp_3,-0.0414337427457468,-0.360616785007903,0.286436342744964,0.807629151257505,39,0.990195244232094,node
auc_degree,alpha,social,93,7Networks_RH_Default_Temp_3,0.0553551609958825,-0.273576342221776,0.37269486624768,0.744874482555724,39,0.990195244232094,node
auc_degree,alpha,switching,93,7Networks_RH_Default_Temp_3,0.0820832843735152,-0.248551972090303,0.395586394720708,0.629115239109968,39,0.990195244232094,node
auc_degree,alpha,detail,93,7Networks_RH_Default_Temp_3,-0.340359167826114,-0.598390375563752,-0.0183594096657989,0.0392782602206828,39,0.990195244232094,node
auc_degree,alpha,communication,93,7Networks_RH_Default_Temp_3,-0.0148566193459419,-0.33725761234806,0.310663406453298,0.93045508111045,39,0.990195244232094,node
auc_degree,alpha,imagination,93,7Networks_RH_Default_Temp_3,0.125321620878323,-0.207113202999037,0.431811453538668,0.459871324553839,39,0.990195244232094,node
auc_degree,alpha,total,94,7Networks_RH_Default_PFCv_1,-0.337773427763575,-0.596511617043656,-0.0154386155101474,0.0408937735688808,39,0.990195244232094,node
auc_degree,alpha,social,94,7Networks_RH_Default_PFCv_1,-0.302706394524451,-0.570749366154684,0.0236364948353866,0.0685940734179566,39,0.990195244232094,node
auc_degree,alpha,switching,94,7Networks_RH_Default_PFCv_1,-0.221730300487186,-0.509172766695353,0.110212557333363,0.187193032941145,39,0.990195244232094,node
auc_degree,alpha,detail,94,7Networks_RH_Default_PFCv_1,0.0282484280563258,-0.298508394454583,0.349077775614919,0.86818539850946,39,0.990195244232094,node
auc_degree,alpha,communication,94,7Networks_RH_Default_PFCv_1,-0.23429226781585,-0.518922072055555,0.0971040460896292,0.162791381089931,39,0.990195244232094,node
auc_degree,alpha,imagination,94,7Networks_RH_Default_PFCv_1,-0.196508884546353,-0.489373203849978,0.136187176948252,0.243736006782034,39,0.990195244232094,node
auc_degree,alpha,total,95,7Networks_RH_Default_PFCv_2,-0.266517141469827,-0.543597611061828,0.0629430176950507,0.110821710726626,39,0.990195244232094,node
auc_degree,alpha,social,95,7Networks_RH_Default_PFCv_2,-0.281138363528949,-0.554637756323832,0.0471844593757939,0.0918744874601718,39,0.990195244232094,node
auc_degree,alpha,switching,95,7Networks_RH_Default_PFCv_2,-0.275286765013158,-0.550230877180537,0.0535109105674106,0.0991336579931033,39,0.990195244232094,node
auc_degree,alpha,detail,95,7Networks_RH_Default_PFCv_2,0.0827210194926468,-0.247949448374111,0.396127871598218,0.626444142513066,39,0.990195244232094,node
auc_degree,alpha,communication,95,7Networks_RH_Default_PFCv_2,-0.170216377484914,-0.468406286413602,0.162786516059792,0.313827425281152,39,0.990195244232094,node
auc_degree,alpha,imagination,95,7Networks_RH_Default_PFCv_2,-0.0395474578089923,-0.358971986988674,0.288169769786266,0.81623353344606,39,0.990195244232094,node
auc_degree,alpha,total,96,7Networks_RH_Default_PFCdPFCm_1,-0.147072914711745,-0.449668384568435,0.185806245205213,0.385043096930366,39,0.990195244232094,node
auc_degree,alpha,social,96,7Networks_RH_Default_PFCdPFCm_1,-0.196642463153242,-0.489478868414801,0.136050803598083,0.243409257806548,39,0.990195244232094,node
auc_degree,alpha,switching,96,7Networks_RH_Default_PFCdPFCm_1,-0.0842228445855656,-0.397402154203323,0.246529532583109,0.62017241231006,39,0.990195244232094,node
auc_degree,alpha,detail,96,7Networks_RH_Default_PFCdPFCm_1,0.0471633948704598,-0.281157806273833,0.365600769114649,0.781633160243909,39,0.990195244232094,node
auc_degree,alpha,communication,96,7Networks_RH_Default_PFCdPFCm_1,-0.154852720236048,-0.455997094699584,0.178108590827169,0.360118223733842,39,0.990195244232094,node
auc_degree,alpha,imagination,96,7Networks_RH_Default_PFCdPFCm_1,0.0235610196459462,-0.302774990468511,0.344952056018953,0.889911511969754,39,0.990195244232094,node
auc_degree,alpha,total,97,7Networks_RH_Default_PFCdPFCm_2,-0.118369961562855,-0.426053305455142,0.213856994733203,0.485325583082841,39,0.990195244232094,node
auc_degree,alpha,social,97,7Networks_RH_Default_PFCdPFCm_2,-0.105898658835269,-0.4156603102597,0.225876535315301,0.532755433987115,39,0.990195244232094,node
auc_degree,alpha,switching,97,7Networks_RH_Default_PFCdPFCm_2,-0.0384336406408264,-0.357999830961659,0.28919231957504,0.82132430165897,39,0.990195244232094,node
auc_degree,alpha,detail,97,7Networks_RH_Default_PFCdPFCm_2,0.0658249120406713,-0.263826738720112,0.381708025688179,0.698700727250654,39,0.990195244232094,node
auc_degree,alpha,communication,97,7Networks_RH_Default_PFCdPFCm_2,-0.151656152349476,-0.453400433989059,0.181276344213875,0.3702396752282,39,0.990195244232094,node
auc_degree,alpha,imagination,97,7Networks_RH_Default_PFCdPFCm_2,-0.116195661903864,-0.424247172929112,0.215959797530266,0.493434031147867,39,0.990195244232094,node
auc_degree,alpha,total,98,7Networks_RH_Default_PFCdPFCm_3,0.102208650354557,-0.229413615183671,0.412569644380091,0.547206015960578,39,0.990195244232094,node
auc_degree,alpha,social,98,7Networks_RH_Default_PFCdPFCm_3,0.188226942951813,-0.144617840545412,0.482805109779724,0.264571613238063,39,0.990195244232094,node
auc_degree,alpha,switching,98,7Networks_RH_Default_PFCdPFCm_3,0.0443605351782296,-0.28374247149937,0.363164958412992,0.794322738632579,39,0.990195244232094,node
auc_degree,alpha,detail,98,7Networks_RH_Default_PFCdPFCm_3,0.0158562414946679,-0.309759766096986,0.338143444812347,0.925788297888411,39,0.990195244232094,node
auc_degree,alpha,communication,98,7Networks_RH_Default_PFCdPFCm_3,0.0208943328239152,-0.305196451886139,0.342599360977005,0.902308007417399,39,0.990195244232094,node
auc_degree,alpha,imagination,98,7Networks_RH_Default_PFCdPFCm_3,-0.0375493073882888,-0.357227478142939,0.290003657488329,0.825371342450239,39,0.990195244232094,node
auc_degree,alpha,total,99,7Networks_RH_Default_pCunPCC_1,0.0890780558517292,-0.241929387250389,0.401513501647695,0.600078557878345,39,0.990195244232094,node
auc_degree,alpha,social,99,7Networks_RH_Default_pCunPCC_1,-0.0143727752386836,-0.336828640376088,0.311100581555437,0.932714761435671,39,0.990195244232094,node
auc_degree,alpha,switching,99,7Networks_RH_Default_pCunPCC_1,-0.0191745270984013,-0.341079912266623,0.306755872781713,0.910315070482623,39,0.990195244232094,node
auc_degree,alpha,detail,99,7Networks_RH_Default_pCunPCC_1,0.177297403679513,-0.155670166419399,0.474086280670035,0.293815604095609,39,0.990195244232094,node
auc_degree,alpha,communication,99,7Networks_RH_Default_pCunPCC_1,0.0304139882934911,-0.296532826974597,0.350979647144065,0.858179125249312,39,0.990195244232094,node
auc_degree,alpha,imagination,99,7Networks_RH_Default_pCunPCC_1,0.104802373919274,-0.226928300040314,0.414742833690615,0.537029279103095,39,0.990195244232094,node
auc_degree,alpha,total,100,7Networks_RH_Default_pCunPCC_2,-0.0847074756541307,-0.397813100900929,0.246071029967832,0.618154155329043,39,0.990195244232094,node
auc_degree,alpha,social,100,7Networks_RH_Default_pCunPCC_2,-0.153489893068379,-0.454890659036541,0.179459977659137,0.36441291790486,39,0.990195244232094,node
auc_degree,alpha,switching,100,7Networks_RH_Default_pCunPCC_2,-0.0718589792783504,-0.386875463837725,0.258176951717198,0.672553679344555,39,0.990195244232094,node
auc_degree,alpha,detail,100,7Networks_RH_Default_pCunPCC_2,0.097992249054587,-0.233444578312604,0.40902931506316,0.563941651213794,39,0.990195244232094,node
auc_degree,alpha,communication,100,7Networks_RH_Default_pCunPCC_2,-0.0126821300653165,-0.335328677295725,0.312627075419768,0.940614482534183,39,0.990195244232094,node
auc_degree,alpha,imagination,100,7Networks_RH_Default_pCunPCC_2,-0.083352285644477,-0.396663641324896,0.247352784408366,0.623804747582017,39,0.990195244232094,node
auc_degree,beta,total,1,7Networks_LH_Vis_1,0.154691325461958,-0.178268696353135,0.455866112034301,0.360625236391981,39,0.75068926759147,node
auc_degree,beta,social,1,7Networks_LH_Vis_1,-0.0223767342530987,-0.343907713786782,0.303850890674915,0.895413839840715,39,0.95137720483076,node
auc_degree,beta,switching,1,7Networks_LH_Vis_1,-0.0146754687230423,-0.337097021461094,0.310827100389841,0.931301040720093,39,0.959011552358415,node
auc_degree,beta,detail,1,7Networks_LH_Vis_1,0.439413275678435,0.134545423588311,0.668286686048637,0.00650726599938939,39,0.11062352198962,node
auc_degree,beta,communication,1,7Networks_LH_Vis_1,0.0680168511213894,-0.261777006154975,0.383587439062592,0.689161027357012,39,0.915863853954367,node
auc_degree,beta,imagination,1,7Networks_LH_Vis_1,-0.054739444585909,-0.372162939888806,0.274147610722772,0.747619252399409,39,0.932206316719651,node
auc_degree,beta,total,2,7Networks_LH_Vis_2,0.0779986455253453,-0.252405026725977,0.392113105700142,0.646332413424813,39,0.915863853954367,node
auc_degree,beta,social,2,7Networks_LH_Vis_2,-0.03573969791141,-0.355645650218722,0.291662430531206,0.833666534882642,39,0.932206316719651,node
auc_degree,beta,switching,2,7Networks_LH_Vis_2,-0.241196525357288,-0.524249097577544,0.0898501030645346,0.150400946137835,39,0.590034481002275,node
auc_degree,beta,detail,2,7Networks_LH_Vis_2,0.450519865857835,0.14811745498847,0.675879801919421,0.00513958955292889,39,0.104847626879749,node
auc_degree,beta,communication,2,7Networks_LH_Vis_2,0.0507024600983024,-0.277887428535356,0.368670157395874,0.765689967479544,39,0.932206316719651,node
auc_degree,beta,imagination,2,7Networks_LH_Vis_2,0.0169062463710396,-0.308809946811205,0.339073310210175,0.920888931897161,39,0.958476235239902,node
auc_degree,beta,total,3,7Networks_LH_Vis_3,0.224677080984885,-0.107147901332493,0.511466395962445,0.181249816455469,39,0.605205443729528,node
auc_degree,beta,social,3,7Networks_LH_Vis_3,0.160079046417886,-0.172914467252888,0.460231568819901,0.34393204497627,39,0.730855595574574,node
auc_degree,beta,switching,3,7Networks_LH_Vis_3,-0.0107585282578569,-0.333620040247035,0.314361866126162,0.949609478315685,39,0.959011552358415,node
auc_degree,beta,detail,3,7Networks_LH_Vis_3,0.314078466816813,-0.0110729367016647,0.579162161125901,0.0583430385718169,39,0.396732662288355,node
auc_degree,beta,communication,3,7Networks_LH_Vis_3,0.0576806623939476,-0.271416620843199,0.374702021182377,0.734535930151363,39,0.932206316719651,node
auc_degree,beta,imagination,3,7Networks_LH_Vis_3,0.0930795620010864,-0.238126879521478,0.404892500167802,0.58373308378941,39,0.86290977603652,node
auc_degree,beta,total,4,7Networks_LH_Vis_4,-0.180349686967917,-0.476527052546046,0.152591959825236,0.285447931736226,39,0.630411526813609,node
auc_degree,beta,social,4,7Networks_LH_Vis_4,-0.271874001409481,-0.547653610693853,0.0571884712366047,0.103564841163756,39,0.523316981221372,node
auc_degree,beta,switching,4,7Networks_LH_Vis_4,-0.261446121610915,-0.539746077806127,0.0683703935930594,0.118039012974819,39,0.523477361888327,node
auc_degree,beta,detail,4,7Networks_LH_Vis_4,0.335339344308116,0.012694146607357,0.594740455137569,0.0424633272800532,39,0.309375670183245,node
auc_degree,beta,communication,4,7Networks_LH_Vis_4,-0.196924081044043,-0.489701608188527,0.13576325235705,0.242721352182098,39,0.630411526813609,node
auc_degree,beta,imagination,4,7Networks_LH_Vis_4,-0.0664288157038366,-0.382226085859614,0.263262311516166,0.696067813876825,39,0.915863853954367,node
auc_degree,beta,total,5,7Networks_LH_Vis_5,-0.0635127099026957,-0.379722661247913,0.265985710107612,0.708813367445525,39,0.915863853954367,node
auc_degree,beta,social,5,7Networks_LH_Vis_5,-0.192962864506023,-0.486565051266388,0.139802782949733,0.252517827103721,39,0.630411526813609,node
auc_degree,beta,switching,5,7Networks_LH_Vis_5,-0.211138165473623,-0.50089451707015,0.121176518368222,0.209688765459902,39,0.630411526813609,node
auc_degree,beta,detail,5,7Networks_LH_Vis_5,0.497157917147258,0.206379321368953,0.707250496326413,0.00174578826120909,39,0.0445176006608319,node
auc_degree,beta,communication,5,7Networks_LH_Vis_5,-0.205431467214874,-0.496412380618148,0.127050123433087,0.222554879013726,39,0.630411526813609,node
auc_degree,beta,imagination,5,7Networks_LH_Vis_5,-0.0418688176118348,-0.360995878962763,0.286036219945384,0.805647651820834,39,0.932206316719651,node
auc_degree,beta,total,6,7Networks_LH_Vis_6,0.233623279516941,-0.0978050511301938,0.518404732229042,0.16402993747233,39,0.597537629363487,node
auc_degree,beta,social,6,7Networks_LH_Vis_6,0.0961903980139457,-0.235163716331267,0.407513517743935,0.571164672902506,39,0.856747009353759,node
auc_degree,beta,switching,6,7Networks_LH_Vis_6,0.029535299970245,-0.29733476213963,0.350208270736212,0.86223669074192,39,0.932206316719651,node
auc_degree,beta,detail,6,7Networks_LH_Vis_6,0.341948113218268,0.0201569772555773,0.599543472655651,0.0383114952414585,39,0.300597885740674,node
auc_degree,beta,communication,6,7Networks_LH_Vis_6,0.0774159794915542,-0.252953805102354,0.391616916611055,0.648803513050738,39,0.915863853954367,node
auc_degree,beta,imagination,6,7Networks_LH_Vis_6,0.109286059438143,-0.222621802464466,0.418491234851908,0.519654632657228,39,0.856747009353759,node
auc_degree,beta,total,7,7Networks_LH_Vis_7,-0.0107748406557053,-0.333634538638747,0.314347163994968,0.949533172176299,39,0.959011552358415,node
auc_degree,beta,social,7,7Networks_LH_Vis_7,-0.201541496243492,-0.493348214147626,0.131040546733501,0.231628675187419,39,0.630411526813609,node
auc_degree,beta,switching,7,7Networks_LH_Vis_7,-0.121228739357695,-0.428424289250139,0.211087528034427,0.474770506980829,39,0.856747009353759,node
auc_degree,beta,detail,7,7Networks_LH_Vis_7,0.228797635023379,-0.102851919874202,0.514666795302139,0.173165700842551,39,0.605205443729528,node
auc_degree,beta,communication,7,7Networks_LH_Vis_7,0.288426779972578,-0.0392675848558735,0.560105340131166,0.0834122935819722,39,0.472669663631176,node
auc_degree,beta,imagination,7,7Networks_LH_Vis_7,-0.22042536535427,-0.508155763247086,0.111567678289213,0.189868374503381,39,0.605205443729528,node
auc_degree,beta,total,8,7Networks_LH_Vis_8,-0.0298401297153852,-0.350475921701333,0.297056611415463,0.860828663032666,39,0.932206316719651,node
auc_degree,beta,social,8,7Networks_LH_Vis_8,-0.0282384885026493,-0.349069040250024,0.298517455522915,0.868231373415362,39,0.932206316719651,node
auc_degree,beta,switching,8,7Networks_LH_Vis_8,-0.182242689835342,-0.478038510317218,0.150679628442315,0.28033657209753,39,0.630411526813609,node
auc_degree,beta,detail,8,7Networks_LH_Vis_8,0.178505977836783,-0.154452100581638,0.475053268148231,0.290483742747447,39,0.630411526813609,node
auc_degree,beta,communication,8,7Networks_LH_Vis_8,0.0381708192271564,-0.289433496141959,0.357770335486751,0.8225266010843,39,0.932206316719651,node
auc_degree,beta,imagination,8,7Networks_LH_Vis_8,-0.0972167409337443,-0.408377133437948,0.234184741209618,0.567045243771363,39,0.856747009353759,node
auc_degree,beta,total,9,7Networks_LH_Vis_9,-0.112201535711061,-0.42092296046237,0.219814574116558,0.508507787988774,39,0.856747009353759,node
auc_degree,beta,social,9,7Networks_LH_Vis_9,-0.182895630910401,-0.478559441527598,0.150019442087852,0.278587425235472,39,0.630411526813609,node
auc_degree,beta,switching,9,7Networks_LH_Vis_9,-0.246325984316473,-0.528192474370611,0.0844380116681728,0.141651247183926,39,0.585299831913788,node
auc_degree,beta,detail,9,7Networks_LH_Vis_9,0.428035046536485,0.120759065955548,0.660458091107093,0.00822193561170681,39,0.119805347484871,node
auc_degree,beta,communication,9,7Networks_LH_Vis_9,-0.245249431891449,-0.527365859466365,0.0855755024171352,0.14345584115534,39,0.585299831913788,node
auc_degree,beta,imagination,9,7Networks_LH_Vis_9,-0.0441123768954544,-0.362949087543703,0.283971081869621,0.795448807087771,39,0.932206316719651,node
auc_degree,beta,total,10,7Networks_LH_SomMot_1,0.0866182322887139,-0.244261846458256,0.399432118663244,0.610223697927201,39,0.982037256953294,node
auc_degree,beta,social,10,7Networks_LH_SomMot_1,-0.134167453905265,-0.439102626591379,0.198485954599883,0.42854319453946,39,0.923016111315761,node
auc_degree,beta,switching,10,7Networks_LH_SomMot_1,0.123951477239411,-0.208444881249273,0.430678519366589,0.46483093843384,39,0.952336556791282,node
auc_degree,beta,detail,10,7Networks_LH_SomMot_1,-0.0166316461723936,-0.338830189994197,0.3090584089438,0.922169957762945,39,0.982037256953294,node
auc_degree,beta,communication,10,7Networks_LH_SomMot_1,0.293395276015013,-0.0338469846398773,0.563819061143907,0.0779987879485689,39,0.834514033968766,node
auc_degree,beta,imagination,10,7Networks_LH_SomMot_1,0.0152215943895155,-0.310333543793765,0.337581107482248,0.928750904609907,39,0.982037256953294,node
auc_degree,beta,total,11,7Networks_LH_SomMot_2,0.00709074193620528,-0.317663634295537,0.330356244377676,0.966776605999888,39,0.982037256953294,node
auc_degree,beta,social,11,7Networks_LH_SomMot_2,-0.0171386591823835,-0.339279045754626,0.308599621681228,0.919804865891728,39,0.982037256953294,node
auc_degree,beta,switching,11,7Networks_LH_SomMot_2,-0.0494765192714063,-0.367607698145344,0.279021158288624,0.771202353935646,39,0.982037256953294,node
auc_degree,beta,detail,11,7Networks_LH_SomMot_2,-0.098246400507377,-0.409242980540367,0.233201926694393,0.562926239592145,39,0.982037256953294,node
auc_degree,beta,communication,11,7Networks_LH_SomMot_2,0.151734500043908,-0.181198785264879,0.453464139284418,0.369989597635184,39,0.881372451468087,node
auc_degree,beta,imagination,11,7Networks_LH_SomMot_2,0.0711400741013564,-0.258851259971137,0.386260846185648,0.675649791016504,39,0.982037256953294,node
auc_degree,beta,total,12,7Networks_LH_SomMot_3,-0.0427291780761844,-0.361745226811955,0.285244640396535,0.801732760114328,39,0.982037256953294,node
auc_degree,beta,social,12,7Networks_LH_SomMot_3,-0.0683110955177757,-0.383839531382268,0.261501624785827,0.687883976942088,39,0.982037256953294,node
auc_degree,beta,switching,12,7Networks_LH_SomMot_3,0.0184117380942827,-0.307446966249267,0.340405449121239,0.913869297663172,39,0.982037256953294,node
auc_degree,beta,detail,12,7Networks_LH_SomMot_3,-0.169096486909402,-0.467505711153751,0.163908829076027,0.317069061128259,39,0.881372451468087,node
auc_degree,beta,communication,12,7Networks_LH_SomMot_3,0.247504035345898,-0.083192288357515,0.529096411727137,0.139695686337078,39,0.838174118022466,node
auc_degree,beta,imagination,12,7Networks_LH_SomMot_3,-0.159414422840273,-0.459693834340806,0.173576025183935,0.34596537865947,39,0.881372451468087,node
auc_degree,beta,total,13,7Networks_LH_SomMot_4,-0.155833906653791,-0.456793112533941,0.177134862767829,0.357045100996465,39,0.881372451468087,node
auc_degree,beta,social,13,7Networks_LH_SomMot_4,-0.0423612437720531,-0.361424817640885,0.28558321521544,0.803406392101206,39,0.982037256953294,node
auc_degree,beta,switching,13,7Networks_LH_SomMot_4,-0.113103866939466,-0.421674674186674,0.21894462961447,0.505082344132928,39,0.982037256953294,node
auc_degree,beta,detail,13,7Networks_LH_SomMot_4,-0.354717473015621,-0.60877152396211,-0.0346788399118298,0.031224146499306,39,0.814445825208279,node
auc_degree,beta,communication,13,7Networks_LH_SomMot_4,0.0993934319499152,-0.232106282329305,0.410206867303662,0.558354031900458,39,0.982037256953294,node
auc_degree,beta,imagination,13,7Networks_LH_SomMot_4,0.0122323271185434,-0.313032922455348,0.334929330400366,0.942717207520462,39,0.982037256953294,node
auc_degree,beta,total,14,7Networks_LH_SomMot_5,-0.326635196059502,-0.588386207266103,-0.00291968912696202,0.0484789181671595,39,0.814445825208279,node
auc_degree,beta,social,14,7Networks_LH_SomMot_5,-0.085278754404944,-0.398297359893831,0.245530361028323,0.615778587143977,39,0.982037256953294,node
auc_degree,beta,switching,14,7Networks_LH_SomMot_5,-0.251618225972897,-0.532248290473292,0.0788336384609426,0.133021937077071,39,0.838174118022466,node
auc_degree,beta,detail,14,7Networks_LH_SomMot_5,-0.339841244208353,-0.598014287446213,-0.0177739342356308,0.0395976276128057,39,0.814445825208279,node
auc_degree,beta,communication,14,7Networks_LH_SomMot_5,-0.0839782945668059,-0.397194738408473,0.246760841710598,0.621191887214677,39,0.982037256953294,node
auc_degree,beta,imagination,14,7Networks_LH_SomMot_5,-0.148473502823783,-0.450809980855514,0.184423455904955,0.380483059996288,39,0.881372451468087,node
auc_degree,beta,total,15,7Networks_LH_SomMot_6,-0.178221425944713,-0.474825660906509,0.154738978363825,0.29126601322427,39,0.881372451468087,node
auc_degree,beta,social,15,7Networks_LH_SomMot_6,-0.157236871182362,-0.457930474250125,0.175741429362317,0.352678491090038,39,0.881372451468087,node
auc_degree,beta,switching,15,7Networks_LH_SomMot_6,-0.0203383362729942,-0.342108321939281,0.305700788949253,0.904895612177123,39,0.982037256953294,node
auc_degree,beta,detail,15,7Networks_LH_SomMot_6,-0.26027960046938,-0.53885843202926,0.069616133965675,0.119748038669008,39,0.838174118022466,node
auc_degree,beta,communication,15,7Networks_LH_SomMot_6,-0.0122726662748309,-0.334965149297951,0.312996530194407,0.942528615477313,39,0.982037256953294,node
auc_degree,beta,imagination,15,7Networks_LH_SomMot_6,-0.00814931127486878,-0.331299011276006,0.316711510196228,0.961820107853078,39,0.982037256953294,node
auc_degree,beta,total,16,7Networks_LH_DorsAttn_Post_1,0.361512821736991,0.0424622925774796,0.613654460820747,0.0279151741389431,39,0.310611118403181,node
auc_degree,beta,social,16,7Networks_LH_DorsAttn_Post_1,0.140285123240693,-0.192489149283074,0.444121726521695,0.407591373317338,39,0.732001461143345,node
auc_degree,beta,switching,16,7Networks_LH_DorsAttn_Post_1,0.0578376691533661,-0.271270687227727,0.374837427706506,0.73383955286311,39,0.950599840320492,node
auc_degree,beta,detail,16,7Networks_LH_DorsAttn_Post_1,0.449433529375932,0.146784928773275,0.67513922347221,0.00526137283849924,39,0.157841185154977,node
auc_degree,beta,communication,16,7Networks_LH_DorsAttn_Post_1,0.348527039071611,0.0276218953649301,0.604306443235405,0.0345123464892423,39,0.310611118403181,node
auc_degree,beta,imagination,16,7Networks_LH_DorsAttn_Post_1,-0.0184443512031058,-0.340434292632542,0.307417425522095,0.913717302169161,39,0.959386470321215,node
auc_degree,beta,total,17,7Networks_LH_DorsAttn_Post_2,-0.138160457694278,-0.442380752628358,0.194574659710196,0.414800827981229,39,0.732001461143345,node
auc_degree,beta,social,17,7Networks_LH_DorsAttn_Post_2,-0.116546852454329,-0.424539063578841,0.215620363588246,0.492119683930456,39,0.790906634888232,node
auc_degree,beta,switching,17,7Networks_LH_DorsAttn_Post_2,-0.105705861735893,-0.415499004791013,0.226061558983972,0.53350585512816,39,0.827853913129903,node
auc_degree,beta,detail,17,7Networks_LH_DorsAttn_Post_2,-0.100214764244538,-0.410896632423917,0.231321228601275,0.555090746590484,39,0.827956836105652,node
auc_degree,beta,communication,17,7Networks_LH_DorsAttn_Post_2,-0.0436179351426454,-0.362518874638239,0.284426464307656,0.797693649805798,39,0.950599840320492,node
auc_degree,beta,imagination,17,7Networks_LH_DorsAttn_Post_2,0.0195271958561254,-0.306436235600336,0.341391632345227,0.908672380850077,39,0.959386470321215,node
auc_degree,beta,total,18,7Networks_LH_DorsAttn_Post_3,-0.237252932784263,-0.521209103247463,0.0939977357649261,0.157390986697952,39,0.643872218309802,node
auc_degree,beta,social,18,7Networks_LH_DorsAttn_Post_3,-0.288323982231105,-0.560028388101723,0.0393795333107321,0.0835272933028831,39,0.469841024828717,node
auc_degree,beta,switching,18,7Networks_LH_DorsAttn_Post_3,-0.0431428201038125,-0.362105349790552,0.284863907360232,0.799852255034018,39,0.950599840320492,node
auc_degree,beta,detail,18,7Networks_LH_DorsAttn_Post_3,0.0196714419164622,-0.306305478694671,0.341519109470159,0.908000606873161,39,0.959386470321215,node
auc_degree,beta,communication,18,7Networks_LH_DorsAttn_Post_3,-0.141614049631264,-0.44520949804728,0.191183183533079,0.403118596940544,39,0.732001461143345,node
auc_degree,beta,imagination,18,7Networks_LH_DorsAttn_Post_3,-0.208473618866193,-0.498803669894546,0.123921895561499,0.215630511384784,39,0.648136156447566,node
auc_degree,beta,total,19,7Networks_LH_DorsAttn_Post_4,-0.360278182680172,-0.612768717081152,-0.0410452412311414,0.0284938841491382,39,0.310611118403181,node
auc_degree,beta,social,19,7Networks_LH_DorsAttn_Post_4,-0.35027574518335,-0.605569392851408,-0.0296121415150317,0.0335560516890457,39,0.310611118403181,node
auc_degree,beta,switching,19,7Networks_LH_DorsAttn_Post_4,-0.249435585933338,-0.530577139637807,0.0811475422925782,0.136532426879918,39,0.643872218309802,node
auc_degree,beta,detail,19,7Networks_LH_DorsAttn_Post_4,-0.0443850226042728,-0.363186257970322,0.283719910973708,0.794211644158057,39,0.950599840320492,node
auc_degree,beta,communication,19,7Networks_LH_DorsAttn_Post_4,-0.154429202617465,-0.455653353993868,0.178528687753604,0.361449592945176,39,0.732001461143345,node
auc_degree,beta,imagination,19,7Networks_LH_DorsAttn_Post_4,-0.163377471185281,-0.462897007833635,0.169626805100179,0.333949238973193,39,0.726333990238613,node
auc_degree,beta,total,20,7Networks_LH_DorsAttn_Post_5,-0.194341888875457,-0.487657845113972,0.138397750694554,0.249077913668685,39,0.648136156447566,node
auc_degree,beta,social,20,7Networks_LH_DorsAttn_Post_5,-0.222179218565724,-0.509522446301873,0.109746089067645,0.186278858225526,39,0.644811432319127,node
auc_degree,beta,switching,20,7Networks_LH_DorsAttn_Post_5,-0.0237013716602115,-0.345075770373455,0.302647428246476,0.889259751123319,39,0.959386470321215,node
auc_degree,beta,detail,20,7Networks_LH_DorsAttn_Post_5,-0.0378809282329934,-0.357517158088636,0.28969946472096,0.823853194944427,39,0.950599840320492,node
auc_degree,beta,communication,20,7Networks_LH_DorsAttn_Post_5,-0.0855316878062399,-0.398511709621729,0.245290914354206,0.614728031997384,39,0.863124267074475,node
auc_degree,beta,imagination,20,7Networks_LH_DorsAttn_Post_5,-0.17482627945608,-0.472106888251237,0.158157550101098,0.300704121271822,39,0.712193971433263,node
auc_degree,beta,total,21,7Networks_LH_DorsAttn_Post_6,-0.119899317496528,-0.427322232937473,0.212376081427436,0.47966389358141,39,0.784904553133216,node
auc_degree,beta,social,21,7Networks_LH_DorsAttn_Post_6,-0.0391892985874014,-0.358659455928134,0.288498662600652,0.81786972334346,39,0.950599840320492,node
auc_degree,beta,switching,21,7Networks_LH_DorsAttn_Post_6,0.0540409740999124,-0.274795378495495,0.371559268549318,0.750736634621567,39,0.950599840320492,node
auc_degree,beta,detail,21,7Networks_LH_DorsAttn_Post_6,-0.202644405548775,-0.49421772233524,0.12991025008026,0.22903088986816,39,0.648136156447566,node
auc_degree,beta,communication,21,7Networks_LH_DorsAttn_Post_6,-0.0211010276063988,-0.342781862639426,0.305008915149461,0.901346302695609,39,0.959386470321215,node
auc_degree,beta,imagination,21,7Networks_LH_DorsAttn_Post_6,-0.161715777423197,-0.461554878879726,0.171284003790168,0.338955862111353,39,0.726333990238613,node
auc_degree,beta,total,22,7Networks_LH_DorsAttn_PrCv_1,-0.424513064326383,-0.65802456701653,-0.116515568122633,0.00882544788287188,39,0.198572577364617,node
auc_degree,beta,social,22,7Networks_LH_DorsAttn_PrCv_1,-0.0503601403711978,-0.368373570242786,0.27820409228681,0.767228063582807,39,0.950599840320492,node
auc_degree,beta,switching,22,7Networks_LH_DorsAttn_PrCv_1,-0.310662682166882,-0.576641161659481,0.0148574208243949,0.0612851661909186,39,0.424281919783282,node
auc_degree,beta,detail,22,7Networks_LH_DorsAttn_PrCv_1,-0.469944256505309,-0.689045441808712,-0.172130669007987,0.00333786278265648,39,0.157841185154977,node
auc_degree,beta,communication,22,7Networks_LH_DorsAttn_PrCv_1,-0.0155094757696513,-0.337836217044838,0.310073302692146,0.927406921310508,39,0.959386470321215,node
auc_degree,beta,imagination,22,7Networks_LH_DorsAttn_PrCv_1,-0.399469500244031,-0.640578833241774,-0.0866623770417833,0.0143085963097442,39,0.257554733575395,node
auc_degree,beta,total,23,7Networks_LH_DorsAttn_FEF_1,-0.289018260592399,-0.56054801786775,0.0386232927180285,0.0827529858125969,39,0.469841024828717,node
auc_degree,beta,social,23,7Networks_LH_DorsAttn_FEF_1,-0.126869593687445,-0.4330902672891,0.205607204382707,0.45430226855709,39,0.771456682455436,node
auc_degree,beta,switching,23,7Networks_LH_DorsAttn_FEF_1,-0.252880580019586,-0.533213821882011,0.0774937393515998,0.131022350871749,39,0.643872218309802,node
auc_degree,beta,detail,23,7Networks_LH_DorsAttn_FEF_1,-0.149045213327771,-0.45127568858174,0.18385863172786,0.378630843168695,39,0.732001461143345,node
auc_degree,beta,communication,23,7Networks_LH_DorsAttn_FEF_1,-0.113881679143709,-0.422322313443092,0.2181943109745,0.502138961606082,39,0.792850992009603,node
auc_degree,beta,imagination,23,7Networks_LH_DorsAttn_FEF_1,-0.162972362694244,-0.462569933391174,0.170030991396919,0.335165590413858,39,0.726333990238613,node
auc_degree,beta,total,24,7Networks_LH_SalVentAttn_ParOper_1,-0.0961366416131404,-0.407468269097142,0.235214973243341,0.571380809625582,39,0.89433518028352,node
auc_degree,beta,social,24,7Networks_LH_SalVentAttn_ParOper_1,-0.0625065588650327,-0.378857822629175,0.266924152001389,0.713229360985753,39,0.950972481314337,node
auc_degree,beta,switching,24,7Networks_LH_SalVentAttn_ParOper_1,-0.00705383717013698,-0.330323365177041,0.317696816265509,0.966949426967378,39,0.993799962811276,node
auc_degree,beta,detail,24,7Networks_LH_SalVentAttn_ParOper_1,-0.0668824683189958,-0.382615122289014,0.262838165117559,0.694092268327026,39,0.949974964567944,node
auc_degree,beta,communication,24,7Networks_LH_SalVentAttn_ParOper_1,-0.113084814336253,-0.42165880623407,0.218963003833463,0.505154551554615,39,0.887100675900788,node
auc_degree,beta,imagination,24,7Networks_LH_SalVentAttn_ParOper_1,-0.0131172021981479,-0.335714835504098,0.31223440663027,0.938580997183237,39,0.993791644076368,node
auc_degree,beta,total,25,7Networks_LH_SalVentAttn_FrOperIns_1,-0.0672410416531813,-0.382922542889113,0.262502823710185,0.692532174301927,39,0.949974964567944,node
auc_degree,beta,social,25,7Networks_LH_SalVentAttn_FrOperIns_1,-0.0700702482452209,-0.385345695595428,0.259854124605809,0.680266931956097,39,0.949974964567944,node
auc_degree,beta,switching,25,7Networks_LH_SalVentAttn_FrOperIns_1,0.0469540082716719,-0.281351057502315,0.36541895339881,0.782579255173209,39,0.98198415519947,node
auc_degree,beta,detail,25,7Networks_LH_SalVentAttn_FrOperIns_1,-0.00571915969744532,-0.32913374660402,0.318896322822168,0.973200511721957,39,0.993799962811276,node
auc_degree,beta,communication,25,7Networks_LH_SalVentAttn_FrOperIns_1,0.0725985236660545,-0.257482948889976,0.387507434762966,0.6693742126303,39,0.949974964567944,node
auc_degree,beta,imagination,25,7Networks_LH_SalVentAttn_FrOperIns_1,-0.296374785351964,-0.566040873689463,0.0305870964815063,0.0748861229625653,39,0.673975106663088,node
auc_degree,beta,total,26,7Networks_LH_SalVentAttn_FrOperIns_2,-0.167338821650437,-0.46609101057967,0.165668559800577,0.32219898042749,39,0.887100675900788,node
auc_degree,beta,social,26,7Networks_LH_SalVentAttn_FrOperIns_2,-0.00254353491492403,-0.32629913016118,0.321746158313943,0.988079495054589,39,0.993799962811276,node
auc_degree,beta,switching,26,7Networks_LH_SalVentAttn_FrOperIns_2,-0.124728474952774,-0.431321116135146,0.207689848210924,0.462014894951086,39,0.887100675900788,node
auc_degree,beta,detail,26,7Networks_LH_SalVentAttn_FrOperIns_2,-0.0389597133993157,-0.358459081367206,0.288709446939165,0.818918944215057,39,0.98198415519947,node
auc_degree,beta,communication,26,7Networks_LH_SalVentAttn_FrOperIns_2,0.0351099069936312,-0.292239264906996,0.355094702926606,0.836557683152228,39,0.98198415519947,node
auc_degree,beta,imagination,26,7Networks_LH_SalVentAttn_FrOperIns_2,-0.442191076389351,-0.67019023616625,-0.137929147907711,0.00613878704171279,39,0.441992667003321,node
auc_degree,beta,total,27,7Networks_LH_SalVentAttn_PFCl_1,0.214966078651316,-0.117223564866242,0.503892340635095,0.201352751582554,39,0.763020953365467,node
auc_degree,beta,social,27,7Networks_LH_SalVentAttn_PFCl_1,0.327529200939065,0.00392078340597099,0.589040346559175,0.0478311775703774,39,0.673975106663088,node
auc_degree,beta,switching,27,7Networks_LH_SalVentAttn_PFCl_1,-0.0180434049577955,-0.340079647822905,0.307780556243426,0.915586145877143,39,0.983913470196333,node
auc_degree,beta,detail,27,7Networks_LH_SalVentAttn_PFCl_1,-0.0298086977923585,-0.350448325816978,0.297085294948976,0.860973829569646,39,0.98198415519947,node
auc_degree,beta,communication,27,7Networks_LH_SalVentAttn_PFCl_1,0.37780403780786,0.0612814567784727,0.62528282752793,0.0211442486919502,39,0.610751697770274,node
auc_degree,beta,imagination,27,7Networks_LH_SalVentAttn_PFCl_1,-0.142787095407232,-0.446168931984619,0.190029425262793,0.39919394514208,39,0.887100675900788,node
auc_degree,beta,total,28,7Networks_LH_SalVentAttn_Med_1,-0.021684019530765,-0.343296485986042,0.304479823048611,0.898634521743626,39,0.98198415519947,node
auc_degree,beta,social,28,7Networks_LH_SalVentAttn_Med_1,-0.0990693282783547,-0.409934583112175,0.232415951424896,0.559644197177063,39,0.89433518028352,node
auc_degree,beta,switching,28,7Networks_LH_SalVentAttn_Med_1,-0.156706811111551,-0.45750087838919,0.176268045308833,0.354324445544463,39,0.887100675900788,node
auc_degree,beta,detail,28,7Networks_LH_SalVentAttn_Med_1,0.0253531340388176,-0.301145306267951,0.346530890362341,0.881594856409908,39,0.98198415519947,node
auc_degree,beta,communication,28,7Networks_LH_SalVentAttn_Med_1,0.247112349068982,-0.0836065894876902,0.528795935498203,0.140343666578676,39,0.730105867854012,node
auc_degree,beta,imagination,28,7Networks_LH_SalVentAttn_Med_1,-0.0406111073096663,-0.359899709430953,0.287192578718117,0.811378970074368,39,0.98198415519947,node
auc_degree,beta,total,29,7Networks_LH_SalVentAttn_Med_2,-0.234938307278578,-0.519421467345524,0.0964267759602848,0.161601728047865,39,0.730105867854012,node
auc_degree,beta,social,29,7Networks_LH_SalVentAttn_Med_2,-0.0213577244899662,-0.343008479981146,0.30477597567271,0.900152142266181,39,0.98198415519947,node
auc_degree,beta,switching,29,7Networks_LH_SalVentAttn_Med_2,-0.125954107149597,-0.432334113019341,0.20649805726475,0.457591460387095,39,0.887100675900788,node
auc_degree,beta,detail,29,7Networks_LH_SalVentAttn_Med_2,-0.29893717359588,-0.567948511916326,0.0277780072507145,0.0722875667617206,39,0.673975106663088,node
auc_degree,beta,communication,29,7Networks_LH_SalVentAttn_Med_2,-0.120362321149651,-0.427706154690393,0.211927442318211,0.477956672306927,39,0.887100675900788,node
auc_degree,beta,imagination,29,7Networks_LH_SalVentAttn_Med_2,-0.100882636252508,-0.41145725759584,0.230682538310688,0.552443772916595,39,0.89433518028352,node
auc_degree,beta,total,30,7Networks_LH_SalVentAttn_Med_3,-0.308544658444987,-0.575075418707206,0.017199388683494,0.063167700476348,39,0.673975106663088,node
auc_degree,beta,social,30,7Networks_LH_SalVentAttn_Med_3,-0.173857932149155,-0.471330415124812,0.159131117775142,0.303431322880845,39,0.887100675900788,node
auc_degree,beta,switching,30,7Networks_LH_SalVentAttn_Med_3,-0.314945976142308,-0.57980161487774,0.0101103029281958,0.0576139850101524,39,0.673975106663088,node
auc_degree,beta,detail,30,7Networks_LH_SalVentAttn_Med_3,-0.218927973793188,-0.506987779082634,0.11312113748997,0.192971341638126,39,0.763020953365467,node
auc_degree,beta,communication,30,7Networks_LH_SalVentAttn_Med_3,0.126287288065957,-0.206173905270822,0.432609356651044,0.45639291913165,39,0.887100675900788,node
auc_degree,beta,imagination,30,7Networks_LH_SalVentAttn_Med_3,-0.279687060340444,-0.553546198787302,0.0487559948361103,0.0936355909799056,39,0.730105867854012,node
auc_degree,beta,total,31,7Networks_LH_Limbic_OFC_1,0.118585009269188,-0.213648850926926,0.42623180664595,0.484527389903935,39,0.954600196767523,node
auc_degree,beta,social,31,7Networks_LH_Limbic_OFC_1,0.301558784739959,-0.0248986428660712,0.569897253633628,0.0697025654019578,39,0.954600196767523,node
auc_degree,beta,switching,31,7Networks_LH_Limbic_OFC_1,0.109454232702315,-0.222460022708302,0.418631624541943,0.51900838976938,39,0.954600196767523,node
auc_degree,beta,detail,31,7Networks_LH_Limbic_OFC_1,-0.111311529567275,-0.420181098901538,0.220672118934301,0.51189781661767,39,0.954600196767523,node
auc_degree,beta,communication,31,7Networks_LH_Limbic_OFC_1,0.028793256252169,-0.29801162956475,0.349556511948472,0.865665979239354,39,0.954600196767523,node
auc_degree,beta,imagination,31,7Networks_LH_Limbic_OFC_1,-0.0917042352982112,-0.403732090488356,0.23943495620395,0.589328665090498,39,0.954600196767523,node
auc_degree,beta,total,32,7Networks_LH_Limbic_TempPole_1,-0.120149097281923,-0.427529363636248,0.212134068381159,0.478742492136006,39,0.954600196767523,node
auc_degree,beta,social,32,7Networks_LH_Limbic_TempPole_1,-0.132633053292116,-0.437840770508272,0.199986143967292,0.43389057738776,39,0.954600196767523,node
auc_degree,beta,switching,32,7Networks_LH_Limbic_TempPole_1,0.00969183240600605,-0.315322925424375,0.332671633729544,0.954600196767523,39,0.954600196767523,node
auc_degree,beta,detail,32,7Networks_LH_Limbic_TempPole_1,0.142501988496017,-0.190309928962601,0.445935807221762,0.400145796702026,39,0.954600196767523,node
auc_degree,beta,communication,32,7Networks_LH_Limbic_TempPole_1,-0.241423964862047,-0.524424203938077,0.0896105451887688,0.150004829063747,39,0.954600196767523,node
auc_degree,beta,imagination,32,7Networks_LH_Limbic_TempPole_1,-0.141652998844674,-0.445241365794947,0.191144889486926,0.402987931060205,39,0.954600196767523,node
auc_degree,beta,total,33,7Networks_LH_Limbic_TempPole_2,0.0986604722992298,-0.232806502380881,0.409591018229122,0.561273707472754,39,0.954600196767523,node
auc_degree,beta,social,33,7Networks_LH_Limbic_TempPole_2,-0.0303543326762654,-0.350927290874874,0.2965872862842,0.858454487997083,39,0.954600196767523,node
auc_degree,beta,switching,33,7Networks_LH_Limbic_TempPole_2,0.0115366110797116,-0.3136604174452,0.334311426976777,0.945970266579064,39,0.954600196767523,node
auc_degree,beta,detail,33,7Networks_LH_Limbic_TempPole_2,0.3162900271107,-0.00861768279666975,0.580791690458043,0.0564987679578551,39,0.954600196767523,node
auc_degree,beta,communication,33,7Networks_LH_Limbic_TempPole_2,-0.0395616754096868,-0.358984391841597,0.28815671235828,0.816168598498855,39,0.954600196767523,node
auc_degree,beta,imagination,33,7Networks_LH_Limbic_TempPole_2,0.0174849472657503,-0.308286184479942,0.339585528357992,0.918189905191681,39,0.954600196767523,node
auc_degree,beta,total,34,7Networks_LH_Cont_Par_1,-0.383294425091201,-0.629177160433848,-0.0676749115840083,0.0191964983780703,39,0.45143698341252,node
auc_degree,beta,social,34,7Networks_LH_Cont_Par_1,-0.299629643453926,-0.56846354397156,0.027017981231209,0.071597584759391,39,0.64672493769856,node
auc_degree,beta,switching,34,7Networks_LH_Cont_Par_1,-0.288873965934701,-0.560440038727038,0.0387804961368314,0.0829134535510974,39,0.64672493769856,node
auc_degree,beta,detail,34,7Networks_LH_Cont_Par_1,0.0646283870414967,-0.264944381955914,0.380680997389914,0.703927590464329,39,0.952951280001595,node
auc_degree,beta,communication,34,7Networks_LH_Cont_Par_1,-0.209696779556759,-0.499763893488378,0.122662261082437,0.212888714154439,39,0.921248039959489,node
auc_degree,beta,imagination,34,7Networks_LH_Cont_Par_1,-0.359344061774666,-0.612098146573715,-0.039973960929974,0.0289382681674693,39,0.45143698341252,node
auc_degree,beta,total,35,7Networks_LH_Cont_PFCl_1,-0.13515448748236,-0.439913705151498,0.197520103541597,0.425122858172068,39,0.926350944923656,node
auc_degree,beta,social,35,7Networks_LH_Cont_PFCl_1,-0.00670082604926608,-0.33000882079838,0.318014176935041,0.968602613193073,39,0.990888210074215,node
auc_degree,beta,switching,35,7Networks_LH_Cont_PFCl_1,-0.0536243485750315,-0.37119906118901,0.275181618656031,0.75259795740365,39,0.959220228558175,node
auc_degree,beta,detail,35,7Networks_LH_Cont_PFCl_1,-0.158201253658086,-0.458711713790066,0.174782824046804,0.349695759535726,39,0.926350944923656,node
auc_degree,beta,communication,35,7Networks_LH_Cont_PFCl_1,-0.00370263251959286,-0.327334435527774,0.320706653719953,0.982647970908925,39,0.990888210074215,node
auc_degree,beta,imagination,35,7Networks_LH_Cont_PFCl_1,-0.199509045823446,-0.491744348221355,0.133121204425374,0.236468146306678,39,0.922225770596046,node
auc_degree,beta,total,36,7Networks_LH_Cont_pCun_1,-0.0809253172365868,-0.394602650973661,0.249645350439151,0.633977147068103,39,0.941318170766612,node
auc_degree,beta,social,36,7Networks_LH_Cont_pCun_1,-0.123460026303402,-0.430271916382239,0.208922235071944,0.46661678775924,39,0.926350944923656,node
auc_degree,beta,switching,36,7Networks_LH_Cont_pCun_1,-0.22149578652515,-0.508990056981308,0.110456181344764,0.187671853850962,39,0.921248039959489,node
auc_degree,beta,detail,36,7Networks_LH_Cont_pCun_1,0.365953308591789,0.0475694738616865,0.616834878253222,0.0259132965190944,39,0.45143698341252,node
auc_degree,beta,communication,36,7Networks_LH_Cont_pCun_1,-0.141670760044913,-0.445255897526237,0.191127426712673,0.402928354273323,39,0.926350944923656,node
auc_degree,beta,imagination,36,7Networks_LH_Cont_pCun_1,-0.106938904182174,-0.416530305025999,0.22487781868539,0.528715337932222,39,0.941318170766612,node
auc_degree,beta,total,37,7Networks_LH_Cont_Cing_1,-0.214745422003606,-0.503719722607476,0.117451715607621,0.201826898798581,39,0.921248039959489,node
auc_degree,beta,social,37,7Networks_LH_Cont_Cing_1,-0.0191190417669102,-0.341030862939608,0.306806154567227,0.910573548196665,39,0.976674174775936,node
auc_degree,beta,switching,37,7Networks_LH_Cont_Cing_1,-0.294446107288923,-0.564603110407483,0.0326980619606123,0.0768897008892382,39,0.64672493769856,node
auc_degree,beta,detail,37,7Networks_LH_Cont_Cing_1,-0.121152133601843,-0.428360809866696,0.211161810184973,0.475051766627516,39,0.926350944923656,node
auc_degree,beta,communication,37,7Networks_LH_Cont_Cing_1,-0.129562780885647,-0.435312233008137,0.202983286022488,0.444700407390586,39,0.926350944923656,node
auc_degree,beta,imagination,37,7Networks_LH_Cont_Cing_1,-0.015354487400968,-0.337698878114554,0.310213416267016,0.928130465017328,39,0.978299679342589,node
auc_degree,beta,total,38,7Networks_LH_Default_Temp_1,0.071433061504705,-0.258576486719655,0.386511365343496,0.674387343930004,39,0.975032084218329,node
auc_degree,beta,social,38,7Networks_LH_Default_Temp_1,0.0374127029197464,-0.290128944273461,0.357108132488367,0.825996894478235,39,0.975032084218329,node
auc_degree,beta,switching,38,7Networks_LH_Default_Temp_1,0.144389060375759,-0.188452313899901,0.447478053374985,0.39386994311353,39,0.975032084218329,node
auc_degree,beta,detail,38,7Networks_LH_Default_Temp_1,-0.0671713748673207,-0.382862819979247,0.262567983027532,0.692835185729885,39,0.975032084218329,node
auc_degree,beta,communication,38,7Networks_LH_Default_Temp_1,0.175202183690046,-0.157779444841665,0.472408184314388,0.299649667013985,39,0.975032084218329,node
auc_degree,beta,imagination,38,7Networks_LH_Default_Temp_1,-0.135335338131363,-0.440062262313734,0.197343064049359,0.424497819555244,39,0.975032084218329,node
auc_degree,beta,total,39,7Networks_LH_Default_Temp_2,0.0125822044012186,-0.312717246351916,0.335239970677868,0.941081578245706,39,0.979416892131095,node
auc_degree,beta,social,39,7Networks_LH_Default_Temp_2,-0.0350817273477789,-0.355070045898459,0.292265069475748,0.836687095640043,39,0.975032084218329,node
auc_degree,beta,switching,39,7Networks_LH_Default_Temp_2,0.0329858885206012,-0.294182928700874,0.353234950202526,0.846323671091967,39,0.975032084218329,node
auc_degree,beta,detail,39,7Networks_LH_Default_Temp_2,0.0358954162071693,-0.291519769221336,0.355781839842496,0.832952017059833,39,0.975032084218329,node
auc_degree,beta,communication,39,7Networks_LH_Default_Temp_2,-0.0304839170447705,-0.351041016994405,0.296468986665971,0.857856364031759,39,0.975032084218329,node
auc_degree,beta,imagination,39,7Networks_LH_Default_Temp_2,0.0466424623383129,-0.28163854636826,0.365148385148127,0.78398751716073,39,0.975032084218329,node
auc_degree,beta,total,40,7Networks_LH_Default_Par_1,0.120486402868641,-0.211807186394878,0.427809024179907,0.477499689530737,39,0.975032084218329,node
auc_degree,beta,social,40,7Networks_LH_Default_Par_1,0.125555826871008,-0.206885448749358,0.432005015308829,0.459026395967243,39,0.975032084218329,node
auc_degree,beta,switching,40,7Networks_LH_Default_Par_1,-0.075806388886836,-0.390245264629639,0.254468678483436,0.655648998652042,39,0.975032084218329,node
auc_degree,beta,detail,40,7Networks_LH_Default_Par_1,0.0579652043282416,-0.271152135529354,0.374947407251117,0.733274045942469,39,0.975032084218329,node
auc_degree,beta,communication,40,7Networks_LH_Default_Par_1,0.279931192363357,-0.048491751572886,0.5537298817829,0.0933375481447458,39,0.963212248763893,node
auc_degree,beta,imagination,40,7Networks_LH_Default_Par_1,-0.0790411527141451,-0.39300043234475,0.251422620757017,0.641920428983762,39,0.975032084218329,node
auc_degree,beta,total,41,7Networks_LH_Default_Par_2,-0.199761620609509,-0.491943770315337,0.132862798311154,0.235863048623898,39,0.975032084218329,node
auc_degree,beta,social,41,7Networks_LH_Default_Par_2,-0.248833209393506,-0.530115541442273,0.0817855188838113,0.137513199692716,39,0.963212248763893,node
auc_degree,beta,switching,41,7Networks_LH_Default_Par_2,-0.159159040317866,-0.459487150553648,0.173830149827349,0.346748633739314,39,0.975032084218329,node
auc_degree,beta,detail,41,7Networks_LH_Default_Par_2,0.171629162685555,-0.161369444526726,0.469541513645892,0.30976783781673,39,0.975032084218329,node
auc_degree,beta,communication,41,7Networks_LH_Default_Par_2,-0.0899678531891251,-0.402265610826689,0.241084718456118,0.59642679971233,39,0.975032084218329,node
auc_degree,beta,imagination,41,7Networks_LH_Default_Par_2,-0.23911104372065,-0.522642362183796,0.0920449182926252,0.154068713921863,39,0.963212248763893,node
auc_degree,beta,total,42,7Networks_LH_Default_PFC_1,-0.137639109323366,-0.441953203512092,0.195085941002091,0.416580826104062,39,0.975032084218329,node
auc_degree,beta,social,42,7Networks_LH_Default_PFC_1,0.0342758226808458,-0.293002848046882,0.354364695460781,0.840389916705351,39,0.975032084218329,node
auc_degree,beta,switching,42,7Networks_LH_Default_PFC_1,-0.0169116694050121,-0.339078111117897,0.30880503952591,0.920863635095088,39,0.975032084218329,node
auc_degree,beta,detail,42,7Networks_LH_Default_PFC_1,0.0255657122628154,-0.300951868679358,0.346718048939322,0.880609156171977,39,0.975032084218329,node
auc_degree,beta,communication,42,7Networks_LH_Default_PFC_1,-0.213546884768556,-0.502781712729365,0.118690346159699,0.20441591503643,39,0.975032084218329,node
auc_degree,beta,imagination,42,7Networks_LH_Default_PFC_1,-0.318965391988105,-0.582760132768542,0.00564227198084578,0.0543300658981959,39,0.963212248763893,node
auc_degree,beta,total,43,7Networks_LH_Default_PFC_2,-0.203820559872138,-0.495144332871591,0.128703936526051,0.226282513065614,39,0.975032084218329,node
auc_degree,beta,social,43,7Networks_LH_Default_PFC_2,0.0366600421782173,-0.290819045757388,0.356450376786781,0.829445434227054,39,0.975032084218329,node
auc_degree,beta,switching,43,7Networks_LH_Default_PFC_2,-0.0852563221692562,-0.398278347928296,0.245551595200352,0.615871795507476,39,0.975032084218329,node
auc_degree,beta,detail,43,7Networks_LH_Default_PFC_2,-0.227656374611482,-0.513781184949141,0.104043008132108,0.175378456015245,39,0.975032084218329,node
auc_degree,beta,communication,43,7Networks_LH_Default_PFC_2,-0.0470773835685578,-0.365526086251722,0.281237192751422,0.782021757428869,39,0.975032084218329,node
auc_degree,beta,imagination,43,7Networks_LH_Default_PFC_2,-0.334010725523021,-0.593772621504915,-0.0111981552793219,0.043340389964996,39,0.891573736422775,node
auc_degree,beta,total,44,7Networks_LH_Default_PFC_3,0.0446461909041169,-0.283479271247231,0.363413405634643,0.793027025442395,39,0.975032084218329,node
auc_degree,beta,social,44,7Networks_LH_Default_PFC_3,0.190581316690634,-0.142226094580082,0.484675652024353,0.258532731701813,39,0.975032084218329,node
auc_degree,beta,switching,44,7Networks_LH_Default_PFC_3,0.0350646855718078,-0.292280674681161,0.355055134226398,0.836765360514078,39,0.975032084218329,node
auc_degree,beta,detail,44,7Networks_LH_Default_PFC_3,-0.183747333190802,-0.479238636267259,0.149157842571648,0.276316518598921,39,0.975032084218329,node
auc_degree,beta,communication,44,7Networks_LH_Default_PFC_3,0.111531612309726,-0.220460111059499,0.420364586547442,0.511058474395977,39,0.975032084218329,node
auc_degree,beta,imagination,44,7Networks_LH_Default_PFC_3,-0.0845494425137767,-0.397679109269037,0.246220559159889,0.6188119861015,39,0.975032084218329,node
auc_degree,beta,total,45,7Networks_LH_Default_PFC_4,0.0545658223575989,-0.274308657405737,0.372012907424447,0.748393788926061,39,0.975032084218329,node
auc_degree,beta,social,45,7Networks_LH_Default_PFC_4,0.183346883405994,-0.14956300877118,0.478919339424742,0.277382735833473,39,0.975032084218329,node
auc_degree,beta,switching,45,7Networks_LH_Default_PFC_4,0.114858824459237,-0.217251148379209,0.423135479798553,0.498453606289673,39,0.975032084218329,node
auc_degree,beta,detail,45,7Networks_LH_Default_PFC_4,-0.172160334430339,-0.469968075924559,0.160836305807007,0.308250155827288,39,0.975032084218329,node
auc_degree,beta,communication,45,7Networks_LH_Default_PFC_4,0.0256917083790154,-0.300837204624482,0.346828966641587,0.880025010386592,39,0.975032084218329,node
auc_degree,beta,imagination,45,7Networks_LH_Default_PFC_4,-0.0582094543068294,-0.375158010524216,0.270925062448042,0.732191397574676,39,0.975032084218329,node
auc_degree,beta,total,46,7Networks_LH_Default_PFC_5,0.0711106384188101,-0.258878862773132,0.386235674607037,0.67577667410591,39,0.975032084218329,node
auc_degree,beta,social,46,7Networks_LH_Default_PFC_5,0.0525785680878195,-0.27615066083172,0.370294475856537,0.757276146360224,39,0.975032084218329,node
auc_degree,beta,switching,46,7Networks_LH_Default_PFC_5,-0.0988888265505179,-0.409782916970361,0.232588385031677,0.560363322702391,39,0.975032084218329,node
auc_degree,beta,detail,46,7Networks_LH_Default_PFC_5,-0.0265812753089087,-0.347611820363284,0.300027376422922,0.875902575722248,39,0.975032084218329,node
auc_degree,beta,communication,46,7Networks_LH_Default_PFC_5,0.268689988778579,-0.060611498742903,0.545244365355059,0.107833264477578,39,0.963212248763893,node
auc_degree,beta,imagination,46,7Networks_LH_Default_PFC_5,0.0213116455513639,-0.304817792859232,0.342967803293997,0.900366486818229,39,0.975032084218329,node
auc_degree,beta,total,47,7Networks_LH_Default_PFC_6,-0.256819921986707,-0.536222201422195,0.0733047205698477,0.124925681740997,39,0.963212248763893,node
auc_degree,beta,social,47,7Networks_LH_Default_PFC_6,-0.0116565557574199,-0.334417976197839,0.31355225465291,0.945409361154321,39,0.979416892131095,node
auc_degree,beta,switching,47,7Networks_LH_Default_PFC_6,-0.294354802760173,-0.564535005345227,0.0327979237559393,0.0769855767751952,39,0.963212248763893,node
auc_degree,beta,detail,47,7Networks_LH_Default_PFC_6,-0.364002146578824,-0.615438402465307,-0.0453233123561064,0.0267777969860392,39,0.891573736422775,node
auc_degree,beta,communication,47,7Networks_LH_Default_PFC_6,0.0599747394281019,-0.269282831340911,0.376679146224445,0.724381964301268,39,0.975032084218329,node
auc_degree,beta,imagination,47,7Networks_LH_Default_PFC_6,-0.0925947267307543,-0.404483542839521,0.238588144735066,0.585702956545545,39,0.975032084218329,node
auc_degree,beta,total,48,7Networks_LH_Default_PFC_7,-0.065092173762645,-0.381079177822565,0.264511275776277,0.701899995166093,39,0.975032084218329,node
auc_degree,beta,social,48,7Networks_LH_Default_PFC_7,0.00196901244408236,-0.322261113268807,0.325785678916383,0.990771914661336,39,0.994931516083456,node
auc_degree,beta,switching,48,7Networks_LH_Default_PFC_7,-0.235520313917053,-0.519871198261286,0.0958163712681629,0.160535374793982,39,0.963212248763893,node
auc_degree,beta,detail,48,7Networks_LH_Default_PFC_7,0.020339414509692,-0.305699811072139,0.342109274374843,0.90489059312625,39,0.975032084218329,node
auc_degree,beta,communication,48,7Networks_LH_Default_PFC_7,0.0886095062437166,-0.242373971509808,0.401117286440143,0.60200538073724,39,0.975032084218329,node
auc_degree,beta,imagination,48,7Networks_LH_Default_PFC_7,-0.046179571861232,-0.36474627933311,0.282065584384884,0.786081141440684,39,0.975032084218329,node
auc_degree,beta,total,49,7Networks_LH_Default_pCunPCC_1,0.1979850348706,-0.134679441937506,0.490540404360804,0.240141515662136,39,0.975032084218329,node
auc_degree,beta,social,49,7Networks_LH_Default_pCunPCC_1,0.137808753765293,-0.194919592188582,0.442092341270408,0.416001150178943,39,0.975032084218329,node
auc_degree,beta,switching,49,7Networks_LH_Default_pCunPCC_1,-0.0075320488401856,-0.330749352827534,0.317266782924253,0.964710132047035,39,0.985874836751018,node
auc_degree,beta,detail,49,7Networks_LH_Default_pCunPCC_1,0.342575291365696,0.0208670745051322,0.599998321434471,0.0379352642422467,39,0.891573736422775,node
auc_degree,beta,communication,49,7Networks_LH_Default_pCunPCC_1,-0.0207994458444098,-0.342515572154744,0.305282535548105,0.902749541376126,39,0.975032084218329,node
auc_degree,beta,imagination,49,7Networks_LH_Default_pCunPCC_1,0.0846187870055423,-0.246154948115105,0.397737906059904,0.61852329582828,39,0.975032084218329,node
auc_degree,beta,total,50,7Networks_LH_Default_pCunPCC_2,0.00437990038882405,-0.3200989028567,0.327939011386882,0.979474638494439,39,0.993270055938023,node
auc_degree,beta,social,50,7Networks_LH_Default_pCunPCC_2,-0.0700487468285872,-0.385327296490833,0.259874272939374,0.680359845804901,39,0.975032084218329,node
auc_degree,beta,switching,50,7Networks_LH_Default_pCunPCC_2,0.057404627854021,-0.271673150938574,0.374463929354146,0.735760741334422,39,0.975032084218329,node
auc_degree,beta,detail,50,7Networks_LH_Default_pCunPCC_2,0.149189356234548,-0.18371619033131,0.451393079485308,0.378164691070113,39,0.975032084218329,node
auc_degree,beta,communication,50,7Networks_LH_Default_pCunPCC_2,-0.0679178428330476,-0.383502603662868,0.261869655279141,0.689590924080285,39,0.975032084218329,node
auc_degree,beta,imagination,50,7Networks_LH_Default_pCunPCC_2,-0.0737451309156879,-0.388486672699118,0.256406276656509,0.66445589574227,39,0.975032084218329,node
auc_degree,beta,total,51,7Networks_RH_Vis_1,0.06339134747163,-0.266098938561462,0.379618373295157,0.709345533945049,39,0.915863853954367,node
auc_degree,beta,social,51,7Networks_RH_Vis_1,-0.0075521713235801,-0.33076727490934,0.317248684789025,0.96461591134212,39,0.964615911342119,node
auc_degree,beta,switching,51,7Networks_RH_Vis_1,0.108715523234943,-0.223170512203744,0.418014845689563,0.521849998299321,39,0.856747009353759,node
auc_degree,beta,detail,51,7Networks_RH_Vis_1,0.0984830485615833,-0.232975949365782,0.409441900225351,0.561981518546573,39,0.856747009353759,node
auc_degree,beta,communication,51,7Networks_RH_Vis_1,-0.205179172415731,-0.496213865293629,0.127309260129041,0.223135894182527,39,0.630411526813609,node
auc_degree,beta,imagination,51,7Networks_RH_Vis_1,0.220895661070558,-0.111079437976569,0.50852238152891,0.188901100470755,39,0.605205443729528,node
auc_degree,beta,total,52,7Networks_RH_Vis_2,0.265051670877245,-0.0645134759391632,0.542485756593146,0.112872290067355,39,0.523316981221372,node
auc_degree,beta,social,52,7Networks_RH_Vis_2,0.0828754188503457,-0.247803535425605,0.396258933511107,0.625798156901453,39,0.911877314342117,node
auc_degree,beta,switching,52,7Networks_RH_Vis_2,0.275646636454457,-0.0531225960808043,0.550502341569324,0.09867496378942,39,0.523316981221372,node
auc_degree,beta,detail,52,7Networks_RH_Vis_2,0.379512947709404,0.063268670655091,0.626496280270202,0.0205211071530902,39,0.200928129160384,node
auc_degree,beta,communication,52,7Networks_RH_Vis_2,-0.127118406862972,-0.433295702286493,0.205364990936686,0.45341053216168,39,0.847788501304695,node
auc_degree,beta,imagination,52,7Networks_RH_Vis_2,0.0982104946593088,-0.233236210380053,0.409212796513162,0.563069643081419,39,0.856747009353759,node
auc_degree,beta,total,53,7Networks_RH_Vis_3,0.37639793574505,0.0596482440195182,0.624283492589509,0.0216687198114139,39,0.200928129160384,node
auc_degree,beta,social,53,7Networks_RH_Vis_3,0.298203448077645,-0.028582901805895,0.567402565544053,0.0730243256213713,39,0.465530075836242,node
auc_degree,beta,switching,53,7Networks_RH_Vis_3,0.403927293335558,0.0919355079989588,0.643702517222457,0.0131629625184163,39,0.167827772109808,node
auc_degree,beta,detail,53,7Networks_RH_Vis_3,-0.100452334846317,-0.411096080885092,0.231094071051482,0.554148505362128,39,0.856747009353759,node
auc_degree,beta,communication,53,7Networks_RH_Vis_3,0.101432779801219,-0.230156217808996,0.411918882677318,0.550267851736588,39,0.856747009353759,node
auc_degree,beta,imagination,53,7Networks_RH_Vis_3,0.354961471485879,0.034957647542722,0.608947187853384,0.0311000019851502,39,0.264350016873776,node
auc_degree,beta,total,54,7Networks_RH_Vis_4,0.0326093829894121,-0.294527182255768,0.352905024359635,0.848057200947168,39,0.932206316719651,node
auc_degree,beta,social,54,7Networks_RH_Vis_4,-0.10731198925725,-0.416842191462228,0.224519457983803,0.527269996928611,39,0.856747009353759,node
auc_degree,beta,switching,54,7Networks_RH_Vis_4,0.0642094027719793,-0.265335535171602,0.380321180953095,0.705761049948828,39,0.915863853954367,node
auc_degree,beta,detail,54,7Networks_RH_Vis_4,0.503659485978003,0.214668428803833,0.711558986314821,0.00148348192380732,39,0.0445176006608319,node
auc_degree,beta,communication,54,7Networks_RH_Vis_4,-0.28922260920233,-0.560700921021215,0.0384006351024541,0.0825261449608965,39,0.472669663631176,node
auc_degree,beta,imagination,54,7Networks_RH_Vis_4,-0.126079314304528,-0.432437554427813,0.206376251676869,0.457140858546649,39,0.847788501304695,node
auc_degree,beta,total,55,7Networks_RH_Vis_5,0.130193104006166,-0.20236848436408,0.435831732417834,0.442469257655271,39,0.847788501304695,node
auc_degree,beta,social,55,7Networks_RH_Vis_5,-0.099941411656189,-0.410667106988483,0.231582555044518,0.556175830150062,39,0.856747009353759,node
auc_degree,beta,switching,55,7Networks_RH_Vis_5,0.0664410390154422,-0.263250884896872,0.382236569606825,0.696014558427651,39,0.915863853954367,node
auc_degree,beta,detail,55,7Networks_RH_Vis_5,0.557080712970267,0.284390987025279,0.746378147863025,0.000341884598006059,39,0.034872228996618,node
auc_degree,beta,communication,55,7Networks_RH_Vis_5,-0.192270429499206,-0.486015991483159,0.140507772031448,0.254256958234509,39,0.630411526813609,node
auc_degree,beta,imagination,55,7Networks_RH_Vis_5,0.0315035882196387,-0.295537762513073,0.351935573185144,0.853152605513638,39,0.932206316719651,node
auc_degree,beta,total,56,7Networks_RH_Vis_6,0.193035841044333,-0.139728463666029,0.486622903814893,0.252335001016828,39,0.630411526813609,node
auc_degree,beta,social,56,7Networks_RH_Vis_6,-0.01878008007326,-0.340731180940503,0.307113288129046,0.912152792555555,39,0.958476235239902,node
auc_degree,beta,switching,56,7Networks_RH_Vis_6,0.194591870045261,-0.138142911487923,0.487855841791437,0.248457718066188,39,0.630411526813609,node
auc_degree,beta,detail,56,7Networks_RH_Vis_6,0.377622694551426,0.0610707280901597,0.625153990099435,0.0212112893230454,39,0.200928129160384,node
auc_degree,beta,communication,56,7Networks_RH_Vis_6,-0.141618257779025,-0.44521294113695,0.19117904621966,0.403104478378471,39,0.82233313589208,node
auc_degree,beta,imagination,56,7Networks_RH_Vis_6,0.133628680350809,-0.199012893199703,0.438659688510227,0.430416628858764,39,0.844564604945749,node
auc_degree,beta,total,57,7Networks_RH_Vis_7,0.133586828318593,-0.19905381784102,0.438625274791062,0.430562347619402,39,0.844564604945749,node
auc_degree,beta,social,57,7Networks_RH_Vis_7,-0.0755279373490704,-0.390007833645644,0.254730580044297,0.656836067243658,39,0.915863853954367,node
auc_degree,beta,switching,57,7Networks_RH_Vis_7,0.237158177021564,-0.0940972528977271,0.521135970182302,0.157561788660919,39,0.595233423830137,node
auc_degree,beta,detail,57,7Networks_RH_Vis_7,0.26747247842064,-0.0619183602770317,0.544321903263326,0.109500168943518,39,0.523316981221372,node
auc_degree,beta,communication,57,7Networks_RH_Vis_7,-0.106611506103536,-0.416256551318272,0.225192221565846,0.52998527336872,39,0.856747009353759,node
auc_degree,beta,imagination,57,7Networks_RH_Vis_7,0.0470276733018179,-0.281283072149313,0.365482921391179,0.782246371066503,39,0.932206316719651,node
auc_degree,beta,total,58,7Networks_RH_Vis_8,0.0397198280677695,-0.288011456922407,0.359122372385798,0.815446361598829,39,0.932206316719651,node
auc_degree,beta,social,58,7Networks_RH_Vis_8,-0.188270802480157,-0.482839980619847,0.144573320335831,0.264458272379915,39,0.630411526813609,node
auc_degree,beta,switching,58,7Networks_RH_Vis_8,-0.0343594476692545,-0.35443790334406,0.292926310305945,0.840005533625364,39,0.932206316719651,node
auc_degree,beta,detail,58,7Networks_RH_Vis_8,0.513733056164648,0.227594374953432,0.71820385031466,0.00114536708568379,39,0.0445176006608319,node
auc_degree,beta,communication,58,7Networks_RH_Vis_8,-0.184662877848551,-0.479968347989267,0.148231094679638,0.273888888398651,39,0.630411526813609,node
auc_degree,beta,imagination,58,7Networks_RH_Vis_8,0.0330548869825111,-0.29411983153552,0.353295403828059,0.846006061009593,39,0.932206316719651,node
auc_degree,beta,total,59,7Networks_RH_SomMot_1,0.174467307707764,-0.158518532600603,0.471819099126205,0.30171328233578,39,0.881372451468087,node
auc_degree,beta,social,59,7Networks_RH_SomMot_1,0.1105642406189,-0.221391755713815,0.419557879734434,0.514752919749256,39,0.982037256953294,node
auc_degree,beta,switching,59,7Networks_RH_SomMot_1,0.00435415900619539,-0.320122006942362,0.327916037703322,0.979595244132485,39,0.982037256953294,node
auc_degree,beta,detail,59,7Networks_RH_SomMot_1,0.0600366485824815,-0.269225202957874,0.376732461993374,0.724108576760177,39,0.982037256953294,node
auc_degree,beta,communication,59,7Networks_RH_SomMot_1,0.0780695729058568,-0.252338209943108,0.3921734938486,0.646031862755177,39,0.982037256953294,node
auc_degree,beta,imagination,59,7Networks_RH_SomMot_1,0.292012153651472,-0.0353578993363888,0.562786338363937,0.0794775270446444,39,0.834514033968766,node
auc_degree,beta,total,60,7Networks_RH_SomMot_2,-0.100574108426835,-0.411198302348358,0.230977620963349,0.553665823174082,39,0.982037256953294,node
auc_degree,beta,social,60,7Networks_RH_SomMot_2,0.0293540778357234,-0.297500097228397,0.350049126666197,0.863073965895394,39,0.982037256953294,node
auc_degree,beta,switching,60,7Networks_RH_SomMot_2,-0.172347625174715,-0.470118448290109,0.160648275157682,0.307716146060656,39,0.881372451468087,node
auc_degree,beta,detail,60,7Networks_RH_SomMot_2,0.0460568374127849,-0.282178790816581,0.364639641877624,0.786636510464098,39,0.982037256953294,node
auc_degree,beta,communication,60,7Networks_RH_SomMot_2,-0.204691710898254,-0.495830225463294,0.127809812411452,0.224261417890344,39,0.881372451468087,node
auc_degree,beta,imagination,60,7Networks_RH_SomMot_2,0.0217621368622285,-0.304408912667238,0.343365427680574,0.898271245091256,39,0.982037256953294,node
auc_degree,beta,total,61,7Networks_RH_SomMot_3,0.111638777961326,-0.220356865973773,0.420453923678784,0.510650019661447,39,0.982037256953294,node
auc_degree,beta,social,61,7Networks_RH_SomMot_3,0.161458714553112,-0.171540203086784,0.461347129794605,0.339734475703217,39,0.881372451468087,node
auc_degree,beta,switching,61,7Networks_RH_SomMot_3,-0.0633981538911261,-0.379624222332345,0.266092588563838,0.709315684637667,39,0.982037256953294,node
auc_degree,beta,detail,61,7Networks_RH_SomMot_3,-0.0481126696749042,-0.366424743888251,0.280281348626393,0.777347839807338,39,0.982037256953294,node
auc_degree,beta,communication,61,7Networks_RH_SomMot_3,0.0753713869653386,-0.254877804464014,0.389874327376659,0.657503822378696,39,0.982037256953294,node
auc_degree,beta,imagination,61,7Networks_RH_SomMot_3,0.222772706474,-0.109129174598328,0.509984591291682,0.185075131419738,39,0.881372451468087,node
auc_degree,beta,total,62,7Networks_RH_SomMot_4,-0.21070253711772,-0.500552914288205,0.12162570968503,0.210652349367142,39,0.881372451468087,node
auc_degree,beta,social,62,7Networks_RH_SomMot_4,0.00383296935803294,-0.3205897158372,0.32745080374326,0.982037256953294,39,0.982037256953294,node
auc_degree,beta,switching,62,7Networks_RH_SomMot_4,-0.221321494953037,-0.50885424971843,0.110637217699567,0.188028274755022,39,0.881372451468087,node
auc_degree,beta,detail,62,7Networks_RH_SomMot_4,-0.130012195735395,-0.435682652359851,0.202544964664412,0.443108989815989,39,0.930528878613577,node
auc_degree,beta,communication,62,7Networks_RH_SomMot_4,-0.249817015356612,-0.530869340941621,0.0807434305258262,0.135914069222259,39,0.838174118022466,node
auc_degree,beta,imagination,62,7Networks_RH_SomMot_4,0.0213516399641227,-0.30478149752456,0.343003108868521,0.900180445144486,39,0.982037256953294,node
auc_degree,beta,total,63,7Networks_RH_SomMot_5,0.0156925632885671,-0.309907768519942,0.337998437627159,0.926552274260796,39,0.982037256953294,node
auc_degree,beta,social,63,7Networks_RH_SomMot_5,0.166825939273956,-0.166181645509118,0.465677916318487,0.323705583780569,39,0.881372451468087,node
auc_degree,beta,switching,63,7Networks_RH_SomMot_5,-0.0728719180243812,-0.387740986512051,0.257226304067137,0.668200259040252,39,0.982037256953294,node
auc_degree,beta,detail,63,7Networks_RH_SomMot_5,-0.162449848721516,-0.462147948245178,0.170552150509797,0.336738480168945,39,0.881372451468087,node
auc_degree,beta,communication,63,7Networks_RH_SomMot_5,-0.0211098216620253,-0.342789626833815,0.305000935632893,0.901305388977705,39,0.982037256953294,node
auc_degree,beta,imagination,63,7Networks_RH_SomMot_5,0.146101782906087,-0.186764262330871,0.448876250229421,0.388223579813324,39,0.881372451468087,node
auc_degree,beta,total,64,7Networks_RH_SomMot_6,0.155451372980759,-0.177514566206973,0.456482827570808,0.358241330734804,39,0.881372451468087,node
auc_degree,beta,social,64,7Networks_RH_SomMot_6,0.24806900243662,-0.0825945002409694,0.529529693371546,0.138764923809617,39,0.838174118022466,node
auc_degree,beta,switching,64,7Networks_RH_SomMot_6,0.170873475019319,-0.162127595763538,0.468934412053624,0.3119351340518,39,0.881372451468087,node
auc_degree,beta,detail,64,7Networks_RH_SomMot_6,-0.36987664351338,-0.619638094716871,-0.0520957521895976,0.0242447445932057,39,0.814445825208279,node
auc_degree,beta,communication,64,7Networks_RH_SomMot_6,0.196463888327096,-0.136233111743551,0.489337608595016,0.243846139140554,39,0.881372451468087,node
auc_degree,beta,imagination,64,7Networks_RH_SomMot_6,0.194447670992372,-0.138289918226549,0.487741633138121,0.248815345282958,39,0.881372451468087,node
auc_degree,beta,total,65,7Networks_RH_SomMot_7,0.0251590952621777,-0.301321850254408,0.346360031999157,0.882494744602036,39,0.982037256953294,node
auc_degree,beta,social,65,7Networks_RH_SomMot_7,0.0216767224791288,-0.304486446704113,0.343290045866781,0.898668456973855,39,0.982037256953294,node
auc_degree,beta,switching,65,7Networks_RH_SomMot_7,0.134632505727816,-0.198030963635428,0.439484837188078,0.426929761603963,39,0.923016111315761,node
auc_degree,beta,detail,65,7Networks_RH_SomMot_7,-0.34907024041198,-0.604698891494301,-0.0282398541057443,0.0342129382147815,39,0.814445825208279,node
auc_degree,beta,communication,65,7Networks_RH_SomMot_7,0.0414954255803112,-0.286379622204191,0.360670537552874,0.807348151610797,39,0.982037256953294,node
auc_degree,beta,imagination,65,7Networks_RH_SomMot_7,0.297891761729717,-0.0289246925410008,0.567170576068552,0.0733390728662721,39,0.834514033968766,node
auc_degree,beta,total,66,7Networks_RH_SomMot_8,-0.148552173174144,-0.450874074437875,0.184345746193791,0.380227869909118,39,0.881372451468087,node
auc_degree,beta,social,66,7Networks_RH_SomMot_8,-0.152608971178266,-0.45417497134494,0.180332836478936,0.367205194998028,39,0.881372451468087,node
auc_degree,beta,switching,66,7Networks_RH_SomMot_8,0.0765923979210406,-0.253729125008746,0.390915255861728,0.652302652179294,39,0.982037256953294,node
auc_degree,beta,detail,66,7Networks_RH_SomMot_8,-0.257023506608834,-0.536377481378324,0.0730879156688508,0.124616457454145,39,0.838174118022466,node
auc_degree,beta,communication,66,7Networks_RH_SomMot_8,-0.043258064688219,-0.362205666504563,0.284757813095448,0.799328525652094,39,0.982037256953294,node
auc_degree,beta,imagination,66,7Networks_RH_SomMot_8,-0.0106381012019325,-0.333513000451918,0.314470400485964,0.950172825664506,39,0.982037256953294,node
auc_degree,beta,total,67,7Networks_RH_DorsAttn_Post_1,0.294341682830538,-0.0328122727782791,0.56452521874167,0.0769993612347514,39,0.469841024828717,node
auc_degree,beta,social,67,7Networks_RH_DorsAttn_Post_1,0.120431215300592,-0.211860673614223,0.427763272114042,0.477702912576151,39,0.784904553133216,node
auc_degree,beta,switching,67,7Networks_RH_DorsAttn_Post_1,0.466539887397541,0.167896313687707,0.686748402371504,0.00360665665873981,39,0.157841185154977,node
auc_degree,beta,detail,67,7Networks_RH_DorsAttn_Post_1,-0.0580974351583176,-0.375061426658239,0.271029208389549,0.732687864047363,39,0.950599840320492,node
auc_degree,beta,communication,67,7Networks_RH_DorsAttn_Post_1,0.135178787843005,-0.197496316536647,0.439933667303003,0.425038843718616,39,0.735644152589912,node
auc_degree,beta,imagination,67,7Networks_RH_DorsAttn_Post_1,0.140787400458852,-0.191995688735401,0.44453296285557,0.4058975401118,39,0.732001461143345,node
auc_degree,beta,total,68,7Networks_RH_DorsAttn_Post_2,-0.0165547505239056,-0.33876210189877,0.309127977244055,0.92252871517645,39,0.959386470321215,node
auc_degree,beta,social,68,7Networks_RH_DorsAttn_Post_2,0.190376044849647,-0.142434779569184,0.484512671186764,0.259055579578951,39,0.648136156447566,node
auc_degree,beta,switching,68,7Networks_RH_DorsAttn_Post_2,-0.142813018670338,-0.446190126744221,0.19000391785023,0.399107462997121,39,0.732001461143345,node
auc_degree,beta,detail,68,7Networks_RH_DorsAttn_Post_2,-0.224179460343142,-0.511079359045235,0.107665870395821,0.182243924627446,39,0.644811432319127,node
auc_degree,beta,communication,68,7Networks_RH_DorsAttn_Post_2,-0.0165861217379128,-0.338789880291889,0.309099595798407,0.922382350640689,39,0.959386470321215,node
auc_degree,beta,imagination,68,7Networks_RH_DorsAttn_Post_2,0.168185770017148,-0.164820880814684,0.4667728887915,0.319720647825078,39,0.726333990238613,node
auc_degree,beta,total,69,7Networks_RH_DorsAttn_Post_3,0.217004125228543,-0.115114641842357,0.505485598860798,0.197010097397615,39,0.648136156447566,node
auc_degree,beta,social,69,7Networks_RH_DorsAttn_Post_3,0.190298034785678,-0.142514078983916,0.484450727742604,0.259254462579026,39,0.648136156447566,node
auc_degree,beta,switching,69,7Networks_RH_DorsAttn_Post_3,0.26342425180081,-0.0662555739004309,0.541249891503241,0.115182845647278,39,0.609791535779705,node
auc_degree,beta,detail,69,7Networks_RH_DorsAttn_Post_3,-0.24156397732324,-0.524531988051248,0.0894630535713172,0.149761356874607,39,0.643872218309802,node
auc_degree,beta,communication,69,7Networks_RH_DorsAttn_Post_3,0.0952833216771116,-0.236028369961115,0.406749795009483,0.574816700321851,39,0.827956836105652,node
auc_degree,beta,imagination,69,7Networks_RH_DorsAttn_Post_3,0.339484469994222,0.0173707550604098,0.597755151159278,0.0398188487537209,39,0.325790580712262,node
auc_degree,beta,total,70,7Networks_RH_DorsAttn_Post_4,0.197277390479372,-0.13540241983016,0.489980996852025,0.24186017669647,39,0.648136156447566,node
auc_degree,beta,social,70,7Networks_RH_DorsAttn_Post_4,-0.00262278524651363,-0.326369941262284,0.321675109737862,0.987708108933201,39,0.998805952853799,node
auc_degree,beta,switching,70,7Networks_RH_DorsAttn_Post_4,0.313797518716411,-0.0113845622814414,0.578955000239595,0.0585807114301259,39,0.424281919783282,node
auc_degree,beta,detail,70,7Networks_RH_DorsAttn_Post_4,-0.040027493923673,-0.359390755966817,0.287728837758372,0.814041771764781,39,0.950599840320492,node
auc_degree,beta,communication,70,7Networks_RH_DorsAttn_Post_4,0.000230943150802242,-0.323817808982258,0.324231200970477,0.998917625975732,39,0.998917625975732,node
auc_degree,beta,imagination,70,7Networks_RH_DorsAttn_Post_4,0.350159541866194,0.0294798087024219,0.605485508422164,0.0336189188575485,39,0.310611118403181,node
auc_degree,beta,total,71,7Networks_RH_DorsAttn_Post_5,-0.152577736529556,-0.454149588221108,0.180363775614182,0.36730443360173,39,0.732001461143345,node
auc_degree,beta,social,71,7Networks_RH_DorsAttn_Post_5,-0.214755148563838,-0.503727332108241,0.117441659445985,0.201805981970194,39,0.648136156447566,node
auc_degree,beta,switching,71,7Networks_RH_DorsAttn_Post_5,0.138189658563059,-0.194546017353274,0.442404695685644,0.41470125713356,39,0.732001461143345,node
auc_degree,beta,detail,71,7Networks_RH_DorsAttn_Post_5,-0.205845581922565,-0.496738156156873,0.126624680079688,0.221603452189429,39,0.648136156447566,node
auc_degree,beta,communication,71,7Networks_RH_DorsAttn_Post_5,-0.182388478171775,-0.47815484160837,0.150532248128439,0.279945406270808,39,0.680948285523587,node
auc_degree,beta,imagination,71,7Networks_RH_DorsAttn_Post_5,0.0941066619701097,-0.237149217797539,0.405758444530114,0.579569785273956,39,0.827956836105652,node
auc_degree,beta,total,72,7Networks_RH_DorsAttn_PrCv_1,-0.0406882625711057,-0.359966980231029,0.287121668446961,0.811027095968207,39,0.950599840320492,node
auc_degree,beta,social,72,7Networks_RH_DorsAttn_PrCv_1,-0.0610927062227435,-0.377641609039012,0.268241804200583,0.71945029062244,39,0.950599840320492,node
auc_degree,beta,switching,72,7Networks_RH_DorsAttn_PrCv_1,0.0132227810746663,-0.312139101000548,0.335808528101043,0.93808758892398,39,0.959407761399525,node
auc_degree,beta,detail,72,7Networks_RH_DorsAttn_PrCv_1,-0.101533171703655,-0.412003104264017,0.230060152276232,0.549871218849998,39,0.827956836105652,node
auc_degree,beta,communication,72,7Networks_RH_DorsAttn_PrCv_1,-0.0968336013098067,-0.408054805955829,0.234550276799726,0.568581456339562,39,0.827956836105652,node
auc_degree,beta,imagination,72,7Networks_RH_DorsAttn_PrCv_1,0.194568697174811,-0.138166536543846,0.487837489072439,0.248515165763261,39,0.648136156447566,node
auc_degree,beta,total,73,7Networks_RH_DorsAttn_FEF_1,-0.226383308965302,-0.51279257461483,0.10537053460676,0.177870483180571,39,0.644811432319127,node
auc_degree,beta,social,73,7Networks_RH_DorsAttn_FEF_1,-0.0751079238527173,-0.38964961601153,0.255125538084365,0.65862819680718,39,0.898129359282519,node
auc_degree,beta,switching,73,7Networks_RH_DorsAttn_FEF_1,-0.225312653077984,-0.511960558915866,0.106486077740456,0.179985725346061,39,0.644811432319127,node
auc_degree,beta,detail,73,7Networks_RH_DorsAttn_FEF_1,-0.083456962640987,-0.396752462409439,0.247253820921489,0.623367526220454,39,0.863124267074475,node
auc_degree,beta,communication,73,7Networks_RH_DorsAttn_FEF_1,-0.238135648173842,-0.52189018794939,0.0930703467462564,0.155806291419177,39,0.643872218309802,node
auc_degree,beta,imagination,73,7Networks_RH_DorsAttn_FEF_1,0.0182027929592004,-0.30763621239806,0.34022064060306,0.914843171182137,39,0.959386470321215,node
auc_degree,beta,total,74,7Networks_RH_SalVentAttn_TempOccPar_1,0.146795891904691,-0.186079591481939,0.449442470676935,0.385948797286107,39,0.887100675900788,node
auc_degree,beta,social,74,7Networks_RH_SalVentAttn_TempOccPar_1,0.08296262854473,-0.247721112496115,0.39633295582668,0.625433404903152,39,0.949974964567944,node
auc_degree,beta,switching,74,7Networks_RH_SalVentAttn_TempOccPar_1,0.367025876438049,0.0488055780907891,0.617601858898181,0.0254479874070947,39,0.610751697770274,node
auc_degree,beta,detail,74,7Networks_RH_SalVentAttn_TempOccPar_1,-0.234588148450693,-0.519150815011132,0.0967939001611146,0.162245748412003,39,0.730105867854012,node
auc_degree,beta,communication,74,7Networks_RH_SalVentAttn_TempOccPar_1,0.0656905198381054,-0.263952315163354,0.381592710017314,0.699287126695848,39,0.949974964567944,node
auc_degree,beta,imagination,74,7Networks_RH_SalVentAttn_TempOccPar_1,0.12413108294913,-0.208270387949363,0.430827085473698,0.464179190145631,39,0.887100675900788,node
auc_degree,beta,total,75,7Networks_RH_SalVentAttn_TempOccPar_2,0.12482714917285,-0.207593935024579,0.431402699957101,0.46165792670474,39,0.887100675900788,node
auc_degree,beta,social,75,7Networks_RH_SalVentAttn_TempOccPar_2,0.165721001657125,-0.167286408844564,0.464787516317499,0.326966250171383,39,0.887100675900788,node
auc_degree,beta,switching,75,7Networks_RH_SalVentAttn_TempOccPar_2,0.120867298188851,-0.211437972306639,0.428124754312099,0.476098312587144,39,0.887100675900788,node
auc_degree,beta,detail,75,7Networks_RH_SalVentAttn_TempOccPar_2,-0.0468584445260724,-0.365335964888158,0.28143924823839,0.783011153886224,39,0.98198415519947,node
auc_degree,beta,communication,75,7Networks_RH_SalVentAttn_TempOccPar_2,-0.127153119910778,-0.433324360920219,0.205331195409014,0.453286197136264,39,0.887100675900788,node
auc_degree,beta,imagination,75,7Networks_RH_SalVentAttn_TempOccPar_2,0.252857583933783,-0.0775181587393132,0.533196239491482,0.131058576500884,39,0.730105867854012,node
auc_degree,beta,total,76,7Networks_RH_SalVentAttn_FrOperIns_1,0.1511294540873,-0.181797632592674,0.452972090313385,0.371923445702805,39,0.887100675900788,node
auc_degree,beta,social,76,7Networks_RH_SalVentAttn_FrOperIns_1,0.192895811006492,-0.139871066907624,0.486511891969138,0.252685892177285,39,0.86635163032212,node
auc_degree,beta,switching,76,7Networks_RH_SalVentAttn_FrOperIns_1,-0.00132289712558445,-0.32520801679296,0.32284000904527,0.993799962811276,39,0.993799962811276,node
auc_degree,beta,detail,76,7Networks_RH_SalVentAttn_FrOperIns_1,0.0361133116554623,-0.291320119863153,0.355972386162465,0.831952419236283,39,0.98198415519947,node
auc_degree,beta,communication,76,7Networks_RH_SalVentAttn_FrOperIns_1,0.0410920517898214,-0.286750503542044,0.36031898534206,0.809186172860652,39,0.98198415519947,node
auc_degree,beta,imagination,76,7Networks_RH_SalVentAttn_FrOperIns_1,0.155270233093594,-0.177694331323912,0.456335873822817,0.358808617564378,39,0.887100675900788,node
auc_degree,beta,total,77,7Networks_RH_SalVentAttn_Med_1,-0.106819517176145,-0.416430486155489,0.224992474945356,0.529178253237889,39,0.89433518028352,node
auc_degree,beta,social,77,7Networks_RH_SalVentAttn_Med_1,-0.102989186682819,-0.413224000003452,0.228666157079588,0.544133927168983,39,0.89433518028352,node
auc_degree,beta,switching,77,7Networks_RH_SalVentAttn_Med_1,0.0269480061350814,-0.299693381401247,0.347934427606598,0.874204000962564,39,0.98198415519947,node
auc_degree,beta,detail,77,7Networks_RH_SalVentAttn_Med_1,-0.113813083669105,-0.422265210615479,0.218260497572569,0.502398189890543,39,0.887100675900788,node
auc_degree,beta,communication,77,7Networks_RH_SalVentAttn_Med_1,-0.225831489909323,-0.51236381855956,0.10594559296612,0.178958463776523,39,0.757941728935861,node
auc_degree,beta,imagination,77,7Networks_RH_SalVentAttn_Med_1,0.174917804208309,-0.158065498438292,0.47218025388472,0.30044716640403,39,0.887100675900788,node
auc_degree,beta,total,78,7Networks_RH_SalVentAttn_Med_2,-0.261621875028817,-0.539879760963727,0.0681826154504219,0.117783117635445,39,0.730105867854012,node
auc_degree,beta,social,78,7Networks_RH_SalVentAttn_Med_2,-0.118530551439465,-0.426186605976263,0.213701563292623,0.484729456819719,39,0.887100675900788,node
auc_degree,beta,switching,78,7Networks_RH_SalVentAttn_Med_2,-0.240548168032764,-0.523749793906144,0.0905327958152371,0.151534334419812,39,0.730105867854012,node
auc_degree,beta,detail,78,7Networks_RH_SalVentAttn_Med_2,-0.239735984858038,-0.523124052347059,0.091387551426174,0.152962866882684,39,0.730105867854012,node
auc_degree,beta,communication,78,7Networks_RH_SalVentAttn_Med_2,0.0722066282889905,-0.257850753548423,0.387172580997406,0.671058356835073,39,0.949974964567944,node
auc_degree,beta,imagination,78,7Networks_RH_SalVentAttn_Med_2,-0.203404636060822,-0.494816731032511,0.129130638052947,0.227251838198987,39,0.818106617516355,node
auc_degree,beta,total,79,7Networks_RH_Limbic_OFC_1,0.0442777585550338,-0.283818731792188,0.363092955506669,0.794698308877323,39,0.954600196767523,node
auc_degree,beta,social,79,7Networks_RH_Limbic_OFC_1,0.193072651195892,-0.13969097479668,0.486652084286208,0.252242815058193,39,0.954600196767523,node
auc_degree,beta,switching,79,7Networks_RH_Limbic_OFC_1,-0.0278508204438763,-0.348728295137334,0.298870814457168,0.87002484355074,39,0.954600196767523,node
auc_degree,beta,detail,79,7Networks_RH_Limbic_OFC_1,-0.0802807342900378,-0.394054737829489,0.250253615030066,0.636690108559136,39,0.954600196767523,node
auc_degree,beta,communication,79,7Networks_RH_Limbic_OFC_1,0.0666138066513965,-0.263089368033823,0.382384741068426,0.695261984750087,39,0.954600196767523,node
auc_degree,beta,imagination,79,7Networks_RH_Limbic_OFC_1,-0.0841787460985088,-0.397364754310759,0.246571246191316,0.620356197630309,39,0.954600196767523,node
auc_degree,beta,total,80,7Networks_RH_Limbic_TempPole_1,0.0669523774891248,-0.262772791605715,0.3826750639648,0.693788007396557,39,0.954600196767523,node
auc_degree,beta,social,80,7Networks_RH_Limbic_TempPole_1,0.101360323541797,-0.230225547564848,0.411858093790018,0.550554198908534,39,0.954600196767523,node
auc_degree,beta,switching,80,7Networks_RH_Limbic_TempPole_1,-0.126702024015311,-0.432951893843068,0.205770306345448,0.454903363882543,39,0.954600196767523,node
auc_degree,beta,detail,80,7Networks_RH_Limbic_TempPole_1,0.168846967215561,-0.164158771128265,0.467304972076834,0.317794171370775,39,0.954600196767523,node
auc_degree,beta,communication,80,7Networks_RH_Limbic_TempPole_1,-0.0136905215633922,-0.336223532667813,0.311716794744935,0.935901944469764,39,0.954600196767523,node
auc_degree,beta,imagination,80,7Networks_RH_Limbic_TempPole_1,0.0557037826564786,-0.273252784258414,0.372995953128348,0.743321750636716,39,0.954600196767523,node
auc_degree,beta,total,81,7Networks_RH_Cont_Par_1,0.143393999465809,-0.189432139018646,0.446665045130767,0.39717209380182,39,0.926350944923656,node
auc_degree,beta,social,81,7Networks_RH_Cont_Par_1,0.144419828753108,-0.188422006064944,0.447503184501216,0.393768091030867,39,0.926350944923656,node
auc_degree,beta,switching,81,7Networks_RH_Cont_Par_1,-0.00792345802264869,-0.331097919427436,0.316914707557149,0.962877499582262,39,0.990888210074215,node
auc_degree,beta,detail,81,7Networks_RH_Cont_Par_1,0.0634033084317778,-0.266087779655068,0.379628651825044,0.709293079869392,39,0.952951280001595,node
auc_degree,beta,communication,81,7Networks_RH_Cont_Par_1,0.020356497058584,-0.305684318432538,0.342124363762884,0.904811076579279,39,0.976674174775936,node
auc_degree,beta,imagination,81,7Networks_RH_Cont_Par_1,0.204696566748294,-0.127804826992821,0.495834047653583,0.224250186879515,39,0.921248039959489,node
auc_degree,beta,total,82,7Networks_RH_Cont_Par_2,0.393130235194036,0.079193713795174,0.636122971415239,0.0160817513829441,39,0.45143698341252,node
auc_degree,beta,social,82,7Networks_RH_Cont_Par_2,0.232968787271556,-0.0984905482394551,0.517898400628571,0.165248212546851,39,0.921248039959489,node
auc_degree,beta,switching,82,7Networks_RH_Cont_Par_2,0.570535749680911,0.302418626688209,0.754987553669349,0.000226913010244203,39,0.0176992147990478,node
auc_degree,beta,detail,82,7Networks_RH_Cont_Par_2,-0.0993627978734562,-0.410181133543018,0.232135554934555,0.558475918319994,39,0.941318170766612,node
auc_degree,beta,communication,82,7Networks_RH_Cont_Par_2,0.12699774310011,-0.205482459199437,0.433196079060634,0.453842868197222,39,0.926350944923656,node
auc_degree,beta,imagination,82,7Networks_RH_Cont_Par_2,0.245806141546292,-0.0849873878297465,0.527793387455983,0.142520550897262,39,0.921248039959489,node
auc_degree,beta,total,83,7Networks_RH_Cont_PFCl_1,0.0817225497762947,-0.248892676109129,0.395280012020598,0.63062820443384,39,0.941318170766612,node
auc_degree,beta,social,83,7Networks_RH_Cont_PFCl_1,0.159328804764684,-0.173661226491832,0.459624546347563,0.346227848038154,39,0.926350944923656,node
auc_degree,beta,switching,83,7Networks_RH_Cont_PFCl_1,0.0566299018574769,-0.272392885517355,0.373795470981382,0.739201754044301,39,0.959220228558175,node
auc_degree,beta,detail,83,7Networks_RH_Cont_PFCl_1,-0.135853802546333,-0.440488055009423,0.196835405194513,0.422708802913588,39,0.926350944923656,node
auc_degree,beta,communication,83,7Networks_RH_Cont_PFCl_1,0.152814896925595,-0.180128842519881,0.454342306539529,0.366551328558865,39,0.926350944923656,node
auc_degree,beta,imagination,83,7Networks_RH_Cont_PFCl_1,-0.0432532970552817,-0.362201516579531,0.284762202341833,0.799350190465146,39,0.959220228558175,node
auc_degree,beta,total,84,7Networks_RH_Cont_PFCl_2,0.018369349727166,-0.307485360398744,0.340367959322595,0.914066855880043,39,0.976674174775936,node
auc_degree,beta,social,84,7Networks_RH_Cont_PFCl_2,0.0333465643651219,-0.293853069206881,0.353550930054008,0.844663692026862,39,0.968878940854342,node
auc_degree,beta,switching,84,7Networks_RH_Cont_PFCl_2,0.0359007703961854,-0.291514863722277,0.355786522319688,0.832927451554875,39,0.968878940854342,node
auc_degree,beta,detail,84,7Networks_RH_Cont_PFCl_2,-0.135952698486316,-0.440569258462475,0.196738550127745,0.422368032297758,39,0.926350944923656,node
auc_degree,beta,communication,84,7Networks_RH_Cont_PFCl_2,0.0820737436037513,-0.248560984141359,0.395578292357357,0.629155235143205,39,0.941318170766612,node
auc_degree,beta,imagination,84,7Networks_RH_Cont_PFCl_2,0.0465870477020644,-0.281689675803503,0.365100253569896,0.784238075577738,39,0.959220228558175,node
auc_degree,beta,total,85,7Networks_RH_Cont_PFCl_3,0.0355458866299502,-0.291839970384162,0.355476125881563,0.83455602694462,39,0.968878940854342,node
auc_degree,beta,social,85,7Networks_RH_Cont_PFCl_3,0.019492714899815,-0.306467490252132,0.341361158125542,0.908832972730474,39,0.976674174775936,node
auc_degree,beta,switching,85,7Networks_RH_Cont_PFCl_3,0.230619618496639,-0.100948414703047,0.516079379007231,0.169674594771,39,0.921248039959489,node
auc_degree,beta,detail,85,7Networks_RH_Cont_PFCl_3,-0.147323257880927,-0.449872507745938,0.185559180158636,0.384225693026803,39,0.926350944923656,node
auc_degree,beta,communication,85,7Networks_RH_Cont_PFCl_3,-0.071285146561355,-0.386384896341509,0.258715212907694,0.675024582119976,39,0.941318170766612,node
auc_degree,beta,imagination,85,7Networks_RH_Cont_PFCl_3,0.060781472164274,-0.268531696082667,0.377373734877931,0.720822122052489,39,0.952951280001595,node
auc_degree,beta,total,86,7Networks_RH_Cont_PFCl_4,0.00194419725341056,-0.322283351254004,0.325763497254205,0.990888210074215,39,0.990888210074215,node
auc_degree,beta,social,86,7Networks_RH_Cont_PFCl_4,-0.076362472886037,-0.39071930306229,0.253945500734043,0.653280843777552,39,0.941318170766612,node
auc_degree,beta,switching,86,7Networks_RH_Cont_PFCl_4,0.0891385861789698,-0.241871942785775,0.401564678811547,0.599829832956628,39,0.941318170766612,node
auc_degree,beta,detail,86,7Networks_RH_Cont_PFCl_4,-0.175384749015414,-0.472554489650359,0.157595775312471,0.299138402454594,39,0.926350944923656,node
auc_degree,beta,communication,86,7Networks_RH_Cont_PFCl_4,0.0454916660899408,-0.28269996930346,0.364148486614083,0.789195226509485,39,0.959220228558175,node
auc_degree,beta,imagination,86,7Networks_RH_Cont_PFCl_4,0.19037989714613,-0.142430863491222,0.484515730004282,0.25904576094957,39,0.926350944923656,node
auc_degree,beta,total,87,7Networks_RH_Cont_Cing_1,-0.125142369739873,-0.43166329065701,0.207287491912651,0.460518558365981,39,0.926350944923656,node
auc_degree,beta,social,87,7Networks_RH_Cont_Cing_1,-0.0250335946962814,-0.346249512731129,0.301436023605685,0.883076852386064,39,0.976674174775936,node
auc_degree,beta,switching,87,7Networks_RH_Cont_Cing_1,-0.10049799545885,-0.411134411088479,0.231050407665859,0.553967494221266,39,0.941318170766612,node
auc_degree,beta,detail,87,7Networks_RH_Cont_Cing_1,-0.180630389224713,-0.476751288339991,0.152308548809445,0.284686218312284,39,0.926350944923656,node
auc_degree,beta,communication,87,7Networks_RH_Cont_Cing_1,-0.0965282940676809,-0.407797901696595,0.234841489081031,0.569806957438807,39,0.941318170766612,node
auc_degree,beta,imagination,87,7Networks_RH_Cont_Cing_1,0.0907116003522139,-0.240378307473548,0.402893946532894,0.593381885640291,39,0.941318170766612,node
auc_degree,beta,total,88,7Networks_RH_Cont_PFCmp_1,0.154832404658047,-0.178128745090906,0.455980607965503,0.360182020427997,39,0.926350944923656,node
auc_degree,beta,social,88,7Networks_RH_Cont_PFCmp_1,0.0711010113044806,-0.258887890316061,0.386227441991301,0.675818173883721,39,0.941318170766612,node
auc_degree,beta,switching,88,7Networks_RH_Cont_PFCmp_1,0.236381788025593,-0.0949124053075383,0.520536591395221,0.158966329402476,39,0.921248039959489,node
auc_degree,beta,detail,88,7Networks_RH_Cont_PFCmp_1,-0.293673501481157,-0.564026698985187,0.0335428719668169,0.0777039333077763,39,0.64672493769856,node
auc_degree,beta,communication,88,7Networks_RH_Cont_PFCmp_1,0.318315620618962,-0.00636544497220858,0.582282337582307,0.0548505753493757,39,0.64672493769856,node
auc_degree,beta,imagination,88,7Networks_RH_Cont_PFCmp_1,0.124959332380747,-0.207465440459055,0.43151198114524,0.461179965788855,39,0.926350944923656,node
auc_degree,beta,total,89,7Networks_RH_Cont_pCun_1,0.0716969272638926,-0.258328978994132,0.386736944226783,0.673251128174857,39,0.941318170766612,node
auc_degree,beta,social,89,7Networks_RH_Cont_pCun_1,-0.110885239420755,-0.419825619918364,0.221082679221644,0.513525538195926,39,0.941318170766612,node
auc_degree,beta,switching,89,7Networks_RH_Cont_pCun_1,0.0968244438061076,-0.234559012399041,0.408047100986893,0.568618196958715,39,0.941318170766612,node
auc_degree,beta,detail,89,7Networks_RH_Cont_pCun_1,0.20462896609448,-0.127874229922846,0.495780836066144,0.224406573836286,39,0.921248039959489,node
auc_degree,beta,communication,89,7Networks_RH_Cont_pCun_1,-0.0455642574568336,-0.364211581180822,0.28263303928015,0.788866459221563,39,0.959220228558175,node
auc_degree,beta,imagination,89,7Networks_RH_Cont_pCun_1,0.0867416556657597,-0.24414490483931,0.399536630419229,0.60971292662973,39,0.941318170766612,node
auc_degree,beta,total,90,7Networks_RH_Default_Par_1,0.308171314221817,-0.0176118373364054,0.5747992224907,0.0635042223696293,39,0.963212248763893,node
auc_degree,beta,social,90,7Networks_RH_Default_Par_1,0.237788326020115,-0.0934353152270268,0.521622244616527,0.156428434177886,39,0.963212248763893,node
auc_degree,beta,switching,90,7Networks_RH_Default_Par_1,0.481059113914142,0.186032381371643,0.696514476128668,0.00257784004960626,39,0.371208967143301,node
auc_degree,beta,detail,90,7Networks_RH_Default_Par_1,-0.0834378362784946,-0.396736233644152,0.247271903838599,0.623447404923463,39,0.975032084218329,node
auc_degree,beta,communication,90,7Networks_RH_Default_Par_1,0.163494030084333,-0.169510490780257,0.462991099460578,0.333599772123525,39,0.975032084218329,node
auc_degree,beta,imagination,90,7Networks_RH_Default_Par_1,-0.0244638440477275,-0.345747662416327,0.301954232977422,0.885720275072311,39,0.975032084218329,node
auc_degree,beta,total,91,7Networks_RH_Default_Temp_1,0.104221361724998,-0.227485403760947,0.414256331216838,0.539301006237534,39,0.975032084218329,node
auc_degree,beta,social,91,7Networks_RH_Default_Temp_1,0.247812613238054,-0.0828658135284348,0.529333082890012,0.13918674786212,39,0.963212248763893,node
auc_degree,beta,switching,91,7Networks_RH_Default_Temp_1,0.164880358322599,-0.168126359807099,0.464109689121622,0.329460598507752,39,0.975032084218329,node
auc_degree,beta,detail,91,7Networks_RH_Default_Temp_1,-0.337311602156419,-0.59617576303089,-0.0149175259830551,0.0411878995263736,39,0.891573736422775,node
auc_degree,beta,communication,91,7Networks_RH_Default_Temp_1,0.153619446421454,-0.179331565875124,0.454995879286521,0.364003343202446,39,0.975032084218329,node
auc_degree,beta,imagination,91,7Networks_RH_Default_Temp_1,0.017128346207779,-0.30860895522305,0.33926991719763,0.919852966708822,39,0.975032084218329,node
auc_degree,beta,total,92,7Networks_RH_Default_Temp_2,0.239836020936266,-0.091282298069034,0.523201141033853,0.152786388380983,39,0.963212248763893,node
auc_degree,beta,social,92,7Networks_RH_Default_Temp_2,0.383993622078614,0.0684909785835265,0.629672216426452,0.0189595808685742,39,0.891573736422775,node
auc_degree,beta,switching,92,7Networks_RH_Default_Temp_2,-0.0272394145164112,-0.348190720711072,0.299427928152622,0.872854689458,39,0.975032084218329,node
auc_degree,beta,detail,92,7Networks_RH_Default_Temp_2,-0.14064556065459,-0.444416845373903,0.192135055821398,0.406375459660133,39,0.975032084218329,node
auc_degree,beta,communication,92,7Networks_RH_Default_Temp_2,0.257528702527941,-0.0725497787757047,0.536762727428129,0.123851582588349,39,0.963212248763893,node
auc_degree,beta,imagination,92,7Networks_RH_Default_Temp_2,0.183622450720184,-0.149284207878062,0.479139070180361,0.276648737146591,39,0.975032084218329,node
auc_degree,beta,total,93,7Networks_RH_Default_Temp_3,0.14831315994866,-0.184581827956759,0.450679338133823,0.381003490051698,39,0.975032084218329,node
auc_degree,beta,social,93,7Networks_RH_Default_Temp_3,0.213508709744189,-0.118729781225741,0.502751824654296,0.204498756540997,39,0.975032084218329,node
auc_degree,beta,switching,93,7Networks_RH_Default_Temp_3,0.143336199696123,-0.189489033429689,0.446617804797417,0.397364394113396,39,0.975032084218329,node
auc_degree,beta,detail,93,7Networks_RH_Default_Temp_3,-0.251070442133316,-0.531829082104629,0.0794147008492824,0.133896627670466,39,0.963212248763893,node
auc_degree,beta,communication,93,7Networks_RH_Default_Temp_3,0.163956730589139,-0.169048669647752,0.463364545712695,0.332214730485207,39,0.975032084218329,node
auc_degree,beta,imagination,93,7Networks_RH_Default_Temp_3,0.14048103375619,-0.192296697680192,0.444282142261869,0.406930224040938,39,0.975032084218329,node
auc_degree,beta,total,94,7Networks_RH_Default_PFCv_1,0.0589956008919266,-0.270193952907232,0.375835639255089,0.728710238629674,39,0.975032084218329,node
auc_degree,beta,social,94,7Networks_RH_Default_PFCv_1,0.169885531252112,-0.163118167656207,0.468140296382206,0.314782914902203,39,0.975032084218329,node
auc_degree,beta,switching,94,7Networks_RH_Default_PFCv_1,-0.0599934420537695,-0.376695253027587,0.269265422175849,0.724299370952982,39,0.975032084218329,node
auc_degree,beta,detail,94,7Networks_RH_Default_PFCv_1,-0.0560162651447462,-0.373265771654823,0.272962704014817,0.741930827463722,39,0.975032084218329,node
auc_degree,beta,communication,94,7Networks_RH_Default_PFCv_1,0.0292123446241974,-0.297629391574979,0.349924647730729,0.863728898500174,39,0.975032084218329,node
auc_degree,beta,imagination,94,7Networks_RH_Default_PFCv_1,0.0728496557132806,-0.257247204216972,0.387721970068573,0.668295824281608,39,0.975032084218329,node
auc_degree,beta,total,95,7Networks_RH_Default_PFCv_2,-0.043683488319618,-0.362575920158942,0.284366098132458,0.797395935707122,39,0.975032084218329,node
auc_degree,beta,social,95,7Networks_RH_Default_PFCv_2,0.0452983721029625,-0.282878172861591,0.363980466140106,0.790070832548114,39,0.975032084218329,node
auc_degree,beta,switching,95,7Networks_RH_Default_PFCv_2,-0.097532161697157,-0.408642432212386,0.233883742677937,0.565781982034739,39,0.975032084218329,node
auc_degree,beta,detail,95,7Networks_RH_Default_PFCv_2,-0.122653721072512,-0.429604548227121,0.20970506873475,0.469554634393266,39,0.975032084218329,node
auc_degree,beta,communication,95,7Networks_RH_Default_PFCv_2,0.0470657481211174,-0.281247931660015,0.365515982979382,0.782074330124889,39,0.975032084218329,node
auc_degree,beta,imagination,95,7Networks_RH_Default_PFCv_2,0.0136759607345369,-0.311729943138598,0.336210615404508,0.935969977012296,39,0.979416892131095,node
auc_degree,beta,total,96,7Networks_RH_Default_PFCdPFCm_1,0.00739843379277693,-0.317386950122233,0.330630342724888,0.965335777652039,39,0.985874836751018,node
auc_degree,beta,social,96,7Networks_RH_Default_PFCdPFCm_1,0.132255062242556,-0.200355468009542,0.437529734579321,0.435213513706006,39,0.975032084218329,node
auc_degree,beta,switching,96,7Networks_RH_Default_PFCdPFCm_1,0.0169667255979245,-0.308755218379465,0.339126850357132,0.920606819060333,39,0.975032084218329,node
auc_degree,beta,detail,96,7Networks_RH_Default_PFCdPFCm_1,-0.210049929093211,-0.500040995553288,0.12229838155559,0.212101604378965,39,0.975032084218329,node
auc_degree,beta,communication,96,7Networks_RH_Default_PFCdPFCm_1,0.159455436888637,-0.173535209015916,0.459727024414413,0.345839689621318,39,0.975032084218329,node
auc_degree,beta,imagination,96,7Networks_RH_Default_PFCdPFCm_1,-0.128102985305611,-0.434108317033429,0.204406128641949,0.449891125101189,39,0.975032084218329,node
auc_degree,beta,total,97,7Networks_RH_Default_PFCdPFCm_2,0.0355571268421622,-0.291829674460321,0.355485958131525,0.834504434728183,39,0.975032084218329,node
auc_degree,beta,social,97,7Networks_RH_Default_PFCdPFCm_2,-0.0596212183801089,-0.376374655947298,0.269611862647614,0.725943737706478,39,0.975032084218329,node
auc_degree,beta,switching,97,7Networks_RH_Default_PFCdPFCm_2,0.155226306421764,-0.177737921264571,0.456300234862356,0.358946266728032,39,0.975032084218329,node
auc_degree,beta,detail,97,7Networks_RH_Default_PFCdPFCm_2,-0.105209016103469,-0.415083224488734,0.226538261873058,0.535442071372019,39,0.975032084218329,node
auc_degree,beta,communication,97,7Networks_RH_Default_PFCdPFCm_2,0.149956999431173,-0.182957373085093,0.452018076862529,0.375687864314283,39,0.975032084218329,node
auc_degree,beta,imagination,97,7Networks_RH_Default_PFCdPFCm_2,-0.0408588424328304,-0.360115695101137,0.286964882661873,0.810249279535696,39,0.975032084218329,node
auc_degree,beta,total,98,7Networks_RH_Default_PFCdPFCm_3,-0.205397872862021,-0.496385949035817,0.127084631439305,0.222632184342668,39,0.975032084218329,node
auc_degree,beta,social,98,7Networks_RH_Default_PFCdPFCm_3,-0.33434541770261,-0.594016499189816,-0.011574874138935,0.0431180823124076,39,0.891573736422775,node
auc_degree,beta,switching,98,7Networks_RH_Default_PFCdPFCm_3,0.0419664171101256,-0.28594644547028,0.361080905890954,0.805203309302741,39,0.975032084218329,node
auc_degree,beta,detail,98,7Networks_RH_Default_PFCdPFCm_3,-0.051490291647993,-0.369352491881194,0.277158371509774,0.762153480568884,39,0.975032084218329,node
auc_degree,beta,communication,98,7Networks_RH_Default_PFCdPFCm_3,-0.242629961806636,-0.525352304796424,0.088339650301555,0.147917127816195,39,0.963212248763893,node
auc_degree,beta,imagination,98,7Networks_RH_Default_PFCdPFCm_3,0.0947827254919886,-0.236505329404608,0.406328126117648,0.576836689175123,39,0.975032084218329,node
auc_degree,beta,total,99,7Networks_RH_Default_pCunPCC_1,0.222901193787708,-0.108995581868587,0.510084621657938,0.184815256624235,39,0.975032084218329,node
auc_degree,beta,social,99,7Networks_RH_Default_pCunPCC_1,0.00108145502877409,-0.323056270129882,0.32499209241062,0.994931516083456,39,0.994931516083456,node
auc_degree,beta,switching,99,7Networks_RH_Default_pCunPCC_1,0.241164355742012,-0.0898839836407721,0.524224328161312,0.150457035438708,39,0.963212248763893,node
auc_degree,beta,detail,99,7Networks_RH_Default_pCunPCC_1,0.292095201334365,-0.0352672207502311,0.56284837064793,0.0793881276538539,39,0.963212248763893,node
auc_degree,beta,communication,99,7Networks_RH_Default_pCunPCC_1,-0.0565400324341841,-0.373717907435467,0.272476352024129,0.739601241802457,39,0.975032084218329,node
auc_degree,beta,imagination,99,7Networks_RH_Default_pCunPCC_1,0.156037200179642,-0.176933032996288,0.456957980442538,0.356410357551989,39,0.975032084218329,node
auc_degree,beta,total,100,7Networks_RH_Default_pCunPCC_2,0.0826422321732892,-0.248023899445149,0.3960609880515,0.626773883473232,39,0.975032084218329,node
auc_degree,beta,social,100,7Networks_RH_Default_pCunPCC_2,-0.119446890912163,-0.426946974538283,0.212814336346541,0.481335182470393,39,0.975032084218329,node
auc_degree,beta,switching,100,7Networks_RH_Default_pCunPCC_2,0.194036642728532,-0.138708869137202,0.487416035089056,0.249836622420603,39,0.975032084218329,node
auc_degree,beta,detail,100,7Networks_RH_Default_pCunPCC_2,0.155303833577325,-0.177660987531329,0.456363134200642,0.35870334809891,39,0.975032084218329,node
auc_degree,beta,communication,100,7Networks_RH_Default_pCunPCC_2,-0.0822363286463774,-0.395716358728599,0.248407401213435,0.628473801748059,39,0.975032084218329,node
auc_degree,beta,imagination,100,7Networks_RH_Default_pCunPCC_2,0.115461274427066,-0.216669340950843,0.423636582693999,0.496188309934684,39,0.975032084218329,node
auc_degree,gamma,total,1,7Networks_LH_Vis_1,0.0249692037915117,-0.301494599192968,0.34619280485919,0.883375539415217,39,0.991120776740099,node
auc_degree,gamma,social,1,7Networks_LH_Vis_1,-0.0758603602088814,-0.39029128023807,0.254417909381885,0.655419009262213,39,0.942122991933199,node
auc_degree,gamma,switching,1,7Networks_LH_Vis_1,0.0032069555871527,-0.321151283511142,0.326891792228512,0.984970629804572,39,0.993096491742627,node
auc_degree,gamma,detail,1,7Networks_LH_Vis_1,0.0709885285846889,-0.258993363402113,0.386131248802656,0.676303124988261,39,0.942122991933199,node
auc_degree,gamma,communication,1,7Networks_LH_Vis_1,-0.0210942261312716,-0.3427758576467,0.305015086614553,0.901377946246459,39,0.991120776740099,node
auc_degree,gamma,imagination,1,7Networks_LH_Vis_1,0.144775620591051,-0.188071493676212,0.447793754904479,0.392591427031255,39,0.864815786919702,node
auc_degree,gamma,total,2,7Networks_LH_Vis_2,0.0152179694587213,-0.310336820373988,0.337577894904109,0.928767828960643,39,0.991120776740099,node
auc_degree,gamma,social,2,7Networks_LH_Vis_2,-0.0307086514045707,-0.351238226438635,0.296263799325602,0.856819240439587,39,0.991120776740099,node
auc_degree,gamma,switching,2,7Networks_LH_Vis_2,0.0680229208328576,-0.261771326094857,0.383592639730669,0.689134675622951,39,0.942122991933199,node
auc_degree,gamma,detail,2,7Networks_LH_Vis_2,-0.0291281987805412,-0.349850740250713,0.297706146894982,0.86411776900844,39,0.991120776740099,node
auc_degree,gamma,communication,2,7Networks_LH_Vis_2,-0.091287247018775,-0.403380064911511,0.239831317457384,0.591029863184368,39,0.942122991933199,node
auc_degree,gamma,imagination,2,7Networks_LH_Vis_2,0.16761332923654,-0.165393869298374,0.466312055545341,0.321394409191892,39,0.864815786919702,node
auc_degree,gamma,total,3,7Networks_LH_Vis_3,-0.181649728401897,-0.477565251859536,0.151278912425024,0.281931209061016,39,0.864815786919702,node
auc_degree,gamma,social,3,7Networks_LH_Vis_3,-0.230703609996563,-0.516144460194435,0.10086060656857,0.169514884563041,39,0.82335801073477,node
auc_degree,gamma,switching,3,7Networks_LH_Vis_3,-0.187356836056267,-0.482113131757292,0.145500775893472,0.266826744119481,39,0.864815786919702,node
auc_degree,gamma,detail,3,7Networks_LH_Vis_3,0.150695246951379,-0.182227239176914,0.452618861325944,0.3733149453595,39,0.864815786919702,node
auc_degree,gamma,communication,3,7Networks_LH_Vis_3,-0.307764059444625,-0.574497870300875,0.0180616219643699,0.0638729237338335,39,0.571886972669608,node
auc_degree,gamma,imagination,3,7Networks_LH_Vis_3,0.153215614969038,-0.179731801504766,0.454667868910323,0.365280939164439,39,0.864815786919702,node
auc_degree,gamma,total,4,7Networks_LH_Vis_4,0.065075239329486,-0.264527092297421,0.381064640960134,0.701973993989442,39,0.942122991933199,node
auc_degree,gamma,social,4,7Networks_LH_Vis_4,0.0366569609306804,-0.290821870199287,0.356447683410474,0.82945955838957,39,0.991120776740099,node
auc_degree,gamma,switching,4,7Networks_LH_Vis_4,-0.0449598722943827,-0.363686175775466,0.283190191477782,0.791604819356779,39,0.991120776740099,node
auc_degree,gamma,detail,4,7Networks_LH_Vis_4,0.043895033478686,-0.284171274084887,0.362759994157864,0.796435381789562,39,0.991120776740099,node
auc_degree,gamma,communication,4,7Networks_LH_Vis_4,0.0967320911811225,-0.234647107163711,0.407969394569987,0.568988783540489,39,0.942122991933199,node
auc_degree,gamma,imagination,4,7Networks_LH_Vis_4,0.0679842394152295,-0.261807523928101,0.383559496261687,0.68930261769266,39,0.942122991933199,node
auc_degree,gamma,total,5,7Networks_LH_Vis_5,0.0932176650456934,-0.237995462950032,0.40500896691406,0.583172515424477,39,0.942122991933199,node
auc_degree,gamma,social,5,7Networks_LH_Vis_5,0.0359901009721667,-0.291433016656724,0.355864643524973,0.832517617802623,39,0.991120776740099,node
auc_degree,gamma,switching,5,7Networks_LH_Vis_5,0.0843963259710424,-0.246365421304999,0.397549273534679,0.619449629703557,39,0.942122991933199,node
auc_degree,gamma,detail,5,7Networks_LH_Vis_5,0.200209011322443,-0.132404967435879,0.49229693537751,0.234793800272261,39,0.864815786919702,node
auc_degree,gamma,communication,5,7Networks_LH_Vis_5,-0.164883690022689,-0.464112376228585,0.168123031805224,0.329450689513026,39,0.864815786919702,node
auc_degree,gamma,imagination,5,7Networks_LH_Vis_5,0.103350863747279,-0.228319674842358,0.413527100140544,0.542713199975736,39,0.942122991933199,node
auc_degree,gamma,total,6,7Networks_LH_Vis_6,-0.0651037420714679,-0.381089108204723,0.264500471037456,0.70184944638675,39,0.942122991933199,node
auc_degree,gamma,social,6,7Networks_LH_Vis_6,-0.0919822530307981,-0.403966744447029,0.239170629745261,0.588195630503224,39,0.942122991933199,node
auc_degree,gamma,switching,6,7Networks_LH_Vis_6,-0.0990374362035685,-0.409907787123445,0.232446419493737,0.559771225229556,39,0.942122991933199,node
auc_degree,gamma,detail,6,7Networks_LH_Vis_6,0.187739848498294,-0.145112181809267,0.482417778951356,0.265832504787716,39,0.864815786919702,node
auc_degree,gamma,communication,6,7Networks_LH_Vis_6,-0.318297768106193,-0.582269207552604,0.00638530940704085,0.0548649323025384,39,0.571886972669608,node
auc_degree,gamma,imagination,6,7Networks_LH_Vis_6,0.198709710686428,-0.133938696315538,0.491113025772282,0.238390040815752,39,0.864815786919702,node
auc_degree,gamma,total,7,7Networks_LH_Vis_7,-0.207465642568769,-0.498011837489341,0.124959124478415,0.217908164096775,39,0.864815786919702,node
auc_degree,gamma,social,7,7Networks_LH_Vis_7,-0.100466355882828,-0.411107851084556,0.23108066344693,0.554092919198174,39,0.942122991933199,node
auc_degree,gamma,switching,7,7Networks_LH_Vis_7,-0.144034221512111,-0.447188191979361,0.188801795710072,0.395045662577462,39,0.864815786919702,node
auc_degree,gamma,detail,7,7Networks_LH_Vis_7,-0.056342714268854,-0.373547592608995,0.272659594514191,0.740478596582105,39,0.980893725342529,node
auc_degree,gamma,communication,7,7Networks_LH_Vis_7,-0.251879468918552,-0.53244816618816,0.0785564455822205,0.132606282245058,39,0.740944242105838,node
auc_degree,gamma,imagination,7,7Networks_LH_Vis_7,-0.00811725889863337,-0.331270474746931,0.316740349135964,0.961970165659508,39,0.991120776740099,node
auc_degree,gamma,total,8,7Networks_LH_Vis_8,-0.144038085278687,-0.44719134856274,0.188797990729296,0.395032849495574,39,0.864815786919702,node
auc_degree,gamma,social,8,7Networks_LH_Vis_8,-0.0744025728583697,-0.389047827896594,0.255788564284021,0.661642034210477,39,0.942122991933199,node
auc_degree,gamma,switching,8,7Networks_LH_Vis_8,-0.159524729543984,-0.459783096669228,0.173466248077557,0.345627402996256,39,0.864815786919702,node
auc_degree,gamma,detail,8,7Networks_LH_Vis_8,0.0264038578960888,-0.300188928139596,0.347455721817705,0.876724510691368,39,0.991120776740099,node
auc_degree,gamma,communication,8,7Networks_LH_Vis_8,-0.187938042116771,-0.482575393704631,0.14491105958986,0.265318984676034,39,0.864815786919702,node
auc_degree,gamma,imagination,8,7Networks_LH_Vis_8,0.0152083006025448,-0.310345560029331,0.337569325888341,0.928812971797494,39,0.991120776740099,node
auc_degree,gamma,total,9,7Networks_LH_Vis_9,0.0374647272274038,-0.290081231504633,0.357153585197471,0.825758647399236,39,0.991120776740099,node
auc_degree,gamma,social,9,7Networks_LH_Vis_9,0.00997346311933769,-0.315069249795603,0.332922096998726,0.953282366329715,39,0.991120776740099,node
auc_degree,gamma,switching,9,7Networks_LH_Vis_9,-0.0197297511688458,-0.341570636777573,0.306252618734251,0.907729070403995,39,0.991120776740099,node
auc_degree,gamma,detail,9,7Networks_LH_Vis_9,0.304451670405798,-0.0217150339336133,0.572044146488106,0.0669348966186005,39,0.571886972669608,node
auc_degree,gamma,communication,9,7Networks_LH_Vis_9,-0.305248435413316,-0.57263480519904,0.0208370339209454,0.0661880202140485,39,0.571886972669608,node
auc_degree,gamma,imagination,9,7Networks_LH_Vis_9,0.122704962965146,-0.209655331170889,0.429646970442387,0.469367639390598,39,0.942122991933199,node
auc_degree,gamma,total,10,7Networks_LH_SomMot_1,-0.0938294106592118,-0.405524750045717,0.237413190075438,0.580692295971332,39,0.87112679618562,node
auc_degree,gamma,social,10,7Networks_LH_SomMot_1,0.014067749902999,-0.311376115014109,0.336558138757277,0.934139578354499,39,0.98260351871933,node
auc_degree,gamma,switching,10,7Networks_LH_SomMot_1,0.0271346933595395,-0.299523327837595,0.348098624180137,0.87333954049044,39,0.95649517147294,node
auc_degree,gamma,detail,10,7Networks_LH_SomMot_1,-0.146055673732551,-0.448838627988636,0.186809733083981,0.38837496815365,39,0.858513087497542,node
auc_degree,gamma,communication,10,7Networks_LH_SomMot_1,-0.00371211930875995,-0.327342905918161,0.320698142530336,0.98260351871933,39,0.98260351871933,node
auc_degree,gamma,imagination,10,7Networks_LH_SomMot_1,-0.212839883439295,-0.502228073455625,0.119420513456762,0.205953929363088,39,0.621405058664051,node
auc_degree,gamma,total,11,7Networks_LH_SomMot_2,0.0870348720085722,-0.243867048584859,0.399784885911946,0.608500218938312,39,0.87112679618562,node
auc_degree,gamma,social,11,7Networks_LH_SomMot_2,0.0940802000867572,-0.23717441439294,0.405736141629151,0.579676879775048,39,0.87112679618562,node
auc_degree,gamma,switching,11,7Networks_LH_SomMot_2,0.136729940145017,-0.195977121957232,0.441207278072366,0.419695217610573,39,0.866510055039141,node
auc_degree,gamma,detail,11,7Networks_LH_SomMot_2,-0.09058215889298,-0.40278461238404,0.240501276170741,0.593911331695455,39,0.87112679618562,node
auc_degree,gamma,communication,11,7Networks_LH_SomMot_2,0.191040155372176,-0.141759519577459,0.485039884927243,0.257366554542914,39,0.661021621981167,node
auc_degree,gamma,imagination,11,7Networks_LH_SomMot_2,-0.146231844193093,-0.448982366431396,0.186635994166427,0.387796740274249,39,0.858513087497542,node
auc_degree,gamma,total,12,7Networks_LH_SomMot_3,-0.0862224368655604,-0.399096914378547,0.244636791204483,0.611862868749423,39,0.87112679618562,node
auc_degree,gamma,social,12,7Networks_LH_SomMot_3,0.0549737944709774,-0.27393020566108,0.37236542274223,0.746574193532559,39,0.909562239016453,node
auc_degree,gamma,switching,12,7Networks_LH_SomMot_3,0.00608324664040857,-0.318569212291599,0.329458364757854,0.97149510536496,39,0.98260351871933,node
auc_degree,gamma,detail,12,7Networks_LH_SomMot_3,-0.270099591740091,-0.546311532859182,0.0590970357119101,0.10592744224655,39,0.527164068064464,node
auc_degree,gamma,communication,12,7Networks_LH_SomMot_3,0.00497729858584728,-0.319562601808526,0.328472070184157,0.976675790973191,39,0.98260351871933,node
auc_degree,gamma,imagination,12,7Networks_LH_SomMot_3,-0.0573107435678035,-0.37438294053366,0.271760390758234,0.736177468154513,39,0.909562239016453,node
auc_degree,gamma,total,13,7Networks_LH_SomMot_4,-0.316912986326543,-0.581250319052696,0.00792537130445129,0.0559877329327431,39,0.48935210012747,node
auc_degree,gamma,social,13,7Networks_LH_SomMot_4,-0.104613967970944,-0.414585094003384,0.227108976929605,0.53776543210277,39,0.87112679618562,node
auc_degree,gamma,switching,13,7Networks_LH_SomMot_4,-0.249766410822096,-0.530830578214703,0.0807970505975005,0.135995988016611,39,0.527164068064464,node
auc_degree,gamma,detail,13,7Networks_LH_SomMot_4,-0.252818338802122,-0.533166232815581,0.0775598319632689,0.13112041633071,39,0.527164068064464,node
auc_degree,gamma,communication,13,7Networks_LH_SomMot_4,-0.0263903185829264,-0.347443808687418,0.300201255919285,0.876787240516862,39,0.95649517147294,node
auc_degree,gamma,imagination,13,7Networks_LH_SomMot_4,-0.278735240317979,-0.552829802430628,0.0497857855353837,0.0948045736496871,39,0.527164068064464,node
auc_degree,gamma,total,14,7Networks_LH_SomMot_5,-0.119199682104436,-0.42674188617073,0.213053745197307,0.482249664508384,39,0.87112679618562,node
auc_degree,gamma,social,14,7Networks_LH_SomMot_5,0.0390687674515171,-0.288609327340063,0.358554263903842,0.818420520542563,39,0.916630983007671,node
auc_degree,gamma,switching,14,7Networks_LH_SomMot_5,-0.215823155425929,-0.504562606479878,0.116337046721999,0.19951843569021,39,0.621405058664051,node
auc_degree,gamma,detail,14,7Networks_LH_SomMot_5,-0.0898850535965788,-0.402195641511353,0.241163339806867,0.596766203267496,39,0.87112679618562,node
auc_degree,gamma,communication,14,7Networks_LH_SomMot_5,0.166524259721548,-0.166483360462783,0.465434871702231,0.324593821109376,39,0.779025170662503,node
auc_degree,gamma,imagination,14,7Networks_LH_SomMot_5,-0.290267410525622,-0.561482400840869,0.0372617141851842,0.0813738679443273,39,0.527164068064464,node
auc_degree,gamma,total,15,7Networks_LH_SomMot_6,-0.190128486862294,-0.484316089013329,0.142686414463629,0.259687065778316,39,0.661021621981167,node
auc_degree,gamma,social,15,7Networks_LH_SomMot_6,-0.128784100809424,-0.43467017956811,0.203742429550935,0.447465149202244,39,0.866510055039141,node
auc_degree,gamma,switching,15,7Networks_LH_SomMot_6,-0.230310692678589,-0.515839978104078,0.101271333899868,0.170262946730068,39,0.595920313555238,node
auc_degree,gamma,detail,15,7Networks_LH_SomMot_6,-0.0472885256449515,-0.365709411753147,0.281042305387364,0.781067915250952,39,0.909562239016453,node
auc_degree,gamma,communication,15,7Networks_LH_SomMot_6,0.113645692247316,-0.218421997864861,0.422125854069053,0.503031060687464,39,0.87112679618562,node
auc_degree,gamma,imagination,15,7Networks_LH_SomMot_6,-0.252102897506497,-0.532619085502111,0.0783193352373528,0.132251556287139,39,0.527164068064464,node
auc_degree,gamma,total,16,7Networks_LH_DorsAttn_Post_1,-0.220937998300552,-0.508555380333699,0.111035477464113,0.188814194774265,39,0.819077707917378,node
auc_degree,gamma,social,16,7Networks_LH_DorsAttn_Post_1,-0.105744673131898,-0.415531478269416,0.22602431435795,0.533354749073226,39,0.87276231666528,node
auc_degree,gamma,switching,16,7Networks_LH_DorsAttn_Post_1,-0.180255698992226,-0.476451962711941,0.152686842543197,0.285703271617373,39,0.842890649622063,node
auc_degree,gamma,detail,16,7Networks_LH_DorsAttn_Post_1,-0.162006285596173,-0.461789617692965,0.170994417329621,0.338077265825266,39,0.842890649622063,node
auc_degree,gamma,communication,16,7Networks_LH_DorsAttn_Post_1,-0.219820216819156,-0.507683867205711,0.112195681151283,0.191118131847388,39,0.819077707917378,node
auc_degree,gamma,imagination,16,7Networks_LH_DorsAttn_Post_1,0.110089554209339,-0.221848689459774,0.419161852507911,0.516570614356415,39,0.860951023927358,node
auc_degree,gamma,total,17,7Networks_LH_DorsAttn_Post_2,0.033085656107405,-0.294091693111142,0.353322361612461,0.845864433908136,39,0.941488783650601,node
auc_degree,gamma,social,17,7Networks_LH_DorsAttn_Post_2,0.0726926117084485,-0.257394630417229,0.387587815624994,0.668970111802198,39,0.931496568508534,node
auc_degree,gamma,switching,17,7Networks_LH_DorsAttn_Post_2,-0.0839468589936272,-0.397168073916402,0.246790572506007,0.621322985683421,39,0.931496568508534,node
auc_degree,gamma,detail,17,7Networks_LH_DorsAttn_Post_2,-0.115299822992021,-0.423502309905295,0.216825283506676,0.496794874302399,39,0.854098281285155,node
auc_degree,gamma,communication,17,7Networks_LH_DorsAttn_Post_2,0.19014905459907,-0.142665509645855,0.484332422683532,0.259634561535529,39,0.842890649622063,node
auc_degree,gamma,imagination,17,7Networks_LH_DorsAttn_Post_2,0.0464109251212255,-0.28185216648817,0.364947267194636,0.785034559380144,39,0.931496568508534,node
auc_degree,gamma,total,18,7Networks_LH_DorsAttn_Post_3,-0.173898984828525,-0.471363342741718,0.159089856922447,0.303315386236454,39,0.842890649622063,node
auc_degree,gamma,social,18,7Networks_LH_DorsAttn_Post_3,0.0531723015625174,-0.275600576915161,0.370808120866695,0.754619086772367,39,0.931496568508534,node
auc_degree,gamma,switching,18,7Networks_LH_DorsAttn_Post_3,-0.054870018716054,-0.372275762201276,0.274026481988364,0.747036915823108,39,0.931496568508534,node
auc_degree,gamma,detail,18,7Networks_LH_DorsAttn_Post_3,-0.329369101801064,-0.590385516054919,-0.00598312207491072,0.0465199853029749,39,0.702799282067986,node
auc_degree,gamma,communication,18,7Networks_LH_DorsAttn_Post_3,-0.0682254160253451,-0.38376613078685,0.261581817193199,0.688255746939629,39,0.931496568508534,node
auc_degree,gamma,imagination,18,7Networks_LH_DorsAttn_Post_3,-0.121525169761512,-0.428669897830555,0.210800052787997,0.473682980859161,39,0.848997315669301,node
auc_degree,gamma,total,19,7Networks_LH_DorsAttn_Post_4,-0.113662105512736,-0.422139519069812,0.21840616304788,0.502968987867924,39,0.854098281285155,node
auc_degree,gamma,social,19,7Networks_LH_DorsAttn_Post_4,-0.000422935242927789,-0.324402999048941,0.323645938089745,0.998017807398814,39,0.998017807398813,node
auc_degree,gamma,switching,19,7Networks_LH_DorsAttn_Post_4,-0.302569579375919,-0.570647809746942,0.0237870195843191,0.0687254929852275,39,0.702799282067986,node
auc_degree,gamma,detail,19,7Networks_LH_DorsAttn_Post_4,-0.0135911206953329,-0.336135349341121,0.311806551012866,0.936366383899654,39,0.988318269569654,node
auc_degree,gamma,communication,19,7Networks_LH_DorsAttn_Post_4,0.142243284965248,-0.190564408562771,0.445724236208239,0.401010626588075,39,0.842890649622063,node
auc_degree,gamma,imagination,19,7Networks_LH_DorsAttn_Post_4,-0.150336736120172,-0.452327140107356,0.182581855703954,0.374466181644404,39,0.842890649622063,node
auc_degree,gamma,total,20,7Networks_LH_DorsAttn_Post_5,-0.188225138096196,-0.482803674795999,0.144619672559737,0.264576277993328,39,0.842890649622063,node
auc_degree,gamma,social,20,7Networks_LH_DorsAttn_Post_5,0.0503475230978909,-0.278215762563611,0.368362637350697,0.767284771767353,39,0.931496568508534,node
auc_degree,gamma,switching,20,7Networks_LH_DorsAttn_Post_5,-0.165874555237865,-0.46491129172774,0.167132929500824,0.326511897926145,39,0.842890649622063,node
auc_degree,gamma,detail,20,7Networks_LH_DorsAttn_Post_5,-0.263083720439291,-0.540991139403283,0.0666198472824629,0.115670788997524,39,0.702799282067986,node
auc_degree,gamma,communication,20,7Networks_LH_DorsAttn_Post_5,0.0392380451968075,-0.288453903788013,0.358701996610724,0.817646987913046,39,0.931496568508534,node
auc_degree,gamma,imagination,20,7Networks_LH_DorsAttn_Post_5,-0.239204141233583,-0.522714131068312,0.0919470086110761,0.15390360856438,39,0.819077707917378,node
auc_degree,gamma,total,21,7Networks_LH_DorsAttn_Post_6,-0.280332038028035,-0.554031417097225,0.0480577850941129,0.0928497645273509,39,0.702799282067986,node
auc_degree,gamma,social,21,7Networks_LH_DorsAttn_Post_6,-0.0607735461978098,-0.377366912433898,0.268539077764987,0.720857068707767,39,0.931496568508534,node
auc_degree,gamma,switching,21,7Networks_LH_DorsAttn_Post_6,-0.178022346154688,-0.474666397458716,0.154939652028274,0.291814114269147,39,0.842890649622063,node
auc_degree,gamma,detail,21,7Networks_LH_DorsAttn_Post_6,-0.322869266365667,-0.585626927094815,0.00129023535126169,0.0512852158106613,39,0.702799282067986,node
auc_degree,gamma,communication,21,7Networks_LH_DorsAttn_Post_6,0.144821913820431,-0.188025881138693,0.447831557256644,0.392438477497958,39,0.842890649622063,node
auc_degree,gamma,imagination,21,7Networks_LH_DorsAttn_Post_6,-0.441207662204561,-0.669516672399135,-0.13673040821152,0.00626712945113793,39,0.564041650602414,node
auc_degree,gamma,total,22,7Networks_LH_DorsAttn_PrCv_1,-0.212128175958399,-0.501670509161346,0.120155178281119,0.207510282431746,39,0.842890649622063,node
auc_degree,gamma,social,22,7Networks_LH_DorsAttn_PrCv_1,-0.0071806374677313,-0.330436330837371,0.317582803714872,0.966355641356995,39,0.988318269569654,node
auc_degree,gamma,switching,22,7Networks_LH_DorsAttn_PrCv_1,-0.0116727722162241,-0.334432380964622,0.313537630451327,0.945333529009387,39,0.988318269569654,node
auc_degree,gamma,detail,22,7Networks_LH_DorsAttn_PrCv_1,-0.314071667905486,-0.579157148260767,0.0110804787502203,0.058348781169537,39,0.702799282067986,node
auc_degree,gamma,communication,22,7Networks_LH_DorsAttn_PrCv_1,-0.0484417458277586,-0.366710266971584,0.27997738745144,0.7758637920639,39,0.931496568508534,node
auc_degree,gamma,imagination,22,7Networks_LH_DorsAttn_PrCv_1,-0.278618183558814,-0.552741670564523,0.0499123830710676,0.0949491061832696,39,0.702799282067986,node
auc_degree,gamma,total,23,7Networks_LH_DorsAttn_FEF_1,-0.262757327621109,-0.540743081058624,0.0669689139019326,0.116139930319609,39,0.702799282067986,node
auc_degree,gamma,social,23,7Networks_LH_DorsAttn_FEF_1,-0.140962055411228,-0.444675930511059,0.191824060132258,0.405309493438365,39,0.842890649622063,node
auc_degree,gamma,switching,23,7Networks_LH_DorsAttn_FEF_1,-0.127396306710747,-0.43352511536782,0.205094414179207,0.452415668142811,39,0.848997315669301,node
auc_degree,gamma,detail,23,7Networks_LH_DorsAttn_FEF_1,-0.23827526122698,-0.521997877329828,0.0929236153168942,0.155556715391863,39,0.819077707917378,node
auc_degree,gamma,communication,23,7Networks_LH_DorsAttn_FEF_1,-0.0939378344188649,-0.405616145032024,0.23730996512806,0.580253203476984,39,0.917317225789234,node
auc_degree,gamma,imagination,23,7Networks_LH_DorsAttn_FEF_1,-0.125442781289665,-0.43191159123757,0.206995384728679,0.459434118701735,39,0.848997315669301,node
auc_degree,gamma,total,24,7Networks_LH_SalVentAttn_ParOper_1,0.124749522836629,-0.207669389810665,0.431338518941281,0.46193873882924,39,0.97822321163839,node
auc_degree,gamma,social,24,7Networks_LH_SalVentAttn_ParOper_1,0.166561130652565,-0.166446488549633,0.465464578756465,0.324485180439091,39,0.898574345831329,node
auc_degree,gamma,switching,24,7Networks_LH_SalVentAttn_ParOper_1,-0.087899660141311,-0.400516803092874,0.24304724572798,0.604929559516169,39,0.994359040220381,node
auc_degree,gamma,detail,24,7Networks_LH_SalVentAttn_ParOper_1,0.0920237932637354,-0.23913113098939,0.404001801923137,0.588026419990226,39,0.994359040220381,node
auc_degree,gamma,communication,24,7Networks_LH_SalVentAttn_ParOper_1,0.199080536891034,-0.13355950314955,0.491405946016546,0.237497131752893,39,0.784320076413632,node
auc_degree,gamma,imagination,24,7Networks_LH_SalVentAttn_ParOper_1,-0.056438010663406,-0.373629850194229,0.272571099060229,0.740054830650028,39,0.994359040220381,node
auc_degree,gamma,total,25,7Networks_LH_SalVentAttn_FrOperIns_1,-0.0531234558845484,-0.370765871296667,0.275645839730933,0.754837575240752,39,0.994359040220381,node
auc_degree,gamma,social,25,7Networks_LH_SalVentAttn_FrOperIns_1,-0.0602165949490936,-0.376887418744675,0.269057685777488,0.723314134321389,39,0.994359040220381,node
auc_degree,gamma,switching,25,7Networks_LH_SalVentAttn_FrOperIns_1,-0.0177696299007249,-0.339837435781591,0.308028455492446,0.916862491173144,39,0.994359040220381,node
auc_degree,gamma,detail,25,7Networks_LH_SalVentAttn_FrOperIns_1,-0.0519951555451833,-0.369789570270801,0.27669097288008,0.759889693227103,39,0.994359040220381,node
auc_degree,gamma,communication,25,7Networks_LH_SalVentAttn_FrOperIns_1,-0.0899372989704973,-0.40223979158621,0.24111373135042,0.5965520346274,39,0.994359040220381,node
auc_degree,gamma,imagination,25,7Networks_LH_SalVentAttn_FrOperIns_1,0.112850084713572,-0.21918935638588,0.421463296257415,0.506044579432831,39,0.994359040220381,node
auc_degree,gamma,total,26,7Networks_LH_SalVentAttn_FrOperIns_2,-0.0613516714535641,-0.377864455881035,0.268000551459706,0.718309503517465,39,0.994359040220381,node
auc_degree,gamma,social,26,7Networks_LH_SalVentAttn_FrOperIns_2,-0.0988135872523656,-0.409719692255161,0.232660255107694,0.560663205222032,39,0.994359040220381,node
auc_degree,gamma,switching,26,7Networks_LH_SalVentAttn_FrOperIns_2,0.00353271450522532,-0.320859088885081,0.327182713437017,0.983444163303412,39,0.994359040220381,node
auc_degree,gamma,detail,26,7Networks_LH_SalVentAttn_FrOperIns_2,-0.00759672884484,-0.330806959218196,0.317208608970761,0.964407278684574,39,0.994359040220381,node
auc_degree,gamma,communication,26,7Networks_LH_SalVentAttn_FrOperIns_2,-0.04380668259724,-0.362683119508386,0.28425264476433,0.796836517018794,39,0.994359040220381,node
auc_degree,gamma,imagination,26,7Networks_LH_SalVentAttn_FrOperIns_2,-0.00812691486423835,-0.331279071605261,0.316731661300093,0.961924959732774,39,0.994359040220381,node
auc_degree,gamma,total,27,7Networks_LH_SalVentAttn_PFCl_1,-0.130790640168173,-0.436324021518465,0.201785420156703,0.440359830735787,39,0.960785085241718,node
auc_degree,gamma,social,27,7Networks_LH_SalVentAttn_PFCl_1,-0.203608019453055,-0.494976936041552,0.128921999829246,0.226777492924875,39,0.784320076413632,node
auc_degree,gamma,switching,27,7Networks_LH_SalVentAttn_PFCl_1,0.0531785502671336,-0.275594786451905,0.370813525652975,0.754591137447125,39,0.994359040220381,node
auc_degree,gamma,detail,27,7Networks_LH_SalVentAttn_PFCl_1,0.071774526310616,-0.258256182359723,0.386803276492115,0.672917119333503,39,0.994359040220381,node
auc_degree,gamma,communication,27,7Networks_LH_SalVentAttn_PFCl_1,-0.18311015542864,-0.47873054864449,0.149802472311806,0.278014294488901,39,0.825292919034717,node
auc_degree,gamma,imagination,27,7Networks_LH_SalVentAttn_PFCl_1,-0.104565250364566,-0.414544302981889,0.227155692256968,0.537955863791572,39,0.994359040220381,node
auc_degree,gamma,total,28,7Networks_LH_SalVentAttn_Med_1,-0.0433820001181117,-0.362313540075829,0.284643709062282,0.798765397025381,39,0.994359040220381,node
auc_degree,gamma,social,28,7Networks_LH_SalVentAttn_Med_1,-0.00460186186969381,-0.32813709181753,0.31989966611187,0.978434705246117,39,0.994359040220381,node
auc_degree,gamma,switching,28,7Networks_LH_SalVentAttn_Med_1,0.0033073363292796,-0.321061251995443,0.3269814444699,0.984500252049573,39,0.994359040220381,node
auc_degree,gamma,detail,28,7Networks_LH_SalVentAttn_Med_1,-0.137286769951581,-0.441664177545116,0.195431374433482,0.417786226626371,39,0.960785085241718,node
auc_degree,gamma,communication,28,7Networks_LH_SalVentAttn_Med_1,0.0719015498620648,-0.258137011891204,0.38691185017107,0.672370506257556,39,0.994359040220381,node
auc_degree,gamma,imagination,28,7Networks_LH_SalVentAttn_Med_1,-0.0632536486058902,-0.379500037547375,0.266227397536477,0.709949498944749,39,0.994359040220381,node
auc_degree,gamma,total,29,7Networks_LH_SalVentAttn_Med_2,-0.366820161836401,-0.617454791736836,-0.0485684222331054,0.0255366922226874,39,0.355987127505645,node
auc_degree,gamma,social,29,7Networks_LH_SalVentAttn_Med_2,-0.155094879501182,-0.456193598688221,0.177868332895986,0.359358297303435,39,0.924064193065976,node
auc_degree,gamma,switching,29,7Networks_LH_SalVentAttn_Med_2,-0.312299372862839,-0.577849743812535,0.0130452289246402,0.0598611042026346,39,0.478888833621077,node
auc_degree,gamma,detail,29,7Networks_LH_SalVentAttn_Med_2,-0.134306245248286,-0.439216706127421,0.198350180855214,0.428061322425154,39,0.960785085241718,node
auc_degree,gamma,communication,29,7Networks_LH_SalVentAttn_Med_2,-0.0305420150743618,-0.351092002044989,0.296415944798741,0.85758822564854,39,0.994359040220381,node
auc_degree,gamma,imagination,29,7Networks_LH_SalVentAttn_Med_2,-0.454306877512757,-0.678457933893905,-0.152771295132882,0.00473388967098177,39,0.170420028155344,node
auc_degree,gamma,total,30,7Networks_LH_SalVentAttn_Med_3,-0.231774627523414,-0.516974053998757,0.0997404681606145,0.167487784134493,39,0.784320076413632,node
auc_degree,gamma,social,30,7Networks_LH_SalVentAttn_Med_3,-0.24466345882819,-0.526915704117008,0.086194282276604,0.14444515013249,39,0.784320076413632,node
auc_degree,gamma,switching,30,7Networks_LH_SalVentAttn_Med_3,-0.179940726999509,-0.476200290559915,0.153004768247295,0.286560041331499,39,0.825292919034717,node
auc_degree,gamma,detail,30,7Networks_LH_SalVentAttn_Med_3,-0.143885635435128,-0.44706679580588,0.188948113522503,0.395538588288553,39,0.949292611892527,node
auc_degree,gamma,communication,30,7Networks_LH_SalVentAttn_Med_3,0.0224141178915791,-0.303816941081241,0.343940692084733,0.895240076165173,39,0.994359040220381,node
auc_degree,gamma,imagination,30,7Networks_LH_SalVentAttn_Med_3,-0.0392078912876625,-0.358675681749807,0.288481591075843,0.817784766993396,39,0.994359040220381,node
auc_degree,gamma,total,31,7Networks_LH_Limbic_OFC_1,0.191952579401797,-0.140831271892917,0.485763877582873,0.255057938397376,39,0.731633278785255,node
auc_degree,gamma,social,31,7Networks_LH_Limbic_OFC_1,0.0242070035884257,-0.302187775849889,0.345521370932812,0.886912315076142,39,0.954410856232466,node
auc_degree,gamma,switching,31,7Networks_LH_Limbic_OFC_1,0.273266569154748,-0.0556889315794992,0.548705888800872,0.101738877821914,39,0.731633278785255,node
auc_degree,gamma,detail,31,7Networks_LH_Limbic_OFC_1,0.0134550485280633,-0.311929411046145,0.33601462395738,0.937002199420223,39,0.954410856232466,node
auc_degree,gamma,communication,31,7Networks_LH_Limbic_OFC_1,0.0504844742364883,-0.278089085181185,0.368481301077263,0.766669310303647,39,0.954410856232466,node
auc_degree,gamma,imagination,31,7Networks_LH_Limbic_OFC_1,0.204909917555612,-0.127585766759621,0.496001971561824,0.223757111044611,39,0.731633278785255,node
auc_degree,gamma,total,32,7Networks_LH_Limbic_TempPole_1,-0.0640661491038184,-0.380198135226481,0.265469248325998,0.706388298227692,39,0.954410856232466,node
auc_degree,gamma,social,32,7Networks_LH_Limbic_TempPole_1,-0.179039424001111,-0.475479853936261,0.153914142772584,0.289020875618641,39,0.731633278785255,node
auc_degree,gamma,switching,32,7Networks_LH_Limbic_TempPole_1,0.0382319453817184,-0.289377407787701,0.357823714247852,0.822246938496359,39,0.954410856232466,node
auc_degree,gamma,detail,32,7Networks_LH_Limbic_TempPole_1,0.0293289036913922,-0.297523062901837,0.350027017991622,0.863190286113755,39,0.954410856232466,node
auc_degree,gamma,communication,32,7Networks_LH_Limbic_TempPole_1,-0.14716354438613,-0.449742285250339,0.18571680714308,0.384747061603586,39,0.731633278785255,node
auc_degree,gamma,imagination,32,7Networks_LH_Limbic_TempPole_1,0.145499294232346,-0.187358296627527,0.44838457200902,0.390204415352136,39,0.731633278785255,node
auc_degree,gamma,total,33,7Networks_LH_Limbic_TempPole_2,-0.16112457424052,-0.461077040293564,0.171873153584617,0.340748185713674,39,0.731633278785255,node
auc_degree,gamma,social,33,7Networks_LH_Limbic_TempPole_2,-0.147512841321652,-0.450027068023145,0.185372051211817,0.383607353960822,39,0.731633278785255,node
auc_degree,gamma,switching,33,7Networks_LH_Limbic_TempPole_2,-0.121488197944376,-0.428639267163441,0.210835910825054,0.47381854930156,39,0.74813455152878,node
auc_degree,gamma,detail,33,7Networks_LH_Limbic_TempPole_2,0.0471569333356789,-0.281163770279748,0.36559515876282,0.781662351507027,39,0.954410856232466,node
auc_degree,gamma,communication,33,7Networks_LH_Limbic_TempPole_2,-0.228286157704002,-0.51426996778069,0.10338584611307,0.174154907724199,39,0.731633278785255,node
auc_degree,gamma,imagination,33,7Networks_LH_Limbic_TempPole_2,0.0381816330140508,-0.289423573752716,0.357779778839544,0.822477124592914,39,0.954410856232466,node
auc_degree,gamma,total,34,7Networks_LH_Cont_Par_1,-0.257872208857966,-0.537024607752214,0.0721837645387544,0.123333513071922,39,0.740001078431531,node
auc_degree,gamma,social,34,7Networks_LH_Cont_Par_1,-0.0642031410256327,-0.380315802747878,0.265341380158485,0.705788463541332,39,0.973628093506835,node
auc_degree,gamma,switching,34,7Networks_LH_Cont_Par_1,-0.26021027070894,-0.538805657163733,0.0696901395783596,0.119850191424483,39,0.740001078431531,node
auc_degree,gamma,detail,34,7Networks_LH_Cont_Par_1,-0.157154032374562,-0.457863345439964,0.17582374248186,0.352935418508869,39,0.931684131485436,node
auc_degree,gamma,communication,34,7Networks_LH_Cont_Par_1,0.0175023098792704,-0.308270467121596,0.339600893355408,0.918108940770074,39,0.992130118190397,node
auc_degree,gamma,imagination,34,7Networks_LH_Cont_Par_1,-0.295869808080581,-0.565664588936652,0.0311400832692109,0.0754067266000497,39,0.72227265665022,node
auc_degree,gamma,total,35,7Networks_LH_Cont_PFCl_1,-0.109140336837855,-0.418369574845534,0.222761970291641,0.520214924813937,39,0.973628093506835,node
auc_degree,gamma,social,35,7Networks_LH_Cont_PFCl_1,-0.0584545643790863,-0.375369322519717,0.270697152929065,0.731105449069132,39,0.973628093506835,node
auc_degree,gamma,switching,35,7Networks_LH_Cont_PFCl_1,-0.025628479526068,-0.346773305738405,0.300894747869231,0.880318145509229,39,0.992130118190397,node
auc_degree,gamma,detail,35,7Networks_LH_Cont_PFCl_1,0.00667676586754578,-0.318035804640137,0.329987379781012,0.968715294194235,39,0.992130118190397,node
auc_degree,gamma,communication,35,7Networks_LH_Cont_PFCl_1,-0.0989122266591857,-0.409802579825077,0.232566032043786,0.56027007165622,39,0.973628093506835,node
auc_degree,gamma,imagination,35,7Networks_LH_Cont_PFCl_1,-0.163973737515592,-0.463378270001898,0.169031692256796,0.332163889969007,39,0.931684131485436,node
auc_degree,gamma,total,36,7Networks_LH_Cont_pCun_1,-0.208545157407081,-0.498859849761941,0.123848253275004,0.215469486453608,39,0.931684131485436,node
auc_degree,gamma,social,36,7Networks_LH_Cont_pCun_1,-0.07520966588,-0.389736397645396,0.255029875481959,0.658193907437006,39,0.973628093506835,node
auc_degree,gamma,switching,36,7Networks_LH_Cont_pCun_1,-0.235677298485408,-0.519992477131599,0.0956516842129434,0.160248620332995,39,0.833292825731572,node
auc_degree,gamma,detail,36,7Networks_LH_Cont_pCun_1,0.1111678122439,-0.220810546318637,0.420061265090357,0.512446290669557,39,0.973628093506835,node
auc_degree,gamma,communication,36,7Networks_LH_Cont_pCun_1,-0.397813393255774,-0.639416322358249,-0.0847078204820983,0.0147551034128106,39,0.407003494731667,node
auc_degree,gamma,imagination,36,7Networks_LH_Cont_pCun_1,0.0348115822040814,-0.292512421675849,0.35483364785622,0.837927926932189,39,0.992130118190397,node
auc_degree,gamma,total,37,7Networks_LH_Cont_Cing_1,-0.192766999320466,-0.486409765342103,0.140002233459568,0.253008959076854,39,0.931684131485436,node
auc_degree,gamma,social,37,7Networks_LH_Cont_Cing_1,-0.0163673850105383,-0.338596182918729,0.309297474198347,0.923402933823574,39,0.992130118190397,node
auc_degree,gamma,switching,37,7Networks_LH_Cont_Cing_1,-0.155410510442373,-0.456449678365489,0.177555120558065,0.358369255280558,39,0.931684131485436,node
auc_degree,gamma,detail,37,7Networks_LH_Cont_Cing_1,-0.10577815131871,-0.415559488819594,0.225992186866565,0.533224423652566,39,0.973628093506835,node
auc_degree,gamma,communication,37,7Networks_LH_Cont_Cing_1,0.00248676617408581,-0.321797049713574,0.32624840439142,0.988345528555796,39,0.992130118190397,node
auc_degree,gamma,imagination,37,7Networks_LH_Cont_Cing_1,-0.334732095233883,-0.594298197243712,-0.0120102201630848,0.0428623933757304,39,0.688845713320438,node
auc_degree,gamma,total,38,7Networks_LH_Default_Temp_1,-0.312228267102302,-0.577797261346689,0.0131240037407533,0.059922422084616,39,0.78022144983774,node
auc_degree,gamma,social,38,7Networks_LH_Default_Temp_1,-0.238984544873848,-0.522544837766622,0.0921779455471873,0.154293261679759,39,0.78022144983774,node
auc_degree,gamma,switching,38,7Networks_LH_Default_Temp_1,-0.237037875582413,-0.521043114802457,0.0942235898115986,0.157778831418286,39,0.78022144983774,node
auc_degree,gamma,detail,38,7Networks_LH_Default_Temp_1,0.140648563497893,-0.192132105466261,0.444419303764242,0.406365338457156,39,0.78022144983774,node
auc_degree,gamma,communication,38,7Networks_LH_Default_Temp_1,-0.361810609867018,-0.613868002376249,-0.0428042697952923,0.027777052420918,39,0.78022144983774,node
auc_degree,gamma,imagination,38,7Networks_LH_Default_Temp_1,-0.175352309193997,-0.472528494021111,0.157628413021782,0.299229207765315,39,0.78022144983774,node
auc_degree,gamma,total,39,7Networks_LH_Default_Temp_2,-0.237473231504101,-0.521379115001656,0.0937663416948343,0.156994406013973,39,0.78022144983774,node
auc_degree,gamma,social,39,7Networks_LH_Default_Temp_2,-0.180987070718714,-0.477036163693975,0.151948346352638,0.283720226710825,39,0.78022144983774,node
auc_degree,gamma,switching,39,7Networks_LH_Default_Temp_2,-0.126007529965271,-0.432378249912283,0.206446087074441,0.457399170497209,39,0.823318506894976,node
auc_degree,gamma,detail,39,7Networks_LH_Default_Temp_2,-0.0668467426807654,-0.382584489306754,0.262871571732448,0.694247772805806,39,0.925568804277297,node
auc_degree,gamma,communication,39,7Networks_LH_Default_Temp_2,-0.104156314859093,-0.414201854099425,0.227547760455712,0.539555622325972,39,0.894191624647615,node
auc_degree,gamma,imagination,39,7Networks_LH_Default_Temp_2,-0.191950303840562,-0.485762072465783,0.140833587645931,0.255063678839049,39,0.78022144983774,node
auc_degree,gamma,total,40,7Networks_LH_Default_Par_1,-0.314297799880475,-0.579323865536958,0.0108296101617599,0.0581580229325331,39,0.78022144983774,node
auc_degree,gamma,social,40,7Networks_LH_Default_Par_1,-0.103920539308188,-0.414004372123981,0.227773762136817,0.540479012195614,39,0.894191624647615,node
auc_degree,gamma,switching,40,7Networks_LH_Default_Par_1,-0.231020714391058,-0.516390140234902,0.100529046149533,0.168912880971667,39,0.78022144983774,node
auc_degree,gamma,detail,40,7Networks_LH_Default_Par_1,-0.203952843550718,-0.495248508575019,0.128568199205439,0.225974813525468,39,0.78022144983774,node
auc_degree,gamma,communication,40,7Networks_LH_Default_Par_1,-0.185596940593232,-0.480712398219204,0.14728499919209,0.271426565216028,39,0.78022144983774,node
auc_degree,gamma,imagination,40,7Networks_LH_Default_Par_1,-0.160465897087867,-0.460544461078524,0.172529262583627,0.342751890133626,39,0.78022144983774,node
auc_degree,gamma,total,41,7Networks_LH_Default_Par_2,-0.145621069316181,-0.448483964852523,0.187238249971441,0.38980357563324,39,0.78022144983774,node
auc_degree,gamma,social,41,7Networks_LH_Default_Par_2,0.0319388060766515,-0.295140106437584,0.35231721109108,0.851146448895836,39,0.945250533417553,node
auc_degree,gamma,switching,41,7Networks_LH_Default_Par_2,-0.1408676777897,-0.444598677553489,0.191916804944924,0.405627193452277,39,0.78022144983774,node
auc_degree,gamma,detail,41,7Networks_LH_Default_Par_2,-0.12280343562806,-0.429728490335435,0.209559744580462,0.469008397601373,39,0.833792706846886,node
auc_degree,gamma,communication,41,7Networks_LH_Default_Par_2,-0.0331261673596962,-0.353357853965692,0.294054644627409,0.845677972065832,39,0.945250533417553,node
auc_degree,gamma,imagination,41,7Networks_LH_Default_Par_2,-0.186222345225738,-0.481210341969694,0.146651197352621,0.269786039647962,39,0.78022144983774,node
auc_degree,gamma,total,42,7Networks_LH_Default_PFC_1,-0.0237363560617821,-0.345106605902716,0.302615630031614,0.889097303143472,39,0.945250533417553,node
auc_degree,gamma,social,42,7Networks_LH_Default_PFC_1,-0.172210289083292,-0.470008185306205,0.160786156168438,0.308107666118541,39,0.78022144983774,node
auc_degree,gamma,switching,42,7Networks_LH_Default_PFC_1,-0.0456434796107572,-0.364280435720876,0.282559991952619,0.788507702045231,39,0.945250533417553,node
auc_degree,gamma,detail,42,7Networks_LH_Default_PFC_1,0.0876601572817977,-0.243274337272194,0.400314138745749,0.605917552982966,39,0.925568804277297,node
auc_degree,gamma,communication,42,7Networks_LH_Default_PFC_1,-0.0119161003158316,-0.334648506502832,0.31331817565875,0.944195724297108,39,0.964284995026834,node
auc_degree,gamma,imagination,42,7Networks_LH_Default_PFC_1,0.156057150820143,-0.176913224495337,0.4569741589897,0.356348102334312,39,0.78022144983774,node
auc_degree,gamma,total,43,7Networks_LH_Default_PFC_2,-0.0639192456601458,-0.380071942953909,0.265606355021065,0.707031725489602,39,0.925568804277297,node
auc_degree,gamma,social,43,7Networks_LH_Default_PFC_2,-0.150870565085308,-0.45276149463285,0.182053793888802,0.372752734310899,39,0.78022144983774,node
auc_degree,gamma,switching,43,7Networks_LH_Default_PFC_2,-0.0561677061907441,-0.373396516796657,0.272822098434484,0.741257022156601,39,0.945250533417553,node
auc_degree,gamma,detail,43,7Networks_LH_Default_PFC_2,-0.0238475495114072,-0.345204608085384,0.302514558644949,0.888581012606233,39,0.945250533417553,node
auc_degree,gamma,communication,43,7Networks_LH_Default_PFC_2,-0.0143308841461293,-0.336791493800592,0.311138425580136,0.932910428598662,39,0.964284995026834,node
auc_degree,gamma,imagination,43,7Networks_LH_Default_PFC_2,0.142227776331641,-0.190579662561287,0.445711551974611,0.401062505073177,39,0.78022144983774,node
auc_degree,gamma,total,44,7Networks_LH_Default_PFC_3,0.0856480836009575,-0.245180711366745,0.398610338358318,0.614244837429651,39,0.925568804277297,node
auc_degree,gamma,social,44,7Networks_LH_Default_PFC_3,-0.0412134607014922,-0.36042480634597,0.286638884663915,0.808632852137382,39,0.945250533417553,node
auc_degree,gamma,switching,44,7Networks_LH_Default_PFC_3,0.132121595343171,-0.200485852050335,0.437419891771172,0.435681167662741,39,0.814780365499153,node
auc_degree,gamma,detail,44,7Networks_LH_Default_PFC_3,0.00266401986231028,-0.321638141120168,0.326406783438159,0.987514874605251,39,0.987514874605251,node
auc_degree,gamma,communication,44,7Networks_LH_Default_PFC_3,0.0391006516821417,-0.288580053929535,0.358582091252113,0.818274809218964,39,0.945250533417553,node
auc_degree,gamma,imagination,44,7Networks_LH_Default_PFC_3,0.146280537875289,-0.186587968891995,0.449022093109403,0.38763700610165,39,0.78022144983774,node
auc_degree,gamma,total,45,7Networks_LH_Default_PFC_4,0.143934854656731,-0.188899647301685,0.447107009593691,0.39537526701516,39,0.78022144983774,node
auc_degree,gamma,social,45,7Networks_LH_Default_PFC_4,0.0798913032606118,-0.25062097757554,0.393723602686726,0.638331433939886,39,0.925568804277297,node
auc_degree,gamma,switching,45,7Networks_LH_Default_PFC_4,0.0916345669497135,-0.239501185971209,0.403673282216487,0.589612742544638,39,0.925568804277297,node
auc_degree,gamma,detail,45,7Networks_LH_Default_PFC_4,0.0903338174208826,-0.240737169496822,0.402574823087441,0.594927685020469,39,0.925568804277297,node
auc_degree,gamma,communication,45,7Networks_LH_Default_PFC_4,-0.0052829309879429,-0.328744706512622,0.319288146643321,0.975243988373042,39,0.987514874605251,node
auc_degree,gamma,imagination,45,7Networks_LH_Default_PFC_4,0.161799314056371,-0.171200738092092,0.461622383141297,0.338703075295273,39,0.78022144983774,node
auc_degree,gamma,total,46,7Networks_LH_Default_PFC_5,0.0210975163856017,-0.305012101134771,0.342778762601181,0.901362638470488,39,0.945250533417553,node
auc_degree,gamma,social,46,7Networks_LH_Default_PFC_5,0.0249913830123112,-0.301474423316049,0.346212337951355,0.883272655925582,39,0.945250533417553,node
auc_degree,gamma,switching,46,7Networks_LH_Default_PFC_5,0.0655605217900578,-0.264073775064432,0.381481155407982,0.699854516214208,39,0.925568804277297,node
auc_degree,gamma,detail,46,7Networks_LH_Default_PFC_5,-0.0439834478107706,-0.362836919671794,0.284089840236366,0.79603400996678,39,0.945250533417553,node
auc_degree,gamma,communication,46,7Networks_LH_Default_PFC_5,0.0747505797019088,-0.255461478511274,0.38934477233944,0.66015440473853,39,0.925568804277297,node
auc_degree,gamma,imagination,46,7Networks_LH_Default_PFC_5,-0.0930371701271342,-0.404856747705251,0.23816721649451,0.583905203032656,39,0.925568804277297,node
auc_degree,gamma,total,47,7Networks_LH_Default_PFC_6,-0.0752048336768668,-0.389732276107428,0.255034419091099,0.658214531370198,39,0.925568804277297,node
auc_degree,gamma,social,47,7Networks_LH_Default_PFC_6,-0.0412819859346902,-0.360484529874379,0.286575881160656,0.808320588994008,39,0.945250533417553,node
auc_degree,gamma,switching,47,7Networks_LH_Default_PFC_6,-0.0446797826131645,-0.363442618827406,0.283448316942769,0.792874691775605,39,0.945250533417553,node
auc_degree,gamma,detail,47,7Networks_LH_Default_PFC_6,-0.147327024751505,-0.449875578910885,0.185555462291965,0.384213401450616,39,0.78022144983774,node
auc_degree,gamma,communication,47,7Networks_LH_Default_PFC_6,0.1831686021959,-0.149743353780642,0.478777162537044,0.277858279348366,39,0.78022144983774,node
auc_degree,gamma,imagination,47,7Networks_LH_Default_PFC_6,-0.182589734544174,-0.478315416374082,0.150328769762205,0.279405996828269,39,0.78022144983774,node
auc_degree,gamma,total,48,7Networks_LH_Default_PFC_7,-0.14863542726571,-0.450941899048355,0.18426350418011,0.379957920710915,39,0.78022144983774,node
auc_degree,gamma,social,48,7Networks_LH_Default_PFC_7,-0.264801965352667,-0.542296207713351,0.0647809079193903,0.113224526484574,39,0.78022144983774,node
auc_degree,gamma,switching,48,7Networks_LH_Default_PFC_7,-0.0240345121241702,-0.345369374874353,0.302344598898989,0.887713014663498,39,0.945250533417553,node
auc_degree,gamma,detail,48,7Networks_LH_Default_PFC_7,0.0353027730916812,-0.292062641428496,0.355263447703455,0.835672076681665,39,0.945250533417553,node
auc_degree,gamma,communication,48,7Networks_LH_Default_PFC_7,-0.126580880356393,-0.432851848460521,0.205888208593499,0.455338189431954,39,0.823318506894976,node
auc_degree,gamma,imagination,48,7Networks_LH_Default_PFC_7,0.0219578278894774,-0.304231259833103,0.343538117687675,0.897361293675698,39,0.945250533417553,node
auc_degree,gamma,total,49,7Networks_LH_Default_pCunPCC_1,-0.204805362265204,-0.495919681024503,0.127693124080624,0.2239986564336,39,0.78022144983774,node
auc_degree,gamma,social,49,7Networks_LH_Default_pCunPCC_1,-0.177032950738651,-0.47387459476326,0.155936561317482,0.294547917438364,39,0.78022144983774,node
auc_degree,gamma,switching,49,7Networks_LH_Default_pCunPCC_1,-0.325171181606638,-0.587314254117699,-0.00128170612439411,0.0495548482686979,39,0.78022144983774,node
auc_degree,gamma,detail,49,7Networks_LH_Default_pCunPCC_1,0.181477360830372,-0.151453071994826,0.477427648446847,0.282395854598945,39,0.78022144983774,node
auc_degree,gamma,communication,49,7Networks_LH_Default_pCunPCC_1,-0.293498207202597,-0.563895881998628,0.0337344833861538,0.0778896033452497,39,0.78022144983774,node
auc_degree,gamma,imagination,49,7Networks_LH_Default_pCunPCC_1,0.117887727161974,-0.214323637817092,0.425652937791676,0.487117966136568,39,0.840547130371124,node
auc_degree,gamma,total,50,7Networks_LH_Default_pCunPCC_2,-0.284899928427469,-0.557462538424279,0.0431036903399824,0.08742839950777,39,0.78022144983774,node
auc_degree,gamma,social,50,7Networks_LH_Default_pCunPCC_2,-0.0803757567339521,-0.394135523525211,0.250163962921249,0.636289878085118,39,0.925568804277297,node
auc_degree,gamma,switching,50,7Networks_LH_Default_pCunPCC_2,-0.249015005483626,-0.530254868464158,0.0815930073081429,0.137216658631001,39,0.78022144983774,node
auc_degree,gamma,detail,50,7Networks_LH_Default_pCunPCC_2,-0.079880604896961,-0.393714504665193,0.250631068335424,0.638376548048388,39,0.925568804277297,node
auc_degree,gamma,communication,50,7Networks_LH_Default_pCunPCC_2,-0.214353099430393,-0.503412754624119,0.117857275927966,0.202671843289319,39,0.78022144983774,node
auc_degree,gamma,imagination,50,7Networks_LH_Default_pCunPCC_2,-0.197794049028679,-0.490389449860597,0.13487460103423,0.240604551165356,39,0.78022144983774,node
auc_degree,gamma,total,51,7Networks_RH_Vis_1,0.116122438351761,-0.216030559705549,0.424186305394803,0.493708300047192,39,0.942122991933199,node
auc_degree,gamma,social,51,7Networks_RH_Vis_1,-0.0767502703788804,-0.391049785610344,0.253580536711632,0.651631331534085,39,0.942122991933199,node
auc_degree,gamma,switching,51,7Networks_RH_Vis_1,0.246936972886622,-0.0837920543438232,0.528661375412154,0.140634512948731,39,0.740944242105838,node
auc_degree,gamma,detail,51,7Networks_RH_Vis_1,0.0790660030240069,-0.251399194771789,0.39302157647372,0.641815406839203,39,0.942122991933199,node
auc_degree,gamma,communication,51,7Networks_RH_Vis_1,-0.0655657466080563,-0.381485639133804,0.26406889360911,0.699831708878523,39,0.942122991933199,node
auc_degree,gamma,imagination,51,7Networks_RH_Vis_1,0.179690849799514,-0.153256939702934,0.476000596584729,0.287240922896318,39,0.864815786919702,node
auc_degree,gamma,total,52,7Networks_RH_Vis_2,-0.162293203197251,-0.462021414012912,0.17070835356673,0.33721090303038,39,0.864815786919702,node
auc_degree,gamma,social,52,7Networks_RH_Vis_2,-0.169961673978528,-0.468201517543081,0.163041846245596,0.314562851564462,39,0.864815786919702,node
auc_degree,gamma,switching,52,7Networks_RH_Vis_2,-0.254114361783428,-0.534156794139254,0.0761830134576846,0.129089647761549,39,0.740944242105838,node
auc_degree,gamma,detail,52,7Networks_RH_Vis_2,0.312729596687557,-0.0125685174947986,0.578167240969632,0.0594911623283594,39,0.571886972669608,node
auc_degree,gamma,communication,52,7Networks_RH_Vis_2,-0.29430363672142,-0.564496838420065,0.0328538823356358,0.0770393452718892,39,0.601269886202687,node
auc_degree,gamma,imagination,52,7Networks_RH_Vis_2,-0.0202493606585365,-0.342029725100415,0.305781480565165,0.905309794534669,39,0.991120776740099,node
auc_degree,gamma,total,53,7Networks_RH_Vis_3,0.313250395673492,-0.0119912459365089,0.578551473383548,0.0590457657800773,39,0.571886972669608,node
auc_degree,gamma,social,53,7Networks_RH_Vis_3,0.244169383275157,-0.0867158212968566,0.526536023043088,0.145283184726635,39,0.740944242105838,node
auc_degree,gamma,switching,53,7Networks_RH_Vis_3,0.220562824523513,-0.11142499080475,0.508262930110724,0.189585297139957,39,0.864815786919702,node
auc_degree,gamma,detail,53,7Networks_RH_Vis_3,0.317170026992008,-0.00763962425107547,0.581439505944139,0.0557779493055055,39,0.571886972669608,node
auc_degree,gamma,communication,53,7Networks_RH_Vis_3,-0.0108893972351943,-0.333736351750231,0.31424391139234,0.94899731188261,39,0.991120776740099,node
auc_degree,gamma,imagination,53,7Networks_RH_Vis_3,0.0330356018694122,-0.29413746751971,0.353278507271349,0.846094830818095,39,0.991120776740099,node
auc_degree,gamma,total,54,7Networks_RH_Vis_4,-0.00955298257507662,-0.332548133328096,0.315447975721199,0.955249958638734,39,0.991120776740099,node
auc_degree,gamma,social,54,7Networks_RH_Vis_4,-0.126830133070033,-0.43305768332667,0.205645614571643,0.454443780629612,39,0.942122991933199,node
auc_degree,gamma,switching,54,7Networks_RH_Vis_4,0.101184270794729,-0.230393989572666,0.411710378670714,0.55125025158967,39,0.942122991933199,node
auc_degree,gamma,detail,54,7Networks_RH_Vis_4,0.322190079088957,-0.00204827624508007,0.585128640549604,0.0518049027968337,39,0.571886972669608,node
auc_degree,gamma,communication,54,7Networks_RH_Vis_4,-0.168750158542068,-0.467227081024726,0.164255732156812,0.318075779325,39,0.864815786919702,node
auc_degree,gamma,imagination,54,7Networks_RH_Vis_4,-0.210454295416947,-0.500358212438021,0.121881619332611,0.211202813319086,39,0.864815786919702,node
auc_degree,gamma,total,55,7Networks_RH_Vis_5,0.0181936984578157,-0.307644448900166,0.34021259610194,0.914885562580282,39,0.991120776740099,node
auc_degree,gamma,social,55,7Networks_RH_Vis_5,-0.00147299960175369,-0.325342238102693,0.322705544322406,0.993096491742627,39,0.993096491742627,node
auc_degree,gamma,switching,55,7Networks_RH_Vis_5,-0.0899962580932062,-0.402289613385691,0.241057745922255,0.596310384629861,39,0.942122991933199,node
auc_degree,gamma,detail,55,7Networks_RH_Vis_5,0.314116325508397,-0.0110309392882014,0.579190074127485,0.0583110700092951,39,0.571886972669608,node
auc_degree,gamma,communication,55,7Networks_RH_Vis_5,-0.248551816867947,-0.529899854580584,0.0820834487019195,0.137973131256884,39,0.740944242105838,node
auc_degree,gamma,imagination,55,7Networks_RH_Vis_5,0.0853449836500591,-0.245467667110769,0.398353489516533,0.615503432059647,39,0.942122991933199,node
auc_degree,gamma,total,56,7Networks_RH_Vis_6,-0.176944488635521,-0.473803776092329,0.156025662214368,0.294793144344755,39,0.864815786919702,node
auc_degree,gamma,social,56,7Networks_RH_Vis_6,-0.0219589402789714,-0.343539099267612,0.30423024991537,0.897356121499869,39,0.991120776740099,node
auc_degree,gamma,switching,56,7Networks_RH_Vis_6,-0.346901257994426,-0.603131118345211,-0.0257738326810626,0.0354212758604885,39,0.571886972669608,node
auc_degree,gamma,detail,56,7Networks_RH_Vis_6,0.142997134162762,-0.189822742935854,0.446340649067163,0.398493548874765,39,0.864815786919702,node
auc_degree,gamma,communication,56,7Networks_RH_Vis_6,-0.251042966379685,-0.531808051817738,0.0794438398754789,0.133940612194319,39,0.740944242105838,node
auc_degree,gamma,imagination,56,7Networks_RH_Vis_6,-0.00247754952833071,-0.326240168671697,0.321805311971266,0.988388720340295,39,0.993096491742627,node
auc_degree,gamma,total,57,7Networks_RH_Vis_7,-0.0927390852213379,-0.404605321904081,0.238450819791211,0.585116123373326,39,0.942122991933199,node
auc_degree,gamma,social,57,7Networks_RH_Vis_7,-0.155706547429572,-0.456689815636227,0.17726129071323,0.357443101441081,39,0.864815786919702,node
auc_degree,gamma,switching,57,7Networks_RH_Vis_7,-0.097310421008623,-0.408455932753157,0.234095351174727,0.566669919676606,39,0.942122991933199,node
auc_degree,gamma,detail,57,7Networks_RH_Vis_7,0.289221622342707,-0.0384017104598389,0.560700182651342,0.0825272392827218,39,0.601269886202687,node
auc_degree,gamma,communication,57,7Networks_RH_Vis_7,-0.154744506803013,-0.455909273694401,0.178215941780914,0.360458122881827,39,0.864815786919702,node
auc_degree,gamma,imagination,57,7Networks_RH_Vis_7,-0.157932951458051,-0.458494410678888,0.175049582371525,0.350524047772085,39,0.864815786919702,node
auc_degree,gamma,total,58,7Networks_RH_Vis_8,0.097965051272755,-0.233470543005435,0.409006447830075,0.564050364504552,39,0.942122991933199,node
auc_degree,gamma,social,58,7Networks_RH_Vis_8,0.133824771333031,-0.198821131905157,0.438820916555208,0.429734251713827,39,0.913185284891882,node
auc_degree,gamma,switching,58,7Networks_RH_Vis_8,-0.0297234239299646,-0.350373456208076,0.297163109541897,0.861367684634648,39,0.991120776740099,node
auc_degree,gamma,detail,58,7Networks_RH_Vis_8,0.365016755142118,0.0464909193108693,0.616164770025438,0.0263253301906001,39,0.571886972669608,node
auc_degree,gamma,communication,58,7Networks_RH_Vis_8,-0.304085010135254,-0.57177224021649,0.0221189084696341,0.0672808203140715,39,0.571886972669608,node
auc_degree,gamma,imagination,58,7Networks_RH_Vis_8,0.0760483162478501,-0.254241090919868,0.390451518110275,0.654618311380458,39,0.942122991933199,node
auc_degree,gamma,total,59,7Networks_RH_SomMot_1,0.396416858228208,0.0830614843066517,0.638435159768956,0.0151406967218415,39,0.289727045203287,node
auc_degree,gamma,social,59,7Networks_RH_SomMot_1,0.270994316429002,-0.0581349657985423,0.546988436754574,0.104731072053369,39,0.527164068064464,node
auc_degree,gamma,switching,59,7Networks_RH_SomMot_1,0.450167637087298,0.147685282462517,0.675639729998701,0.00517880641220136,39,0.145006579541638,node
auc_degree,gamma,detail,59,7Networks_RH_SomMot_1,-0.0662289221136642,-0.382054628651836,0.263449163295443,0.696938928618732,39,0.909562239016453,node
auc_degree,gamma,communication,59,7Networks_RH_SomMot_1,0.28084197573326,-0.0475055333529085,0.554414912907337,0.0922320591502824,39,0.527164068064464,node
auc_degree,gamma,imagination,59,7Networks_RH_SomMot_1,0.128026552634229,-0.204480587824489,0.434045251700558,0.450163804769927,39,0.866510055039141,node
auc_degree,gamma,total,60,7Networks_RH_SomMot_2,0.340709771549759,0.0187558673589634,0.598644900500001,0.0390632566866195,39,0.410164195209505,node
auc_degree,gamma,social,60,7Networks_RH_SomMot_2,0.306041058926437,-0.019963098315954,0.573222118425041,0.0654515559884319,39,0.49981188209348,node
auc_degree,gamma,switching,60,7Networks_RH_SomMot_2,0.253644575759716,-0.076682232045182,0.533797821536661,0.129823048861629,39,0.527164068064464,node
auc_degree,gamma,detail,60,7Networks_RH_SomMot_2,0.0428285221418215,-0.28515320949964,0.36183172593924,0.801281020085923,39,0.909562239016453,node
auc_degree,gamma,communication,60,7Networks_RH_SomMot_2,0.234721115661968,-0.0966545012395676,0.519253597625526,0.16200097422532,39,0.591655731953344,node
auc_degree,gamma,imagination,60,7Networks_RH_SomMot_2,0.054214014236609,-0.274634927336275,0.371708848024227,0.749963964729639,39,0.909562239016453,node
auc_degree,gamma,total,61,7Networks_RH_SomMot_3,0.452311151395246,0.150317089085842,0.67709996589208,0.00494409434724501,39,0.145006579541638,node
auc_degree,gamma,social,61,7Networks_RH_SomMot_3,0.248494606183648,-0.0821440144006441,0.529855998241868,0.138066779731169,39,0.527164068064464,node
auc_degree,gamma,switching,61,7Networks_RH_SomMot_3,0.528928255593448,0.247284823802274,0.72815705219345,0.000763551275691523,39,0.0641383071580879,node
auc_degree,gamma,detail,61,7Networks_RH_SomMot_3,-0.0490754284786291,-0.367259913196215,0.279391881695314,0.773008256314917,39,0.909562239016453,node
auc_degree,gamma,communication,61,7Networks_RH_SomMot_3,0.389281854829507,0.074676836533485,0.633410020221361,0.0172456574525766,39,0.289727045203287,node
auc_degree,gamma,imagination,61,7Networks_RH_SomMot_3,0.0982409334253418,-0.233207146836556,0.409238384715887,0.56294807334977,39,0.87112679618562,node
auc_degree,gamma,total,62,7Networks_RH_SomMot_4,0.369364743504674,0.0515044411354048,0.619272704069866,0.0244572624808534,39,0.331302243878807,node
auc_degree,gamma,social,62,7Networks_RH_SomMot_4,0.212299440691676,-0.119978422356329,0.501804702981863,0.207135019554684,39,0.621405058664051,node
auc_degree,gamma,switching,62,7Networks_RH_SomMot_4,0.362175620325691,0.0432235465248554,0.6141296982322,0.0276085203232339,39,0.331302243878807,node
auc_degree,gamma,detail,62,7Networks_RH_SomMot_4,0.0515207556499008,-0.277130172609212,0.369378869624047,0.762016825932991,39,0.909562239016453,node
auc_degree,gamma,communication,62,7Networks_RH_SomMot_4,0.178510928536527,-0.154447108918573,0.475057227760599,0.29047014460133,39,0.717632121956227,node
auc_degree,gamma,imagination,62,7Networks_RH_SomMot_4,0.219634928203739,-0.112387914442555,0.507539344223937,0.191501946306071,39,0.621405058664051,node
auc_degree,gamma,total,63,7Networks_RH_SomMot_5,0.00800862348046937,-0.316838088756404,0.331173751224734,0.962478767538467,39,0.98260351871933,node
auc_degree,gamma,social,63,7Networks_RH_SomMot_5,-0.10766810021166,-0.417139820142986,0.224177317751509,0.525892214831328,39,0.87112679618562,node
auc_degree,gamma,switching,63,7Networks_RH_SomMot_5,-0.0990695745904121,-0.409934790063544,0.232415716108332,0.559643216153365,39,0.87112679618562,node
auc_degree,gamma,detail,63,7Networks_RH_SomMot_5,0.156234954767597,-0.17673667540767,0.457118336521524,0.35579356143646,39,0.830184976685074,node
auc_degree,gamma,communication,63,7Networks_RH_SomMot_5,0.0606537970459637,-0.268650598915008,0.377263831625113,0.721385126683066,39,0.909562239016453,node
auc_degree,gamma,imagination,63,7Networks_RH_SomMot_5,0.0589628819608365,-0.270224388803953,0.375807443525453,0.728855016187916,39,0.909562239016453,node
auc_degree,gamma,total,64,7Networks_RH_SomMot_6,-0.0597357832303887,-0.376473338990081,0.269505242557165,0.725437497241583,39,0.909562239016453,node
auc_degree,gamma,social,64,7Networks_RH_SomMot_6,-0.0462671634933816,-0.364822377948689,0.281984787002308,0.785684856047676,39,0.909562239016453,node
auc_degree,gamma,switching,64,7Networks_RH_SomMot_6,-0.314181340793566,-0.579238008083418,0.0109588138387728,0.0582562023961274,39,0.48935210012747,node
auc_degree,gamma,detail,64,7Networks_RH_SomMot_6,0.0568253351114613,-0.272211359179666,0.373964128124394,0.738333246162215,39,0.909562239016453,node
auc_degree,gamma,communication,64,7Networks_RH_SomMot_6,0.198018194755979,-0.134645554841734,0.490566612022279,0.240061182432364,39,0.661021621981167,node
auc_degree,gamma,imagination,64,7Networks_RH_SomMot_6,-0.0213414564659867,-0.342994119342773,0.304790739242155,0.900227815139848,39,0.969476108612144,node
auc_degree,gamma,total,65,7Networks_RH_SomMot_7,-0.19200153655764,-0.485802712845225,0.14078144915629,0.254934457496276,39,0.661021621981167,node
auc_degree,gamma,social,65,7Networks_RH_SomMot_7,0.0105608059163947,-0.314540058047149,0.333444293301979,0.950534418890605,39,0.98260351871933,node
auc_degree,gamma,switching,65,7Networks_RH_SomMot_7,-0.208611943201618,-0.498912295052476,0.123779500194866,0.215319234187437,39,0.623683299025681,node
auc_degree,gamma,detail,65,7Networks_RH_SomMot_7,-0.263407694887955,-0.541237311981675,0.0662732872024584,0.115206533988766,39,0.527164068064464,node
auc_degree,gamma,communication,65,7Networks_RH_SomMot_7,0.0437345540863598,-0.284319071225088,0.362620356826226,0.797164036670901,39,0.909562239016453,node
auc_degree,gamma,imagination,65,7Networks_RH_SomMot_7,-0.129223148784968,-0.435032230745362,0.203314446150399,0.445905140181885,39,0.866510055039141,node
auc_degree,gamma,total,66,7Networks_RH_SomMot_8,-0.109815140016033,-0.418932857192672,0.222112774431494,0.517622865075063,39,0.87112679618562,node
auc_degree,gamma,social,66,7Networks_RH_SomMot_8,-0.0660819036961249,-0.381928510843598,0.263586573891716,0.697579863115582,39,0.909562239016453,node
auc_degree,gamma,switching,66,7Networks_RH_SomMot_8,-0.132148009681608,-0.437441631405747,0.200460048773363,0.435588592609376,39,0.866510055039141,node
auc_degree,gamma,detail,66,7Networks_RH_SomMot_8,-0.126985647349856,-0.433186092073498,0.205494234093494,0.453886219306217,39,0.866510055039141,node
auc_degree,gamma,communication,66,7Networks_RH_SomMot_8,0.122673369005924,-0.209685997816908,0.429620814547987,0.469482929315117,39,0.87112679618562,node
auc_degree,gamma,imagination,66,7Networks_RH_SomMot_8,-0.0942770584319998,-0.405902051095725,0.236986958250706,0.578880382556296,39,0.87112679618562,node
auc_degree,gamma,total,67,7Networks_RH_DorsAttn_Post_1,0.16932423404727,-0.163680659106018,0.467688907306224,0.316408129062935,39,0.842890649622063,node
auc_degree,gamma,social,67,7Networks_RH_DorsAttn_Post_1,0.17625362241215,-0.156721330890767,0.473250568408516,0.296712802904941,39,0.842890649622063,node
auc_degree,gamma,switching,67,7Networks_RH_DorsAttn_Post_1,0.266732017892514,-0.0627126100919714,0.543760556384171,0.110523422216219,39,0.702799282067986,node
auc_degree,gamma,detail,67,7Networks_RH_DorsAttn_Post_1,-0.0246752048477159,-0.345933855629709,0.301762014985512,0.88473949922989,39,0.95935608350229,node
auc_degree,gamma,communication,67,7Networks_RH_DorsAttn_Post_1,-0.0533905925646561,-0.37099691784187,0.275398279882488,0.753642893001463,39,0.931496568508534,node
auc_degree,gamma,imagination,67,7Networks_RH_DorsAttn_Post_1,0.0624723140088133,-0.266956081352873,0.378828377686017,0.713379824359773,39,0.931496568508534,node
auc_degree,gamma,total,68,7Networks_RH_DorsAttn_Post_2,-0.0429699073183566,-0.361954820896747,0.285023075948281,0.800638219174963,39,0.931496568508534,node
auc_degree,gamma,social,68,7Networks_RH_DorsAttn_Post_2,-0.119690866419026,-0.427149349496529,0.212578019657004,0.480433547053632,39,0.848997315669301,node
auc_degree,gamma,switching,68,7Networks_RH_DorsAttn_Post_2,-0.11951091799815,-0.42700008727232,0.212752322944373,0.481098478879271,39,0.848997315669301,node
auc_degree,gamma,detail,68,7Networks_RH_DorsAttn_Post_2,0.148787550409266,-0.184113218279049,0.451065820191996,0.379464956547667,39,0.842890649622063,node
auc_degree,gamma,communication,68,7Networks_RH_DorsAttn_Post_2,-0.0393404373915941,-0.358791348942696,0.288359883291911,0.817179178277096,39,0.931496568508534,node
auc_degree,gamma,imagination,68,7Networks_RH_DorsAttn_Post_2,0.0539512569566851,-0.274878561348297,0.371481708704749,0.751137339545195,39,0.931496568508534,node
auc_degree,gamma,total,69,7Networks_RH_DorsAttn_Post_3,-0.202390997159654,-0.494017992629465,0.130170027586512,0.229626003842294,39,0.842890649622063,node
auc_degree,gamma,social,69,7Networks_RH_DorsAttn_Post_3,-0.0466371599833766,-0.365143779746984,0.281643438773974,0.784011490941359,39,0.931496568508534,node
auc_degree,gamma,switching,69,7Networks_RH_DorsAttn_Post_3,-0.157989856016877,-0.45854050177854,0.174993009339718,0.350348275718878,39,0.842890649622063,node
auc_degree,gamma,detail,69,7Networks_RH_DorsAttn_Post_3,-0.23270600207842,-0.517695047231215,0.0987656937195542,0.165739189977723,39,0.819077707917378,node
auc_degree,gamma,communication,69,7Networks_RH_DorsAttn_Post_3,-0.0327651538880546,-0.353041533595099,0.294384765200541,0.84733990528554,39,0.941488783650601,node
auc_degree,gamma,imagination,69,7Networks_RH_DorsAttn_Post_3,-0.0930383015721675,-0.404857701955852,0.23816613990991,0.583900608852461,39,0.917317225789234,node
auc_degree,gamma,total,70,7Networks_RH_DorsAttn_Post_4,0.0128904887574665,-0.312439037819134,0.335513624340614,0.939640587034845,39,0.988318269569654,node
auc_degree,gamma,social,70,7Networks_RH_DorsAttn_Post_4,0.159713016659306,-0.173278845834953,0.459935448245973,0.345050963365797,39,0.842890649622063,node
auc_degree,gamma,switching,70,7Networks_RH_DorsAttn_Post_4,-0.00197912369249026,-0.325794716999658,0.322252052031209,0.990724528747889,39,0.998017807398813,node
auc_degree,gamma,detail,70,7Networks_RH_DorsAttn_Post_4,-0.124219197605812,-0.430899966006717,0.208184773706022,0.463859620072737,39,0.848997315669301,node
auc_degree,gamma,communication,70,7Networks_RH_DorsAttn_Post_4,-0.00750080457852357,-0.330721524676307,0.317294883503443,0.96485642985161,39,0.988318269569654,node
auc_degree,gamma,imagination,70,7Networks_RH_DorsAttn_Post_4,-0.0294665376931331,-0.350147887860361,0.297397498601103,0.862554366047765,39,0.94670601151584,node
auc_degree,gamma,total,71,7Networks_RH_DorsAttn_Post_5,-0.121647123276177,-0.428770929717328,0.21068176679562,0.4732359457536,39,0.848997315669301,node
auc_degree,gamma,social,71,7Networks_RH_DorsAttn_Post_5,0.155349610136091,-0.177615559452613,0.456400272229365,0.358559961188588,39,0.842890649622063,node
auc_degree,gamma,switching,71,7Networks_RH_DorsAttn_Post_5,-0.17682164861681,-0.473705429682986,0.156149380287143,0.295133887625761,39,0.842890649622063,node
auc_degree,gamma,detail,71,7Networks_RH_DorsAttn_Post_5,-0.272649201256626,-0.548239489380391,0.0563539065665742,0.102545334945947,39,0.702799282067986,node
auc_degree,gamma,communication,71,7Networks_RH_DorsAttn_Post_5,0.0730623136120866,-0.257047545575231,0.387903611281772,0.667383159681658,39,0.931496568508534,node
auc_degree,gamma,imagination,71,7Networks_RH_DorsAttn_Post_5,-0.173292540751196,-0.470876840463319,0.159699257899179,0.305030906199959,39,0.842890649622063,node
auc_degree,gamma,total,72,7Networks_RH_DorsAttn_PrCv_1,0.359930763321905,0.0406467236430994,0.61251936016067,0.0286584989493019,39,0.702799282067986,node
auc_degree,gamma,social,72,7Networks_RH_DorsAttn_PrCv_1,0.262069532078724,-0.067704224951566,0.540220198528455,0.117133213677998,39,0.702799282067986,node
auc_degree,gamma,switching,72,7Networks_RH_DorsAttn_PrCv_1,0.308028689373141,-0.0177693715844136,0.574693694055137,0.0636331536152081,39,0.702799282067986,node
auc_degree,gamma,detail,72,7Networks_RH_DorsAttn_PrCv_1,0.0794294338813815,-0.251056550137819,0.393330767241268,0.640280262574257,39,0.931496568508534,node
auc_degree,gamma,communication,72,7Networks_RH_DorsAttn_PrCv_1,0.138959856746588,-0.193790345492156,0.443036058010005,0.412079873148564,39,0.842890649622063,node
auc_degree,gamma,imagination,72,7Networks_RH_DorsAttn_PrCv_1,0.192813945850065,-0.13995443003137,0.486446987201148,0.252891182706028,39,0.842890649622063,node
auc_degree,gamma,total,73,7Networks_RH_DorsAttn_FEF_1,0.0834458309063423,-0.247264345388485,0.396743017129229,0.623414015910772,39,0.931496568508534,node
auc_degree,gamma,social,73,7Networks_RH_DorsAttn_FEF_1,0.0912553728314741,-0.239861610393639,0.403353152610142,0.591159989953062,39,0.917317225789234,node
auc_degree,gamma,switching,73,7Networks_RH_DorsAttn_FEF_1,-0.0419438618330117,-0.361061256610448,0.285967192893321,0.80530599166888,39,0.931496568508534,node
auc_degree,gamma,detail,73,7Networks_RH_DorsAttn_FEF_1,-0.225002152291811,-0.511719165494664,0.106809440102063,0.18060249622689,39,0.819077707917378,node
auc_degree,gamma,communication,73,7Networks_RH_DorsAttn_FEF_1,0.386579453986319,0.0715127019969764,0.631501344235605,0.0181045202244928,39,0.702799282067986,node
auc_degree,gamma,imagination,73,7Networks_RH_DorsAttn_FEF_1,0.0462147506218288,-0.282033134906514,0.364776842752324,0.785921977978769,39,0.931496568508534,node
auc_degree,gamma,total,74,7Networks_RH_SalVentAttn_TempOccPar_1,0.300537367226071,-0.0260211291932035,0.569138354495271,0.0707009499492413,39,0.509046839634537,node
auc_degree,gamma,social,74,7Networks_RH_SalVentAttn_TempOccPar_1,0.18730876846793,-0.145549536718908,0.482074893875962,0.266951692455785,39,0.825292919034717,node
auc_degree,gamma,switching,74,7Networks_RH_SalVentAttn_TempOccPar_1,0.457090740269056,0.156200920753149,0.680349624876795,0.0044536108886875,39,0.170420028155344,node
auc_degree,gamma,detail,74,7Networks_RH_SalVentAttn_TempOccPar_1,-0.0848148390350476,-0.397904123521659,0.245969434953382,0.617707410057344,39,0.994359040220381,node
auc_degree,gamma,communication,74,7Networks_RH_SalVentAttn_TempOccPar_1,0.0479386479719711,-0.280442062436575,0.366273729636146,0.77813294692479,39,0.994359040220381,node
auc_degree,gamma,imagination,74,7Networks_RH_SalVentAttn_TempOccPar_1,0.217530475986516,-0.114569499476984,0.505896758124592,0.195899290949589,39,0.784320076413632,node
auc_degree,gamma,total,75,7Networks_RH_SalVentAttn_TempOccPar_2,0.20020185287431,-0.132412294048641,0.492291285338182,0.234810882830671,39,0.784320076413632,node
auc_degree,gamma,social,75,7Networks_RH_SalVentAttn_TempOccPar_2,0.0361674709849233,-0.291270491291582,0.356019743561707,0.831704002968259,39,0.994359040220381,node
auc_degree,gamma,switching,75,7Networks_RH_SalVentAttn_TempOccPar_2,0.246994011062667,-0.0837317375091474,0.528705140387885,0.140539871428956,39,0.784320076413632,node
auc_degree,gamma,detail,75,7Networks_RH_SalVentAttn_TempOccPar_2,0.223371680499655,-0.10850629811813,0.510450840229688,0.18386586766138,39,0.784320076413632,node
auc_degree,gamma,communication,75,7Networks_RH_SalVentAttn_TempOccPar_2,0.0022158526593568,-0.322039889396234,0.326006303643012,0.989615118316185,39,0.994359040220381,node
auc_degree,gamma,imagination,75,7Networks_RH_SalVentAttn_TempOccPar_2,0.022605488014749,-0.303643137157775,0.344109498461306,0.894350640134284,39,0.994359040220381,node
auc_degree,gamma,total,76,7Networks_RH_SalVentAttn_FrOperIns_1,0.402001939369216,0.0896558547987151,0.64235435437908,0.0136478804419602,39,0.327549130607046,node
auc_degree,gamma,social,76,7Networks_RH_SalVentAttn_FrOperIns_1,0.198186652217473,-0.134473391018161,0.490699742913958,0.239653356681943,39,0.784320076413632,node
auc_degree,gamma,switching,76,7Networks_RH_SalVentAttn_FrOperIns_1,0.357840346080783,0.0382509916476276,0.611017921151613,0.0296655939588037,39,0.355987127505645,node
auc_degree,gamma,detail,76,7Networks_RH_SalVentAttn_FrOperIns_1,-0.044352446620527,-0.363157922782095,0.283749923493672,0.794359435651579,39,0.994359040220381,node
auc_degree,gamma,communication,76,7Networks_RH_SalVentAttn_FrOperIns_1,0.36576995572025,0.0473582623961577,0.61670371706962,0.0259935395550143,39,0.355987127505645,node
auc_degree,gamma,imagination,76,7Networks_RH_SalVentAttn_FrOperIns_1,0.267248929374744,-0.0621581925703303,0.544152455721974,0.109808337005678,39,0.718745478582618,node
auc_degree,gamma,total,77,7Networks_RH_SalVentAttn_Med_1,-0.229382688287693,-0.515120556291959,0.102240953998443,0.172039128936356,39,0.784320076413632,node
auc_degree,gamma,social,77,7Networks_RH_SalVentAttn_Med_1,0.0324002704126821,-0.294718345298568,0.352721747905795,0.849020314159469,39,0.994359040220381,node
auc_degree,gamma,switching,77,7Networks_RH_SalVentAttn_Med_1,-0.334738197282193,-0.594302642130295,-0.0120170912157874,0.0428583682661675,39,0.440828930737723,node
auc_degree,gamma,detail,77,7Networks_RH_SalVentAttn_Med_1,-0.144935205325277,-0.447924064819832,0.18791424940635,0.392064316219746,39,0.949292611892527,node
auc_degree,gamma,communication,77,7Networks_RH_SalVentAttn_Med_1,-0.0219030641342983,-0.343489792914707,0.304280977921299,0.897615928859368,39,0.994359040220381,node
auc_degree,gamma,imagination,77,7Networks_RH_SalVentAttn_Med_1,-0.2033446712182,-0.494769492970815,0.129192146592227,0.227391821513683,39,0.784320076413632,node
auc_degree,gamma,total,78,7Networks_RH_SalVentAttn_Med_2,-0.156917220350059,-0.457671424808679,0.17605902603908,0.35367052346574,39,0.924064193065976,node
auc_degree,gamma,social,78,7Networks_RH_SalVentAttn_Med_2,-0.322182187693711,-0.585122849851104,0.00205708164161664,0.0518109656420466,39,0.466298690778419,node
auc_degree,gamma,switching,78,7Networks_RH_SalVentAttn_Med_2,-0.0748002482290776,-0.389387147763642,0.255414789734094,0.659942190590816,39,0.994359040220381,node
auc_degree,gamma,detail,78,7Networks_RH_SalVentAttn_Med_2,-0.00120360521733243,-0.325101336918774,0.322946863729217,0.994359040220381,39,0.994359040220381,node
auc_degree,gamma,communication,78,7Networks_RH_SalVentAttn_Med_2,-0.0189284908347115,-0.340862401558836,0.306978821329729,0.911461296064722,39,0.994359040220381,node
auc_degree,gamma,imagination,78,7Networks_RH_SalVentAttn_Med_2,0.0733748929402437,-0.256754022294304,0.388170555750786,0.666042516039859,39,0.994359040220381,node
auc_degree,gamma,total,79,7Networks_RH_Limbic_OFC_1,0.194622813195362,-0.138111363936034,0.487880348102499,0.248381020976804,39,0.731633278785255,node
auc_degree,gamma,social,79,7Networks_RH_Limbic_OFC_1,0.0097322943872829,-0.315286482616736,0.332707620676545,0.954410856232466,39,0.954410856232466,node
auc_degree,gamma,switching,79,7Networks_RH_Limbic_OFC_1,0.153965460613092,-0.178988544988977,0.455276862797954,0.362910791496343,39,0.731633278785255,node
auc_degree,gamma,detail,79,7Networks_RH_Limbic_OFC_1,0.135861994784365,-0.196827382262855,0.440494781845162,0.422680568665847,39,0.745906885880906,node
auc_degree,gamma,communication,79,7Networks_RH_Limbic_OFC_1,0.122956448230185,-0.209411203921752,0.429855150802378,0.468450475397496,39,0.74813455152878,node
auc_degree,gamma,imagination,79,7Networks_RH_Limbic_OFC_1,0.150383204981509,-0.182535896493519,0.452364955589129,0.374316844302564,39,0.731633278785255,node
auc_degree,gamma,total,80,7Networks_RH_Limbic_TempPole_1,0.213223622869589,-0.119024244816312,0.502528601935483,0.205118146188934,39,0.731633278785255,node
auc_degree,gamma,social,80,7Networks_RH_Limbic_TempPole_1,-0.0143419100158672,-0.336801270995573,0.311128465011703,0.93285892799823,39,0.954410856232466,node
auc_degree,gamma,switching,80,7Networks_RH_Limbic_TempPole_1,0.209390539623715,-0.122977733392559,0.499523551400833,0.213572901365278,39,0.731633278785255,node
auc_degree,gamma,detail,80,7Networks_RH_Limbic_TempPole_1,0.0303117822067982,-0.296626129092227,0.35088994557534,0.858650905622036,39,0.954410856232466,node
auc_degree,gamma,communication,80,7Networks_RH_Limbic_TempPole_1,0.260470522009913,-0.0694123172091786,0.539003753100888,0.119467065663553,39,0.731633278785255,node
auc_degree,gamma,imagination,80,7Networks_RH_Limbic_TempPole_1,0.15008140068616,-0.182834364768207,0.452119333575678,0.375287383631653,39,0.731633278785255,node
auc_degree,gamma,total,81,7Networks_RH_Cont_Par_1,-0.0332190626730067,-0.353439237089695,0.293969685987539,0.845250432425819,39,0.992130118190397,node
auc_degree,gamma,social,81,7Networks_RH_Cont_Par_1,-0.131548960771307,-0.436948512032314,0.201045126048913,0.437690761658336,39,0.973628093506835,node
auc_degree,gamma,switching,81,7Networks_RH_Cont_Par_1,0.0199216318367152,-0.306078656083554,0.341740186160785,0.906835587083827,39,0.992130118190397,node
auc_degree,gamma,detail,81,7Networks_RH_Cont_Par_1,0.00367870641541767,-0.320728119086001,0.327313072595512,0.982760081536514,39,0.992130118190397,node
auc_degree,gamma,communication,81,7Networks_RH_Cont_Par_1,-0.00167920045585729,-0.325526601184929,0.322520804241947,0.992130118190397,39,0.992130118190397,node
auc_degree,gamma,imagination,81,7Networks_RH_Cont_Par_1,0.0595106561639202,-0.269714750022295,0.37627941384887,0.726432399886067,39,0.973628093506835,node
auc_degree,gamma,total,82,7Networks_RH_Cont_Par_2,-0.104815369050171,-0.414753712957032,0.226915837172466,0.536978521479361,39,0.973628093506835,node
auc_degree,gamma,social,82,7Networks_RH_Cont_Par_2,-0.0686880541293091,-0.384162419955774,0.261148753259893,0.686249182012165,39,0.973628093506835,node
auc_degree,gamma,switching,82,7Networks_RH_Cont_Par_2,-0.128867333995811,-0.434738823565682,0.203661303710116,0.447169180385525,39,0.973628093506835,node
auc_degree,gamma,detail,82,7Networks_RH_Cont_Par_2,-0.112061313949382,-0.420806106496282,0.219949715610058,0.509041143728804,39,0.973628093506835,node
auc_degree,gamma,communication,82,7Networks_RH_Cont_Par_2,0.0878968198223102,-0.243049939070939,0.400514399829392,0.6049412723071,39,0.973628093506835,node
auc_degree,gamma,imagination,82,7Networks_RH_Cont_Par_2,-0.0516522398913665,-0.369492711479737,0.277008458169451,0.761427098768166,39,0.973628093506835,node
auc_degree,gamma,total,83,7Networks_RH_Cont_PFCl_1,0.191761091239781,-0.141026129448567,0.485611968462219,0.255541296343455,39,0.931684131485436,node
auc_degree,gamma,social,83,7Networks_RH_Cont_PFCl_1,-0.0770145307176745,-0.391274942886842,0.253331782099283,0.650508222358025,39,0.973628093506835,node
auc_degree,gamma,switching,83,7Networks_RH_Cont_PFCl_1,0.180180606318601,-0.15276264566977,0.476391965800146,0.28590738414623,39,0.931684131485436,node
auc_degree,gamma,detail,83,7Networks_RH_Cont_PFCl_1,0.332538102266472,0.00954170533505799,0.592699008697371,0.0443295538319362,39,0.688845713320438,node
auc_degree,gamma,communication,83,7Networks_RH_Cont_PFCl_1,0.00337095706157889,-0.321004187507253,0.327038262524435,0.984202132014205,39,0.992130118190397,node
auc_degree,gamma,imagination,83,7Networks_RH_Cont_PFCl_1,0.123083867268798,-0.209287497122895,0.429960616263744,0.467986142016242,39,0.973628093506835,node
auc_degree,gamma,total,84,7Networks_RH_Cont_PFCl_2,0.394603592555019,0.0809264251695762,0.637160040271215,0.0156539805666026,39,0.407003494731667,node
auc_degree,gamma,social,84,7Networks_RH_Cont_PFCl_2,0.183426224831122,-0.149482741759419,0.478982608167748,0.277171272785266,39,0.931684131485436,node
auc_degree,gamma,switching,84,7Networks_RH_Cont_PFCl_2,0.31221441702825,-0.0131393471336675,0.577787038487047,0.0599343714562813,39,0.688845713320438,node
auc_degree,gamma,detail,84,7Networks_RH_Cont_PFCl_2,0.202537301471434,-0.130020051661227,0.494133309525245,0.229282288963862,39,0.931684131485436,node
auc_degree,gamma,communication,84,7Networks_RH_Cont_PFCl_2,0.223589901425621,-0.108279304159591,0.510620664210983,0.183426697087364,39,0.894205148300901,node
auc_degree,gamma,imagination,84,7Networks_RH_Cont_PFCl_2,0.167785867380272,-0.165221189737817,0.466450971372513,0.320889349278928,39,0.931684131485436,node
auc_degree,gamma,total,85,7Networks_RH_Cont_PFCl_3,0.408023755095848,0.0967966970875044,0.646565980243302,0.0121795236770593,39,0.407003494731667,node
auc_degree,gamma,social,85,7Networks_RH_Cont_PFCl_3,0.310056349238667,-0.0155282279814752,0.576193131294207,0.0618194870928599,39,0.688845713320438,node
auc_degree,gamma,switching,85,7Networks_RH_Cont_PFCl_3,0.282373381636504,-0.0458458457011986,0.555565900264602,0.0903959767430302,39,0.72227265665022,node
auc_degree,gamma,detail,85,7Networks_RH_Cont_PFCl_3,0.104579183095179,-0.227142332313271,0.414555968918538,0.537901398996455,39,0.973628093506835,node
auc_degree,gamma,communication,85,7Networks_RH_Cont_PFCl_3,0.247318511374946,-0.0833885382065575,0.528954098608599,0.140002330083937,39,0.780012981896221,node
auc_degree,gamma,imagination,85,7Networks_RH_Cont_PFCl_3,0.15951782839545,-0.17347311633541,0.459777512303632,0.345648541956842,39,0.931684131485436,node
auc_degree,gamma,total,86,7Networks_RH_Cont_PFCl_4,0.0587559756322338,-0.270416842560606,0.375629127204834,0.729770767220309,39,0.973628093506835,node
auc_degree,gamma,social,86,7Networks_RH_Cont_PFCl_4,-0.0104197387263309,-0.333318890983032,0.314667177039397,0.951194367000703,39,0.992130118190397,node
auc_degree,gamma,switching,86,7Networks_RH_Cont_PFCl_4,0.0195563725874378,-0.306409788320305,0.341417418169938,0.908536495697311,39,0.992130118190397,node
auc_degree,gamma,detail,86,7Networks_RH_Cont_PFCl_4,0.17490141015659,-0.158081987296541,0.472167112824508,0.300493182255302,39,0.931684131485436,node
auc_degree,gamma,communication,86,7Networks_RH_Cont_PFCl_4,-0.0536658770203217,-0.371234970267537,0.275143123728544,0.752412362328341,39,0.973628093506835,node
auc_degree,gamma,imagination,86,7Networks_RH_Cont_PFCl_4,0.0367080294092465,-0.290775057270868,0.356492322640181,0.829225471868264,39,0.992130118190397,node
auc_degree,gamma,total,87,7Networks_RH_Cont_Cing_1,-0.120098374995292,-0.427487304626556,0.212183216789634,0.47892952445712,39,0.973628093506835,node
auc_degree,gamma,social,87,7Networks_RH_Cont_Cing_1,0.0606044497170758,-0.268696553004965,0.377221350857292,0.721602770635767,39,0.973628093506835,node
auc_degree,gamma,switching,87,7Networks_RH_Cont_Cing_1,-0.116388649408227,-0.424407581660652,0.215773280496406,0.492711543879884,39,0.973628093506835,node
auc_degree,gamma,detail,87,7Networks_RH_Cont_Cing_1,-0.0966922488177345,-0.40793586941694,0.234685110939128,0.569148694435151,39,0.973628093506835,node
auc_degree,gamma,communication,87,7Networks_RH_Cont_Cing_1,0.0218876122617509,-0.304295005811756,0.343476157525763,0.897687777298981,39,0.992130118190397,node
auc_degree,gamma,imagination,87,7Networks_RH_Cont_Cing_1,-0.280538689722065,-0.55418684235234,0.0478340098759128,0.0925990585449,39,0.72227265665022,node
auc_degree,gamma,total,88,7Networks_RH_Cont_PFCmp_1,0.151642043792384,-0.181290310296634,0.453388961852347,0.370284718923699,39,0.931684131485436,node
auc_degree,gamma,social,88,7Networks_RH_Cont_PFCmp_1,0.0917949441204211,-0.239348719827225,0.403808655528147,0.588958884179644,39,0.973628093506835,node
auc_degree,gamma,switching,88,7Networks_RH_Cont_PFCmp_1,0.0735665433712368,-0.256574025494839,0.388334200156771,0.665221037003355,39,0.973628093506835,node
auc_degree,gamma,detail,88,7Networks_RH_Cont_PFCmp_1,0.0539891545748029,-0.274843424494829,0.371514471471933,0.750968069049677,39,0.973628093506835,node
auc_degree,gamma,communication,88,7Networks_RH_Cont_PFCmp_1,0.0797817160473409,-0.250724337483485,0.393630405446411,0.638793614693103,39,0.973628093506835,node
auc_degree,gamma,imagination,88,7Networks_RH_Cont_PFCmp_1,0.13938221614378,-0.193375784301062,0.443382154931793,0.410646364527262,39,0.973628093506835,node
auc_degree,gamma,total,89,7Networks_RH_Cont_pCun_1,-0.166476911026739,-0.465396721684697,0.166530709053002,0.324733367853263,39,0.931684131485436,node
auc_degree,gamma,social,89,7Networks_RH_Cont_pCun_1,0.031830243877528,-0.295239309708593,0.352222024027525,0.851646785578888,39,0.992130118190397,node
auc_degree,gamma,switching,89,7Networks_RH_Cont_pCun_1,-0.156065076165331,-0.456980585824391,0.176905355539891,0.35632337341433,39,0.931684131485436,node
auc_degree,gamma,detail,89,7Networks_RH_Cont_pCun_1,-0.0433077672299647,-0.362248928692485,0.284712054411891,0.799102678919968,39,0.992130118190397,node
auc_degree,gamma,communication,89,7Networks_RH_Cont_pCun_1,-0.266684407271057,-0.543724454047112,0.0627636650184062,0.110589462278718,39,0.740001078431531,node
auc_degree,gamma,imagination,89,7Networks_RH_Cont_pCun_1,-0.0530198296654746,-0.370676234382412,0.275741860072532,0.755301161140248,39,0.973628093506835,node
auc_degree,gamma,total,90,7Networks_RH_Default_Par_1,0.149803602114636,-0.183109038440842,0.451893208013799,0.376182038366167,39,0.78022144983774,node
auc_degree,gamma,social,90,7Networks_RH_Default_Par_1,0.0748208680979731,-0.255395406454782,0.389404739512621,0.659854097657978,39,0.925568804277297,node
auc_degree,gamma,switching,90,7Networks_RH_Default_Par_1,0.347338877990589,0.026271069576034,0.60344759617174,0.0351747151900356,39,0.78022144983774,node
auc_degree,gamma,detail,90,7Networks_RH_Default_Par_1,-0.202959020058668,-0.494465650242641,0.129587664570646,0.22829349911939,39,0.78022144983774,node
auc_degree,gamma,communication,90,7Networks_RH_Default_Par_1,0.11702873070369,-0.215154486229413,0.424939470635312,0.490319159383156,39,0.840547130371124,node
auc_degree,gamma,imagination,90,7Networks_RH_Default_Par_1,0.0675167901858063,-0.262244886704931,0.38315890661412,0.69133328499421,39,0.925568804277297,node
auc_degree,gamma,total,91,7Networks_RH_Default_Temp_1,0.276116092907809,-0.0526158858463903,0.550856382653697,0.0980790296823503,39,0.78022144983774,node
auc_degree,gamma,social,91,7Networks_RH_Default_Temp_1,0.253380930505747,-0.0769623224017884,0.533596320846509,0.130235988310581,39,0.78022144983774,node
auc_degree,gamma,switching,91,7Networks_RH_Default_Temp_1,0.329916880703982,0.00659765749339747,0.590785722643152,0.046135253477461,39,0.78022144983774,node
auc_degree,gamma,detail,91,7Networks_RH_Default_Temp_1,-0.102400429771878,-0.412730450619463,0.229229999393585,0.546450437284653,39,0.894191624647615,node
auc_degree,gamma,communication,91,7Networks_RH_Default_Temp_1,0.0518181992164528,-0.276854815222442,0.369636388976715,0.760682934735208,39,0.945250533417553,node
auc_degree,gamma,imagination,91,7Networks_RH_Default_Temp_1,0.222386642221909,-0.109530506909098,0.509683984536499,0.185857529142795,39,0.78022144983774,node
auc_degree,gamma,total,92,7Networks_RH_Default_Temp_2,0.209067359950339,-0.123310583301695,0.499269866282538,0.214296578542429,39,0.78022144983774,node
auc_degree,gamma,social,92,7Networks_RH_Default_Temp_2,0.00276662971268578,-0.321546142656742,0.326498458697865,0.987034025717399,39,0.987514874605251,node
auc_degree,gamma,switching,92,7Networks_RH_Default_Temp_2,0.266260248486607,-0.0632184327143292,0.54340277628159,0.111179123331555,39,0.78022144983774,node
auc_degree,gamma,detail,92,7Networks_RH_Default_Temp_2,-0.0418276682513751,-0.360960028789615,0.286074068437811,0.805835011052348,39,0.945250533417553,node
auc_degree,gamma,communication,92,7Networks_RH_Default_Temp_2,0.262959618414579,-0.0667525799156354,0.540896827636309,0.115848999118411,39,0.78022144983774,node
auc_degree,gamma,imagination,92,7Networks_RH_Default_Temp_2,0.119486498674038,-0.212775974584314,0.42697983082894,0.481188748235587,39,0.840547130371124,node
auc_degree,gamma,total,93,7Networks_RH_Default_Temp_3,0.356049395795452,0.0362013831173812,0.609730123379928,0.030551393484662,39,0.78022144983774,node
auc_degree,gamma,social,93,7Networks_RH_Default_Temp_3,0.264634235853841,-0.0649605178652493,0.542168870125076,0.113461591477434,39,0.78022144983774,node
auc_degree,gamma,switching,93,7Networks_RH_Default_Temp_3,0.452241364506181,0.150231337291377,0.677052452517717,0.00495158853438622,39,0.713028748951616,node
auc_degree,gamma,detail,93,7Networks_RH_Default_Temp_3,-0.0671058293478503,-0.382806627678156,0.262629284980462,0.693120314882132,39,0.925568804277297,node
auc_degree,gamma,communication,93,7Networks_RH_Default_Temp_3,0.0666150833022864,-0.263088174450714,0.382385835907658,0.695256424742223,39,0.925568804277297,node
auc_degree,gamma,imagination,93,7Networks_RH_Default_Temp_3,0.259360361807716,-0.0705970744231703,0.538158515850348,0.12110778491903,39,0.78022144983774,node
auc_degree,gamma,total,94,7Networks_RH_Default_PFCv_1,0.397885047730905,0.0847923380766685,0.639466643376005,0.0147355443593634,39,0.78022144983774,node
auc_degree,gamma,social,94,7Networks_RH_Default_PFCv_1,0.196926722914095,-0.135760554560577,0.489703697539409,0.242714905104348,39,0.78022144983774,node
auc_degree,gamma,switching,94,7Networks_RH_Default_PFCv_1,0.189968100816577,-0.142849418862826,0.484188712943736,0.260096732050355,39,0.78022144983774,node
auc_degree,gamma,detail,94,7Networks_RH_Default_PFCv_1,0.1526828886483,-0.18025961572337,0.454235039104905,0.366970408363757,39,0.78022144983774,node
auc_degree,gamma,communication,94,7Networks_RH_Default_PFCv_1,0.379316661005935,0.0630402901935576,0.626356962992261,0.0205918939470985,39,0.78022144983774,node
auc_degree,gamma,imagination,94,7Networks_RH_Default_PFCv_1,0.208033836243935,-0.124374530515842,0.498458250991028,0.216622231991084,39,0.78022144983774,node
auc_degree,gamma,total,95,7Networks_RH_Default_PFCv_2,0.229651846100224,-0.101959790856065,0.515329258404145,0.171522606873363,39,0.78022144983774,node
auc_degree,gamma,social,95,7Networks_RH_Default_PFCv_2,0.0266464493513612,-0.299968025916577,0.34766915848033,0.875600671143968,39,0.945250533417553,node
auc_degree,gamma,switching,95,7Networks_RH_Default_PFCv_2,0.171220674585261,-0.161779313127144,0.469213378949377,0.310938188973765,39,0.78022144983774,node
auc_degree,gamma,detail,95,7Networks_RH_Default_PFCv_2,0.0803503156185804,-0.250187966749698,0.394113894603054,0.636397025028745,39,0.925568804277297,node
auc_degree,gamma,communication,95,7Networks_RH_Default_PFCv_2,0.263122162721162,-0.0665787291854756,0.541020352331816,0.115615627829005,39,0.78022144983774,node
auc_degree,gamma,imagination,95,7Networks_RH_Default_PFCv_2,0.127495221556566,-0.204998093626695,0.4336067624036,0.452061844076119,39,0.823318506894976,node
auc_degree,gamma,total,96,7Networks_RH_Default_PFCdPFCm_1,0.208214859333825,-0.124188233907339,0.498600443304675,0.216213641056582,39,0.78022144983774,node
auc_degree,gamma,social,96,7Networks_RH_Default_PFCdPFCm_1,0.0550453383650635,-0.273863828097605,0.372427232037018,0.746255239693372,39,0.945250533417553,node
auc_degree,gamma,switching,96,7Networks_RH_Default_PFCdPFCm_1,0.252169487190645,-0.0782486606701833,0.532670021125326,0.132145971398867,39,0.78022144983774,node
auc_degree,gamma,detail,96,7Networks_RH_Default_PFCdPFCm_1,0.0432593157636399,-0.284756661310232,0.362206755485046,0.799322840609052,39,0.945250533417553,node
auc_degree,gamma,communication,96,7Networks_RH_Default_PFCdPFCm_1,0.0653038687433499,-0.264313540693281,0.381260887923518,0.700975174531959,39,0.925568804277297,node
auc_degree,gamma,imagination,96,7Networks_RH_Default_PFCdPFCm_1,0.185992073304274,-0.146884592892275,0.481027022863707,0.270389317413911,39,0.78022144983774,node
auc_degree,gamma,total,97,7Networks_RH_Default_PFCdPFCm_2,0.21323115372162,-0.119016467020531,0.502534499080635,0.205101767646045,39,0.78022144983774,node
auc_degree,gamma,social,97,7Networks_RH_Default_PFCdPFCm_2,0.186361148777479,-0.146510493037137,0.481320830791537,0.269422822139381,39,0.78022144983774,node
auc_degree,gamma,switching,97,7Networks_RH_Default_PFCdPFCm_2,0.1644044509479,-0.168601660947647,0.463725800259083,0.330877917872746,39,0.78022144983774,node
auc_degree,gamma,detail,97,7Networks_RH_Default_PFCdPFCm_2,0.0703742518932364,-0.259569221144982,0.38560580953213,0.678953741523092,39,0.925568804277297,node
auc_degree,gamma,communication,97,7Networks_RH_Default_PFCdPFCm_2,0.135348426054828,-0.197330251092239,0.44007301255285,0.424452606276115,39,0.804225990838955,node
auc_degree,gamma,imagination,97,7Networks_RH_Default_PFCdPFCm_2,-0.0122286111129003,-0.334926030749844,0.313036274828608,0.942734580599121,39,0.964284995026834,node
auc_degree,gamma,total,98,7Networks_RH_Default_PFCdPFCm_3,0.0476027327566724,-0.280752237278217,0.365982178417411,0.779649056389513,39,0.945250533417553,node
auc_degree,gamma,social,98,7Networks_RH_Default_PFCdPFCm_3,-0.0317996135552217,-0.352195166238923,0.295267298177093,0.851787963598715,39,0.945250533417553,node
auc_degree,gamma,switching,98,7Networks_RH_Default_PFCdPFCm_3,-0.0683349020398992,-0.383859925436907,0.261479342072341,0.687780691389334,39,0.925568804277297,node
auc_degree,gamma,detail,98,7Networks_RH_Default_PFCdPFCm_3,-0.0269217632983217,-0.347911344727661,0.299717284361471,0.874325530697007,39,0.945250533417553,node
auc_degree,gamma,communication,98,7Networks_RH_Default_PFCdPFCm_3,0.17907790100691,-0.153875332712088,0.475510617807123,0.288915544172446,39,0.78022144983774,node
auc_degree,gamma,imagination,98,7Networks_RH_Default_PFCdPFCm_3,0.143023010606896,-0.189797277957407,0.446361802795961,0.398407310157682,39,0.78022144983774,node
auc_degree,gamma,total,99,7Networks_RH_Default_pCunPCC_1,-0.164928341289832,-0.464148388161477,0.168078429368751,0.32931790751389,39,0.78022144983774,node
auc_degree,gamma,social,99,7Networks_RH_Default_pCunPCC_1,0.037772823652281,-0.289798635334839,0.357422732515093,0.824348024598841,39,0.945250533417553,node
auc_degree,gamma,switching,99,7Networks_RH_Default_pCunPCC_1,-0.276195061215817,-0.550915926973676,0.0525306343622514,0.0979790569977096,39,0.78022144983774,node
auc_degree,gamma,detail,99,7Networks_RH_Default_pCunPCC_1,0.0477315186703904,-0.280633328025306,0.366093963088129,0.779067702892453,39,0.945250533417553,node
auc_degree,gamma,communication,99,7Networks_RH_Default_pCunPCC_1,-0.287441216785566,-0.559367377104225,0.0403405410701221,0.0845199030855018,39,0.78022144983774,node
auc_degree,gamma,imagination,99,7Networks_RH_Default_pCunPCC_1,0.0201300781264308,-0.305889650051278,0.341924349503288,0.905865094525155,39,0.945250533417553,node
auc_degree,gamma,total,100,7Networks_RH_Default_pCunPCC_2,-0.200262159602299,-0.492338883625999,0.132350569472038,0.234666996227507,39,0.78022144983774,node
auc_degree,gamma,social,100,7Networks_RH_Default_pCunPCC_2,0.0532929444895711,-0.275488776977727,0.370912466570003,0.754079527136699,39,0.945250533417553,node
auc_degree,gamma,switching,100,7Networks_RH_Default_pCunPCC_2,-0.277159519541185,-0.551642930000793,0.0514890513869972,0.0967643398317175,39,0.78022144983774,node
auc_degree,gamma,detail,100,7Networks_RH_Default_pCunPCC_2,-0.108819293924351,-0.41810150531542,0.223070727017357,0.521450360057844,39,0.883398257039171,node
auc_degree,gamma,communication,100,7Networks_RH_Default_pCunPCC_2,-0.148124476942195,-0.450525588105594,0.184768169663663,0.381616439635416,39,0.78022144983774,node
auc_degree,gamma,imagination,100,7Networks_RH_Default_pCunPCC_2,-0.0996267100225516,-0.410402813305005,0.231883352143428,0.55742627438499,39,0.901903185521782,node
auc_cc,theta,total,1,7Networks_LH_Vis_1,-0.143284074137437,-0.446575200603692,0.189540340592376,0.397537862316487,39,0.999110868274896,node
auc_cc,theta,social,1,7Networks_LH_Vis_1,-0.294962348159445,-0.564988111015804,0.0321333149325338,0.0763493627823339,39,0.999110868274896,node
auc_cc,theta,switching,1,7Networks_LH_Vis_1,-0.00259914793566875,-0.326348821427977,0.321696301164225,0.987818878795829,39,0.999110868274896,node
auc_cc,theta,detail,1,7Networks_LH_Vis_1,0.12922891902302,-0.203308820483637,0.435036988385958,0.44588465733185,39,0.999110868274896,node
auc_cc,theta,communication,1,7Networks_LH_Vis_1,-0.124548472943299,-0.431172277598697,0.207864797065336,0.462666457630299,39,0.999110868274896,node
auc_cc,theta,imagination,1,7Networks_LH_Vis_1,-0.0739042030267162,-0.388622469054206,0.256256842086139,0.663774647953785,39,0.999110868274896,node
auc_cc,theta,total,2,7Networks_LH_Vis_2,0.103675798108416,-0.228008320007574,0.413799349779275,0.541438313754276,39,0.999110868274896,node
auc_cc,theta,social,2,7Networks_LH_Vis_2,-0.0101143914289161,-0.333047411981634,0.314942292802532,0.952622968215248,39,0.999110868274896,node
auc_cc,theta,switching,2,7Networks_LH_Vis_2,0.0460047220338662,-0.282226857653918,0.364594359060076,0.786872362123297,39,0.999110868274896,node
auc_cc,theta,detail,2,7Networks_LH_Vis_2,-0.0836187247885661,-0.396889710154087,0.247100874550702,0.622692117708862,39,0.999110868274896,node
auc_cc,theta,communication,2,7Networks_LH_Vis_2,0.306754233083105,-0.0191763364518353,0.573750327237718,0.0647944478053009,39,0.999110868274896,node
auc_cc,theta,imagination,2,7Networks_LH_Vis_2,0.0664533707816602,-0.263239356798091,0.382247146291518,0.69596083190792,39,0.999110868274896,node
auc_cc,theta,total,3,7Networks_LH_Vis_3,0.00589161038325094,-0.318741395745204,0.329287512328995,0.972392726695594,39,0.999110868274896,node
auc_cc,theta,social,3,7Networks_LH_Vis_3,-0.12611200637648,-0.432464562051648,0.206344446070701,0.457023243920896,39,0.999110868274896,node
auc_cc,theta,switching,3,7Networks_LH_Vis_3,-0.0128892324219414,-0.335512509244274,0.312440171701454,0.939646459052417,39,0.999110868274896,node
auc_cc,theta,detail,3,7Networks_LH_Vis_3,0.0352117606591189,-0.292145991842248,0.355183820585787,0.836089964661395,39,0.999110868274896,node
auc_cc,theta,communication,3,7Networks_LH_Vis_3,0.0813179259828086,-0.249274734942975,0.394936269873551,0.632327010231785,39,0.999110868274896,node
auc_cc,theta,imagination,3,7Networks_LH_Vis_3,0.0972171508676303,-0.234184350060689,0.40837747826534,0.567043601145518,39,0.999110868274896,node
auc_cc,theta,total,4,7Networks_LH_Vis_4,-0.0368155519133619,-0.356586303862202,0.290676489520112,0.828732660106522,39,0.999110868274896,node
auc_cc,theta,social,4,7Networks_LH_Vis_4,0.0345487159599059,-0.292753067079231,0.354603580129904,0.839135694950478,39,0.999110868274896,node
auc_cc,theta,switching,4,7Networks_LH_Vis_4,0.105267189352577,-0.226482455253943,0.415131912882305,0.535215194266482,39,0.999110868274896,node
auc_cc,theta,detail,4,7Networks_LH_Vis_4,-0.365967350207782,-0.616844922326426,-0.0475856501314066,0.0259071597604051,39,0.999110868274896,node
auc_cc,theta,communication,4,7Networks_LH_Vis_4,0.116207273157334,-0.21594857626335,0.424256824600277,0.493390546767666,39,0.999110868274896,node
auc_cc,theta,imagination,4,7Networks_LH_Vis_4,0.00971940030249931,-0.315298096009045,0.332696152760265,0.954471193419275,39,0.999110868274896,node
auc_cc,theta,total,5,7Networks_LH_Vis_5,-0.0793821041958777,-0.393290505276143,0.251101177519712,0.64048010157687,39,0.999110868274896,node
auc_cc,theta,social,5,7Networks_LH_Vis_5,-0.212939435646013,-0.502306045246257,0.119317721007952,0.205736878091947,39,0.999110868274896,node
auc_cc,theta,switching,5,7Networks_LH_Vis_5,-0.00431003856962496,-0.327876660181302,0.320161606184297,0.979801961858213,39,0.999110868274896,node
auc_cc,theta,detail,5,7Networks_LH_Vis_5,0.0244332501881438,-0.301982053772638,0.345720709395195,0.885862253424187,39,0.999110868274896,node
auc_cc,theta,communication,5,7Networks_LH_Vis_5,0.0807175345332108,-0.249841454338887,0.394426054350357,0.634851164508812,39,0.999110868274896,node
auc_cc,theta,imagination,5,7Networks_LH_Vis_5,-0.0814659661725658,-0.395062045409879,0.249134962558579,0.631705250220601,39,0.999110868274896,node
auc_cc,theta,total,6,7Networks_LH_Vis_6,0.208052407676943,-0.124355419143343,0.498472839435257,0.216580289583589,39,0.999110868274896,node
auc_cc,theta,social,6,7Networks_LH_Vis_6,0.0519539603800548,-0.276729116835663,0.36975391144043,0.760074337112141,39,0.999110868274896,node
auc_cc,theta,switching,6,7Networks_LH_Vis_6,0.102138932445653,-0.229480359505372,0.412511181410474,0.547480815289792,39,0.999110868274896,node
auc_cc,theta,detail,6,7Networks_LH_Vis_6,0.237531233531281,-0.093705412442246,0.521423873322149,0.156890111625812,39,0.999110868274896,node
auc_cc,theta,communication,6,7Networks_LH_Vis_6,0.100844718536325,-0.230718806917834,0.411425434994983,0.552593893233744,39,0.999110868274896,node
auc_cc,theta,imagination,6,7Networks_LH_Vis_6,0.0939125966910244,-0.237333993399731,0.405594871637142,0.580355397461876,39,0.999110868274896,node
auc_cc,theta,total,7,7Networks_LH_Vis_7,0.242195084737157,-0.0887980535347909,0.52501771334087,0.148667481541756,39,0.999110868274896,node
auc_cc,theta,social,7,7Networks_LH_Vis_7,0.233708894566803,-0.0977153570244337,0.518470951411254,0.163871053131366,39,0.999110868274896,node
auc_cc,theta,switching,7,7Networks_LH_Vis_7,0.123516854470325,-0.208867045100403,0.430318939654355,0.466410097848414,39,0.999110868274896,node
auc_cc,theta,detail,7,7Networks_LH_Vis_7,0.00673609706853789,-0.317982471193603,0.330040251651173,0.968437429582959,39,0.999110868274896,node
auc_cc,theta,communication,7,7Networks_LH_Vis_7,0.34976914342547,0.0290353036700963,0.60520364745951,0.0338308341036483,39,0.999110868274896,node
auc_cc,theta,imagination,7,7Networks_LH_Vis_7,-0.107406876455982,-0.416921502310289,0.224428301334947,0.526902709291603,39,0.999110868274896,node
auc_cc,theta,total,8,7Networks_LH_Vis_8,0.0150804398179758,-0.310461127902811,0.337456004348898,0.929409960434537,39,0.999110868274896,node
auc_cc,theta,social,8,7Networks_LH_Vis_8,-0.0627348463018102,-0.379054095907024,0.26671128199586,0.712226595704516,39,0.999110868274896,node
auc_cc,theta,switching,8,7Networks_LH_Vis_8,0.000189711558002757,-0.32385471662264,0.324194303389927,0.999110868274896,39,0.999110868274896,node
auc_cc,theta,detail,8,7Networks_LH_Vis_8,0.0260395826204889,-0.300520569087097,0.347135162877271,0.878412513767306,39,0.999110868274896,node
auc_cc,theta,communication,8,7Networks_LH_Vis_8,0.146133771885803,-0.186732715427605,0.448902350632587,0.388118571923102,39,0.999110868274896,node
auc_cc,theta,imagination,8,7Networks_LH_Vis_8,-0.0636504471302107,-0.379841010491303,0.265857193316356,0.708209563159499,39,0.999110868274896,node
auc_cc,theta,total,9,7Networks_LH_Vis_9,0.010755998159665,-0.314364146453555,0.333617791492549,0.94962131364935,39,0.999110868274896,node
auc_cc,theta,social,9,7Networks_LH_Vis_9,-0.20536378570956,-0.496359129173957,0.127119644825005,0.222710642459701,39,0.999110868274896,node
auc_cc,theta,switching,9,7Networks_LH_Vis_9,0.134857913035568,-0.197810381161082,0.439670052232408,0.426148962164507,39,0.999110868274896,node
auc_cc,theta,detail,9,7Networks_LH_Vis_9,0.170153835702817,-0.162849215852928,0.468356008918314,0.314007906998623,39,0.999110868274896,node
auc_cc,theta,communication,9,7Networks_LH_Vis_9,-0.145943323210593,-0.448746952400156,0.186920522047018,0.388743987914717,39,0.999110868274896,node
auc_cc,theta,imagination,9,7Networks_LH_Vis_9,0.132760572484387,-0.199861527353818,0.437945685219093,0.433444773148086,39,0.999110868274896,node
auc_cc,theta,total,10,7Networks_LH_SomMot_1,0.00564919166829247,-0.318959176090348,0.329071354690507,0.973528260067674,39,0.990922025321473,node
auc_cc,theta,social,10,7Networks_LH_SomMot_1,-0.136525396469265,-0.441039402761655,0.196177542964204,0.420397688335091,39,0.990922025321473,node
auc_cc,theta,switching,10,7Networks_LH_SomMot_1,0.0800431388843272,-0.250477757573934,0.393852718961574,0.637691293886392,39,0.990922025321473,node
auc_cc,theta,detail,10,7Networks_LH_SomMot_1,0.0667893222317092,-0.262925263247775,0.38253525263393,0.694497734986167,39,0.990922025321473,node
auc_cc,theta,communication,10,7Networks_LH_SomMot_1,0.0294261948294455,-0.297434304801854,0.350112459955144,0.862740756213538,39,0.990922025321473,node
auc_cc,theta,imagination,10,7Networks_LH_SomMot_1,-0.00164739151250617,-0.325498162584806,0.322549304215991,0.992279192161027,39,0.992279192161027,node
auc_cc,theta,total,11,7Networks_LH_SomMot_2,0.169915465045113,-0.163088164092971,0.468164364440316,0.314696390430029,39,0.990922025321473,node
auc_cc,theta,social,11,7Networks_LH_SomMot_2,0.129153464392764,-0.203382382891015,0.434974773657732,0.446152542188665,39,0.990922025321473,node
auc_cc,theta,switching,11,7Networks_LH_SomMot_2,0.131235523361556,-0.201351158617259,0.436690426437842,0.438792889721395,39,0.990922025321473,node
auc_cc,theta,detail,11,7Networks_LH_SomMot_2,0.116739388992093,-0.215434238413197,0.424699062401732,0.491399869935704,39,0.990922025321473,node
auc_cc,theta,communication,11,7Networks_LH_SomMot_2,0.0530254862748949,-0.275736618811873,0.370681127515077,0.7552758533568,39,0.990922025321473,node
auc_cc,theta,imagination,11,7Networks_LH_SomMot_2,0.00775829161130674,-0.317063286847577,0.330950842437118,0.963650809451241,39,0.990922025321473,node
auc_cc,theta,total,12,7Networks_LH_SomMot_3,0.0992557198883833,-0.232237869332013,0.410091180174668,0.558902055792448,39,0.990922025321473,node
auc_cc,theta,social,12,7Networks_LH_SomMot_3,0.126814409844061,-0.205660918965195,0.433044699905801,0.454500173246448,39,0.990922025321473,node
auc_cc,theta,switching,12,7Networks_LH_SomMot_3,0.112295563743173,-0.219723945604547,0.421001313092092,0.508150294461895,39,0.990922025321473,node
auc_cc,theta,detail,12,7Networks_LH_SomMot_3,0.013570661811869,-0.311825024104991,0.336117198572413,0.93646197831753,39,0.990922025321473,node
auc_cc,theta,communication,12,7Networks_LH_SomMot_3,-0.0437888194674802,-0.362667576161043,0.284269096034957,0.796917626363953,39,0.990922025321473,node
auc_cc,theta,imagination,12,7Networks_LH_SomMot_3,0.0395772972580077,-0.288142365130384,0.358998021770094,0.816097251432077,39,0.990922025321473,node
auc_cc,theta,total,13,7Networks_LH_SomMot_4,0.041930102089401,-0.285979849612842,0.361049269517614,0.805368634153797,39,0.990922025321473,node
auc_cc,theta,social,13,7Networks_LH_SomMot_4,-0.027070053200828,-0.348041773602803,0.299582210966455,0.873638842256289,39,0.990922025321473,node
auc_cc,theta,switching,13,7Networks_LH_SomMot_4,0.0175103993760768,-0.308263144112617,0.339608052074807,0.918071218533471,39,0.990922025321473,node
auc_cc,theta,detail,13,7Networks_LH_SomMot_4,0.194822614867991,-0.137907643350233,0.48803857561241,0.247886164874042,39,0.990922025321473,node
auc_cc,theta,communication,13,7Networks_LH_SomMot_4,-0.12518907878352,-0.431701900353973,0.207242077952457,0.460349856042592,39,0.990922025321473,node
auc_cc,theta,imagination,13,7Networks_LH_SomMot_4,0.067568863225417,-0.262196171948662,0.383203537488876,0.691106966708219,39,0.990922025321473,node
auc_cc,theta,total,14,7Networks_LH_SomMot_5,-0.0044544543832138,-0.328005547218231,0.320031985008628,0.979125334543836,39,0.990922025321473,node
auc_cc,theta,social,14,7Networks_LH_SomMot_5,-0.0332486847751525,-0.353465187209708,0.293942593614259,0.845114109380149,39,0.990922025321473,node
auc_cc,theta,switching,14,7Networks_LH_SomMot_5,0.0274139962084273,-0.29926887185756,0.348344241989708,0.872046491057429,39,0.990922025321473,node
auc_cc,theta,detail,14,7Networks_LH_SomMot_5,0.155752896282107,-0.177215282045678,0.456727408612668,0.35729822932524,39,0.990922025321473,node
auc_cc,theta,communication,14,7Networks_LH_SomMot_5,-0.180826650842168,-0.476908046803874,0.152110360749235,0.284154424883908,39,0.990922025321473,node
auc_cc,theta,imagination,14,7Networks_LH_SomMot_5,0.0124545924453126,-0.312832392318732,0.335126677898137,0.941678119805478,39,0.990922025321473,node
auc_cc,theta,total,15,7Networks_LH_SomMot_6,0.00877279751001441,-0.316150412572615,0.331853989303889,0.958901430946119,39,0.990922025321473,node
auc_cc,theta,social,15,7Networks_LH_SomMot_6,-0.0291744241163674,-0.349891341657985,0.297663982050255,0.863904139939742,39,0.990922025321473,node
auc_cc,theta,switching,15,7Networks_LH_SomMot_6,0.0778572102242758,-0.252538255736063,0.391992678452608,0.646931902103142,39,0.990922025321473,node
auc_cc,theta,detail,15,7Networks_LH_SomMot_6,0.157757862203906,-0.175223637762434,0.458352583142303,0.351065214977967,39,0.990922025321473,node
auc_cc,theta,communication,15,7Networks_LH_SomMot_6,-0.175966956782916,-0.473020953549749,0.1570098922739,0.297511681246291,39,0.990922025321473,node
auc_cc,theta,imagination,15,7Networks_LH_SomMot_6,-0.027687146511163,-0.348584406657985,0.299019976141619,0.870782241387953,39,0.990922025321473,node
auc_cc,theta,total,16,7Networks_LH_DorsAttn_Post_1,-0.127733931718226,-0.433803779641107,0.204765617718277,0.451208580631259,39,0.948735875677466,node
auc_cc,theta,social,16,7Networks_LH_DorsAttn_Post_1,-0.290880602145255,-0.561940824467274,0.03659288751177,0.0807034366978384,39,0.890405211099987,node
auc_cc,theta,switching,16,7Networks_LH_DorsAttn_Post_1,0.0461141605059062,-0.282125918918911,0.364689447914323,0.786377112564105,39,0.999662487966182,node
auc_cc,theta,detail,16,7Networks_LH_DorsAttn_Post_1,0.110099113836268,-0.221839488788825,0.419169829191859,0.516533976757731,39,0.948735875677466,node
auc_cc,theta,communication,16,7Networks_LH_DorsAttn_Post_1,-0.050565445963644,-0.368551455582397,0.278014182388061,0.766305487755192,39,0.999662487966182,node
auc_cc,theta,imagination,16,7Networks_LH_DorsAttn_Post_1,-0.162293400706564,-0.462021573563547,0.170708156625848,0.337210307111136,39,0.948735875677466,node
auc_cc,theta,total,17,7Networks_LH_DorsAttn_Post_2,0.00387862049992498,-0.320548755409271,0.32749155998246,0.981823353641286,39,0.999662487966182,node
auc_cc,theta,social,17,7Networks_LH_DorsAttn_Post_2,-0.0173968882827965,-0.339507598154502,0.308365896387531,0.918600549662618,39,0.999662487966182,node
auc_cc,theta,switching,17,7Networks_LH_DorsAttn_Post_2,-0.0595278369239534,-0.376294214386247,0.269698762383683,0.726356457479443,39,0.999662487966182,node
auc_cc,theta,detail,17,7Networks_LH_DorsAttn_Post_2,0.167140118490169,-0.165867363131707,0.465930983228289,0.322782155275137,39,0.948735875677466,node
auc_cc,theta,communication,17,7Networks_LH_DorsAttn_Post_2,-0.0422192251517427,-0.361301123042707,0.285713879501584,0.804052626877592,39,0.999662487966182,node
auc_cc,theta,imagination,17,7Networks_LH_DorsAttn_Post_2,-0.0483334095939338,-0.366616275605409,0.280077462772716,0.776352274123527,39,0.999662487966182,node
auc_cc,theta,total,18,7Networks_LH_DorsAttn_Post_3,0.320883905314563,-0.00350505009652055,0.584169806217547,0.0528161725058288,39,0.848440616164362,node
auc_cc,theta,social,18,7Networks_LH_DorsAttn_Post_3,0.174093874748132,-0.158893962868523,0.471519649133912,0.302765382881859,39,0.948735875677466,node
auc_cc,theta,switching,18,7Networks_LH_DorsAttn_Post_3,0.389767444496126,0.0752460665263768,0.63375267230701,0.0170950106225152,39,0.769275478013186,node
auc_cc,theta,detail,18,7Networks_LH_DorsAttn_Post_3,0.142545566499122,-0.190267058068753,0.445971442526287,0.400000223738242,39,0.948735875677466,node
auc_cc,theta,communication,18,7Networks_LH_DorsAttn_Post_3,0.123339212394277,-0.209039559222872,0.430171941667771,0.467056361898479,39,0.948735875677466,node
auc_cc,theta,imagination,18,7Networks_LH_DorsAttn_Post_3,-7.20139897433522e-05,-0.324088972044618,0.323960065834818,0.999662487966182,39,0.999662487966182,node
auc_cc,theta,total,19,7Networks_LH_DorsAttn_Post_4,0.250283844916181,-0.0802486922206911,0.531226873731261,0.135160081623497,39,0.948735875677466,node
auc_cc,theta,social,19,7Networks_LH_DorsAttn_Post_4,0.186329557676302,-0.14654251792807,0.481295684826948,0.269505460685613,39,0.948735875677466,node
auc_cc,theta,switching,19,7Networks_LH_DorsAttn_Post_4,0.151070282015179,-0.18185618519999,0.452923959207321,0.372112892673571,39,0.948735875677466,node
auc_cc,theta,detail,19,7Networks_LH_DorsAttn_Post_4,0.138869805532613,-0.19387871868428,0.442962254988159,0.412385878041902,39,0.948735875677466,node
auc_cc,theta,communication,19,7Networks_LH_DorsAttn_Post_4,0.132510076580803,-0.200106311303255,0.437739585188776,0.434320741188172,39,0.948735875677466,node
auc_cc,theta,imagination,19,7Networks_LH_DorsAttn_Post_4,0.0568419627564423,-0.272195913667053,0.373978476664515,0.738259367418476,39,0.999662487966182,node
auc_cc,theta,total,20,7Networks_LH_DorsAttn_Post_5,0.187059028423529,-0.14580285252309,0.481876206998784,0.267601493603858,39,0.948735875677466,node
auc_cc,theta,social,20,7Networks_LH_DorsAttn_Post_5,0.111703236083943,-0.220294762414657,0.420507655398173,0.510404420452044,39,0.948735875677466,node
auc_cc,theta,switching,20,7Networks_LH_DorsAttn_Post_5,0.151895661725976,-0.181039233014677,0.453595171770167,0.369475502194293,39,0.948735875677466,node
auc_cc,theta,detail,20,7Networks_LH_DorsAttn_Post_5,0.0310517094686281,-0.295950521667844,0.351539212755338,0.855236522786167,39,0.999662487966182,node
auc_cc,theta,communication,20,7Networks_LH_DorsAttn_Post_5,0.08441111297181,-0.246351432105007,0.397561812773298,0.619388038271951,39,0.973402974879514,node
auc_cc,theta,imagination,20,7Networks_LH_DorsAttn_Post_5,0.151834549206829,-0.181099737300041,0.453545485779261,0.369670397205251,39,0.948735875677466,node
auc_cc,theta,total,21,7Networks_LH_DorsAttn_Post_6,-0.127757720487082,-0.433823411879202,0.204742448171108,0.451123596064273,39,0.948735875677466,node
auc_cc,theta,social,21,7Networks_LH_DorsAttn_Post_6,-0.198488906386338,-0.490938578286042,0.134164436369816,0.238922788505358,39,0.948735875677466,node
auc_cc,theta,switching,21,7Networks_LH_DorsAttn_Post_6,0.0871673052821821,-0.243741534994246,0.399896997253921,0.607952827833872,39,0.973402974879514,node
auc_cc,theta,detail,21,7Networks_LH_DorsAttn_Post_6,0.0937126934763717,-0.237524302424298,0.405426357215356,0.581165141259238,39,0.973402974879514,node
auc_cc,theta,communication,21,7Networks_LH_DorsAttn_Post_6,-0.346051980121446,-0.602516707682236,-0.0248093110239076,0.0359037931793993,39,0.848440616164362,node
auc_cc,theta,imagination,21,7Networks_LH_DorsAttn_Post_6,0.0280194970433837,-0.29871707696458,0.348876565719109,0.869244415275284,39,0.999662487966182,node
auc_cc,theta,total,22,7Networks_LH_DorsAttn_PrCv_1,-0.00855158229566107,-0.331657106649205,0.316349518098892,0.959936929902707,39,0.999662487966182,node
auc_cc,theta,social,22,7Networks_LH_DorsAttn_PrCv_1,0.0348221745771599,-0.29250272383755,0.354842917778551,0.8378792667378,39,0.999662487966182,node
auc_cc,theta,switching,22,7Networks_LH_DorsAttn_PrCv_1,-0.137505419993281,-0.441843544841442,0.195217019706651,0.417037964136658,39,0.948735875677466,node
auc_cc,theta,detail,22,7Networks_LH_DorsAttn_PrCv_1,0.10097498489582,-0.230594202219844,0.411534758410694,0.55207823480312,39,0.969079428609896,node
auc_cc,theta,communication,22,7Networks_LH_DorsAttn_PrCv_1,-0.0820109019344677,-0.395524923742096,0.248620341897694,0.629418700833726,39,0.973402974879514,node
auc_cc,theta,imagination,22,7Networks_LH_DorsAttn_PrCv_1,0.0773849258018175,-0.25298304675433,0.391590466654622,0.648935316586343,39,0.973402974879514,node
auc_cc,theta,total,23,7Networks_LH_DorsAttn_FEF_1,0.11393124783103,-0.218146481096022,0.422363575752405,0.501951679343513,39,0.948735875677466,node
auc_cc,theta,social,23,7Networks_LH_DorsAttn_FEF_1,-0.00473413104642914,-0.328255116498114,0.319780925195536,0.977815014665705,39,0.999662487966182,node
auc_cc,theta,switching,23,7Networks_LH_DorsAttn_FEF_1,0.153792456718225,-0.179160062377664,0.455136381143519,0.363456811607282,39,0.948735875677466,node
auc_cc,theta,detail,23,7Networks_LH_DorsAttn_FEF_1,0.110790268837083,-0.221174129421854,0.41974641200962,0.513888519003266,39,0.948735875677466,node
auc_cc,theta,communication,23,7Networks_LH_DorsAttn_FEF_1,-0.10147424362679,-0.411953668488249,0.230116541642345,0.550104018239534,39,0.969079428609896,node
auc_cc,theta,imagination,23,7Networks_LH_DorsAttn_FEF_1,0.191349728482383,-0.141444643302319,0.485285571007198,0.25658172348733,39,0.948735875677466,node
auc_cc,theta,total,24,7Networks_LH_SalVentAttn_ParOper_1,-0.0796644180352701,-0.393530643492987,0.250834961674436,0.639288464223928,39,0.986527063189054,node
auc_cc,theta,social,24,7Networks_LH_SalVentAttn_ParOper_1,-0.0903941240393713,-0.40262577080822,0.240679889350294,0.594680806508465,39,0.986527063189054,node
auc_cc,theta,switching,24,7Networks_LH_SalVentAttn_ParOper_1,-0.145441908674519,-0.448337731310569,0.187414864230756,0.390393390973273,39,0.986527063189054,node
auc_cc,theta,detail,24,7Networks_LH_SalVentAttn_ParOper_1,0.315857855883866,-0.00909778349126216,0.580473423145835,0.0568554689650152,39,0.986527063189054,node
auc_cc,theta,communication,24,7Networks_LH_SalVentAttn_ParOper_1,-0.0969666016889976,-0.408166705230823,0.234423397978495,0.568047970826242,39,0.986527063189054,node
auc_cc,theta,imagination,24,7Networks_LH_SalVentAttn_ParOper_1,-0.257531963738486,-0.536765213943528,0.0725463042955964,0.123846656470545,39,0.986527063189054,node
auc_cc,theta,total,25,7Networks_LH_SalVentAttn_FrOperIns_1,0.156563851871077,-0.176410043027239,0.457384990685629,0.354769159008914,39,0.986527063189054,node
auc_cc,theta,social,25,7Networks_LH_SalVentAttn_FrOperIns_1,0.197256172665363,-0.135424091930502,0.489964220008447,0.241911836032053,39,0.986527063189054,node
auc_cc,theta,switching,25,7Networks_LH_SalVentAttn_FrOperIns_1,0.198952655973132,-0.133690280451243,0.491304938754785,0.237804799448632,39,0.986527063189054,node
auc_cc,theta,detail,25,7Networks_LH_SalVentAttn_FrOperIns_1,0.0991592401565151,-0.23233005067934,0.410010124937598,0.559286144774744,39,0.986527063189054,node
auc_cc,theta,communication,25,7Networks_LH_SalVentAttn_FrOperIns_1,-0.190637847236652,-0.484720532313775,0.142168618878782,0.258388865687459,39,0.986527063189054,node
auc_cc,theta,imagination,25,7Networks_LH_SalVentAttn_FrOperIns_1,0.0825378893622739,-0.248122493488749,0.395972405007185,0.627210689167724,39,0.986527063189054,node
auc_cc,theta,total,26,7Networks_LH_SalVentAttn_FrOperIns_2,-0.0116733489813601,-0.334432893291162,0.313537110314607,0.94533083192265,39,0.986527063189054,node
auc_cc,theta,social,26,7Networks_LH_SalVentAttn_FrOperIns_2,0.0832335957685146,-0.247464987573154,0.396562922859289,0.624300652181691,39,0.986527063189054,node
auc_cc,theta,switching,26,7Networks_LH_SalVentAttn_FrOperIns_2,-0.0673708218501426,-0.383033791896894,0.262381432323585,0.691967828762649,39,0.986527063189054,node
auc_cc,theta,detail,26,7Networks_LH_SalVentAttn_FrOperIns_2,0.0569862214223014,-0.272061903866707,0.374102955826022,0.737618504892851,39,0.986527063189054,node
auc_cc,theta,communication,26,7Networks_LH_SalVentAttn_FrOperIns_2,-0.070330805893839,-0.385568639000898,0.2596099410017,0.679141356224404,39,0.986527063189054,node
auc_cc,theta,imagination,26,7Networks_LH_SalVentAttn_FrOperIns_2,-0.0726563452389058,-0.387556833189289,0.257428673645012,0.66912586261645,39,0.986527063189054,node
auc_cc,theta,total,27,7Networks_LH_SalVentAttn_PFCl_1,0.0157138572793902,-0.309888514789303,0.338017303446136,0.926452879793314,39,0.986527063189054,node
auc_cc,theta,social,27,7Networks_LH_SalVentAttn_PFCl_1,-0.0118063319240466,-0.334551013734754,0.313417178799744,0.944708989085877,39,0.986527063189054,node
auc_cc,theta,switching,27,7Networks_LH_SalVentAttn_PFCl_1,0.0389484736573597,-0.288719765437309,0.358449270926336,0.81897031862614,39,0.986527063189054,node
auc_cc,theta,detail,27,7Networks_LH_SalVentAttn_PFCl_1,0.02749235669541,-0.299197473996209,0.34841314397336,0.871683775030223,39,0.986527063189054,node
auc_cc,theta,communication,27,7Networks_LH_SalVentAttn_PFCl_1,-0.0754814861172203,-0.389968221384406,0.254774265697307,0.657034174533763,39,0.986527063189054,node
auc_cc,theta,imagination,27,7Networks_LH_SalVentAttn_PFCl_1,0.0810281294074531,-0.249548306984004,0.394690023509523,0.633544858242037,39,0.986527063189054,node
auc_cc,theta,total,28,7Networks_LH_SalVentAttn_Med_1,-0.18715517718811,-0.481952704118807,0.145705332274412,0.267351200176917,39,0.986527063189054,node
auc_cc,theta,social,28,7Networks_LH_SalVentAttn_Med_1,-0.0700912722279156,-0.385363685909807,0.259834423383516,0.68017608572632,39,0.986527063189054,node
auc_cc,theta,switching,28,7Networks_LH_SalVentAttn_Med_1,-0.0823918493971179,-0.395848412881215,0.248260475879135,0.627822259714295,39,0.986527063189054,node
auc_cc,theta,detail,28,7Networks_LH_SalVentAttn_Med_1,-0.0281417437619836,-0.348984013337494,0.298605646618079,0.868678883589589,39,0.986527063189054,node
auc_cc,theta,communication,28,7Networks_LH_SalVentAttn_Med_1,-0.150995612026249,-0.452863219442415,0.181930070109179,0.372352039842785,39,0.986527063189054,node
auc_cc,theta,imagination,28,7Networks_LH_SalVentAttn_Med_1,-0.242738890144679,-0.525436099827069,0.0882248071527835,0.14772961279801,39,0.986527063189054,node
auc_cc,theta,total,29,7Networks_LH_SalVentAttn_Med_2,0.15366924686576,-0.179282201232184,0.455036323821493,0.363845975535421,39,0.986527063189054,node
auc_cc,theta,social,29,7Networks_LH_SalVentAttn_Med_2,0.104650022629779,-0.227074403123449,0.414615281596741,0.537624519311745,39,0.986527063189054,node
auc_cc,theta,switching,29,7Networks_LH_SalVentAttn_Med_2,0.0482135256823996,-0.280188196912741,0.366512258023545,0.776892922635278,39,0.986527063189054,node
auc_cc,theta,detail,29,7Networks_LH_SalVentAttn_Med_2,0.182563632326775,-0.150355161756038,0.478294591528629,0.279475918097992,39,0.986527063189054,node
auc_cc,theta,communication,29,7Networks_LH_SalVentAttn_Med_2,-0.0432585238873573,-0.362206066207904,0.284757390340247,0.799326438992648,39,0.986527063189054,node
auc_cc,theta,imagination,29,7Networks_LH_SalVentAttn_Med_2,0.14162342397036,-0.191173966972923,0.445217168081765,0.403087145916119,39,0.986527063189054,node
auc_cc,theta,total,30,7Networks_LH_SalVentAttn_Med_3,-0.278015129159634,-0.552287534584692,0.0505644225076777,0.0956963871306353,39,0.986527063189054,node
auc_cc,theta,social,30,7Networks_LH_SalVentAttn_Med_3,-0.151016956112123,-0.452880581921406,0.181908950818575,0.372283671386595,39,0.986527063189054,node
auc_cc,theta,switching,30,7Networks_LH_SalVentAttn_Med_3,-0.132115443062332,-0.437414828245127,0.200491861939879,0.435702731287562,39,0.986527063189054,node
auc_cc,theta,detail,30,7Networks_LH_SalVentAttn_Med_3,-0.123137744672643,-0.430005208377487,0.209235186188546,0.467789878349331,39,0.986527063189054,node
auc_cc,theta,communication,30,7Networks_LH_SalVentAttn_Med_3,-0.259743042648406,-0.538449939040913,0.0701887845274326,0.120540323397557,39,0.986527063189054,node
auc_cc,theta,imagination,30,7Networks_LH_SalVentAttn_Med_3,-0.107607342010766,-0.417089044645477,0.224235698113048,0.526127161795592,39,0.986527063189054,node
auc_cc,theta,total,31,7Networks_LH_Limbic_OFC_1,0.0386842076189666,-0.288962349486086,0.358218589925963,0.820178434846025,39,0.929741597369953,node
auc_cc,theta,social,31,7Networks_LH_Limbic_OFC_1,0.0980368505166839,-0.233401997961889,0.409066814041517,0.563763393906035,39,0.929741597369953,node
auc_cc,theta,switching,31,7Networks_LH_Limbic_OFC_1,0.20659356716875,-0.125855922607864,0.497326373124849,0.219892030407893,39,0.80662611245021,node
auc_cc,theta,detail,31,7Networks_LH_Limbic_OFC_1,-0.145987139363045,-0.448782706188069,0.186877315902019,0.388600047740437,39,0.80662611245021,node
auc_cc,theta,communication,31,7Networks_LH_Limbic_OFC_1,-0.141556098110903,-0.445162081431928,0.191240158372172,0.403313056225105,39,0.80662611245021,node
auc_cc,theta,imagination,31,7Networks_LH_Limbic_OFC_1,0.0665636257987687,-0.263136282971887,0.382341705918171,0.695480542371908,39,0.929741597369953,node
auc_cc,theta,total,32,7Networks_LH_Limbic_TempPole_1,-0.015009414584669,-0.337393051466326,0.310525320404429,0.929741597369953,39,0.929741597369953,node
auc_cc,theta,social,32,7Networks_LH_Limbic_TempPole_1,0.0458213618752194,-0.282395960527117,0.364435026267415,0.787702319389311,39,0.929741597369953,node
auc_cc,theta,switching,32,7Networks_LH_Limbic_TempPole_1,0.159593244953325,-0.173398057453557,0.459838537615426,0.34541757567363,39,0.80662611245021,node
auc_cc,theta,detail,32,7Networks_LH_Limbic_TempPole_1,-0.019167861528152,-0.341074019959842,0.306761913335126,0.910346121477948,39,0.929741597369953,node
auc_cc,theta,communication,32,7Networks_LH_Limbic_TempPole_1,-0.291602701043727,-0.562480454046446,0.0358048960370974,0.07991944041379,39,0.80662611245021,node
auc_cc,theta,imagination,32,7Networks_LH_Limbic_TempPole_1,0.0334139893291498,-0.293791396422984,0.353609991415563,0.844353447475004,39,0.929741597369953,node
auc_cc,theta,total,33,7Networks_LH_Limbic_TempPole_2,-0.177264994015045,-0.474060339641093,0.155702816682037,0.293905288894853,39,0.80662611245021,node
auc_cc,theta,social,33,7Networks_LH_Limbic_TempPole_2,-0.132911530122266,-0.438069872853602,0.199713991887801,0.432917356252242,39,0.811720042972953,node
auc_cc,theta,switching,33,7Networks_LH_Limbic_TempPole_2,-0.068982424187305,-0.384414512630089,0.260873131691504,0.684973532476477,39,0.929741597369953,node
auc_cc,theta,detail,33,7Networks_LH_Limbic_TempPole_2,0.0172761877494504,-0.308475148333897,0.339400773733709,0.919163444829798,39,0.929741597369953,node
auc_cc,theta,communication,33,7Networks_LH_Limbic_TempPole_2,-0.171322785620272,-0.469295411509938,0.161676867773257,0.310645371472705,39,0.80662611245021,node
auc_cc,theta,imagination,33,7Networks_LH_Limbic_TempPole_2,-0.157628918578085,-0.458248125156271,0.17535180669728,0.351464078534782,39,0.80662611245021,node
auc_cc,theta,total,34,7Networks_LH_Cont_Par_1,-0.00550025912302104,-0.328938539110151,0.319092954791509,0.974225912799952,39,0.999141403442412,node
auc_cc,theta,social,34,7Networks_LH_Cont_Par_1,-0.0140172482632779,-0.336513347914363,0.311421728540368,0.934375498317717,39,0.999141403442412,node
auc_cc,theta,switching,34,7Networks_LH_Cont_Par_1,-0.000514784189267829,-0.324485179628863,0.32356370755448,0.997587335307552,39,0.999141403442412,node
auc_cc,theta,detail,34,7Networks_LH_Cont_Par_1,0.225479993636906,-0.106311776484758,0.512090636143457,0.179653945711967,39,0.999141403442412,node
auc_cc,theta,communication,34,7Networks_LH_Cont_Par_1,-0.240526699625648,-0.52373325763458,0.0905553958159976,0.151571969278332,39,0.999141403442412,node
auc_cc,theta,imagination,34,7Networks_LH_Cont_Par_1,-0.00302596281982479,-0.326730128896826,0.321313601160111,0.985818762889901,39,0.999141403442412,node
auc_cc,theta,total,35,7Networks_LH_Cont_PFCl_1,-0.103188069599916,-0.413390680510141,0.228475640057162,0.543352463410396,39,0.999141403442412,node
auc_cc,theta,social,35,7Networks_LH_Cont_PFCl_1,-0.0521814115638205,-0.36995078313164,0.27651849938985,0.759055024881692,39,0.999141403442412,node
auc_cc,theta,switching,35,7Networks_LH_Cont_PFCl_1,-0.17404564462606,-0.471480969158734,0.158942443928848,0.302901435126785,39,0.999141403442412,node
auc_cc,theta,detail,35,7Networks_LH_Cont_PFCl_1,-0.0596904443842087,-0.376434286201807,0.269547438243181,0.725637827344963,39,0.999141403442412,node
auc_cc,theta,communication,35,7Networks_LH_Cont_PFCl_1,0.0369325701202501,-0.290569208994035,0.356688577553573,0.828196399604384,39,0.999141403442412,node
auc_cc,theta,imagination,35,7Networks_LH_Cont_PFCl_1,-0.0136098408692549,-0.336151957346782,0.311789647651171,0.936278914394949,39,0.999141403442412,node
auc_cc,theta,total,36,7Networks_LH_Cont_pCun_1,0.0901210231554435,-0.24093926631396,0.402395036602318,0.595799162917179,39,0.999141403442412,node
auc_cc,theta,social,36,7Networks_LH_Cont_pCun_1,-0.128455838871544,-0.434399421027642,0.204062335851476,0.448633453292964,39,0.999141403442412,node
auc_cc,theta,switching,36,7Networks_LH_Cont_pCun_1,0.200174330532535,-0.132440462600487,0.492269562200491,0.234876568593107,39,0.999141403442412,node
auc_cc,theta,detail,36,7Networks_LH_Cont_pCun_1,0.151999903156947,-0.180936023250071,0.453679918306343,0.369143205016418,39,0.999141403442412,node
auc_cc,theta,communication,36,7Networks_LH_Cont_pCun_1,-0.0729597428810787,-0.387816003801005,0.257143849926719,0.667823304174717,39,0.999141403442412,node
auc_cc,theta,imagination,36,7Networks_LH_Cont_pCun_1,0.142665252945014,-0.190149307158907,0.446069309500066,0.399600566101718,39,0.999141403442412,node
auc_cc,theta,total,37,7Networks_LH_Cont_Cing_1,-0.0804458718347715,-0.394195130514656,0.250097806845432,0.635994621360068,39,0.999141403442412,node
auc_cc,theta,social,37,7Networks_LH_Cont_Cing_1,-0.0674002038193133,-0.383058977171849,0.262353948114797,0.691840084790977,39,0.999141403442412,node
auc_cc,theta,switching,37,7Networks_LH_Cont_Cing_1,0.0243985554977461,-0.302013603021652,0.345690142923238,0.886023266933266,39,0.999141403442412,node
auc_cc,theta,detail,37,7Networks_LH_Cont_Cing_1,-0.000608525494618916,-0.32456904832813,0.323479777779945,0.997147994915856,39,0.999141403442412,node
auc_cc,theta,communication,37,7Networks_LH_Cont_Cing_1,-0.116770635292013,-0.424725026418595,0.215404030321798,0.491283104039845,39,0.999141403442412,node
auc_cc,theta,imagination,37,7Networks_LH_Cont_Cing_1,-0.0800603035053612,-0.393867314440423,0.250461566016281,0.637618943969592,39,0.999141403442412,node
auc_cc,theta,total,38,7Networks_LH_Default_Temp_1,-0.0144505324373108,-0.336897588260092,0.311030333686833,0.932351579255869,39,0.974537078386191,node
auc_cc,theta,social,38,7Networks_LH_Default_Temp_1,-0.0125134878343664,-0.335178965869582,0.312779251413137,0.941402800414856,39,0.974537078386191,node
auc_cc,theta,switching,38,7Networks_LH_Default_Temp_1,0.10644424118614,-0.225352820680809,0.416116671188055,0.530634644238176,39,0.955142359628716,node
auc_cc,theta,detail,38,7Networks_LH_Default_Temp_1,-0.0087484588343925,-0.331832329137976,0.316172320084037,0.959015356029028,39,0.974537078386191,node
auc_cc,theta,communication,38,7Networks_LH_Default_Temp_1,-0.181493716342905,-0.477440705901752,0.15143654733181,0.282351744278047,39,0.898620726898103,node
auc_cc,theta,imagination,38,7Networks_LH_Default_Temp_1,0.0546069480682527,-0.274270512118226,0.372048446952259,0.748210303310708,39,0.956614727169286,node
auc_cc,theta,total,39,7Networks_LH_Default_Temp_2,-0.193285214956431,-0.486820576911054,0.139474473053703,0.251710917572772,39,0.898620726898103,node
auc_cc,theta,social,39,7Networks_LH_Default_Temp_2,-0.307314347217092,-0.574165017267067,0.0185581447304172,0.0642820250833996,39,0.898620726898103,node
auc_cc,theta,switching,39,7Networks_LH_Default_Temp_2,-0.119509589496419,-0.426998985254667,0.212753609691255,0.481103389639961,39,0.923718508108726,node
auc_cc,theta,detail,39,7Networks_LH_Default_Temp_2,0.188292190070732,-0.144551610082908,0.482856984641979,0.264403014636831,39,0.898620726898103,node
auc_cc,theta,communication,39,7Networks_LH_Default_Temp_2,-0.221245356428497,-0.508794918406982,0.11071629574048,0.188184125508805,39,0.898620726898103,node
auc_cc,theta,imagination,39,7Networks_LH_Default_Temp_2,-0.0292379618644629,-0.349947147225481,0.297606023456134,0.863610517583383,39,0.956614727169286,node
auc_cc,theta,total,40,7Networks_LH_Default_Par_1,0.20464666939293,-0.127856054957983,0.495794771358833,0.224365611926659,39,0.898620726898103,node
auc_cc,theta,social,40,7Networks_LH_Default_Par_1,0.155904111984021,-0.177065166095752,0.456850050309297,0.356825821939846,39,0.898620726898103,node
auc_cc,theta,switching,40,7Networks_LH_Default_Par_1,0.1971951294755,-0.135486440316918,0.489915952184758,0.24206050022452,39,0.898620726898103,node
auc_cc,theta,detail,40,7Networks_LH_Default_Par_1,-0.0338272745949946,-0.353971955712658,0.293413309947386,0.842452291547197,39,0.956614727169286,node
auc_cc,theta,communication,40,7Networks_LH_Default_Par_1,0.181704558180712,-0.151223508281611,0.477609020185977,0.281783510275216,39,0.898620726898103,node
auc_cc,theta,imagination,40,7Networks_LH_Default_Par_1,0.0436452163299268,-0.284401342104716,0.362542615494686,0.797569747063661,39,0.956614727169286,node
auc_cc,theta,total,41,7Networks_LH_Default_Par_2,-0.180587452570447,-0.476716991380221,0.152351903347123,0.284802645905037,39,0.898620726898103,node
auc_cc,theta,social,41,7Networks_LH_Default_Par_2,-0.231424788653806,-0.516703133063429,0.100106444383703,0.16814799496754,39,0.898620726898103,node
auc_cc,theta,switching,41,7Networks_LH_Default_Par_2,-0.183153077509979,-0.478764781073114,0.149759057133304,0.277899714676928,39,0.898620726898103,node
auc_cc,theta,detail,41,7Networks_LH_Default_Par_2,0.204571765877173,-0.127932952590793,0.495735809433637,0.224538958693614,39,0.898620726898103,node
auc_cc,theta,communication,41,7Networks_LH_Default_Par_2,-0.219697224311714,-0.507587936277011,0.112323286229891,0.191372843123777,39,0.898620726898103,node
auc_cc,theta,imagination,41,7Networks_LH_Default_Par_2,-0.0375430866767791,-0.357222043592322,0.290009363057749,0.825399826615924,39,0.956614727169286,node
auc_cc,theta,total,42,7Networks_LH_Default_PFC_1,0.0517140144999148,-0.276951270017876,0.369546193956947,0.761150075824972,39,0.956614727169286,node
auc_cc,theta,social,42,7Networks_LH_Default_PFC_1,0.154471324649049,-0.178486911371257,0.455687545631428,0.361317046197623,39,0.898620726898103,node
auc_cc,theta,switching,42,7Networks_LH_Default_PFC_1,0.062855293585513,-0.266598956185101,0.379157640655179,0.711697715901234,39,0.956614727169286,node
auc_cc,theta,detail,42,7Networks_LH_Default_PFC_1,0.121696208770476,-0.210634154708258,0.428811592224674,0.473056079715167,39,0.920541560526812,node
auc_cc,theta,communication,42,7Networks_LH_Default_PFC_1,-0.131743888831081,-0.437108991206122,0.200854770343018,0.437006112519536,39,0.898620726898103,node
auc_cc,theta,imagination,42,7Networks_LH_Default_PFC_1,-0.153607737165264,-0.454986369644203,0.179343172420712,0.364040349952714,39,0.898620726898103,node
auc_cc,theta,total,43,7Networks_LH_Default_PFC_2,0.14240202225071,-0.190408268331315,0.445854057583817,0.40047985047423,39,0.898620726898103,node
auc_cc,theta,social,43,7Networks_LH_Default_PFC_2,0.161322690965536,-0.17167575149914,0.461237187054231,0.340146918688292,39,0.898620726898103,node
auc_cc,theta,switching,43,7Networks_LH_Default_PFC_2,0.0449959284039624,-0.283156959380419,0.363717525839158,0.791441386275907,39,0.956614727169286,node
auc_cc,theta,detail,43,7Networks_LH_Default_PFC_2,0.0902678463183007,-0.240799827215654,0.402519087730107,0.595197803607428,39,0.956614727169286,node
auc_cc,theta,communication,43,7Networks_LH_Default_PFC_2,0.0363770914867732,-0.291078390208381,0.356203022108538,0.830742674153993,39,0.956614727169286,node
auc_cc,theta,imagination,43,7Networks_LH_Default_PFC_2,0.035583367882468,-0.291805637630151,0.355508911912552,0.834383991840345,39,0.956614727169286,node
auc_cc,theta,total,44,7Networks_LH_Default_PFC_3,0.138863141246312,-0.193885258573101,0.44295679299386,0.412408529209798,39,0.898620726898103,node
auc_cc,theta,social,44,7Networks_LH_Default_PFC_3,0.290309389128645,-0.0372159362059188,0.561513789461297,0.0813278333966753,39,0.898620726898103,node
auc_cc,theta,switching,44,7Networks_LH_Default_PFC_3,0.142808383504063,-0.190008478694022,0.446186337075195,0.399122925502544,39,0.898620726898103,node
auc_cc,theta,detail,44,7Networks_LH_Default_PFC_3,-0.200436936148849,-0.492476819634194,0.132171669247722,0.234250331970106,39,0.898620726898103,node
auc_cc,theta,communication,44,7Networks_LH_Default_PFC_3,0.0417932540580313,-0.286105721250691,0.360930045708942,0.805991712240899,39,0.956614727169286,node
auc_cc,theta,imagination,44,7Networks_LH_Default_PFC_3,0.0638192881240039,-0.265699638933954,0.379986071194471,0.707469647310908,39,0.956614727169286,node
auc_cc,theta,total,45,7Networks_LH_Default_PFC_4,0.0316686516559409,-0.295386958331018,0.352080328096912,0.85239163041791,39,0.956614727169286,node
auc_cc,theta,social,45,7Networks_LH_Default_PFC_4,0.110129997180149,-0.221809764684697,0.419195598351911,0.516415624084061,39,0.955142359628716,node
auc_cc,theta,switching,45,7Networks_LH_Default_PFC_4,0.0361391707076489,-0.291296424298099,0.355994997752571,0.831833807764334,39,0.956614727169286,node
auc_cc,theta,detail,45,7Networks_LH_Default_PFC_4,-0.00715697053469998,-0.330415246804989,0.317604084562263,0.96646646849238,39,0.974537078386191,node
auc_cc,theta,communication,45,7Networks_LH_Default_PFC_4,-0.061331676115455,-0.377847250638338,0.268019180644825,0.718397565122321,39,0.956614727169286,node
auc_cc,theta,imagination,45,7Networks_LH_Default_PFC_4,-0.0265522682925852,-0.347586300110778,0.300053790744456,0.87603694997413,39,0.959165562788096,node
auc_cc,theta,total,46,7Networks_LH_Default_PFC_5,0.0344239320315495,-0.292867288151911,0.354494352256075,0.839709155533245,39,0.956614727169286,node
auc_cc,theta,social,46,7Networks_LH_Default_PFC_5,0.132555353604084,-0.200062069787273,0.437776840052813,0.434162337977997,39,0.898620726898103,node
auc_cc,theta,switching,46,7Networks_LH_Default_PFC_5,0.0978116123237459,-0.233617016507773,0.408877432776851,0.564663861946456,39,0.956614727169286,node
auc_cc,theta,detail,46,7Networks_LH_Default_PFC_5,0.0691708144757087,-0.260696711794478,0.38457582164988,0.684157595539673,39,0.956614727169286,node
auc_cc,theta,communication,46,7Networks_LH_Default_PFC_5,-0.145335001933046,-0.448250464736576,0.187520241271923,0.390745585966272,39,0.898620726898103,node
auc_cc,theta,imagination,46,7Networks_LH_Default_PFC_5,-0.143698158406837,-0.446913609435121,0.189132707505213,0.396161039356335,39,0.898620726898103,node
auc_cc,theta,total,47,7Networks_LH_Default_PFC_6,-0.244612352980807,-0.526876436150132,0.0862482372809021,0.144531669526909,39,0.898620726898103,node
auc_cc,theta,social,47,7Networks_LH_Default_PFC_6,-0.0835706380372326,-0.396848912219703,0.247146342372744,0.622892863534902,39,0.956614727169286,node
auc_cc,theta,switching,47,7Networks_LH_Default_PFC_6,-0.135982431017379,-0.44059367086817,0.196709429904627,0.42226561155881,39,0.898620726898103,node
auc_cc,theta,detail,47,7Networks_LH_Default_PFC_6,-0.0731615925199311,-0.387988401740405,0.256954325694122,0.666957245042173,39,0.956614727169286,node
auc_cc,theta,communication,47,7Networks_LH_Default_PFC_6,-0.20444246946266,-0.495634024643912,0.128065681790165,0.224838400492339,39,0.898620726898103,node
auc_cc,theta,imagination,47,7Networks_LH_Default_PFC_6,-0.228267055602109,-0.514255145123047,0.103405782910934,0.174191929565477,39,0.898620726898103,node
auc_cc,theta,total,48,7Networks_LH_Default_PFC_7,-0.170236639572616,-0.468422574742472,0.162766202203343,0.313768967389576,39,0.898620726898103,node
auc_cc,theta,social,48,7Networks_LH_Default_PFC_7,-0.225002018620289,-0.511719061564321,0.106809579295418,0.180602762071443,39,0.898620726898103,node
auc_cc,theta,switching,48,7Networks_LH_Default_PFC_7,-0.0246280628638126,-0.345892329225066,0.301804889650694,0.884958237220236,39,0.959165562788096,node
auc_cc,theta,detail,48,7Networks_LH_Default_PFC_7,0.17774993754511,-0.155214197084253,0.474448439616486,0.292565175548917,39,0.898620726898103,node
auc_cc,theta,communication,48,7Networks_LH_Default_PFC_7,-0.338576633101462,-0.59709551730471,-0.016345309692267,0.0403862859469453,39,0.898620726898103,node
auc_cc,theta,imagination,48,7Networks_LH_Default_PFC_7,-0.0524309985120825,-0.370166781727589,0.276287348113542,0.757936972846508,39,0.956614727169286,node
auc_cc,theta,total,49,7Networks_LH_Default_pCunPCC_1,0.0569906786115848,-0.272057763135426,0.374106801701973,0.737598706808726,39,0.956614727169286,node
auc_cc,theta,social,49,7Networks_LH_Default_pCunPCC_1,-0.188043264225125,-0.482659064510583,0.144804271491964,0.265046619699222,39,0.898620726898103,node
auc_cc,theta,switching,49,7Networks_LH_Default_pCunPCC_1,0.206119706142119,-0.126342989537584,0.496953758972561,0.220975188145524,39,0.898620726898103,node
auc_cc,theta,detail,49,7Networks_LH_Default_pCunPCC_1,0.0164401305299944,-0.309231668686039,0.338660604103126,0.923063503861263,39,0.974537078386191,node
auc_cc,theta,communication,49,7Networks_LH_Default_pCunPCC_1,0.0244259847092531,-0.301988660618054,0.345714308470559,0.885895971186227,39,0.959165562788096,node
auc_cc,theta,imagination,49,7Networks_LH_Default_pCunPCC_1,0.171047459023223,-0.161953079396111,0.469074211648187,0.311435306680604,39,0.898620726898103,node
auc_cc,theta,total,50,7Networks_LH_Default_pCunPCC_2,0.135996379596549,-0.19669576837844,0.4406051234336,0.42221756717467,39,0.898620726898103,node
auc_cc,theta,social,50,7Networks_LH_Default_pCunPCC_2,-0.108557816542772,-0.41788313295265,0.223322148565151,0.522457641392937,39,0.955142359628716,node
auc_cc,theta,switching,50,7Networks_LH_Default_pCunPCC_2,0.19344697954837,-0.139309690270404,0.486948787993191,0.25130663629614,39,0.898620726898103,node
auc_cc,theta,detail,50,7Networks_LH_Default_pCunPCC_2,0.0730075012666039,-0.257099010071968,0.38785679579296,0.667618353058355,39,0.956614727169286,node
auc_cc,theta,communication,50,7Networks_LH_Default_pCunPCC_2,0.0658146569639302,-0.263836321485824,0.381699226632448,0.698745467626312,39,0.956614727169286,node
auc_cc,theta,imagination,50,7Networks_LH_Default_pCunPCC_2,0.22681501783332,-0.104920490007829,0.513127907074707,0.177022604083403,39,0.898620726898103,node
auc_cc,theta,total,51,7Networks_RH_Vis_1,-0.17858810759977,-0.475118954688384,0.15436928905849,0.290258208915157,39,0.999110868274896,node
auc_cc,theta,social,51,7Networks_RH_Vis_1,-0.187258883198295,-0.482035208837339,0.145600139730582,0.267081406417556,39,0.999110868274896,node
auc_cc,theta,switching,51,7Networks_RH_Vis_1,0.136557607288727,-0.196145983212134,0.441065840589472,0.420287021921995,39,0.999110868274896,node
auc_cc,theta,detail,51,7Networks_RH_Vis_1,-0.0303180336632136,-0.350895432359258,0.296620422428115,0.858622047690226,39,0.999110868274896,node
auc_cc,theta,communication,51,7Networks_RH_Vis_1,-0.196947237626564,-0.489719921702372,0.135739605399026,0.242664846020899,39,0.999110868274896,node
auc_cc,theta,imagination,51,7Networks_RH_Vis_1,-0.277162673318047,-0.551645306615356,0.0514856442394376,0.0967603866920691,39,0.999110868274896,node
auc_cc,theta,total,52,7Networks_RH_Vis_2,-0.264215907558851,-0.541851226332841,0.0654083837382841,0.114054475939534,39,0.999110868274896,node
auc_cc,theta,social,52,7Networks_RH_Vis_2,-0.208928456595886,-0.499160816554813,0.123453619970195,0.214608135629147,39,0.999110868274896,node
auc_cc,theta,switching,52,7Networks_RH_Vis_2,-0.0167871205265007,-0.338967846157123,0.308917739015176,0.921444636955025,39,0.999110868274896,node
auc_cc,theta,detail,52,7Networks_RH_Vis_2,-0.11149004470812,-0.420329932691883,0.220500155942789,0.511216950462115,39,0.999110868274896,node
auc_cc,theta,communication,52,7Networks_RH_Vis_2,-0.0832310775779447,-0.396560785878457,0.247467368041958,0.624311175334668,39,0.999110868274896,node
auc_cc,theta,imagination,52,7Networks_RH_Vis_2,-0.374248242581284,-0.622754107912187,-0.0571546107179836,0.0224914455678547,39,0.999110868274896,node
auc_cc,theta,total,53,7Networks_RH_Vis_3,-0.219652206402881,-0.507552821704797,0.112369989701698,0.191466132625319,39,0.999110868274896,node
auc_cc,theta,social,53,7Networks_RH_Vis_3,-0.263952470823986,-0.541651153630469,0.065690353242312,0.114429032139073,39,0.999110868274896,node
auc_cc,theta,switching,53,7Networks_RH_Vis_3,-0.0356043853210415,-0.355527296182915,0.291786385328338,0.834287527270165,39,0.999110868274896,node
auc_cc,theta,detail,53,7Networks_RH_Vis_3,-0.164611835622711,-0.463893100131551,0.168394559486106,0.330259833942249,39,0.999110868274896,node
auc_cc,theta,communication,53,7Networks_RH_Vis_3,-0.106423808700238,-0.41609958292553,0.225372437660287,0.530713995533663,39,0.999110868274896,node
auc_cc,theta,imagination,53,7Networks_RH_Vis_3,0.0209436468838998,-0.305151710925895,0.342642905152034,0.902078547589411,39,0.999110868274896,node
auc_cc,theta,total,54,7Networks_RH_Vis_4,0.0441914382268065,-0.28389825240236,0.363017866067086,0.795090005936495,39,0.999110868274896,node
auc_cc,theta,social,54,7Networks_RH_Vis_4,-0.0435163468839292,-0.362430466038182,0.284520009091199,0.798155075209591,39,0.999110868274896,node
auc_cc,theta,switching,54,7Networks_RH_Vis_4,0.0976992129518487,-0.233724303902985,0.408782916867957,0.565113464922389,39,0.999110868274896,node
auc_cc,theta,detail,54,7Networks_RH_Vis_4,-0.048335176427796,-0.366617808543824,0.280075830721671,0.776344306888606,39,0.999110868274896,node
auc_cc,theta,communication,54,7Networks_RH_Vis_4,0.0690872261370739,-0.260774991616962,0.384504251585249,0.684519581432615,39,0.999110868274896,node
auc_cc,theta,imagination,54,7Networks_RH_Vis_4,0.0753961670545739,-0.254854501585397,0.389895460733635,0.65739810713942,39,0.999110868274896,node
auc_cc,theta,total,55,7Networks_RH_Vis_5,-0.00251470928651362,-0.326273373222767,0.321771999821903,0.988214579501504,39,0.999110868274896,node
auc_cc,theta,social,55,7Networks_RH_Vis_5,-0.125459008384224,-0.431925002172539,0.206979604517067,0.459375580341491,39,0.999110868274896,node
auc_cc,theta,switching,55,7Networks_RH_Vis_5,0.201995999734163,-0.130574861767632,0.493706604845801,0.230555727343538,39,0.999110868274896,node
auc_cc,theta,detail,55,7Networks_RH_Vis_5,-0.144749144360598,-0.447772134327493,0.188097579956962,0.392678918144827,39,0.999110868274896,node
auc_cc,theta,communication,55,7Networks_RH_Vis_5,0.10020171930536,-0.231333700715631,0.41088567990007,0.555142506485897,39,0.999110868274896,node
auc_cc,theta,imagination,55,7Networks_RH_Vis_5,-0.0263433613554155,-0.347402490606105,0.300244010444833,0.8770048066718,39,0.999110868274896,node
auc_cc,theta,total,56,7Networks_RH_Vis_6,-0.147829077119989,-0.450284842899139,0.185059855913641,0.382577227344958,39,0.999110868274896,node
auc_cc,theta,social,56,7Networks_RH_Vis_6,-0.207439417989382,-0.497991229869699,0.12498610043025,0.217967641801932,39,0.999110868274896,node
auc_cc,theta,switching,56,7Networks_RH_Vis_6,-0.00100588268742357,-0.324924500275774,0.323123953758291,0.99528569888646,39,0.999110868274896,node
auc_cc,theta,detail,56,7Networks_RH_Vis_6,0.156156051821498,-0.176815024137002,0.457054357711252,0.356039582311417,39,0.999110868274896,node
auc_cc,theta,communication,56,7Networks_RH_Vis_6,-0.286460128337472,-0.558632336274679,0.0414078754860923,0.0856337513435771,39,0.999110868274896,node
auc_cc,theta,imagination,56,7Networks_RH_Vis_6,-0.0680044273044759,-0.383576793988738,0.261788632340986,0.689214966650075,39,0.999110868274896,node
auc_cc,theta,total,57,7Networks_RH_Vis_7,-0.0926124504756263,-0.404498494970471,0.238571285253509,0.585630893500221,39,0.999110868274896,node
auc_cc,theta,social,57,7Networks_RH_Vis_7,-0.226387250189329,-0.512795636379627,0.10536642660388,0.177862729537342,39,0.999110868274896,node
auc_cc,theta,switching,57,7Networks_RH_Vis_7,-0.0225185182424955,-0.34403278555103,0.303722126513513,0.894754836183355,39,0.999110868274896,node
auc_cc,theta,detail,57,7Networks_RH_Vis_7,-0.00470371064163046,-0.3282279730597,0.319808235157074,0.977957535323284,39,0.999110868274896,node
auc_cc,theta,communication,57,7Networks_RH_Vis_7,0.130918383626526,-0.201660739974143,0.436429241149907,0.439909586546719,39,0.999110868274896,node
auc_cc,theta,imagination,57,7Networks_RH_Vis_7,-0.106639561132884,-0.416280011713611,0.225165282813161,0.529876393447577,39,0.999110868274896,node
auc_cc,theta,total,58,7Networks_RH_Vis_8,-0.052735251566732,-0.370430043238528,0.276005517181301,0.75657469290205,39,0.999110868274896,node
auc_cc,theta,social,58,7Networks_RH_Vis_8,-0.195800926948678,-0.488813045196797,0.136909736062129,0.245472672704168,39,0.999110868274896,node
auc_cc,theta,switching,58,7Networks_RH_Vis_8,0.1216462233833,-0.210682639661554,0.428770184232916,0.473239243604728,39,0.999110868274896,node
auc_cc,theta,detail,58,7Networks_RH_Vis_8,0.0239427074242102,-0.302428057233853,0.345288471518367,0.888139213743257,39,0.999110868274896,node
auc_cc,theta,communication,58,7Networks_RH_Vis_8,-0.0343489959983894,-0.354428753844927,0.292935876423351,0.840053572839618,39,0.999110868274896,node
auc_cc,theta,imagination,58,7Networks_RH_Vis_8,-0.0454214542075058,-0.364087457451773,0.282764702376234,0.789513251238422,39,0.999110868274896,node
auc_cc,theta,total,59,7Networks_RH_SomMot_1,-0.155400103651945,-0.456441235857939,0.177565448679285,0.358401839240504,39,0.990922025321473,node
auc_cc,theta,social,59,7Networks_RH_SomMot_1,-0.13939067195253,-0.443389083008983,0.193367483402208,0.410617694054138,39,0.990922025321473,node
auc_cc,theta,switching,59,7Networks_RH_SomMot_1,0.0564631837830092,-0.272547721520746,0.373651578200458,0.739942902905608,39,0.990922025321473,node
auc_cc,theta,detail,59,7Networks_RH_SomMot_1,-0.101912853390957,-0.412321581931206,0.229696774451608,0.548372374765408,39,0.990922025321473,node
auc_cc,theta,communication,59,7Networks_RH_SomMot_1,-0.12898773028416,-0.434838110394194,0.203543947603615,0.446741251797107,39,0.990922025321473,node
auc_cc,theta,imagination,59,7Networks_RH_SomMot_1,-0.136388252928755,-0.440926832888723,0.196311906749933,0.420869054287061,39,0.990922025321473,node
auc_cc,theta,total,60,7Networks_RH_SomMot_2,-0.255801048213828,-0.535444792280748,0.0743892888375075,0.126481848648413,39,0.990922025321473,node
auc_cc,theta,social,60,7Networks_RH_SomMot_2,-0.171567987969498,-0.46949237780373,0.161430833299293,0.309942930884631,39,0.990922025321473,node
auc_cc,theta,switching,60,7Networks_RH_SomMot_2,-0.242284597440044,-0.525086590950897,0.0887037097943457,0.148512806148616,39,0.990922025321473,node
auc_cc,theta,detail,60,7Networks_RH_SomMot_2,0.107217410407525,-0.224610312627753,0.416763133655423,0.5276362152823,39,0.990922025321473,node
auc_cc,theta,communication,60,7Networks_RH_SomMot_2,-0.312971029291311,-0.57834537852139,0.0123009322283728,0.0592843546141316,39,0.990922025321473,node
auc_cc,theta,imagination,60,7Networks_RH_SomMot_2,-0.0799601258917208,-0.393782128838371,0.250556061945632,0.63804124525959,39,0.990922025321473,node
auc_cc,theta,total,61,7Networks_RH_SomMot_3,-0.0686118570194026,-0.384097158598597,0.26122008859891,0.686579520890993,39,0.990922025321473,node
auc_cc,theta,social,61,7Networks_RH_SomMot_3,-0.103314492172188,-0.413496622385415,0.228354522169726,0.542855993529688,39,0.990922025321473,node
auc_cc,theta,switching,61,7Networks_RH_SomMot_3,0.043971130579607,-0.284101185281936,0.362826203238381,0.796089923030506,39,0.990922025321473,node
auc_cc,theta,detail,61,7Networks_RH_SomMot_3,-0.164130155680355,-0.463504489962579,0.168875536472133,0.331696518875978,39,0.990922025321473,node
auc_cc,theta,communication,61,7Networks_RH_SomMot_3,0.0693009512453261,-0.260574831098271,0.384687239897001,0.683594166139307,39,0.990922025321473,node
auc_cc,theta,imagination,61,7Networks_RH_SomMot_3,-0.0145450490434212,-0.336981392178528,0.310944940146076,0.931910136703554,39,0.990922025321473,node
auc_cc,theta,total,62,7Networks_RH_SomMot_4,-0.10723685972861,-0.416779391590975,0.224591629628521,0.527560895520639,39,0.990922025321473,node
auc_cc,theta,social,62,7Networks_RH_SomMot_4,-0.191834928408144,-0.485670546192407,0.140950996107934,0.255354843133722,39,0.990922025321473,node
auc_cc,theta,switching,62,7Networks_RH_SomMot_4,-0.153327936743478,-0.454759110002572,0.179620490938059,0.36492531979587,39,0.990922025321473,node
auc_cc,theta,detail,62,7Networks_RH_SomMot_4,0.287525059174784,-0.04024929351836,0.559430172794411,0.084425237626148,39,0.990922025321473,node
auc_cc,theta,communication,62,7Networks_RH_SomMot_4,-0.109902840598189,-0.419006046539964,0.22202838028067,0.517286458860521,39,0.990922025321473,node
auc_cc,theta,imagination,62,7Networks_RH_SomMot_4,-0.12567952836226,-0.432107238190524,0.206765140357531,0.458580462723402,39,0.990922025321473,node
auc_cc,theta,total,63,7Networks_RH_SomMot_5,0.0803136573857754,-0.250222553273901,0.394082728767688,0.636551426399295,39,0.990922025321473,node
auc_cc,theta,social,63,7Networks_RH_SomMot_5,0.0194513526011599,-0.306504981447534,0.341324601292632,0.909025618529958,39,0.990922025321473,node
auc_cc,theta,switching,63,7Networks_RH_SomMot_5,0.0916667452154281,-0.239470596292914,0.403700444774002,0.58948152596293,39,0.990922025321473,node
auc_cc,theta,detail,63,7Networks_RH_SomMot_5,0.150219703551777,-0.182697598262466,0.452231896401985,0.374842446200349,39,0.990922025321473,node
auc_cc,theta,communication,63,7Networks_RH_SomMot_5,-0.0061553096630399,-0.329522606737492,0.318504458770403,0.97115757213258,39,0.990922025321473,node
auc_cc,theta,imagination,63,7Networks_RH_SomMot_5,-0.0643459082444527,-0.380438420000335,0.265208108995661,0.705163527069161,39,0.990922025321473,node
auc_cc,theta,total,64,7Networks_RH_SomMot_6,-0.29651360227921,-0.566144293694336,0.03043504678258,0.0747435034002456,39,0.990922025321473,node
auc_cc,theta,social,64,7Networks_RH_SomMot_6,-0.294702811766321,-0.564794569419086,0.0324172635577712,0.0766206425458645,39,0.990922025321473,node
auc_cc,theta,switching,64,7Networks_RH_SomMot_6,-0.122814441425211,-0.429737601095432,0.209549060950521,0.468968255982966,39,0.990922025321473,node
auc_cc,theta,detail,64,7Networks_RH_SomMot_6,0.10801167693445,-0.223847142463056,0.417426910123912,0.52456459787028,39,0.990922025321473,node
auc_cc,theta,communication,64,7Networks_RH_SomMot_6,-0.383409247188194,-0.629258472198919,-0.0678088970933496,0.0191574228856555,39,0.80461176119753,node
auc_cc,theta,imagination,64,7Networks_RH_SomMot_6,-0.117983076300687,-0.425732109499854,0.214231383476549,0.48676329867814,39,0.990922025321473,node
auc_cc,theta,total,65,7Networks_RH_SomMot_7,-0.15096942031984,-0.45284191332358,0.181955985545618,0.372435946156534,39,0.990922025321473,node
auc_cc,theta,social,65,7Networks_RH_SomMot_7,-0.199379993525512,-0.491642442290134,0.133253218768008,0.236777723911981,39,0.990922025321473,node
auc_cc,theta,switching,65,7Networks_RH_SomMot_7,0.0887132407017567,-0.242275554835416,0.401205016515876,0.6015785622636,39,0.990922025321473,node
auc_cc,theta,detail,65,7Networks_RH_SomMot_7,0.112476052951056,-0.219549965802862,0.421151700057248,0.50746443000392,39,0.990922025321473,node
auc_cc,theta,communication,65,7Networks_RH_SomMot_7,-0.408764016618791,-0.647082713491263,-0.0976767375170692,0.0120086219030974,39,0.80461176119753,node
auc_cc,theta,imagination,65,7Networks_RH_SomMot_7,-0.00696807250102876,-0.330246952672777,0.31777392628695,0.967351059217394,39,0.990922025321473,node
auc_cc,theta,total,66,7Networks_RH_SomMot_8,-0.0608112746981384,-0.377399387734608,0.268503939772846,0.720690723651532,39,0.990922025321473,node
auc_cc,theta,social,66,7Networks_RH_SomMot_8,-0.10453896287371,-0.414522292072673,0.227180898705734,0.538058632107021,39,0.990922025321473,node
auc_cc,theta,switching,66,7Networks_RH_SomMot_8,0.162172954684697,-0.170828251065476,0.461924272072338,0.33757383345711,39,0.990922025321473,node
auc_cc,theta,detail,66,7Networks_RH_SomMot_8,-0.0371223214735488,-0.356854403588327,0.290395230314574,0.827326987060267,39,0.990922025321473,node
auc_cc,theta,communication,66,7Networks_RH_SomMot_8,-0.180900985439576,-0.476967414561719,0.152035289515199,0.283953174755957,39,0.990922025321473,node
auc_cc,theta,imagination,66,7Networks_RH_SomMot_8,-0.0131355129899413,-0.335731085288125,0.312217878021116,0.938495422611738,39,0.990922025321473,node
auc_cc,theta,total,67,7Networks_RH_DorsAttn_Post_1,-0.193598820107362,-0.487069121996437,0.139154999912679,0.250927551525572,39,0.948735875677466,node
auc_cc,theta,social,67,7Networks_RH_DorsAttn_Post_1,-0.392936245961028,-0.635986360561983,-0.0789657180159115,0.0161387987416422,39,0.769275478013186,node
auc_cc,theta,switching,67,7Networks_RH_DorsAttn_Post_1,0.0114143207381712,-0.31377068680438,0.334202785561116,0.946542167562258,39,0.999662487966182,node
auc_cc,theta,detail,67,7Networks_RH_DorsAttn_Post_1,0.148915727215981,-0.183986577422825,0.451170225346127,0.379049884105426,39,0.948735875677466,node
auc_cc,theta,communication,67,7Networks_RH_DorsAttn_Post_1,-0.185957405379438,-0.480999421549902,0.146919727874515,0.270480218703238,39,0.948735875677466,node
auc_cc,theta,imagination,67,7Networks_RH_DorsAttn_Post_1,-0.072335521482986,-0.387282722549837,0.257729794274661,0.670504272036948,39,0.986321753258413,node
auc_cc,theta,total,68,7Networks_RH_DorsAttn_Post_2,-0.0114000322391398,-0.334190091253553,0.31378357019015,0.946608990644361,39,0.999662487966182,node
auc_cc,theta,social,68,7Networks_RH_DorsAttn_Post_2,-0.0900423575241617,-0.4023285671647,0.24101397005247,0.596121471108053,39,0.973402974879514,node
auc_cc,theta,switching,68,7Networks_RH_DorsAttn_Post_2,0.0788726216878914,-0.251581482013967,0.392857027312927,0.64263285389106,39,0.973402974879514,node
auc_cc,theta,detail,68,7Networks_RH_DorsAttn_Post_2,0.114371143883318,-0.217721946148132,0.422729701064253,0.500291197970768,39,0.948735875677466,node
auc_cc,theta,communication,68,7Networks_RH_DorsAttn_Post_2,-0.13307672428123,-0.438205759036086,0.199552525354754,0.4323406069226,39,0.948735875677466,node
auc_cc,theta,imagination,68,7Networks_RH_DorsAttn_Post_2,0.000583877033074476,-0.323501846878893,0.324546996276168,0.997263515578639,39,0.999662487966182,node
auc_cc,theta,total,69,7Networks_RH_DorsAttn_Post_3,-0.0356829837727506,-0.355596045239729,0.291714385568544,0.833926801992532,39,0.999662487966182,node
auc_cc,theta,social,69,7Networks_RH_DorsAttn_Post_3,-0.243769666249164,-0.526228770996386,0.0871376241414892,0.145963772835721,39,0.948735875677466,node
auc_cc,theta,switching,69,7Networks_RH_DorsAttn_Post_3,0.0702556160375465,-0.259680410084707,0.385504307371161,0.679466096689129,39,0.986321753258413,node
auc_cc,theta,detail,69,7Networks_RH_DorsAttn_Post_3,0.305461056993335,-0.0206026492371972,0.572792379152916,0.0659898257016726,39,0.848440616164362,node
auc_cc,theta,communication,69,7Networks_RH_DorsAttn_Post_3,-0.0811699975366012,-0.394810577530961,0.249414388068513,0.632948549342433,39,0.973402974879514,node
auc_cc,theta,imagination,69,7Networks_RH_DorsAttn_Post_3,-0.159415946462633,-0.459695067326956,0.173574508933049,0.345960708965792,39,0.948735875677466,node
auc_cc,theta,total,70,7Networks_RH_DorsAttn_Post_4,0.000293402521798064,-0.323761897839709,0.324287093117552,0.998624894438554,39,0.999662487966182,node
auc_cc,theta,social,70,7Networks_RH_DorsAttn_Post_4,-0.0990019564959588,-0.40987797614499,0.23248031424034,0.559912558752385,39,0.969079428609896,node
auc_cc,theta,switching,70,7Networks_RH_DorsAttn_Post_4,-0.0301244578257507,-0.350725524330523,0.296797117984988,0.859515714826726,39,0.999662487966182,node
auc_cc,theta,detail,70,7Networks_RH_DorsAttn_Post_4,0.16975169127746,-0.163252312054165,0.468032677868341,0.315169966013327,39,0.948735875677466,node
auc_cc,theta,communication,70,7Networks_RH_DorsAttn_Post_4,-0.0193391758074681,-0.34122545228051,0.306606654509154,0.909548110095037,39,0.999662487966182,node
auc_cc,theta,imagination,70,7Networks_RH_DorsAttn_Post_4,-0.00293950210782353,-0.326652895219872,0.321391133993782,0.986223923720028,39,0.999662487966182,node
auc_cc,theta,total,71,7Networks_RH_DorsAttn_Post_5,-0.000900794375539599,-0.324830503465479,0.323218066784737,0.995778214834925,39,0.999662487966182,node
auc_cc,theta,social,71,7Networks_RH_DorsAttn_Post_5,-0.0589835398743652,-0.37582524567115,0.270205172417701,0.728763606187449,39,0.999662487966182,node
auc_cc,theta,switching,71,7Networks_RH_DorsAttn_Post_5,0.137175194865721,-0.195540745411507,0.441572638702475,0.418168349314555,39,0.948735875677466,node
auc_cc,theta,detail,71,7Networks_RH_DorsAttn_Post_5,0.138956068770309,-0.193794062991774,0.443032953591905,0.412092742553855,39,0.948735875677466,node
auc_cc,theta,communication,71,7Networks_RH_DorsAttn_Post_5,-0.28351934066938,-0.556426505784348,0.0446027063386082,0.0890405211099987,39,0.890405211099987,node
auc_cc,theta,imagination,71,7Networks_RH_DorsAttn_Post_5,0.0625105840042012,-0.266920398979063,0.37886128354467,0.713211676226842,39,0.999662487966182,node
auc_cc,theta,total,72,7Networks_RH_DorsAttn_PrCv_1,-0.261699204091134,-0.539938575249564,0.0680999882732903,0.117670659197053,39,0.948735875677466,node
auc_cc,theta,social,72,7Networks_RH_DorsAttn_PrCv_1,-0.32008183803781,-0.583580661308611,0.00439891285527295,0.053444927966366,39,0.848440616164362,node
auc_cc,theta,switching,72,7Networks_RH_DorsAttn_PrCv_1,-0.0381511903980409,-0.357753194057372,0.289451506755587,0.822616410903054,39,0.999662487966182,node
auc_cc,theta,detail,72,7Networks_RH_DorsAttn_PrCv_1,0.0377246718368504,-0.289842805529083,0.357380671483212,0.824568452550322,39,0.999662487966182,node
auc_cc,theta,communication,72,7Networks_RH_DorsAttn_PrCv_1,-0.120560963335468,-0.427870834429671,0.211734920001127,0.477225199460325,39,0.948735875677466,node
auc_cc,theta,imagination,72,7Networks_RH_DorsAttn_PrCv_1,-0.30923284966037,-0.575584376321378,0.0164388250376596,0.062551078889792,39,0.848440616164362,node
auc_cc,theta,total,73,7Networks_RH_DorsAttn_FEF_1,-0.114586148863884,-0.422908613011117,0.217514403379771,0.499480630928191,39,0.948735875677466,node
auc_cc,theta,social,73,7Networks_RH_DorsAttn_FEF_1,-0.182894122200546,-0.478558238084489,0.150020967881194,0.278591458674731,39,0.948735875677466,node
auc_cc,theta,switching,73,7Networks_RH_DorsAttn_FEF_1,-0.0294310609911857,-0.35011673332258,0.297429865284407,0.862718273418432,39,0.999662487966182,node
auc_cc,theta,detail,73,7Networks_RH_DorsAttn_FEF_1,0.207631006227869,-0.124789011587843,0.498141774870743,0.217533374041483,39,0.948735875677466,node
auc_cc,theta,communication,73,7Networks_RH_DorsAttn_FEF_1,-0.179905738849853,-0.476172330974198,0.153040080252546,0.286655316490815,39,0.948735875677466,node
auc_cc,theta,imagination,73,7Networks_RH_DorsAttn_FEF_1,-0.149703057004499,-0.451811355620909,0.183208439730997,0.376506155519167,39,0.948735875677466,node
auc_cc,theta,total,74,7Networks_RH_SalVentAttn_TempOccPar_1,0.078007737862388,-0.252396461511562,0.392120847141109,0.646293882086863,39,0.986527063189054,node
auc_cc,theta,social,74,7Networks_RH_SalVentAttn_TempOccPar_1,0.0190630282332138,-0.3068569131736,0.340981344901086,0.910834495715642,39,0.986527063189054,node
auc_cc,theta,switching,74,7Networks_RH_SalVentAttn_TempOccPar_1,0.116328504293628,-0.215831411670239,0.424357591888641,0.492936650944065,39,0.986527063189054,node
auc_cc,theta,detail,74,7Networks_RH_SalVentAttn_TempOccPar_1,0.00287481307630897,-0.321449140433172,0.326595106935313,0.986527063189054,39,0.986527063189054,node
auc_cc,theta,communication,74,7Networks_RH_SalVentAttn_TempOccPar_1,0.0237103875479451,-0.302639233545654,0.345083717114831,0.889217885961284,39,0.986527063189054,node
auc_cc,theta,imagination,74,7Networks_RH_SalVentAttn_TempOccPar_1,0.0595721915988848,-0.269657487089125,0.376332423416659,0.726160412809928,39,0.986527063189054,node
auc_cc,theta,total,75,7Networks_RH_SalVentAttn_TempOccPar_2,-0.165692019332317,-0.46476415313385,0.16731537534701,0.327052050486782,39,0.986527063189054,node
auc_cc,theta,social,75,7Networks_RH_SalVentAttn_TempOccPar_2,-0.120856506098348,-0.428115809610611,0.211448434732827,0.476137988773671,39,0.986527063189054,node
auc_cc,theta,switching,75,7Networks_RH_SalVentAttn_TempOccPar_2,0.042084015721136,-0.285838267660998,0.361183348638921,0.804667996489273,39,0.986527063189054,node
auc_cc,theta,detail,75,7Networks_RH_SalVentAttn_TempOccPar_2,-0.165905374214547,-0.464936132667292,0.16710212347906,0.326420754439472,39,0.986527063189054,node
auc_cc,theta,communication,75,7Networks_RH_SalVentAttn_TempOccPar_2,-0.189219098706978,-0.483593702119853,0.143610409713387,0.26201553305077,39,0.986527063189054,node
auc_cc,theta,imagination,75,7Networks_RH_SalVentAttn_TempOccPar_2,-0.0173623656903008,-0.339477045236112,0.308397145349188,0.91876154415464,39,0.986527063189054,node
auc_cc,theta,total,76,7Networks_RH_SalVentAttn_FrOperIns_1,-0.0533502210694828,-0.370962003053112,0.275435695592307,0.753823405332702,39,0.986527063189054,node
auc_cc,theta,social,76,7Networks_RH_SalVentAttn_FrOperIns_1,-0.156886876141382,-0.4576468307897,0.176089171646093,0.353764783917574,39,0.986527063189054,node
auc_cc,theta,switching,76,7Networks_RH_SalVentAttn_FrOperIns_1,-0.0162603115858307,-0.338501356506221,0.309394327020402,0.923902561745827,39,0.986527063189054,node
auc_cc,theta,detail,76,7Networks_RH_SalVentAttn_FrOperIns_1,0.0891272413434686,-0.241882709433278,0.401555087131832,0.599876446575732,39,0.986527063189054,node
auc_cc,theta,communication,76,7Networks_RH_SalVentAttn_FrOperIns_1,-0.0615764713031714,-0.378057872724681,0.267791093788595,0.717319707470624,39,0.986527063189054,node
auc_cc,theta,imagination,76,7Networks_RH_SalVentAttn_FrOperIns_1,0.0356204739317044,-0.291771647730568,0.355541368965929,0.834213686348272,39,0.986527063189054,node
auc_cc,theta,total,77,7Networks_RH_SalVentAttn_Med_1,0.0756862753709657,-0.254581658903931,0.390142850966008,0.656160953559117,39,0.986527063189054,node
auc_cc,theta,social,77,7Networks_RH_SalVentAttn_Med_1,0.008766360009001,-0.316156207072264,0.331848260293171,0.958931563684226,39,0.986527063189054,node
auc_cc,theta,switching,77,7Networks_RH_SalVentAttn_Med_1,0.276153069170505,-0.0525759681345157,0.550884264141478,0.098032208596151,39,0.986527063189054,node
auc_cc,theta,detail,77,7Networks_RH_SalVentAttn_Med_1,0.0881528680471872,-0.242807119891848,0.400731031223163,0.603885782204745,39,0.986527063189054,node
auc_cc,theta,communication,77,7Networks_RH_SalVentAttn_Med_1,-0.19660900690118,-0.489452404353089,0.136084961008268,0.243491068087627,39,0.986527063189054,node
auc_cc,theta,imagination,77,7Networks_RH_SalVentAttn_Med_1,-0.00441586309539178,-0.327971106762547,0.320066624012109,0.979306143822746,39,0.986527063189054,node
auc_cc,theta,total,78,7Networks_RH_SalVentAttn_Med_2,-0.173739155724918,-0.471235142017032,0.159250489949445,0.303766917330165,39,0.986527063189054,node
auc_cc,theta,social,78,7Networks_RH_SalVentAttn_Med_2,-0.0495669130146448,-0.367686066077412,0.278937594913714,0.770795521445183,39,0.986527063189054,node
auc_cc,theta,switching,78,7Networks_RH_SalVentAttn_Med_2,-0.00804178408858497,-0.331203276485509,0.316808254786646,0.962323516911267,39,0.986527063189054,node
auc_cc,theta,detail,78,7Networks_RH_SalVentAttn_Med_2,-0.0955430365764038,-0.406968509269529,0.235780855158039,0.573769969935456,39,0.986527063189054,node
auc_cc,theta,communication,78,7Networks_RH_SalVentAttn_Med_2,-0.220743257542263,-0.508403587020174,0.111237674164395,0.189214172925801,39,0.986527063189054,node
auc_cc,theta,imagination,78,7Networks_RH_SalVentAttn_Med_2,-0.150862678541473,-0.452755078721277,0.182061596629235,0.372778014137636,39,0.986527063189054,node
auc_cc,theta,total,79,7Networks_RH_Limbic_OFC_1,0.186268363765674,-0.146604550131369,0.481246974162172,0.269665583955478,39,0.80662611245021,node
auc_cc,theta,social,79,7Networks_RH_Limbic_OFC_1,0.233504533490355,-0.0979294457977016,0.518312882153048,0.164250489945792,39,0.80662611245021,node
auc_cc,theta,switching,79,7Networks_RH_Limbic_OFC_1,0.27034030836324,-0.0588382606546684,0.546493682486467,0.105604556660979,39,0.80662611245021,node
auc_cc,theta,detail,79,7Networks_RH_Limbic_OFC_1,-0.163171501374218,-0.462730723161861,0.16983232003919,0.33456732939378,39,0.80662611245021,node
auc_cc,theta,communication,79,7Networks_RH_Limbic_OFC_1,-0.030780326050171,-0.35130111656755,0.296198352472547,0.856488519714823,39,0.929741597369953,node
auc_cc,theta,imagination,79,7Networks_RH_Limbic_OFC_1,0.192221965677807,-0.140557101885475,0.485977553870112,0.254378978467498,39,0.80662611245021,node
auc_cc,theta,total,80,7Networks_RH_Limbic_TempPole_1,0.0234141596827168,-0.302908455075854,0.344822593226684,0.890593570345612,39,0.929741597369953,node
auc_cc,theta,social,80,7Networks_RH_Limbic_TempPole_1,-0.0726605859855702,-0.387560456094816,0.257424692910956,0.669107649505198,39,0.929741597369953,node
auc_cc,theta,switching,80,7Networks_RH_Limbic_TempPole_1,0.0881331605163143,-0.242825810682256,0.400714358770079,0.603966993099816,39,0.929741597369953,node
auc_cc,theta,detail,80,7Networks_RH_Limbic_TempPole_1,0.117892247251557,-0.214319264572307,0.425656691085758,0.487101149875493,39,0.859590264486164,node
auc_cc,theta,communication,80,7Networks_RH_Limbic_TempPole_1,-0.175921573089048,-0.472984598193113,0.157055570883195,0.297638282235561,39,0.80662611245021,node
auc_cc,theta,imagination,80,7Networks_RH_Limbic_TempPole_1,0.141704049828758,-0.19109469570061,0.445283133891804,0.402816703212975,39,0.80662611245021,node
auc_cc,theta,total,81,7Networks_RH_Cont_Par_1,-0.0306571198840983,-0.351193008885823,0.296310851387451,0.85705703173735,39,0.999141403442412,node
auc_cc,theta,social,81,7Networks_RH_Cont_Par_1,-0.153927177764145,-0.455245777865753,0.179026500642908,0.363031574220654,39,0.999141403442412,node
auc_cc,theta,switching,81,7Networks_RH_Cont_Par_1,0.0864153275557774,-0.244454074440454,0.399260286457316,0.611063786849893,39,0.999141403442412,node
auc_cc,theta,detail,81,7Networks_RH_Cont_Par_1,0.152592850558447,-0.180348804662573,0.454161870836483,0.367256411372733,39,0.999141403442412,node
auc_cc,theta,communication,81,7Networks_RH_Cont_Par_1,-0.104597859000961,-0.414571606176818,0.22712442399469,0.537828396686752,39,0.999141403442412,node
auc_cc,theta,imagination,81,7Networks_RH_Cont_Par_1,-0.0685074228358435,-0.384007707610158,0.261317853487469,0.687032369548918,39,0.999141403442412,node
auc_cc,theta,total,82,7Networks_RH_Cont_Par_2,-0.0118828899527521,-0.334619010851465,0.31334812974738,0.944351009931925,39,0.999141403442412,node
auc_cc,theta,social,82,7Networks_RH_Cont_Par_2,-0.0720748728237558,-0.387059984290978,0.257974388216174,0.671624922769949,39,0.999141403442412,node
auc_cc,theta,switching,82,7Networks_RH_Cont_Par_2,0.0240107518637923,-0.302366199490592,0.345348436482865,0.887823317601528,39,0.999141403442412,node
auc_cc,theta,detail,82,7Networks_RH_Cont_Par_2,0.081387280675969,-0.249209255312083,0.394995195361515,0.632035693650988,39,0.999141403442412,node
auc_cc,theta,communication,82,7Networks_RH_Cont_Par_2,0.0785749317746529,-0.251862047937261,0.392603682149143,0.643892035472596,39,0.999141403442412,node
auc_cc,theta,imagination,82,7Networks_RH_Cont_Par_2,-0.177217974045094,-0.474022703457277,0.155750184418611,0.294035434893336,39,0.999141403442412,node
auc_cc,theta,total,83,7Networks_RH_Cont_PFCl_1,0.292287658771456,-0.0350570584844779,0.562992114584196,0.0791812511102909,39,0.999141403442412,node
auc_cc,theta,social,83,7Networks_RH_Cont_PFCl_1,0.307536901333382,-0.0183124450476542,0.574329750993748,0.0640793107773258,39,0.999141403442412,node
auc_cc,theta,switching,83,7Networks_RH_Cont_PFCl_1,0.112712181436041,-0.219322321482896,0.421348421079127,0.506567837100618,39,0.999141403442412,node
auc_cc,theta,detail,83,7Networks_RH_Cont_PFCl_1,0.0661096685012662,-0.263560624572958,0.381952329416118,0.697458805169823,39,0.999141403442412,node
auc_cc,theta,communication,83,7Networks_RH_Cont_PFCl_1,0.131850560726149,-0.200750589975905,0.437196803156965,0.436631696848857,39,0.999141403442412,node
auc_cc,theta,imagination,83,7Networks_RH_Cont_PFCl_1,0.175860493912159,-0.157117044720112,0.472935668114016,0.297808721215842,39,0.999141403442412,node
auc_cc,theta,total,84,7Networks_RH_Cont_PFCl_2,0.0219809769027815,-0.304210243123317,0.343558544387175,0.89725366068295,39,0.999141403442412,node
auc_cc,theta,social,84,7Networks_RH_Cont_PFCl_2,-0.0057896358083984,-0.329196588729847,0.318833010250464,0.972870387765163,39,0.999141403442412,node
auc_cc,theta,switching,84,7Networks_RH_Cont_PFCl_2,0.131802699397541,-0.200797334341309,0.437157404589762,0.436799667044473,39,0.999141403442412,node
auc_cc,theta,detail,84,7Networks_RH_Cont_PFCl_2,-0.112913104555539,-0.42151578928754,0.219128589116214,0.505805548679422,39,0.999141403442412,node
auc_cc,theta,communication,84,7Networks_RH_Cont_PFCl_2,0.0143292776563294,-0.311139876847579,0.33679006923923,0.932917932354691,39,0.999141403442412,node
auc_cc,theta,imagination,84,7Networks_RH_Cont_PFCl_2,0.0385027897768085,-0.289128858354144,0.358060205523973,0.821008039493939,39,0.999141403442412,node
auc_cc,theta,total,85,7Networks_RH_Cont_PFCl_3,-0.0907334779796503,-0.402912424830785,0.240357522794038,0.593292421416456,39,0.999141403442412,node
auc_cc,theta,social,85,7Networks_RH_Cont_PFCl_3,-0.00509146022729906,-0.328573913242655,0.319460092045665,0.976140966862328,39,0.999141403442412,node
auc_cc,theta,switching,85,7Networks_RH_Cont_PFCl_3,0.0977921037617282,-0.23363563838997,0.408861028631122,0.564741885341286,39,0.999141403442412,node
auc_cc,theta,detail,85,7Networks_RH_Cont_PFCl_3,-0.11121294763406,-0.420098900863533,0.220767073709946,0.512274007155042,39,0.999141403442412,node
auc_cc,theta,communication,85,7Networks_RH_Cont_PFCl_3,-0.157101314823316,-0.457820623743526,0.17587612306761,0.353098982753667,39,0.999141403442412,node
auc_cc,theta,imagination,85,7Networks_RH_Cont_PFCl_3,-0.124507107582704,-0.431138071401565,0.207904998180654,0.462816259216301,39,0.999141403442412,node
auc_cc,theta,total,86,7Networks_RH_Cont_PFCl_4,-0.0192797525585928,-0.34117292731708,0.306660510617865,0.909824903963115,39,0.999141403442412,node
auc_cc,theta,social,86,7Networks_RH_Cont_PFCl_4,-0.0539291987592476,-0.371462638868129,0.274899012246394,0.751235868214918,39,0.999141403442412,node
auc_cc,theta,switching,86,7Networks_RH_Cont_PFCl_4,0.0184556533377664,-0.307407187980567,0.340444288264648,0.913664628546644,39,0.999141403442412,node
auc_cc,theta,detail,86,7Networks_RH_Cont_PFCl_4,0.185849884304172,-0.14702869216596,0.480913813544295,0.27076227255559,39,0.999141403442412,node
auc_cc,theta,communication,86,7Networks_RH_Cont_PFCl_4,0.0284055369637738,-0.298365163444101,0.349215843185321,0.867458755877855,39,0.999141403442412,node
auc_cc,theta,imagination,86,7Networks_RH_Cont_PFCl_4,-0.309663966649379,-0.575903107432738,0.0159621783067599,0.0621672280941742,39,0.999141403442412,node
auc_cc,theta,total,87,7Networks_RH_Cont_Cing_1,-0.0551757314732796,-0.372539876003015,0.27374284288192,0.745674033847863,39,0.999141403442412,node
auc_cc,theta,social,87,7Networks_RH_Cont_Cing_1,-0.126039331632863,-0.43240452313544,0.206415149238622,0.457284724296639,39,0.999141403442412,node
auc_cc,theta,switching,87,7Networks_RH_Cont_Cing_1,0.0756195845922672,-0.254644385272716,0.390085984338993,0.656445273644197,39,0.999141403442412,node
auc_cc,theta,detail,87,7Networks_RH_Cont_Cing_1,0.145709626484054,-0.187150943504672,0.448556240523524,0.389512227789212,39,0.999141403442412,node
auc_cc,theta,communication,87,7Networks_RH_Cont_Cing_1,-0.202941804687721,-0.494452085118221,0.129605317926919,0.228333806482618,39,0.999141403442412,node
auc_cc,theta,imagination,87,7Networks_RH_Cont_Cing_1,-0.0559585189158779,-0.373215913695408,0.273016314853642,0.742187807113887,39,0.999141403442412,node
auc_cc,theta,total,88,7Networks_RH_Cont_PFCmp_1,-0.204892000615461,-0.49598787035458,0.127604164418184,0.223798490408432,39,0.999141403442412,node
auc_cc,theta,social,88,7Networks_RH_Cont_PFCmp_1,-0.17264820879533,-0.470359745336019,0.160346453529008,0.306860336554328,39,0.999141403442412,node
auc_cc,theta,switching,88,7Networks_RH_Cont_PFCmp_1,0.037774706749195,-0.289796907920806,0.35742437739037,0.824339404482772,39,0.999141403442412,node
auc_cc,theta,detail,88,7Networks_RH_Cont_PFCmp_1,0.000183196351969357,-0.32386054848953,0.324188472932211,0.999141403442412,39,0.999141403442412,node
auc_cc,theta,communication,88,7Networks_RH_Cont_PFCmp_1,-0.171859001772379,-0.469726105076497,0.161138778178548,0.309110555410205,39,0.999141403442412,node
auc_cc,theta,imagination,88,7Networks_RH_Cont_PFCmp_1,-0.330990702233835,-0.591569883028103,-0.00780305213688252,0.0453884910512004,39,0.999141403442412,node
auc_cc,theta,total,89,7Networks_RH_Cont_pCun_1,-0.182835007996136,-0.478511083954115,0.150080750201776,0.278749526630991,39,0.999141403442412,node
auc_cc,theta,social,89,7Networks_RH_Cont_pCun_1,-0.342741389984401,-0.600118753365781,-0.0210551873680147,0.0378361300323734,39,0.999141403442412,node
auc_cc,theta,switching,89,7Networks_RH_Cont_pCun_1,-0.00420365066993967,-0.327781704278428,0.320257087434495,0.980300426983305,39,0.999141403442412,node
auc_cc,theta,detail,89,7Networks_RH_Cont_pCun_1,0.185061987370176,-0.147826918308427,0.480286320304336,0.27283499825629,39,0.999141403442412,node
auc_cc,theta,communication,89,7Networks_RH_Cont_pCun_1,-0.380970704021393,-0.627530449937386,-0.0649658137205514,0.0200017196422522,39,0.999141403442412,node
auc_cc,theta,imagination,89,7Networks_RH_Cont_pCun_1,0.109873997741042,-0.222056136271714,0.418981976562761,0.517397083764852,39,0.999141403442412,node
auc_cc,theta,total,90,7Networks_RH_Default_Par_1,0.257969188598593,-0.0720804142041335,0.537098532854687,0.1231875434374,39,0.898620726898103,node
auc_cc,theta,social,90,7Networks_RH_Default_Par_1,0.182541880804272,-0.150377154392834,0.478277237496247,0.279534193640737,39,0.898620726898103,node
auc_cc,theta,switching,90,7Networks_RH_Default_Par_1,0.178769061454061,-0.154186816594153,0.475263668059205,0.289761695316594,39,0.898620726898103,node
auc_cc,theta,detail,90,7Networks_RH_Default_Par_1,0.142974666237554,-0.189844853231623,0.446322281492796,0.398568436702437,39,0.898620726898103,node
auc_cc,theta,communication,90,7Networks_RH_Default_Par_1,0.00888689399435472,-0.316047708443672,0.331955524748213,0.9583673760015,39,0.974537078386191,node
auc_cc,theta,imagination,90,7Networks_RH_Default_Par_1,0.205661626091009,-0.126813683362431,0.496593451998928,0.222025745327853,39,0.898620726898103,node
auc_cc,theta,total,91,7Networks_RH_Default_Temp_1,-0.0513514811909866,-0.369232294144383,0.277286853774093,0.762776242676706,39,0.956614727169286,node
auc_cc,theta,social,91,7Networks_RH_Default_Temp_1,-0.129295975550952,-0.435092276162823,0.203243442423299,0.445646661625367,39,0.898620726898103,node
auc_cc,theta,switching,91,7Networks_RH_Default_Temp_1,0.107601897562928,-0.224240929370128,0.417084494637843,0.526148217531685,39,0.955142359628716,node
auc_cc,theta,detail,91,7Networks_RH_Default_Temp_1,0.00570674557194735,-0.31890747481468,0.329122676882089,0.973258662382372,39,0.974537078386191,node
auc_cc,theta,communication,91,7Networks_RH_Default_Temp_1,-0.160747972107022,-0.460772561774125,0.172248323533681,0.34189293417153,39,0.898620726898103,node
auc_cc,theta,imagination,91,7Networks_RH_Default_Temp_1,0.0590690105218341,-0.270125663199339,0.375898898297093,0.728385443026002,39,0.956614727169286,node
auc_cc,theta,total,92,7Networks_RH_Default_Temp_2,0.201476050413061,-0.131107590544251,0.493296599832625,0.23178345219799,39,0.898620726898103,node
auc_cc,theta,social,92,7Networks_RH_Default_Temp_2,0.0825917002439375,-0.248071648173163,0.396018089110219,0.626985407435142,39,0.956614727169286,node
auc_cc,theta,switching,92,7Networks_RH_Default_Temp_2,0.128265857743725,-0.204247448727693,0.434242694645166,0.449310363449052,39,0.898620726898103,node
auc_cc,theta,detail,92,7Networks_RH_Default_Temp_2,0.0933938037052884,-0.237827834717875,0.405157495638963,0.582457906816473,39,0.956614727169286,node
auc_cc,theta,communication,92,7Networks_RH_Default_Temp_2,-0.0100092846657992,-0.33295395098806,0.31503698061952,0.953114755781642,39,0.974537078386191,node
auc_cc,theta,imagination,92,7Networks_RH_Default_Temp_2,0.325141313094825,0.00124830642412046,0.58729237478015,0.0495769968681973,39,0.898620726898103,node
auc_cc,theta,total,93,7Networks_RH_Default_Temp_3,-0.0806043444090546,-0.394329843167259,0.249948270998446,0.635327492588839,39,0.956614727169286,node
auc_cc,theta,social,93,7Networks_RH_Default_Temp_3,-0.168990607312769,-0.467420534571937,0.164014893115771,0.317376622944182,39,0.898620726898103,node
auc_cc,theta,switching,93,7Networks_RH_Default_Temp_3,0.160969276369783,-0.172027872575578,0.460951492297602,0.341219956132159,39,0.898620726898103,node
auc_cc,theta,detail,93,7Networks_RH_Default_Temp_3,-0.0334238712493335,-0.353618647337092,0.293782357323444,0.844307979432057,39,0.956614727169286,node
auc_cc,theta,communication,93,7Networks_RH_Default_Temp_3,-0.225186336414511,-0.511862361690959,0.10661763516639,0.180236456707007,39,0.898620726898103,node
auc_cc,theta,imagination,93,7Networks_RH_Default_Temp_3,0.072401600061841,-0.257667779099587,0.387339184398436,0.670220280513552,39,0.956614727169286,node
auc_cc,theta,total,94,7Networks_RH_Default_PFCv_1,0.236768290167833,-0.0945066614796877,0.520835009285673,0.158265992351589,39,0.898620726898103,node
auc_cc,theta,social,94,7Networks_RH_Default_PFCv_1,0.202034082281112,-0.130535835668118,0.493736629666931,0.230465979419002,39,0.898620726898103,node
auc_cc,theta,switching,94,7Networks_RH_Default_PFCv_1,0.20320044523706,-0.129340074957088,0.494655870080867,0.227728746650549,39,0.898620726898103,node
auc_cc,theta,detail,94,7Networks_RH_Default_PFCv_1,-0.0549459577883874,-0.372341372888945,0.273956031353272,0.746698305029828,39,0.956614727169286,node
auc_cc,theta,communication,94,7Networks_RH_Default_PFCv_1,0.155001437150842,-0.177961046279487,0.456117776885423,0.359651416971825,39,0.898620726898103,node
auc_cc,theta,imagination,94,7Networks_RH_Default_PFCv_1,0.145137278397415,-0.187715115446825,0.448089050386251,0.391397455220027,39,0.898620726898103,node
auc_cc,theta,total,95,7Networks_RH_Default_PFCv_2,-0.0314971625393958,-0.351929937776355,0.29554363277165,0.853182231818597,39,0.956614727169286,node
auc_cc,theta,social,95,7Networks_RH_Default_PFCv_2,0.122923591451276,-0.209443101722417,0.429827953701748,0.468570249792576,39,0.920541560526812,node
auc_cc,theta,switching,95,7Networks_RH_Default_PFCv_2,0.0560166637434274,-0.272962333953947,0.373266115797627,0.741929053733532,39,0.956614727169286,node
auc_cc,theta,detail,95,7Networks_RH_Default_PFCv_2,-0.32405927751359,-0.586499501643198,-3.88348517442354e-05,0.0503847344611488,39,0.898620726898103,node
auc_cc,theta,communication,95,7Networks_RH_Default_PFCv_2,-0.00941882935748722,-0.332428799820411,0.315568785455236,0.955877769253499,39,0.974537078386191,node
auc_cc,theta,imagination,95,7Networks_RH_Default_PFCv_2,0.0594495116628369,-0.269771646858495,0.376226738995988,0.726702691705441,39,0.956614727169286,node
auc_cc,theta,total,96,7Networks_RH_Default_PFCdPFCm_1,0.178514057145633,-0.154443954413812,0.475059730042962,0.290461551424556,39,0.898620726898103,node
auc_cc,theta,social,96,7Networks_RH_Default_PFCdPFCm_1,0.241794228340763,-0.0892204714797111,0.524709219708999,0.149361593016356,39,0.898620726898103,node
auc_cc,theta,switching,96,7Networks_RH_Default_PFCdPFCm_1,0.238038920470821,-0.0931719978172856,0.521815572526581,0.155979374765127,39,0.898620726898103,node
auc_cc,theta,detail,96,7Networks_RH_Default_PFCdPFCm_1,-0.204048585313312,-0.495323901657069,0.12846995005902,0.225752290838828,39,0.898620726898103,node
auc_cc,theta,communication,96,7Networks_RH_Default_PFCdPFCm_1,0.134273676518814,-0.198382042622564,0.43918993714516,0.42817437127903,39,0.898620726898103,node
auc_cc,theta,imagination,96,7Networks_RH_Default_PFCdPFCm_1,0.0406067442904848,-0.287196588484742,0.359895905264685,0.811398869138892,39,0.956614727169286,node
auc_cc,theta,total,97,7Networks_RH_Default_PFCdPFCm_2,-0.00543383385108042,-0.328879298025024,0.319152617139981,0.974537078386191,39,0.974537078386191,node
auc_cc,theta,social,97,7Networks_RH_Default_PFCdPFCm_2,0.0532597609285015,-0.275519529108197,0.370883766457681,0.754227924817615,39,0.956614727169286,node
auc_cc,theta,switching,97,7Networks_RH_Default_PFCdPFCm_2,0.0996147233650262,-0.231894807938467,0.410392745601524,0.557473928369181,39,0.956614727169286,node
auc_cc,theta,detail,97,7Networks_RH_Default_PFCdPFCm_2,-0.0914226280333868,-0.403494365014514,0.239702645392758,0.590477308938245,39,0.956614727169286,node
auc_cc,theta,communication,97,7Networks_RH_Default_PFCdPFCm_2,-0.0208002381897186,-0.342516271847064,0.305281816736184,0.902745854266657,39,0.970114947868646,node
auc_cc,theta,imagination,97,7Networks_RH_Default_PFCdPFCm_2,-0.101972317214655,-0.412371453420744,0.229639855681627,0.548137808320371,39,0.956614727169286,node
auc_cc,theta,total,98,7Networks_RH_Default_PFCdPFCm_3,-0.0425000548335641,-0.361545707685093,0.285455490261378,0.80277487703917,39,0.956614727169286,node
auc_cc,theta,social,98,7Networks_RH_Default_PFCdPFCm_3,-0.0295312762316047,-0.350204737405545,0.297338433345431,0.862255279452588,39,0.956614727169286,node
auc_cc,theta,switching,98,7Networks_RH_Default_PFCdPFCm_3,0.195953215345834,-0.136754336622747,0.488933561038499,0.24509840058814,39,0.898620726898103,node
auc_cc,theta,detail,98,7Networks_RH_Default_PFCdPFCm_3,-0.0429108828920984,-0.361903433486959,0.285077404600464,0.800906555218023,39,0.956614727169286,node
auc_cc,theta,communication,98,7Networks_RH_Default_PFCdPFCm_3,-0.0918046637326555,-0.403816859349587,0.239339479135596,0.588919267570997,39,0.956614727169286,node
auc_cc,theta,imagination,98,7Networks_RH_Default_PFCdPFCm_3,-0.22537412302659,-0.512008342287533,0.10642205325773,0.179863800707946,39,0.898620726898103,node
auc_cc,theta,total,99,7Networks_RH_Default_pCunPCC_1,-0.0456235844620682,-0.364263144530287,0.28257833676814,0.788597793107849,39,0.956614727169286,node
auc_cc,theta,social,99,7Networks_RH_Default_pCunPCC_1,-0.102931874226778,-0.413175963516585,0.228721054005542,0.544359222173817,39,0.956614727169286,node
auc_cc,theta,switching,99,7Networks_RH_Default_pCunPCC_1,0.0842759368301965,-0.24647930998043,0.397447180314366,0.619951174608522,39,0.956614727169286,node
auc_cc,theta,detail,99,7Networks_RH_Default_pCunPCC_1,0.112598755732307,-0.21943167628042,0.421253928606393,0.506998421325282,39,0.955142359628716,node
auc_cc,theta,communication,99,7Networks_RH_Default_pCunPCC_1,-0.260581354137847,-0.539088106031283,0.0692939866260843,0.119304184389475,39,0.898620726898103,node
auc_cc,theta,imagination,99,7Networks_RH_Default_pCunPCC_1,0.0504363110455471,-0.27813363658444,0.368439570413328,0.766885740725912,39,0.956614727169286,node
auc_cc,theta,total,100,7Networks_RH_Default_pCunPCC_2,-0.0571553409236695,-0.374248872570895,0.271904783216649,0.736867421342918,39,0.956614727169286,node
auc_cc,theta,social,100,7Networks_RH_Default_pCunPCC_2,-0.195302732196282,-0.488418712714998,0.137417993857425,0.246699740199254,39,0.898620726898103,node
auc_cc,theta,switching,100,7Networks_RH_Default_pCunPCC_2,0.128635790477406,-0.203886973559788,0.434547856396802,0.447992789665592,39,0.898620726898103,node
auc_cc,theta,detail,100,7Networks_RH_Default_pCunPCC_2,0.160959247625663,-0.172037863372417,0.460943384312437,0.341250435613913,39,0.898620726898103,node
auc_cc,theta,communication,100,7Networks_RH_Default_pCunPCC_2,-0.374094802951109,-0.622644871665657,-0.0569767726656615,0.0225511488752072,39,0.898620726898103,node
auc_cc,theta,imagination,100,7Networks_RH_Default_pCunPCC_2,0.173239432171914,-0.159752613341682,0.47083422701542,0.305181433339214,39,0.898620726898103,node
auc_cc,alpha,total,1,7Networks_LH_Vis_1,0.0509024015507957,-0.277702439133202,0.368843357510202,0.764792007371357,39,0.926736405307163,node
auc_cc,alpha,social,1,7Networks_LH_Vis_1,0.0430386292749297,-0.284959818611581,0.362014648656224,0.800325824701736,39,0.926736405307163,node
auc_cc,alpha,switching,1,7Networks_LH_Vis_1,0.16687385297231,-0.166133720449795,0.465716513282974,0.323564650638866,39,0.877282634357584,node
auc_cc,alpha,detail,1,7Networks_LH_Vis_1,0.0194680369811232,-0.306489858682693,0.34133934740097,0.908947910053551,39,0.954539469804986,node
auc_cc,alpha,communication,1,7Networks_LH_Vis_1,-0.0392245623676743,-0.358690230412212,0.288466283775352,0.817708592918085,39,0.926736405307163,node
auc_cc,alpha,imagination,1,7Networks_LH_Vis_1,-0.101219510089541,-0.411739947119305,0.230360275258885,0.551110894285375,39,0.877292999507815,node
auc_cc,alpha,total,2,7Networks_LH_Vis_2,-0.232087088958384,-0.517215980941846,0.0994135176649653,0.166899687610752,39,0.877282634357584,node
auc_cc,alpha,social,2,7Networks_LH_Vis_2,-0.24302916801221,-0.525659374381423,0.0879187242208763,0.147230761482378,39,0.877282634357584,node
auc_cc,alpha,switching,2,7Networks_LH_Vis_2,-0.0736359969926313,-0.388393499566544,0.25650878946577,0.664923429922798,39,0.902146710004708,node
auc_cc,alpha,detail,2,7Networks_LH_Vis_2,0.0656840657747104,-0.263958345576707,0.381587171839546,0.699315292317155,39,0.914489228414741,node
auc_cc,alpha,communication,2,7Networks_LH_Vis_2,-0.274172315022055,-0.549389837341661,0.0547128125097568,0.100564467648685,39,0.877282634357584,node
auc_cc,alpha,imagination,2,7Networks_LH_Vis_2,-0.112153405952569,-0.420882852627757,0.219860961558674,0.50869082557817,39,0.877292999507815,node
auc_cc,alpha,total,3,7Networks_LH_Vis_3,-0.153891401893999,-0.455216727887821,0.179061969848788,0.363144469153081,39,0.877282634357584,node
auc_cc,alpha,social,3,7Networks_LH_Vis_3,0.0157235410909571,-0.309879758733095,0.33802588291877,0.926407678798768,39,0.954539469804986,node
auc_cc,alpha,switching,3,7Networks_LH_Vis_3,-0.051739743085491,-0.369568468321004,0.276927450964778,0.761034706821167,39,0.926736405307163,node
auc_cc,alpha,detail,3,7Networks_LH_Vis_3,-0.0405120067162033,-0.359813299873277,0.287283652782932,0.811830981471596,39,0.926736405307163,node
auc_cc,alpha,communication,3,7Networks_LH_Vis_3,-0.268039392583292,-0.544751516247939,0.0613099816553355,0.10872159484055,39,0.877282634357584,node
auc_cc,alpha,imagination,3,7Networks_LH_Vis_3,-0.135055718974772,-0.439832566140093,0.197616781489617,0.42546442931188,39,0.877282634357584,node
auc_cc,alpha,total,4,7Networks_LH_Vis_4,-0.293083015821079,-0.563585982687945,0.0341882266108313,0.0783307481941505,39,0.877282634357584,node
auc_cc,alpha,social,4,7Networks_LH_Vis_4,-0.202977011238946,-0.494479826526579,0.129569215441989,0.228251380487496,39,0.877282634357584,node
auc_cc,alpha,switching,4,7Networks_LH_Vis_4,-0.0671154731859658,-0.382814895505865,0.262620265673444,0.693078360673115,39,0.914489228414741,node
auc_cc,alpha,detail,4,7Networks_LH_Vis_4,-0.142784381174334,-0.446166712818624,0.190032095929076,0.399203000670707,39,0.877282634357584,node
auc_cc,alpha,communication,4,7Networks_LH_Vis_4,-0.106839682118482,-0.416447346485463,0.22497310968988,0.529100051154873,39,0.877292999507815,node
auc_cc,alpha,imagination,4,7Networks_LH_Vis_4,-0.345425569343497,-0.602063335494011,-0.024098281721545,0.0362631117209626,39,0.739767479107638,node
auc_cc,alpha,total,5,7Networks_LH_Vis_5,-0.0631595319032627,-0.379419149515955,0.266315192072584,0.710362407262966,39,0.917176778997753,node
auc_cc,alpha,social,5,7Networks_LH_Vis_5,-0.185005044447312,-0.480240958372053,0.147884590944832,0.272985199476745,39,0.877282634357584,node
auc_cc,alpha,switching,5,7Networks_LH_Vis_5,0.150165925423596,-0.182750780518577,0.452188128256071,0.375015420026833,39,0.877282634357584,node
auc_cc,alpha,detail,5,7Networks_LH_Vis_5,-0.0719440291098062,-0.386948157459068,0.258097156632321,0.672187744709391,39,0.902146710004708,node
auc_cc,alpha,communication,5,7Networks_LH_Vis_5,0.0333715198511333,-0.293830243048839,0.353572790281433,0.844548860896087,39,0.946637184740669,node
auc_cc,alpha,imagination,5,7Networks_LH_Vis_5,-0.0983910232399335,-0.409364549846404,0.233063829416278,0.562348805111074,39,0.877292999507815,node
auc_cc,alpha,total,6,7Networks_LH_Vis_6,-0.179762142552618,-0.476057574619318,0.153184996793881,0.287046553418497,39,0.877282634357584,node
auc_cc,alpha,social,6,7Networks_LH_Vis_6,-0.133736743046292,-0.438748541211379,0.198907219678655,0.430040507038032,39,0.877282634357584,node
auc_cc,alpha,switching,6,7Networks_LH_Vis_6,0.0442532221506138,-0.283841335847575,0.363071611884233,0.794809643059555,39,0.926736405307163,node
auc_cc,alpha,detail,6,7Networks_LH_Vis_6,-0.114719852665328,-0.423019859743006,0.217385324911628,0.498976905236263,39,0.877292999507815,node
auc_cc,alpha,communication,6,7Networks_LH_Vis_6,-0.197081851764103,-0.489826376936271,0.135602133097633,0.242336538877688,39,0.877282634357584,node
auc_cc,alpha,imagination,6,7Networks_LH_Vis_6,-0.114871447132224,-0.423145980958504,0.217238960633385,0.498406089386251,39,0.877292999507815,node
auc_cc,alpha,total,7,7Networks_LH_Vis_7,0.157035638920645,-0.175941376538664,0.457767398805421,0.353302816387738,39,0.877282634357584,node
auc_cc,alpha,social,7,7Networks_LH_Vis_7,0.0857126267875359,-0.245119598498122,0.398665026329041,0.613976967904682,39,0.902146710004708,node
auc_cc,alpha,switching,7,7Networks_LH_Vis_7,0.184569748118392,-0.148325390728315,0.479894139956342,0.27413518944027,39,0.877282634357584,node
auc_cc,alpha,detail,7,7Networks_LH_Vis_7,0.0214725850681749,-0.304671732853762,0.343109869162101,0.899617877773168,39,0.954539469804986,node
auc_cc,alpha,communication,7,7Networks_LH_Vis_7,0.0828976688794161,-0.247782507110765,0.396277819398106,0.625705088477603,39,0.902146710004708,node
auc_cc,alpha,imagination,7,7Networks_LH_Vis_7,0.0470758371804912,-0.281238619991355,0.365524743498935,0.782028744452934,39,0.926736405307163,node
auc_cc,alpha,total,8,7Networks_LH_Vis_8,-0.126582961510144,-0.432853567226002,0.205886183206146,0.455330717578914,39,0.877292999507815,node
auc_cc,alpha,social,8,7Networks_LH_Vis_8,-0.170531260672943,-0.468659392461039,0.162470796459385,0.312919734034964,39,0.877282634357584,node
auc_cc,alpha,switching,8,7Networks_LH_Vis_8,0.0121507819343595,-0.313106486114821,0.334856920023645,0.943098453740493,39,0.954539469804986,node
auc_cc,alpha,detail,8,7Networks_LH_Vis_8,0.160114684258111,-0.172878985306536,0.460260396508661,0.343823221951606,39,0.877282634357584,node
auc_cc,alpha,communication,8,7Networks_LH_Vis_8,-0.237133950303949,-0.521117271187106,0.0941226959179526,0.157605480071969,39,0.877282634357584,node
auc_cc,alpha,imagination,8,7Networks_LH_Vis_8,-0.137096507563154,-0.441508077965425,0.19561787331103,0.418437956135971,39,0.877282634357584,node
auc_cc,alpha,total,9,7Networks_LH_Vis_9,-0.00399955797797936,-0.327599524227485,0.320440238548848,0.981256694222735,39,0.981256694222735,node
auc_cc,alpha,social,9,7Networks_LH_Vis_9,-0.134642513981177,-0.439493061424802,0.198021170323038,0.426895076616223,39,0.877282634357584,node
auc_cc,alpha,switching,9,7Networks_LH_Vis_9,0.237558279741123,-0.0936770004257919,0.521444743488444,0.15684149657235,39,0.877282634357584,node
auc_cc,alpha,detail,9,7Networks_LH_Vis_9,-0.0518958953678848,-0.369703648359664,0.276782879377576,0.760334616785422,39,0.926736405307163,node
auc_cc,alpha,communication,9,7Networks_LH_Vis_9,0.0133088321888975,-0.312061418159635,0.335884886688704,0.937685457765385,39,0.954539469804986,node
auc_cc,alpha,imagination,9,7Networks_LH_Vis_9,-0.0877695227944403,-0.400406686279599,0.243170643707665,0.605466314378996,39,0.902146710004708,node
auc_cc,alpha,total,10,7Networks_LH_SomMot_1,-0.0911169258267187,-0.403236251519899,0.239993181678923,0.591725347716729,39,0.986319505202942,node
auc_cc,alpha,social,10,7Networks_LH_SomMot_1,-0.132179241368256,-0.437467335373125,0.200429538995911,0.43547914806621,39,0.986319505202942,node
auc_cc,alpha,switching,10,7Networks_LH_SomMot_1,0.0487351369545366,-0.279706332297575,0.366964777379363,0.77454133401046,39,0.986319505202942,node
auc_cc,alpha,detail,10,7Networks_LH_SomMot_1,0.14869725516738,-0.184202424872424,0.450992266125764,0.379757518295493,39,0.986319505202942,node
auc_cc,alpha,communication,10,7Networks_LH_SomMot_1,-0.161439873064467,-0.461331901478788,0.17155897950816,0.339791587488849,39,0.986319505202942,node
auc_cc,alpha,imagination,10,7Networks_LH_SomMot_1,-0.201392596403601,-0.493230780259488,0.131193077824153,0.231980919750267,39,0.986319505202942,node
auc_cc,alpha,total,11,7Networks_LH_SomMot_2,0.0746427457490548,-0.255562837910774,0.389252767654534,0.660615226942277,39,0.986319505202942,node
auc_cc,alpha,social,11,7Networks_LH_SomMot_2,0.00211966893843446,-0.322126095667903,0.325920339239224,0.990065873050179,39,0.990065873050179,node
auc_cc,alpha,switching,11,7Networks_LH_SomMot_2,0.0917940704628835,-0.239349550433544,0.403807918116597,0.588962445217677,39,0.986319505202942,node
auc_cc,alpha,detail,11,7Networks_LH_SomMot_2,0.124604852398743,-0.207810002624723,0.431218897960033,0.462462325269166,39,0.986319505202942,node
auc_cc,alpha,communication,11,7Networks_LH_SomMot_2,-0.115896869437667,-0.42399878233181,0.21624852429382,0.494553689738141,39,0.986319505202942,node
auc_cc,alpha,imagination,11,7Networks_LH_SomMot_2,0.120701025163751,-0.211599157763987,0.427986937205933,0.476709793272374,39,0.986319505202942,node
auc_cc,alpha,total,12,7Networks_LH_SomMot_3,0.00291241357409836,-0.32141542448809,0.326628696668672,0.986350863151925,39,0.990065873050179,node
auc_cc,alpha,social,12,7Networks_LH_SomMot_3,-0.100925744032905,-0.411493435059896,0.23064130424533,0.552273127830789,39,0.986319505202942,node
auc_cc,alpha,switching,12,7Networks_LH_SomMot_3,0.0623625766735416,-0.267058393802009,0.378734017314316,0.713862054712682,39,0.986319505202942,node
auc_cc,alpha,detail,12,7Networks_LH_SomMot_3,0.216719596464365,-0.115409245486738,0.505263284451202,0.197612397453366,39,0.986319505202942,node
auc_cc,alpha,communication,12,7Networks_LH_SomMot_3,-0.0446497483291466,-0.363416499396259,0.283475993160667,0.793010892663451,39,0.986319505202942,node
auc_cc,alpha,imagination,12,7Networks_LH_SomMot_3,-0.160394802757901,-0.460486964210325,0.172600062056176,0.342968589790833,39,0.986319505202942,node
auc_cc,alpha,total,13,7Networks_LH_SomMot_4,0.221725875433135,-0.11021715465458,0.509169319377691,0.18720205984025,39,0.986319505202942,node
auc_cc,alpha,social,13,7Networks_LH_SomMot_4,0.0785784311892207,-0.251858750141808,0.392606660557649,0.643877227809727,39,0.986319505202942,node
auc_cc,alpha,switching,13,7Networks_LH_SomMot_4,0.295565942911733,-0.0314727412516255,0.565438109084864,0.0757213535022389,39,0.986319505202942,node
auc_cc,alpha,detail,13,7Networks_LH_SomMot_4,0.0128482049604756,-0.312477199766195,0.335476093656689,0.939838220038597,39,0.986319505202942,node
auc_cc,alpha,communication,13,7Networks_LH_SomMot_4,0.0864000461876261,-0.244468550657279,0.399247344365008,0.611127076331634,39,0.986319505202942,node
auc_cc,alpha,imagination,13,7Networks_LH_SomMot_4,0.149566631287549,-0.183343302559822,0.45170028518527,0.376946200758275,39,0.986319505202942,node
auc_cc,alpha,total,14,7Networks_LH_SomMot_5,-0.0340646950564043,-0.354179850394224,0.29319606386892,0.841360528679454,39,0.986319505202942,node
auc_cc,alpha,social,14,7Networks_LH_SomMot_5,-0.0306021438897792,-0.351144767249409,0.296361046757124,0.857310731179587,39,0.986319505202942,node
auc_cc,alpha,switching,14,7Networks_LH_SomMot_5,-0.240692675927612,-0.523861097113799,0.0903806620769066,0.151281184183359,39,0.986319505202942,node
auc_cc,alpha,detail,14,7Networks_LH_SomMot_5,0.310264400540498,-0.0152980866320628,0.576346882190766,0.0616357314173028,39,0.986319505202942,node
auc_cc,alpha,communication,14,7Networks_LH_SomMot_5,-0.047225522427884,-0.365654711380291,0.281100461154548,0.781352501718502,39,0.986319505202942,node
auc_cc,alpha,imagination,14,7Networks_LH_SomMot_5,-0.0975918111947354,-0.408692597186146,0.233826813437512,0.565543230915575,39,0.986319505202942,node
auc_cc,alpha,total,15,7Networks_LH_SomMot_6,-0.220462321103348,-0.508184575818256,0.111529318258606,0.189792240209758,39,0.986319505202942,node
auc_cc,alpha,social,15,7Networks_LH_SomMot_6,-0.142475560694514,-0.445914195786927,0.190335927320673,0.400234093998316,39,0.986319505202942,node
auc_cc,alpha,switching,15,7Networks_LH_SomMot_6,-0.201794161987087,-0.493547461486424,0.13078168314487,0.231031788554655,39,0.986319505202942,node
auc_cc,alpha,detail,15,7Networks_LH_SomMot_6,-0.0484833148340306,-0.366746330075373,0.279938986292371,0.775676382222984,39,0.986319505202942,node
auc_cc,alpha,communication,15,7Networks_LH_SomMot_6,0.0843660046238345,-0.246394106298176,0.397523560949472,0.619575933432079,39,0.986319505202942,node
auc_cc,alpha,imagination,15,7Networks_LH_SomMot_6,-0.348255362517563,-0.604110117711502,-0.0273129216530545,0.0346628933670067,39,0.986319505202942,node
auc_cc,alpha,total,16,7Networks_LH_DorsAttn_Post_1,-0.0569903813603498,-0.374106545219739,0.272058039282365,0.737600027143468,39,0.960245749623527,node
auc_cc,alpha,social,16,7Networks_LH_DorsAttn_Post_1,-0.130565511137933,-0.436138567073839,0.202005124380855,0.441153934675547,39,0.960245749623527,node
auc_cc,alpha,switching,16,7Networks_LH_DorsAttn_Post_1,-0.0328621824842667,-0.353126557345159,0.294296047274609,0.846893167956313,39,0.960245749623527,node
auc_cc,alpha,detail,16,7Networks_LH_DorsAttn_Post_1,0.0744089636999209,-0.255782558320965,0.389053281611187,0.661614703654317,39,0.960245749623527,node
auc_cc,alpha,communication,16,7Networks_LH_DorsAttn_Post_1,-0.12704282675032,-0.433233302202073,0.205438570606214,0.453681308295913,39,0.960245749623527,node
auc_cc,alpha,imagination,16,7Networks_LH_DorsAttn_Post_1,0.107869219745849,-0.223984052260637,0.417307881523817,0.525114868260307,39,0.960245749623527,node
auc_cc,alpha,total,17,7Networks_LH_DorsAttn_Post_2,0.174980724915928,-0.158002212137096,0.472230688317394,0.300270598323057,39,0.960245749623527,node
auc_cc,alpha,social,17,7Networks_LH_DorsAttn_Post_2,0.0394028896203394,-0.288302534123537,0.35884584487359,0.816893876993712,39,0.960245749623527,node
auc_cc,alpha,switching,17,7Networks_LH_DorsAttn_Post_2,0.162530329269345,-0.170471890781586,0.462212953620057,0.336495919513666,39,0.960245749623527,node
auc_cc,alpha,detail,17,7Networks_LH_DorsAttn_Post_2,0.256485120299802,-0.0736611956085801,0.535966797236256,0.125435454869749,39,0.960245749623527,node
auc_cc,alpha,communication,17,7Networks_LH_DorsAttn_Post_2,0.0570246578981133,-0.27202619595912,0.374136120295945,0.73744778201446,39,0.960245749623527,node
auc_cc,alpha,imagination,17,7Networks_LH_DorsAttn_Post_2,-0.0715067071961141,-0.386574328850559,0.258507410961247,0.674070151267827,39,0.960245749623527,node
auc_cc,alpha,total,18,7Networks_LH_DorsAttn_Post_3,-0.087760271115647,-0.400398857549788,0.243179415865907,0.60550448093498,39,0.960245749623527,node
auc_cc,alpha,social,18,7Networks_LH_DorsAttn_Post_3,-0.153257282098567,-0.454701716642404,0.179690510489786,0.365148993691502,39,0.960245749623527,node
auc_cc,alpha,switching,18,7Networks_LH_DorsAttn_Post_3,0.0992701561661314,-0.23222407571004,0.410103308060485,0.558844595036246,39,0.960245749623527,node
auc_cc,alpha,detail,18,7Networks_LH_DorsAttn_Post_3,-0.0464857979319292,-0.36501230649895,0.281783091137509,0.784695933731538,39,0.960245749623527,node
auc_cc,alpha,communication,18,7Networks_LH_DorsAttn_Post_3,0.0549374135652646,-0.273963958225568,0.372333990914033,0.746736401214906,39,0.960245749623527,node
auc_cc,alpha,imagination,18,7Networks_LH_DorsAttn_Post_3,-0.233728729227626,-0.518486292093797,0.0976945765899605,0.163834259812003,39,0.960245749623527,node
auc_cc,alpha,total,19,7Networks_LH_DorsAttn_Post_4,-0.134237465445075,-0.439160173801342,0.198417466845233,0.428300082528584,39,0.960245749623527,node
auc_cc,alpha,social,19,7Networks_LH_DorsAttn_Post_4,-0.0759174954254435,-0.390339991651362,0.254364162121962,0.65517557154096,39,0.960245749623527,node
auc_cc,alpha,switching,19,7Networks_LH_DorsAttn_Post_4,-0.138714073653869,-0.442834612519968,0.194031535898024,0.412915377696864,39,0.960245749623527,node
auc_cc,alpha,detail,19,7Networks_LH_DorsAttn_Post_4,0.0172023853049434,-0.308541946296367,0.33933545175635,0.91950764666844,39,0.960245749623527,node
auc_cc,alpha,communication,19,7Networks_LH_DorsAttn_Post_4,0.0661336032045907,-0.263538254530198,0.381972861925323,0.697354452847133,39,0.960245749623527,node
auc_cc,alpha,imagination,19,7Networks_LH_DorsAttn_Post_4,-0.291452215424348,-0.562368014117953,0.0359691472762316,0.0800823352930526,39,0.960245749623527,node
auc_cc,alpha,total,20,7Networks_LH_DorsAttn_Post_5,0.232747682543408,-0.0987220561660994,0.517727303343946,0.165661245901868,39,0.960245749623527,node
auc_cc,alpha,social,20,7Networks_LH_DorsAttn_Post_5,0.232805614217398,-0.0986614022176809,0.517772134766151,0.165552955246976,39,0.960245749623527,node
auc_cc,alpha,switching,20,7Networks_LH_DorsAttn_Post_5,0.458296523491115,0.157688660526846,0.68116805667615,0.00433674697813571,39,0.390307228032214,node
auc_cc,alpha,detail,20,7Networks_LH_DorsAttn_Post_5,-0.367653752471277,-0.618050624609157,-0.0495296401503184,0.0251788201299336,39,0.816224357626793,node
auc_cc,alpha,communication,20,7Networks_LH_DorsAttn_Post_5,0.30539376533283,-0.020676832482609,0.57274251140831,0.0660525007561647,39,0.960245749623527,node
auc_cc,alpha,imagination,20,7Networks_LH_DorsAttn_Post_5,-0.0549060619827382,-0.372306903660824,0.273993044160769,0.746876193796702,39,0.960245749623527,node
auc_cc,alpha,total,21,7Networks_LH_DorsAttn_Post_6,-0.0419392403789043,-0.361057230544328,0.285971443889972,0.805327031125977,39,0.960245749623527,node
auc_cc,alpha,social,21,7Networks_LH_DorsAttn_Post_6,-0.0989334009272475,-0.409820372081342,0.232545804991562,0.560185696937203,39,0.960245749623527,node
auc_cc,alpha,switching,21,7Networks_LH_DorsAttn_Post_6,0.16133703641293,-0.171661456759829,0.461248782373251,0.340103406767888,39,0.960245749623527,node
auc_cc,alpha,detail,21,7Networks_LH_DorsAttn_Post_6,-0.105956239222074,-0.41570848164194,0.225821271882943,0.532531413847371,39,0.960245749623527,node
auc_cc,alpha,communication,21,7Networks_LH_DorsAttn_Post_6,-0.0351411431722614,-0.355122033883099,0.292210660863498,0.836414238756407,39,0.960245749623527,node
auc_cc,alpha,imagination,21,7Networks_LH_DorsAttn_Post_6,-0.040685368823057,-0.359964457264745,0.287124328038264,0.811040292530232,39,0.960245749623527,node
auc_cc,alpha,total,22,7Networks_LH_DorsAttn_PrCv_1,0.290131742165373,-0.0374096521427174,0.56138095233097,0.0815227827782403,39,0.960245749623527,node
auc_cc,alpha,social,22,7Networks_LH_DorsAttn_PrCv_1,0.195388748966676,-0.137330252145304,0.48848680549751,0.246487585523314,39,0.960245749623527,node
auc_cc,alpha,switching,22,7Networks_LH_DorsAttn_PrCv_1,0.18923264686544,-0.143596648193788,0.483604467257747,0.261980742406357,39,0.960245749623527,node
auc_cc,alpha,detail,22,7Networks_LH_DorsAttn_PrCv_1,-0.00162946856423064,-0.325482138419444,0.322565362445886,0.992363188936944,39,0.992363188936944,node
auc_cc,alpha,communication,22,7Networks_LH_DorsAttn_PrCv_1,0.237206963731079,-0.0940460155378779,0.521173624577726,0.157473831431412,39,0.960245749623527,node
auc_cc,alpha,imagination,22,7Networks_LH_DorsAttn_PrCv_1,0.199975423357305,-0.132644024040205,0.492112555732187,0.235351657175171,39,0.960245749623527,node
auc_cc,alpha,total,23,7Networks_LH_DorsAttn_FEF_1,-0.133393276435134,-0.438466111022306,0.199243065758088,0.431236604956294,39,0.960245749623527,node
auc_cc,alpha,social,23,7Networks_LH_DorsAttn_FEF_1,0.0540852279731712,-0.274754345913068,0.371597524081956,0.750539006604862,39,0.960245749623527,node
auc_cc,alpha,switching,23,7Networks_LH_DorsAttn_FEF_1,-0.105091581050849,-0.414984931221962,0.226650912744285,0.535900212151746,39,0.960245749623527,node
auc_cc,alpha,detail,23,7Networks_LH_DorsAttn_FEF_1,-0.0334371327237437,-0.353630263442881,0.293770226817047,0.844246962385572,39,0.960245749623527,node
auc_cc,alpha,communication,23,7Networks_LH_DorsAttn_FEF_1,-0.193101282095917,-0.486674780375441,0.139661815331052,0.252171128434458,39,0.960245749623527,node
auc_cc,alpha,imagination,23,7Networks_LH_DorsAttn_FEF_1,-0.148198543951917,-0.450585944406861,0.184695024578451,0.381375758956179,39,0.960245749623527,node
auc_cc,alpha,total,24,7Networks_LH_SalVentAttn_ParOper_1,-0.280562174224494,-0.554204504125182,0.0478085773201776,0.0925706005054239,39,0.683918060594403,node
auc_cc,alpha,social,24,7Networks_LH_SalVentAttn_ParOper_1,-0.333997923742881,-0.593763292378336,-0.0111837478225774,0.0433489114529662,39,0.649584429834927,node
auc_cc,alpha,switching,24,7Networks_LH_SalVentAttn_ParOper_1,-0.0951319476967009,-0.406622301645162,0.236172613327856,0.575427181890972,39,0.881816426500722,node
auc_cc,alpha,detail,24,7Networks_LH_SalVentAttn_ParOper_1,0.247194802941465,-0.0835193844624719,0.528859194612708,0.140207076901555,39,0.84124246140933,node
auc_cc,alpha,communication,24,7Networks_LH_SalVentAttn_ParOper_1,-0.308559844828209,-0.575086652151503,0.017182609317274,0.0631540417895068,39,0.649584429834927,node
auc_cc,alpha,imagination,24,7Networks_LH_SalVentAttn_ParOper_1,-0.325205337332942,-0.587339273463975,-0.00131990077841854,0.049529530269258,39,0.649584429834927,node
auc_cc,alpha,total,25,7Networks_LH_SalVentAttn_FrOperIns_1,0.33576838020005,0.0131775389430641,0.595052826217037,0.0421831931604155,39,0.649584429834927,node
auc_cc,alpha,social,25,7Networks_LH_SalVentAttn_FrOperIns_1,0.419981178860977,0.1110717716075,0.654886054444751,0.00965734626421492,39,0.347664465511737,node
auc_cc,alpha,switching,25,7Networks_LH_SalVentAttn_FrOperIns_1,0.12612455923948,-0.206332233399689,0.432474932095717,0.45697808743607,39,0.881816426500722,node
auc_cc,alpha,detail,25,7Networks_LH_SalVentAttn_FrOperIns_1,0.0191505052712239,-0.306777642008286,0.341058677059283,0.910426974747477,39,0.965088518551356,node
auc_cc,alpha,communication,25,7Networks_LH_SalVentAttn_FrOperIns_1,0.0423167869710919,-0.285624119023236,0.361386098107969,0.803608672415137,39,0.949732876785183,node
auc_cc,alpha,imagination,25,7Networks_LH_SalVentAttn_FrOperIns_1,0.31696244551116,-0.00787039262299383,0.58128672418775,0.055947318099071,39,0.649584429834927,node
auc_cc,alpha,total,26,7Networks_LH_SalVentAttn_FrOperIns_2,-0.277273237023117,-0.551728622093594,0.051366193141544,0.0966218773349754,39,0.683918060594403,node
auc_cc,alpha,social,26,7Networks_LH_SalVentAttn_FrOperIns_2,-0.043179626876225,-0.362137389708345,0.284830023886907,0.799684977171005,39,0.949732876785183,node
auc_cc,alpha,switching,26,7Networks_LH_SalVentAttn_FrOperIns_2,-0.130303064648256,-0.435922338869414,0.20226120459924,0.442080659235828,39,0.881816426500722,node
auc_cc,alpha,detail,26,7Networks_LH_SalVentAttn_FrOperIns_2,-0.168681309187734,-0.467171682872969,0.164324685949059,0.318276151181176,39,0.881816426500722,node
auc_cc,alpha,communication,26,7Networks_LH_SalVentAttn_FrOperIns_2,-0.106584123426041,-0.41623365276465,0.225218514229564,0.530091554414987,39,0.881816426500722,node
auc_cc,alpha,imagination,26,7Networks_LH_SalVentAttn_FrOperIns_2,-0.421369912539858,-0.655848670090153,-0.112737980212233,0.00939560274381628,39,0.347664465511737,node
auc_cc,alpha,total,27,7Networks_LH_SalVentAttn_PFCl_1,0.021491825741738,-0.304654270031921,0.343126852464676,0.899528385616903,39,0.965088518551356,node
auc_cc,alpha,social,27,7Networks_LH_SalVentAttn_PFCl_1,0.133324931886471,-0.199309884618709,0.438409904590048,0.431474829830184,39,0.881816426500722,node
auc_cc,alpha,switching,27,7Networks_LH_SalVentAttn_PFCl_1,0.0189260883092978,-0.306980998229017,0.34086027741337,0.911472489742948,39,0.965088518551356,node
auc_cc,alpha,detail,27,7Networks_LH_SalVentAttn_PFCl_1,-0.0365954127183917,-0.356393881849409,0.290878287498899,0.829741700915605,39,0.949732876785183,node
auc_cc,alpha,communication,27,7Networks_LH_SalVentAttn_PFCl_1,0.0803905063729001,-0.250150046371922,0.394148062863167,0.636227762335386,39,0.898203899767604,node
auc_cc,alpha,imagination,27,7Networks_LH_SalVentAttn_PFCl_1,-0.220615656540523,-0.508304117001209,0.111370145658751,0.189476576373082,39,0.881816426500722,node
auc_cc,alpha,total,28,7Networks_LH_SalVentAttn_Med_1,-0.0334458179283553,-0.353637871009182,0.293762282248874,0.844207001586829,39,0.949732876785183,node
auc_cc,alpha,social,28,7Networks_LH_SalVentAttn_Med_1,0.0352943211782537,-0.292070382014316,0.355256053288366,0.835710882183536,39,0.949732876785183,node
auc_cc,alpha,switching,28,7Networks_LH_SalVentAttn_Med_1,0.00332509754618493,-0.321045321344557,0.326997306795494,0.98441702465214,39,0.98441702465214,node
auc_cc,alpha,detail,28,7Networks_LH_SalVentAttn_Med_1,-0.0111054823441144,-0.333928378684081,0.314049127740747,0.947986592729468,39,0.98441702465214,node
auc_cc,alpha,communication,28,7Networks_LH_SalVentAttn_Med_1,-0.159228883402058,-0.459543678534816,0.173760655158721,0.346534318679156,39,0.881816426500722,node
auc_cc,alpha,imagination,28,7Networks_LH_SalVentAttn_Med_1,0.0297592865023437,-0.297130384551166,0.350404943691704,0.861202041864016,39,0.95394687714168,node
auc_cc,alpha,total,29,7Networks_LH_SalVentAttn_Med_2,-0.154690077078755,-0.455865098836902,0.178269934695338,0.360629159786794,39,0.881816426500722,node
auc_cc,alpha,social,29,7Networks_LH_SalVentAttn_Med_2,-0.0561371680145144,-0.373370152976109,0.272850452764002,0.741392880138532,39,0.949732876785183,node
auc_cc,alpha,switching,29,7Networks_LH_SalVentAttn_Med_2,-0.0899339848235977,-0.402236991001804,0.241116878277789,0.596565619263396,39,0.881816426500722,node
auc_cc,alpha,detail,29,7Networks_LH_SalVentAttn_Med_2,0.0436639262517636,-0.284384112592173,0.362558897155627,0.797484775186275,39,0.949732876785183,node
auc_cc,alpha,communication,29,7Networks_LH_SalVentAttn_Med_2,-0.204803336695347,-0.495918086742382,0.127695203857829,0.224003337698864,39,0.881816426500722,node
auc_cc,alpha,imagination,29,7Networks_LH_SalVentAttn_Med_2,-0.161867914660282,-0.461677815303552,0.171132356423764,0.338495572351999,39,0.881816426500722,node
auc_cc,alpha,total,30,7Networks_LH_SalVentAttn_Med_3,0.105977596559227,-0.22580077339231,0.415726348611366,0.532448333370534,39,0.881816426500722,node
auc_cc,alpha,social,30,7Networks_LH_SalVentAttn_Med_3,0.0860994680361754,-0.244753261838697,0.398992753449084,0.612372518403279,39,0.881816426500722,node
auc_cc,alpha,switching,30,7Networks_LH_SalVentAttn_Med_3,0.271177439172845,-0.0579379841555827,0.547126933775173,0.1044874814797,39,0.683918060594403,node
auc_cc,alpha,detail,30,7Networks_LH_SalVentAttn_Med_3,-0.106987375448297,-0.416570829475485,0.224831265484963,0.528527450058926,39,0.881816426500722,node
auc_cc,alpha,communication,30,7Networks_LH_SalVentAttn_Med_3,-0.0338743943721509,-0.354013218156889,0.293370196777906,0.842235591147143,39,0.949732876785183,node
auc_cc,alpha,imagination,30,7Networks_LH_SalVentAttn_Med_3,0.0541212906809195,-0.274720907365968,0.371628697913919,0.750377970098863,39,0.949732876785183,node
auc_cc,alpha,total,31,7Networks_LH_Limbic_OFC_1,-0.100130242871827,-0.410825666733421,0.231402036566602,0.55542615172552,39,0.958269488102226,node
auc_cc,alpha,social,31,7Networks_LH_Limbic_OFC_1,-0.0437331809909278,-0.362619161998066,0.28432033574123,0.797170271925792,39,0.958269488102226,node
auc_cc,alpha,switching,31,7Networks_LH_Limbic_OFC_1,-0.0671143037236,-0.382813892908429,0.262621359404965,0.693083448212479,39,0.958269488102226,node
auc_cc,alpha,detail,31,7Networks_LH_Limbic_OFC_1,0.114257087183961,-0.217832032072982,0.42263478138292,0.500721461521663,39,0.958269488102226,node
auc_cc,alpha,communication,31,7Networks_LH_Limbic_OFC_1,-0.134779483894904,-0.439605610692993,0.197887135351595,0.426420546293609,39,0.958269488102226,node
auc_cc,alpha,imagination,31,7Networks_LH_Limbic_OFC_1,-0.197393673043536,-0.490072937176162,0.135283641932101,0.241577193594184,39,0.958269488102226,node
auc_cc,alpha,total,32,7Networks_LH_Limbic_TempPole_1,0.00344106188018834,-0.320941304403187,0.327100868641354,0.983873630679858,39,0.983873630679858,node
auc_cc,alpha,social,32,7Networks_LH_Limbic_TempPole_1,0.0414283591709861,-0.286441293109969,0.360612093474971,0.807653677564219,39,0.958269488102226,node
auc_cc,alpha,switching,32,7Networks_LH_Limbic_TempPole_1,0.0225981257551456,-0.303649824024248,0.344103004643014,0.894384855562077,39,0.958269488102226,node
auc_cc,alpha,detail,32,7Networks_LH_Limbic_TempPole_1,0.0581913298464741,-0.27094191356274,0.37514238392644,0.73227171753266,39,0.958269488102226,node
auc_cc,alpha,communication,32,7Networks_LH_Limbic_TempPole_1,-0.124906578370552,-0.431468368356581,0.207516723716189,0.461370687158093,39,0.958269488102226,node
auc_cc,alpha,imagination,32,7Networks_LH_Limbic_TempPole_1,-0.00972405642740362,-0.332700293898901,0.315293902360463,0.954449405300593,39,0.983873630679858,node
auc_cc,alpha,total,33,7Networks_LH_Limbic_TempPole_2,0.0498665299578894,-0.278660582168962,0.367945790249818,0.769447475898939,39,0.958269488102226,node
auc_cc,alpha,social,33,7Networks_LH_Limbic_TempPole_2,0.0741427715180888,-0.256032697915086,0.388826104091919,0.662753444370612,39,0.958269488102226,node
auc_cc,alpha,switching,33,7Networks_LH_Limbic_TempPole_2,0.188878557949766,-0.143956271151533,0.483323084930668,0.262891018688776,39,0.958269488102226,node
auc_cc,alpha,detail,33,7Networks_LH_Limbic_TempPole_2,-0.0666995532883889,-0.38245827430122,0.263009198426367,0.694888580006055,39,0.958269488102226,node
auc_cc,alpha,communication,33,7Networks_LH_Limbic_TempPole_2,-0.0527524366121364,-0.37044491144662,0.275989596911936,0.756497769141232,39,0.958269488102226,node
auc_cc,alpha,imagination,33,7Networks_LH_Limbic_TempPole_2,-0.0509527729766275,-0.368886988485609,0.277655830747119,0.764565831124995,39,0.958269488102226,node
auc_cc,alpha,total,34,7Networks_LH_Cont_Par_1,-0.0494807236201723,-0.36761134325576,0.279017271740861,0.771183430209902,39,0.963124844319701,node
auc_cc,alpha,social,34,7Networks_LH_Cont_Par_1,0.00447651709252301,-0.320012181437686,0.328025236502863,0.979021966011084,39,0.979021966011084,node
auc_cc,alpha,switching,34,7Networks_LH_Cont_Par_1,-0.0791509784034192,-0.393093876097005,0.251319086930171,0.641456336480883,39,0.963124844319701,node
auc_cc,alpha,detail,34,7Networks_LH_Cont_Par_1,0.0506264093987739,-0.277957785603155,0.368604272364906,0.766031599074308,39,0.963124844319701,node
auc_cc,alpha,communication,34,7Networks_LH_Cont_Par_1,0.114383104832645,-0.217710401118235,0.422739654752226,0.50024608776712,39,0.963124844319701,node
auc_cc,alpha,imagination,34,7Networks_LH_Cont_Par_1,-0.29874629947366,-0.567806510145889,0.0279874363326728,0.0724786674838393,39,0.866234569727083,node
auc_cc,alpha,total,35,7Networks_LH_Cont_PFCl_1,0.0531205135678837,-0.275648566180206,0.370763326267713,0.754850736927968,39,0.963124844319701,node
auc_cc,alpha,social,35,7Networks_LH_Cont_PFCl_1,0.0609347164828894,-0.268388967603138,0.377505636425811,0.720146556875814,39,0.963124844319701,node
auc_cc,alpha,switching,35,7Networks_LH_Cont_PFCl_1,0.178733880384453,-0.154222294690803,0.475235534124836,0.289858184694326,39,0.866234569727083,node
auc_cc,alpha,detail,35,7Networks_LH_Cont_PFCl_1,-0.16035980702945,-0.460458660820452,0.172634911379275,0.343075289555312,39,0.866234569727083,node
auc_cc,alpha,communication,35,7Networks_LH_Cont_PFCl_1,-0.00497169464984907,-0.328467070745757,0.319567633584646,0.976702044535629,39,0.979021966011084,node
auc_cc,alpha,imagination,35,7Networks_LH_Cont_PFCl_1,0.0685910857009039,-0.261239533974652,0.384079367817512,0.686669581145536,39,0.963124844319701,node
auc_cc,alpha,total,36,7Networks_LH_Cont_pCun_1,-0.136383669706571,-0.440923070732464,0.196316396859299,0.420884812063845,39,0.927533943535379,node
auc_cc,alpha,social,36,7Networks_LH_Cont_pCun_1,-0.216019382562332,-0.504716014434625,0.116134004518518,0.199100118124644,39,0.866234569727083,node
auc_cc,alpha,switching,36,7Networks_LH_Cont_pCun_1,0.0416558730898794,-0.286232071697443,0.36081034710524,0.806617335328091,39,0.963124844319701,node
auc_cc,alpha,detail,36,7Networks_LH_Cont_pCun_1,-0.0466546267313822,-0.365158950566336,0.281627322395353,0.783932518473248,39,0.963124844319701,node
auc_cc,alpha,communication,36,7Networks_LH_Cont_pCun_1,-0.0846555047158938,-0.397769037751387,0.246120206026664,0.618370457948215,39,0.963124844319701,node
auc_cc,alpha,imagination,36,7Networks_LH_Cont_pCun_1,-0.0489092089809384,-0.367115758552589,0.279545487686125,0.773757001156777,39,0.963124844319701,node
auc_cc,alpha,total,37,7Networks_LH_Cont_Cing_1,0.0658887294640559,-0.263767103631054,0.381762780994589,0.698422330041948,39,0.963124844319701,node
auc_cc,alpha,social,37,7Networks_LH_Cont_Cing_1,-0.00655663056472441,-0.329880317280861,0.318143789246199,0.969277932514103,39,0.979021966011084,node
auc_cc,alpha,switching,37,7Networks_LH_Cont_Cing_1,0.195391938155598,-0.13732699890143,0.488489330061539,0.246479721951105,39,0.866234569727083,node
auc_cc,alpha,detail,37,7Networks_LH_Cont_Cing_1,0.174645089850593,-0.158339765751116,0.471961635719989,0.301213222261521,39,0.866234569727083,node
auc_cc,alpha,communication,37,7Networks_LH_Cont_Cing_1,-0.169068040762866,-0.467482827727958,0.163937325532384,0.317151673865578,39,0.866234569727083,node
auc_cc,alpha,imagination,37,7Networks_LH_Cont_Cing_1,-0.0538346422372417,-0.371380889468712,0.274986675412651,0.751658273425029,39,0.963124844319701,node
auc_cc,alpha,total,38,7Networks_LH_Default_Temp_1,0.212504656032976,-0.11976659953177,0.50196548031858,0.206685987144518,39,0.967983909841582,node
auc_cc,alpha,social,38,7Networks_LH_Default_Temp_1,0.248204377444753,-0.0824512254505399,0.529633492667701,0.138542578432133,39,0.950006252106054,node
auc_cc,alpha,switching,38,7Networks_LH_Default_Temp_1,0.0941361582438317,-0.237121131377364,0.405783304472538,0.579450420686086,39,0.967983909841582,node
auc_cc,alpha,detail,38,7Networks_LH_Default_Temp_1,0.0143617269658089,-0.311110562562952,0.336818843510098,0.932766365924396,39,0.967983909841582,node
auc_cc,alpha,communication,38,7Networks_LH_Default_Temp_1,0.0505079523643523,-0.278067367180225,0.368501643074277,0.766563813199513,39,0.967983909841582,node
auc_cc,alpha,imagination,38,7Networks_LH_Default_Temp_1,0.174834332082048,-0.158149451348143,0.472113343347955,0.30068150798452,39,0.967983909841582,node
auc_cc,alpha,total,39,7Networks_LH_Default_Temp_2,-0.0505139399557218,-0.368506830814215,0.278061828417591,0.766536909095205,39,0.967983909841582,node
auc_cc,alpha,social,39,7Networks_LH_Default_Temp_2,-0.135574030316887,-0.440258307040916,0.197109368720374,0.423673661578695,39,0.967983909841582,node
auc_cc,alpha,switching,39,7Networks_LH_Default_Temp_2,0.0783234341268871,-0.252099035430568,0.392389611172838,0.644956593585174,39,0.967983909841582,node
auc_cc,alpha,detail,39,7Networks_LH_Default_Temp_2,0.281660777093298,-0.0466183686857683,0.555030444962417,0.0912468253536225,39,0.936820529048345,node
auc_cc,alpha,communication,39,7Networks_LH_Default_Temp_2,-0.315919462653286,-0.580518797653393,0.00902935344657351,0.0568045113897987,39,0.936820529048345,node
auc_cc,alpha,imagination,39,7Networks_LH_Default_Temp_2,-0.0713581371633288,-0.386447305638484,0.258646758320877,0.67471010055212,39,0.967983909841582,node
auc_cc,alpha,total,40,7Networks_LH_Default_Par_1,-0.274496486052255,-0.549634536400236,0.0543633017346373,0.100146660602691,39,0.936820529048345,node
auc_cc,alpha,social,40,7Networks_LH_Default_Par_1,-0.109935611388143,-0.419033393933361,0.221996843717637,0.517160782839578,39,0.967983909841582,node
auc_cc,alpha,switching,40,7Networks_LH_Default_Par_1,0.0602481196025566,-0.269028336531803,0.376914563663807,0.723174985937676,39,0.967983909841582,node
auc_cc,alpha,detail,40,7Networks_LH_Default_Par_1,-0.305326338017109,-0.572692541149007,0.020751161675126,0.0661153491944935,39,0.936820529048345,node
auc_cc,alpha,communication,40,7Networks_LH_Default_Par_1,-0.366493294608675,-0.617221075461786,-0.0481916706699164,0.0256781644026851,39,0.936820529048345,node
auc_cc,alpha,imagination,40,7Networks_LH_Default_Par_1,-0.0537434618093206,-0.371302054228287,0.275071203431045,0.752065664269475,39,0.967983909841582,node
auc_cc,alpha,total,41,7Networks_LH_Default_Par_2,-0.130186100072568,-0.435825961037858,0.202375317269054,0.442494015726721,39,0.967983909841582,node
auc_cc,alpha,social,41,7Networks_LH_Default_Par_2,-0.138245189496455,-0.442450226707021,0.194491546969434,0.414511941769318,39,0.967983909841582,node
auc_cc,alpha,switching,41,7Networks_LH_Default_Par_2,-0.0306265609762852,-0.35116619354234,0.296338753164419,0.857198051144213,39,0.967983909841582,node
auc_cc,alpha,detail,41,7Networks_LH_Default_Par_2,0.0859651655504591,-0.244880456302749,0.398878983102822,0.612929345876642,39,0.967983909841582,node
auc_cc,alpha,communication,41,7Networks_LH_Default_Par_2,-0.0519297696145032,-0.369732971303982,0.276751515376843,0.760182770419664,39,0.967983909841582,node
auc_cc,alpha,imagination,41,7Networks_LH_Default_Par_2,-0.276512940224814,-0.551155588378842,0.0521874145868704,0.0975774142217363,39,0.936820529048345,node
auc_cc,alpha,total,42,7Networks_LH_Default_PFC_1,0.047228441491364,-0.281097766736269,0.365657245805197,0.781339315646387,39,0.967983909841582,node
auc_cc,alpha,social,42,7Networks_LH_Default_PFC_1,0.0724586135823689,-0.257614269355129,0.387387898571355,0.669975284879075,39,0.967983909841582,node
auc_cc,alpha,switching,42,7Networks_LH_Default_PFC_1,0.0348936398067416,-0.292437292146881,0.35490545897732,0.837550978856358,39,0.967983909841582,node
auc_cc,alpha,detail,42,7Networks_LH_Default_PFC_1,0.0607311391068748,-0.268578572060986,0.37733040904553,0.721044056762697,39,0.967983909841582,node
auc_cc,alpha,communication,42,7Networks_LH_Default_PFC_1,-0.0704226335598385,-0.385647201604096,0.259523873942777,0.678744835308646,39,0.967983909841582,node
auc_cc,alpha,imagination,42,7Networks_LH_Default_PFC_1,0.0139397629139648,-0.311491711075512,0.33644462188068,0.934737484220598,39,0.967983909841582,node
auc_cc,alpha,total,43,7Networks_LH_Default_PFC_2,0.0643000183461403,-0.265250947934629,0.380399008150287,0.705364380685215,39,0.967983909841582,node
auc_cc,alpha,social,43,7Networks_LH_Default_PFC_2,0.156076140449498,-0.17689436990818,0.456989558040385,0.356288852005068,39,0.967983909841582,node
auc_cc,alpha,switching,43,7Networks_LH_Default_PFC_2,-0.0866442009350761,-0.399454108923592,0.244237242392524,0.610116215033146,39,0.967983909841582,node
auc_cc,alpha,detail,43,7Networks_LH_Default_PFC_2,0.119823479623762,-0.212449553105261,0.427259337747736,0.479943831489977,39,0.967983909841582,node
auc_cc,alpha,communication,43,7Networks_LH_Default_PFC_2,-0.128188689660236,-0.434179028954415,0.204322632594267,0.449585474478569,39,0.967983909841582,node
auc_cc,alpha,imagination,43,7Networks_LH_Default_PFC_2,0.111978077115866,-0.220029930725873,0.420736736138874,0.509357880770327,39,0.967983909841582,node
auc_cc,alpha,total,44,7Networks_LH_Default_PFC_3,-0.177817323500213,-0.474502359424492,0.155146287422106,0.292379269409542,39,0.967983909841582,node
auc_cc,alpha,social,44,7Networks_LH_Default_PFC_3,-0.0226679558255993,-0.344164596423469,0.303586398676129,0.894060334271111,39,0.967983909841582,node
auc_cc,alpha,switching,44,7Networks_LH_Default_PFC_3,-0.175541791314718,-0.472680328081426,0.15743776474524,0.298699059468559,39,0.967983909841582,node
auc_cc,alpha,detail,44,7Networks_LH_Default_PFC_3,-0.0289556089061766,-0.349699137587989,0.297863564992025,0.864915472018542,39,0.967983909841582,node
auc_cc,alpha,communication,44,7Networks_LH_Default_PFC_3,-0.185118125355837,-0.480331039460797,0.147770058708105,0.272686973193607,39,0.967983909841582,node
auc_cc,alpha,imagination,44,7Networks_LH_Default_PFC_3,-0.102413464282907,-0.41274137930042,0.229217518876334,0.546399101448295,39,0.967983909841582,node
auc_cc,alpha,total,45,7Networks_LH_Default_PFC_4,0.0646362522717307,-0.264937038136741,0.380687750998417,0.703893188207115,39,0.967983909841582,node
auc_cc,alpha,social,45,7Networks_LH_Default_PFC_4,0.0685334225053071,-0.261293514821398,0.384029977655043,0.686919619446273,39,0.967983909841582,node
auc_cc,alpha,switching,45,7Networks_LH_Default_PFC_4,0.0595738340340322,-0.269655958658923,0.376333838260461,0.726153153686733,39,0.967983909841582,node
auc_cc,alpha,detail,45,7Networks_LH_Default_PFC_4,0.0420097518190673,-0.285906583268874,0.361118656609424,0.805006038082276,39,0.967983909841582,node
auc_cc,alpha,communication,45,7Networks_LH_Default_PFC_4,-0.173765473236094,-0.471256252453791,0.159224041276506,0.303692538720115,39,0.967983909841582,node
auc_cc,alpha,imagination,45,7Networks_LH_Default_PFC_4,0.210599592309613,-0.12173183972125,0.500472175793512,0.210880503906597,39,0.967983909841582,node
auc_cc,alpha,total,46,7Networks_LH_Default_PFC_5,-0.23354392023761,-0.518343348538445,0.0978881866064019,0.164177311458247,39,0.967983909841582,node
auc_cc,alpha,social,46,7Networks_LH_Default_PFC_5,-0.260564790686241,-0.539075500152899,0.0693116712840582,0.119328515811735,39,0.936820529048345,node
auc_cc,alpha,switching,46,7Networks_LH_Default_PFC_5,-0.182320976825714,-0.478100980436406,0.150600488414438,0.280126475541543,39,0.967983909841582,node
auc_cc,alpha,detail,46,7Networks_LH_Default_PFC_5,0.0969390502655926,-0.234449682230167,0.408143525731702,0.568158465123562,39,0.967983909841582,node
auc_cc,alpha,communication,46,7Networks_LH_Default_PFC_5,-0.159072115787474,-0.459416794187849,0.173916636098369,0.347015476282492,39,0.967983909841582,node
auc_cc,alpha,imagination,46,7Networks_LH_Default_PFC_5,-0.120025679762392,-0.42742702329066,0.212253653407872,0.479197645891751,39,0.967983909841582,node
auc_cc,alpha,total,47,7Networks_LH_Default_PFC_6,-0.316172300654404,-0.580705000235115,0.00874848042037985,0.0565957588135654,39,0.936820529048345,node
auc_cc,alpha,social,47,7Networks_LH_Default_PFC_6,-0.343642254632706,-0.600771733624985,-0.0220758470098179,0.0373021224631514,39,0.936820529048345,node
auc_cc,alpha,switching,47,7Networks_LH_Default_PFC_6,-0.192902832046253,-0.48651745827627,0.139863917177345,0.25266829092168,39,0.967983909841582,node
auc_cc,alpha,detail,47,7Networks_LH_Default_PFC_6,0.00970476285723261,-0.315311279486265,0.332683134194584,0.95453968887156,39,0.967983909841582,node
auc_cc,alpha,communication,47,7Networks_LH_Default_PFC_6,-0.169263504942199,-0.467640060292293,0.163741504443595,0.316584282953193,39,0.967983909841582,node
auc_cc,alpha,imagination,47,7Networks_LH_Default_PFC_6,-0.146357295327886,-0.449084713148102,0.186512261842035,0.387385289773063,39,0.967983909841582,node
auc_cc,alpha,total,48,7Networks_LH_Default_PFC_7,-0.0493830343791135,-0.367526645551921,0.279107574005147,0.771623161987862,39,0.967983909841582,node
auc_cc,alpha,social,48,7Networks_LH_Default_PFC_7,-0.0895732237556346,-0.401932098768734,0.241459395064199,0.598045177829311,39,0.967983909841582,node
auc_cc,alpha,switching,48,7Networks_LH_Default_PFC_7,-0.0302434520321052,-0.350829972050608,0.296688503011707,0.858966342692001,39,0.967983909841582,node
auc_cc,alpha,detail,48,7Networks_LH_Default_PFC_7,0.104268045091313,-0.227440649421793,0.414295427430471,0.539118306772695,39,0.967983909841582,node
auc_cc,alpha,communication,48,7Networks_LH_Default_PFC_7,-0.235259545276965,-0.519669715375901,0.0960898945004931,0.161012524831252,39,0.967983909841582,node
auc_cc,alpha,imagination,48,7Networks_LH_Default_PFC_7,0.162780765358402,-0.170222113559532,0.46241521409365,0.335741817038974,39,0.967983909841582,node
auc_cc,alpha,total,49,7Networks_LH_Default_pCunPCC_1,0.0103430246498124,-0.314736301019457,0.333250690860256,0.951553268383319,39,0.967983909841582,node
auc_cc,alpha,social,49,7Networks_LH_Default_pCunPCC_1,0.11972652822427,-0.212543474081941,0.427178927985487,0.480301829135257,39,0.967983909841582,node
auc_cc,alpha,switching,49,7Networks_LH_Default_pCunPCC_1,0.171137790272447,-0.161862463531919,0.46914678870708,0.311175999204294,39,0.967983909841582,node
auc_cc,alpha,detail,49,7Networks_LH_Default_pCunPCC_1,-0.335710567973313,-0.595010739042282,-0.0131123934397889,0.0422208536097172,39,0.936820529048345,node
auc_cc,alpha,communication,49,7Networks_LH_Default_pCunPCC_1,-0.0206869709496281,-0.342416245903538,0.305384568471155,0.903272953762266,39,0.967983909841582,node
auc_cc,alpha,imagination,49,7Networks_LH_Default_pCunPCC_1,0.0850871259139968,-0.245711744774136,0.398134940566004,0.616575015056838,39,0.967983909841582,node
auc_cc,alpha,total,50,7Networks_LH_Default_pCunPCC_2,-0.0674151667672972,-0.383071802747215,0.26233995140732,0.691775033612588,39,0.967983909841582,node
auc_cc,alpha,social,50,7Networks_LH_Default_pCunPCC_2,-0.0200252505960271,-0.341831736943901,0.305984704298535,0.906353138009913,39,0.967983909841582,node
auc_cc,alpha,switching,50,7Networks_LH_Default_pCunPCC_2,0.12064342566806,-0.211654990633898,0.427939191938877,0.476921715336746,39,0.967983909841582,node
auc_cc,alpha,detail,50,7Networks_LH_Default_pCunPCC_2,-0.100853177551752,-0.411432534324448,0.230710715879901,0.552560401422991,39,0.967983909841582,node
auc_cc,alpha,communication,50,7Networks_LH_Default_pCunPCC_2,-0.0101739337750397,-0.333100354254331,0.314888649855245,0.952344381175239,39,0.967983909841582,node
auc_cc,alpha,imagination,50,7Networks_LH_Default_pCunPCC_2,-0.24891960815601,-0.530181758634249,0.0816940306529496,0.13737220940694,39,0.950006252106054,node
auc_cc,alpha,total,51,7Networks_RH_Vis_1,-0.208644898240479,-0.498938173074585,0.123745573235116,0.215245119738625,39,0.877282634357584,node
auc_cc,alpha,social,51,7Networks_RH_Vis_1,-0.350747102089107,-0.605909596096108,-0.030149039984839,0.0333020280494779,39,0.739767479107638,node
auc_cc,alpha,switching,51,7Networks_RH_Vis_1,0.0805419194719811,-0.250007177494917,0.394276779261155,0.635590251758239,39,0.902146710004708,node
auc_cc,alpha,detail,51,7Networks_RH_Vis_1,-0.07458653833872,-0.389204808608902,0.255615667644687,0.660855474898049,39,0.902146710004708,node
auc_cc,alpha,communication,51,7Networks_RH_Vis_1,-0.0548849913956773,-0.372288698715291,0.274012591726857,0.746970149248089,39,0.926736405307163,node
auc_cc,alpha,imagination,51,7Networks_RH_Vis_1,-0.158034814302537,-0.458576915587989,0.174948311426996,0.350209442230649,39,0.877282634357584,node
auc_cc,alpha,total,52,7Networks_RH_Vis_2,-0.0970633165478309,-0.408248069973323,0.234331127487273,0.567660176152115,39,0.877292999507815,node
auc_cc,alpha,social,52,7Networks_RH_Vis_2,-0.139530668683792,-0.44350378091105,0.193230044478612,0.410143182992003,39,0.877282634357584,node
auc_cc,alpha,switching,52,7Networks_RH_Vis_2,-0.12449246025357,-0.431125958895801,0.207919232985398,0.46286930963331,39,0.877292999507815,node
auc_cc,alpha,detail,52,7Networks_RH_Vis_2,0.0761721163148929,-0.254124614722568,0.39055705078582,0.654091127112728,39,0.902146710004708,node
auc_cc,alpha,communication,52,7Networks_RH_Vis_2,0.125749096473959,-0.206697476063754,0.432164723551996,0.458329777751043,39,0.877292999507815,node
auc_cc,alpha,imagination,52,7Networks_RH_Vis_2,-0.224225858338209,-0.511115451166787,0.107617582734538,0.182151071165213,39,0.877282634357584,node
auc_cc,alpha,total,53,7Networks_RH_Vis_3,-0.351667990632928,-0.606573980965463,-0.0311985109346933,0.0328102818982883,39,0.739767479107638,node
auc_cc,alpha,social,53,7Networks_RH_Vis_3,-0.220463208727385,-0.508185267846931,0.111528396893575,0.189790411837889,39,0.877282634357584,node
auc_cc,alpha,switching,53,7Networks_RH_Vis_3,-0.167535943565405,-0.466249745148247,0.165471311764892,0.321621096517348,39,0.877282634357584,node
auc_cc,alpha,detail,53,7Networks_RH_Vis_3,-0.176864096878014,-0.473739414836737,0.156106629789311,0.295016112789666,39,0.877282634357584,node
auc_cc,alpha,communication,53,7Networks_RH_Vis_3,-0.182242019706908,-0.478037975566626,0.150680305854242,0.280338370943791,39,0.877282634357584,node
auc_cc,alpha,imagination,53,7Networks_RH_Vis_3,-0.246035187754402,-0.527969243170179,0.0847453537953291,0.14213704847244,39,0.877282634357584,node
auc_cc,alpha,total,54,7Networks_RH_Vis_4,0.101914989046606,-0.229694730241365,0.412323373108378,0.548363949441691,39,0.877292999507815,node
auc_cc,alpha,social,54,7Networks_RH_Vis_4,0.109979514388404,-0.22195459312172,0.419070030334827,0.516992438480437,39,0.877292999507815,node
auc_cc,alpha,switching,54,7Networks_RH_Vis_4,0.115759609357515,-0.216381140893936,0.423884660457226,0.495068476594791,39,0.877292999507815,node
auc_cc,alpha,detail,54,7Networks_RH_Vis_4,-0.0202210183914555,-0.342004687940049,0.305807183066158,0.905441733244627,39,0.954539469804986,node
auc_cc,alpha,communication,54,7Networks_RH_Vis_4,0.104867685722111,-0.226865662221745,0.414797510543017,0.53677420136321,39,0.877292999507815,node
auc_cc,alpha,imagination,54,7Networks_RH_Vis_4,-0.072115238081365,-0.387094480974429,0.257936512034832,0.67145132784179,39,0.902146710004708,node
auc_cc,alpha,total,55,7Networks_RH_Vis_5,-0.245537816012941,-0.527587343344291,0.0852708788371759,0.142970786042587,39,0.877282634357584,node
auc_cc,alpha,social,55,7Networks_RH_Vis_5,-0.288987836297571,-0.560525251408963,0.0386564401535586,0.0827868001354807,39,0.877282634357584,node
auc_cc,alpha,switching,55,7Networks_RH_Vis_5,-0.284935395203257,-0.557489142529917,0.043065161720938,0.0873872834571226,39,0.877282634357584,node
auc_cc,alpha,detail,55,7Networks_RH_Vis_5,0.159920469649324,-0.173072339865933,0.460103287330148,0.344416526895997,39,0.877282634357584,node
auc_cc,alpha,communication,55,7Networks_RH_Vis_5,-0.0139084634011397,-0.336416859640782,0.311519978892798,0.934883708847203,39,0.954539469804986,node
auc_cc,alpha,imagination,55,7Networks_RH_Vis_5,-0.242679799784866,-0.525390644214054,0.0882871072121151,0.14783131250665,39,0.877282634357584,node
auc_cc,alpha,total,56,7Networks_RH_Vis_6,-0.378056085631281,-0.625461875437043,-0.0615743940965161,0.0210513625415292,39,0.739767479107638,node
auc_cc,alpha,social,56,7Networks_RH_Vis_6,-0.364999323728568,-0.616152294322619,-0.0464708519678697,0.0263330500911301,39,0.739767479107638,node
auc_cc,alpha,switching,56,7Networks_RH_Vis_6,-0.219887430860845,-0.507736289378501,0.112125941763019,0.190979035822238,39,0.877282634357584,node
auc_cc,alpha,detail,56,7Networks_RH_Vis_6,0.0403046587906343,-0.287474187650754,0.359632487649471,0.812776917693173,39,0.926736405307163,node
auc_cc,alpha,communication,56,7Networks_RH_Vis_6,-0.208963579175886,-0.499188391327434,0.123417453560506,0.214529326993236,39,0.877282634357584,node
auc_cc,alpha,imagination,56,7Networks_RH_Vis_6,-0.299434859371549,-0.56831869246925,0.0272318062918975,0.071791145296466,39,0.877282634357584,node
auc_cc,alpha,total,57,7Networks_RH_Vis_7,-0.0117053390965115,-0.3344613090391,0.313508260772967,0.945181239708859,39,0.954539469804986,node
auc_cc,alpha,social,57,7Networks_RH_Vis_7,0.0155658717943402,-0.310022315687989,0.337886187516312,0.9271436577768,39,0.954539469804986,node
auc_cc,alpha,switching,57,7Networks_RH_Vis_7,0.0786794600900591,-0.251763538721992,0.392692645054072,0.643449785504379,39,0.902146710004708,node
auc_cc,alpha,detail,57,7Networks_RH_Vis_7,-0.184035062919728,-0.479468007999295,0.148866654989316,0.275552076270807,39,0.877282634357584,node
auc_cc,alpha,communication,57,7Networks_RH_Vis_7,0.164776569198961,-0.168230029922493,0.464025977605285,0.329769375989531,39,0.877282634357584,node
auc_cc,alpha,imagination,57,7Networks_RH_Vis_7,-0.141852728362905,-0.445404769846363,0.190948503713459,0.402318264759271,39,0.877282634357584,node
auc_cc,alpha,total,58,7Networks_RH_Vis_8,-0.0610914230284603,-0.377640504723044,0.268242999525161,0.719455944808254,39,0.917306329630524,node
auc_cc,alpha,social,58,7Networks_RH_Vis_8,-0.194190594401895,-0.487537998217168,0.13855196396541,0.249453772956867,39,0.877282634357584,node
auc_cc,alpha,switching,58,7Networks_RH_Vis_8,0.0143459737250639,-0.311124793913337,0.336804874474005,0.932839946936306,39,0.954539469804986,node
auc_cc,alpha,detail,58,7Networks_RH_Vis_8,0.113348822600428,-0.21870837482998,0.42187866857239,0.504154450670202,39,0.877292999507815,node
auc_cc,alpha,communication,58,7Networks_RH_Vis_8,0.123983365184012,-0.208413902528079,0.430704897624818,0.46471518880462,39,0.877292999507815,node
auc_cc,alpha,imagination,58,7Networks_RH_Vis_8,-0.251493135888362,-0.53215257357645,0.0789663477094294,0.13322130481878,39,0.877282634357584,node
auc_cc,alpha,total,59,7Networks_RH_SomMot_1,-0.0272309769265507,-0.348183300541666,0.299435614935074,0.872893753171182,39,0.986319505202942,node
auc_cc,alpha,social,59,7Networks_RH_SomMot_1,0.039044878539352,-0.288631259722291,0.35853341419447,0.818529697094548,39,0.986319505202942,node
auc_cc,alpha,switching,59,7Networks_RH_SomMot_1,0.0749388692584094,-0.255284476809414,0.389505407260535,0.659350055716848,39,0.986319505202942,node
auc_cc,alpha,detail,59,7Networks_RH_SomMot_1,-0.0114128654234266,-0.334201492623601,0.313771999010756,0.946548973622257,39,0.986319505202942,node
auc_cc,alpha,communication,59,7Networks_RH_SomMot_1,-0.0104412331427222,-0.333337999279868,0.314647808663756,0.951093808588552,39,0.986319505202942,node
auc_cc,alpha,imagination,59,7Networks_RH_SomMot_1,-0.251138728685112,-0.53188134798919,0.0793422780557191,0.133787357510653,39,0.986319505202942,node
auc_cc,alpha,total,60,7Networks_RH_SomMot_2,-0.0247816537421012,-0.346027619643345,0.301665197047401,0.884245609129113,39,0.986319505202942,node
auc_cc,alpha,social,60,7Networks_RH_SomMot_2,0.01664350643264,-0.309047678531613,0.338840691491326,0.922114624947052,39,0.986319505202942,node
auc_cc,alpha,switching,60,7Networks_RH_SomMot_2,0.0256952208636471,-0.300834007916633,0.346832058645709,0.880008726626282,39,0.986319505202942,node
auc_cc,alpha,detail,60,7Networks_RH_SomMot_2,0.0150538054682012,-0.310485200336989,0.33743239745575,0.929534322387999,39,0.986319505202942,node
auc_cc,alpha,communication,60,7Networks_RH_SomMot_2,0.0416320890784892,-0.286253944897404,0.360789623276582,0.806725658042254,39,0.986319505202942,node
auc_cc,alpha,imagination,60,7Networks_RH_SomMot_2,-0.235907301627626,-0.520170146007852,0.0954103631492201,0.159829156084398,39,0.986319505202942,node
auc_cc,alpha,total,61,7Networks_RH_SomMot_3,-0.163263146311747,-0.462804713055985,0.169740881070655,0.334292227029197,39,0.986319505202942,node
auc_cc,alpha,social,61,7Networks_RH_SomMot_3,-0.0272706779869741,-0.34821821402297,0.299399446249627,0.872709950799993,39,0.986319505202942,node
auc_cc,alpha,switching,61,7Networks_RH_SomMot_3,-0.0707219539635034,-0.385903251632551,0.259243294357271,0.677452931091584,39,0.986319505202942,node
auc_cc,alpha,detail,61,7Networks_RH_SomMot_3,-0.124358468870204,-0.43101515053427,0.208049444127834,0.463354756699807,39,0.986319505202942,node
auc_cc,alpha,communication,61,7Networks_RH_SomMot_3,-0.0575211179516265,-0.374564412242617,0.271564897668296,0.735243776839315,39,0.986319505202942,node
auc_cc,alpha,imagination,61,7Networks_RH_SomMot_3,-0.225487310380521,-0.51209632329746,0.106304154928626,0.1796394490146,39,0.986319505202942,node
auc_cc,alpha,total,62,7Networks_RH_SomMot_4,-0.164230264855381,-0.463585265612402,0.168775586448827,0.331397610207212,39,0.986319505202942,node
auc_cc,alpha,social,62,7Networks_RH_SomMot_4,-0.117106646097407,-0.425004201553313,0.21507914383381,0.490028349257122,39,0.986319505202942,node
auc_cc,alpha,switching,62,7Networks_RH_SomMot_4,-0.0451189463340426,-0.363824482026811,0.28304357061711,0.790883843631946,39,0.986319505202942,node
auc_cc,alpha,detail,62,7Networks_RH_SomMot_4,-0.0542308338239366,-0.371723386344569,0.274619330427207,0.749888873611705,39,0.986319505202942,node
auc_cc,alpha,communication,62,7Networks_RH_SomMot_4,-0.190952299199386,-0.484970151298356,0.14184886851025,0.25758957775808,39,0.986319505202942,node
auc_cc,alpha,imagination,62,7Networks_RH_SomMot_4,-0.0434457827337848,-0.362369053223662,0.284584982492338,0.798475625295128,39,0.986319505202942,node
auc_cc,alpha,total,63,7Networks_RH_SomMot_5,0.00774881832951692,-0.317071808275303,0.33094240621568,0.963695164396789,39,0.987199924504027,node
auc_cc,alpha,social,63,7Networks_RH_SomMot_5,0.0410170277269624,-0.286819473450681,0.360253589645566,0.809528140421115,39,0.986319505202942,node
auc_cc,alpha,switching,63,7Networks_RH_SomMot_5,-0.156180975339467,-0.457074567394832,0.176790276138545,0.355961859230695,39,0.986319505202942,node
auc_cc,alpha,detail,63,7Networks_RH_SomMot_5,0.0781313066103678,-0.252280051451787,0.392226052223006,0.645770314726898,39,0.986319505202942,node
auc_cc,alpha,communication,63,7Networks_RH_SomMot_5,0.0561081369666898,-0.272877407212998,0.373345089794907,0.741522040369312,39,0.986319505202942,node
auc_cc,alpha,imagination,63,7Networks_RH_SomMot_5,0.0106534056257332,-0.314456607912101,0.333526604022841,0.950101231567225,39,0.986319505202942,node
auc_cc,alpha,total,64,7Networks_RH_SomMot_6,-0.0212307869785414,-0.342896421588443,0.304891169939649,0.900742631943717,39,0.986319505202942,node
auc_cc,alpha,social,64,7Networks_RH_SomMot_6,0.208235496009505,-0.124166994561122,0.498616652270295,0.216167095306826,39,0.986319505202942,node
auc_cc,alpha,switching,64,7Networks_RH_SomMot_6,-0.142455168411019,-0.44589751967799,0.190355987916931,0.400302233824569,39,0.986319505202942,node
auc_cc,alpha,detail,64,7Networks_RH_SomMot_6,0.0721428079375128,-0.257910641658435,0.387118042031619,0.671332770482917,39,0.986319505202942,node
auc_cc,alpha,communication,64,7Networks_RH_SomMot_6,-0.14115955464377,-0.444837579212578,0.191629958560312,0.404645119255236,39,0.986319505202942,node
auc_cc,alpha,imagination,64,7Networks_RH_SomMot_6,-0.135884842283203,-0.440513542273087,0.196805006710591,0.422601831181711,39,0.986319505202942,node
auc_cc,alpha,total,65,7Networks_RH_SomMot_7,-0.0511240948677718,-0.369035374458217,0.277497296022822,0.763796710621661,39,0.986319505202942,node
auc_cc,alpha,social,65,7Networks_RH_SomMot_7,-0.0420789725090386,-0.361178955543521,0.285842907033894,0.804690951563917,39,0.986319505202942,node
auc_cc,alpha,switching,65,7Networks_RH_SomMot_7,-0.0404325918545355,-0.359744051096556,0.287356631259571,0.812193246850383,39,0.986319505202942,node
auc_cc,alpha,detail,65,7Networks_RH_SomMot_7,-0.039903264038462,-0.35928239390977,0.287842961115946,0.814608851059986,39,0.986319505202942,node
auc_cc,alpha,communication,65,7Networks_RH_SomMot_7,0.0222896504868027,-0.303929971751523,0.343830889017928,0.895818634322315,39,0.986319505202942,node
auc_cc,alpha,imagination,65,7Networks_RH_SomMot_7,-0.0383237911920663,-0.357903915195843,0.289293127352637,0.82182676885905,39,0.986319505202942,node
auc_cc,alpha,total,66,7Networks_RH_SomMot_8,-0.234645599509547,-0.519195225240179,0.0967336717523184,0.162139956259479,39,0.986319505202942,node
auc_cc,alpha,social,66,7Networks_RH_SomMot_8,-0.172792957612395,-0.470475928277468,0.160201086320742,0.306448751992726,39,0.986319505202942,node
auc_cc,alpha,switching,66,7Networks_RH_SomMot_8,-0.120672365679273,-0.427963181053643,0.211626938508678,0.476815232076948,39,0.986319505202942,node
auc_cc,alpha,detail,66,7Networks_RH_SomMot_8,-0.0563142208895675,-0.373522996831647,0.272686053348503,0.740605316150995,39,0.986319505202942,node
auc_cc,alpha,communication,66,7Networks_RH_SomMot_8,-0.238951384742295,-0.522519271701285,0.0922128150658781,0.154352163458169,39,0.986319505202942,node
auc_cc,alpha,imagination,66,7Networks_RH_SomMot_8,-0.0430985829818182,-0.362066840832375,0.284904629958975,0.800053313655679,39,0.986319505202942,node
auc_cc,alpha,total,67,7Networks_RH_DorsAttn_Post_1,-0.110326807730765,-0.419359806001678,0.221620327137751,0.515661712959955,39,0.960245749623527,node
auc_cc,alpha,social,67,7Networks_RH_DorsAttn_Post_1,-0.0309910452022776,-0.351485993018352,0.296005924871809,0.855516360431623,39,0.960245749623527,node
auc_cc,alpha,switching,67,7Networks_RH_DorsAttn_Post_1,-0.12629523167417,-0.432615918237544,0.206166176037022,0.456364364456655,39,0.960245749623527,node
auc_cc,alpha,detail,67,7Networks_RH_DorsAttn_Post_1,-0.0179602090776085,-0.340006047959533,0.307855893556795,0.915973985019462,39,0.960245749623527,node
auc_cc,alpha,communication,67,7Networks_RH_DorsAttn_Post_1,0.0474610744209547,-0.280883020119568,0.365859210022897,0.780288653531691,39,0.960245749623527,node
auc_cc,alpha,imagination,67,7Networks_RH_DorsAttn_Post_1,-0.219559155227373,-0.507480237509389,0.112466520254793,0.191659061683697,39,0.960245749623527,node
auc_cc,alpha,total,68,7Networks_RH_DorsAttn_Post_2,-0.134415355604894,-0.439306382475212,0.198243433809302,0.427682712112433,39,0.960245749623527,node
auc_cc,alpha,social,68,7Networks_RH_DorsAttn_Post_2,-0.0467542958785746,-0.365245515397573,0.281535355211906,0.783481924758373,39,0.960245749623527,node
auc_cc,alpha,switching,68,7Networks_RH_DorsAttn_Post_2,-0.0259423278080434,-0.347049566831867,0.30060909777948,0.878863269345889,39,0.960245749623527,node
auc_cc,alpha,detail,68,7Networks_RH_DorsAttn_Post_2,-0.160164250009286,-0.460300489525999,0.172829634938369,0.343671903888071,39,0.960245749623527,node
auc_cc,alpha,communication,68,7Networks_RH_DorsAttn_Post_2,-0.120103867373035,-0.42749185898013,0.212177894917803,0.478909270133785,39,0.960245749623527,node
auc_cc,alpha,imagination,68,7Networks_RH_DorsAttn_Post_2,-0.0176069201962387,-0.339693464331711,0.308175765756983,0.917621144685893,39,0.960245749623527,node
auc_cc,alpha,total,69,7Networks_RH_DorsAttn_Post_3,-0.0865831455298618,-0.399402406609759,0.244295088828209,0.610368932988813,39,0.960245749623527,node
auc_cc,alpha,social,69,7Networks_RH_DorsAttn_Post_3,-0.029870087434244,-0.350502222779297,0.297029272633423,0.860690309208831,39,0.960245749623527,node
auc_cc,alpha,switching,69,7Networks_RH_DorsAttn_Post_3,-0.0228113010938264,-0.344291021684966,0.30345619178735,0.893394218994208,39,0.960245749623527,node
auc_cc,alpha,detail,69,7Networks_RH_DorsAttn_Post_3,0.080420364917055,-0.250121873881001,0.394173446610055,0.636102025332383,39,0.960245749623527,node
auc_cc,alpha,communication,69,7Networks_RH_DorsAttn_Post_3,-0.203652722781206,-0.495012146178173,0.12887613755114,0.226673323227923,39,0.960245749623527,node
auc_cc,alpha,imagination,69,7Networks_RH_DorsAttn_Post_3,-0.097657594016703,-0.408747918080096,0.233764027941899,0.565279984441858,39,0.960245749623527,node
auc_cc,alpha,total,70,7Networks_RH_DorsAttn_Post_4,-0.104729513027339,-0.414681834352556,0.226998174636091,0.537313908851748,39,0.960245749623527,node
auc_cc,alpha,social,70,7Networks_RH_DorsAttn_Post_4,-0.0738362127304118,-0.388564428909768,0.256320715054531,0.664065793091824,39,0.960245749623527,node
auc_cc,alpha,switching,70,7Networks_RH_DorsAttn_Post_4,0.0857929917897359,-0.24504350103096,0.398733117142961,0.613643502950592,39,0.960245749623527,node
auc_cc,alpha,detail,70,7Networks_RH_DorsAttn_Post_4,-0.186915461150093,-0.481761974774041,0.145948455627491,0.267975513015584,39,0.960245749623527,node
auc_cc,alpha,communication,70,7Networks_RH_DorsAttn_Post_4,-0.121294250167744,-0.42847857239801,0.211024001252967,0.474530052043701,39,0.960245749623527,node
auc_cc,alpha,imagination,70,7Networks_RH_DorsAttn_Post_4,0.0145355950715266,-0.310953481824879,0.336973009967323,0.931954290854264,39,0.960245749623527,node
auc_cc,alpha,total,71,7Networks_RH_DorsAttn_Post_5,-0.0550248355126101,-0.372409519187084,0.273882850717549,0.746346640359828,39,0.960245749623527,node
auc_cc,alpha,social,71,7Networks_RH_DorsAttn_Post_5,-0.0226349434031133,-0.344135479027702,0.303616383602942,0.89421375079373,39,0.960245749623527,node
auc_cc,alpha,switching,71,7Networks_RH_DorsAttn_Post_5,0.105351552525732,-0.226401520310987,0.415202517911184,0.534886258176348,39,0.960245749623527,node
auc_cc,alpha,detail,71,7Networks_RH_DorsAttn_Post_5,-0.212286791567929,-0.501794792286394,0.119991477764299,0.207162719279964,39,0.960245749623527,node
auc_cc,alpha,communication,71,7Networks_RH_DorsAttn_Post_5,-0.0318923477272627,-0.352276477338333,0.295182560569637,0.851360557087467,39,0.960245749623527,node
auc_cc,alpha,imagination,71,7Networks_RH_DorsAttn_Post_5,0.0105443392788901,-0.314554897126066,0.333429655798804,0.950611452334717,39,0.96129247988904,node
auc_cc,alpha,total,72,7Networks_RH_DorsAttn_PrCv_1,-0.0250681256520079,-0.346279922534538,0.301404610219242,0.882916681829383,39,0.960245749623527,node
auc_cc,alpha,social,72,7Networks_RH_DorsAttn_PrCv_1,-0.0130474567653239,-0.335652938649279,0.31229736196179,0.938906955187449,39,0.960245749623527,node
auc_cc,alpha,switching,72,7Networks_RH_DorsAttn_PrCv_1,0.104430664334459,-0.227284738907953,0.414431608261137,0.538482113771157,39,0.960245749623527,node
auc_cc,alpha,detail,72,7Networks_RH_DorsAttn_PrCv_1,0.0365005851347026,-0.2909652054073,0.356310985412082,0.830176440155669,39,0.960245749623527,node
auc_cc,alpha,communication,72,7Networks_RH_DorsAttn_PrCv_1,-0.0474773322595377,-0.365873323419762,0.280868011058731,0.780215241037684,39,0.960245749623527,node
auc_cc,alpha,imagination,72,7Networks_RH_DorsAttn_PrCv_1,-0.219293215320312,-0.507272769624337,0.112742369663748,0.192211205998416,39,0.960245749623527,node
auc_cc,alpha,total,73,7Networks_RH_DorsAttn_FEF_1,-0.363051651354557,-0.614757546554449,-0.044230276083168,0.0272074785875598,39,0.816224357626793,node
auc_cc,alpha,social,73,7Networks_RH_DorsAttn_FEF_1,-0.294366901577756,-0.564544030199108,0.0327846913852781,0.0769728668519977,39,0.960245749623527,node
auc_cc,alpha,switching,73,7Networks_RH_DorsAttn_FEF_1,-0.183316778668997,-0.478895332386496,0.149593463557808,0.277462999341186,39,0.960245749623527,node
auc_cc,alpha,detail,73,7Networks_RH_DorsAttn_FEF_1,-0.0167735269498087,-0.338955811027231,0.308930038766244,0.921508051386325,39,0.960245749623527,node
auc_cc,alpha,communication,73,7Networks_RH_DorsAttn_FEF_1,-0.252598731280242,-0.532998308735626,0.0777930052774457,0.131466858390653,39,0.960245749623527,node
auc_cc,alpha,imagination,73,7Networks_RH_DorsAttn_FEF_1,-0.277244656439355,-0.551707085668405,0.0513970720067988,0.0966576672922818,39,0.960245749623527,node
auc_cc,alpha,total,74,7Networks_RH_SalVentAttn_TempOccPar_1,-0.109523013812289,-0.418689038202642,0.222393851209283,0.518744197594115,39,0.881816426500722,node
auc_cc,alpha,social,74,7Networks_RH_SalVentAttn_TempOccPar_1,-0.0869672460938398,-0.399727633607833,0.243931136747642,0.608779820458615,39,0.881816426500722,node
auc_cc,alpha,switching,74,7Networks_RH_SalVentAttn_TempOccPar_1,0.193561576623117,-0.139192943899323,0.48703960747811,0.251020498170229,39,0.881816426500722,node
auc_cc,alpha,detail,74,7Networks_RH_SalVentAttn_TempOccPar_1,-0.219636640467195,-0.507540679843838,0.112386138116688,0.191498396972542,39,0.881816426500722,node
auc_cc,alpha,communication,74,7Networks_RH_SalVentAttn_TempOccPar_1,-0.0564125572602422,-0.373607879909228,0.272594736495872,0.740168009977571,39,0.949732876785183,node
auc_cc,alpha,imagination,74,7Networks_RH_SalVentAttn_TempOccPar_1,-0.179878249641492,-0.476150363491278,0.153067823308761,0.286730185861184,39,0.881816426500722,node
auc_cc,alpha,total,75,7Networks_RH_SalVentAttn_TempOccPar_2,-0.115191923720976,-0.423412566788591,0.216929491701787,0.497200456673006,39,0.881816426500722,node
auc_cc,alpha,social,75,7Networks_RH_SalVentAttn_TempOccPar_2,-0.209970790638922,-0.49997890399198,0.122379932297547,0.212277815358149,39,0.881816426500722,node
auc_cc,alpha,switching,75,7Networks_RH_SalVentAttn_TempOccPar_2,0.0711562336566699,-0.258836106398585,0.386274664640247,0.675580138681676,39,0.917769245001522,node
auc_cc,alpha,detail,75,7Networks_RH_SalVentAttn_TempOccPar_2,-0.0892257682421863,-0.401638386048708,0.241789201224457,0.599471671945843,39,0.881816426500722,node
auc_cc,alpha,communication,75,7Networks_RH_SalVentAttn_TempOccPar_2,0.0864165498527393,-0.244452916538032,0.399261321639354,0.611058724691419,39,0.881816426500722,node
auc_cc,alpha,imagination,75,7Networks_RH_SalVentAttn_TempOccPar_2,-0.183078946346651,-0.478705657332989,0.149834039123675,0.27809762594546,39,0.881816426500722,node
auc_cc,alpha,total,76,7Networks_RH_SalVentAttn_FrOperIns_1,-0.12623413113739,-0.43256544708129,0.206225626583953,0.456584025635739,39,0.881816426500722,node
auc_cc,alpha,social,76,7Networks_RH_SalVentAttn_FrOperIns_1,-0.0767312199102839,-0.391033552618843,0.253598467687699,0.651712325478674,39,0.902370912201241,node
auc_cc,alpha,switching,76,7Networks_RH_SalVentAttn_FrOperIns_1,-0.170631103768451,-0.468739637053983,0.1623706739144,0.312632269076271,39,0.881816426500722,node
auc_cc,alpha,detail,76,7Networks_RH_SalVentAttn_FrOperIns_1,0.0336111362607232,-0.293611052924268,0.353782668982881,0.843446441890799,39,0.949732876785183,node
auc_cc,alpha,communication,76,7Networks_RH_SalVentAttn_FrOperIns_1,0.100722803055539,-0.230835413833998,0.411323111789604,0.55307669940815,39,0.881816426500722,node
auc_cc,alpha,imagination,76,7Networks_RH_SalVentAttn_FrOperIns_1,-0.279891221253741,-0.55369980966146,0.04853501859176,0.0933862960383878,39,0.683918060594403,node
auc_cc,alpha,total,77,7Networks_RH_SalVentAttn_Med_1,-0.00560628102305426,-0.329033088999105,0.318997721916197,0.973729266747115,39,0.98441702465214,node
auc_cc,alpha,social,77,7Networks_RH_SalVentAttn_Med_1,-0.175077909879341,-0.472308583624859,0.157904457115512,0.299998007916048,39,0.881816426500722,node
auc_cc,alpha,switching,77,7Networks_RH_SalVentAttn_Med_1,-0.00773852934984611,-0.330933243534022,0.317081063382006,0.963743338651108,39,0.98441702465214,node
auc_cc,alpha,detail,77,7Networks_RH_SalVentAttn_Med_1,0.207585782185404,-0.124835536402955,0.498106240586186,0.217635828439828,39,0.881816426500722,node
auc_cc,alpha,communication,77,7Networks_RH_SalVentAttn_Med_1,-0.124650870739575,-0.431256949467296,0.207765276466783,0.462295742887213,39,0.881816426500722,node
auc_cc,alpha,imagination,77,7Networks_RH_SalVentAttn_Med_1,0.151101256675896,-0.181825535103467,0.452949154499836,0.37201371619389,39,0.881816426500722,node
auc_cc,alpha,total,78,7Networks_RH_SalVentAttn_Med_2,-0.0982418727739137,-0.409239174366979,0.233206249918305,0.562944321867551,39,0.881816426500722,node
auc_cc,alpha,social,78,7Networks_RH_SalVentAttn_Med_2,-0.1468027630738,-0.449448074628032,0.186072812127232,0.385926317599751,39,0.881816426500722,node
auc_cc,alpha,switching,78,7Networks_RH_SalVentAttn_Med_2,0.209095236992353,-0.123281875065105,0.499291750779094,0.214234088568856,39,0.881816426500722,node
auc_cc,alpha,detail,78,7Networks_RH_SalVentAttn_Med_2,-0.10176914396827,-0.412201047137302,0.229834323741297,0.548939459808883,39,0.881816426500722,node
auc_cc,alpha,communication,78,7Networks_RH_SalVentAttn_Med_2,-0.131081073967045,-0.43656323370474,0.201501935326163,0.439336534624861,39,0.881816426500722,node
auc_cc,alpha,imagination,78,7Networks_RH_SalVentAttn_Med_2,-0.129218074070093,-0.435028046559073,0.203319393701927,0.445923154528474,39,0.881816426500722,node
auc_cc,alpha,total,79,7Networks_RH_Limbic_OFC_1,0.0262151976637761,-0.300360696725622,0.347289711890964,0.877598670597788,39,0.958269488102226,node
auc_cc,alpha,social,79,7Networks_RH_Limbic_OFC_1,0.162622101302928,-0.170380365156537,0.462287075371286,0.33621945860951,39,0.958269488102226,node
auc_cc,alpha,switching,79,7Networks_RH_Limbic_OFC_1,-0.0348443213872909,-0.354862299370827,0.292482447126531,0.837777528649497,39,0.958269488102226,node
auc_cc,alpha,detail,79,7Networks_RH_Limbic_OFC_1,0.130570256789485,-0.202000493427897,0.436142476665013,0.441137187114224,39,0.958269488102226,node
auc_cc,alpha,communication,79,7Networks_RH_Limbic_OFC_1,-0.132875323016768,-0.438040087580326,0.199749379562211,0.433043824512375,39,0.958269488102226,node
auc_cc,alpha,imagination,79,7Networks_RH_Limbic_OFC_1,-0.130820907495546,-0.436348952842305,0.201755879611278,0.440253127767299,39,0.958269488102226,node
auc_cc,alpha,total,80,7Networks_RH_Limbic_TempPole_1,-0.197111474341035,-0.48984980182069,0.135571879846394,0.242264333223192,39,0.958269488102226,node
auc_cc,alpha,social,80,7Networks_RH_Limbic_TempPole_1,-0.21956470674381,-0.507484568062091,0.112460761331363,0.191647547528899,39,0.958269488102226,node
auc_cc,alpha,switching,80,7Networks_RH_Limbic_TempPole_1,-0.132979768468367,-0.438126006361501,0.199647295537885,0.432679061237877,39,0.958269488102226,node
auc_cc,alpha,detail,80,7Networks_RH_Limbic_TempPole_1,0.110841508642818,-0.221124789705911,0.419789147909682,0.513692662862112,39,0.958269488102226,node
auc_cc,alpha,communication,80,7Networks_RH_Limbic_TempPole_1,-0.0874112017014698,-0.400103443199764,0.243510353236336,0.606945272089919,39,0.958269488102226,node
auc_cc,alpha,imagination,80,7Networks_RH_Limbic_TempPole_1,-0.234395964958643,-0.519002244128217,0.096995356721394,0.162600003032295,39,0.958269488102226,node
auc_cc,alpha,total,81,7Networks_RH_Cont_Par_1,-0.103520933827084,-0.413669602046531,0.228156720724293,0.542045748332821,39,0.963124844319701,node
auc_cc,alpha,social,81,7Networks_RH_Cont_Par_1,-0.181469960210032,-0.477421740104403,0.151460549092033,0.28241581531561,39,0.866234569727083,node
auc_cc,alpha,switching,81,7Networks_RH_Cont_Par_1,-0.125544896546404,-0.431995982466099,0.206896078774618,0.459065810018566,39,0.942292978459161,node
auc_cc,alpha,detail,81,7Networks_RH_Cont_Par_1,0.179400680061595,-0.153549719238605,0.475768663734783,0.288032905437006,39,0.866234569727083,node
auc_cc,alpha,communication,81,7Networks_RH_Cont_Par_1,-0.222784219896622,-0.50999355507621,0.109117204181339,0.185051834158548,39,0.866234569727083,node
auc_cc,alpha,imagination,81,7Networks_RH_Cont_Par_1,0.128261574111813,-0.204251622317747,0.434239160616737,0.449325632580525,39,0.942292978459161,node
auc_cc,alpha,total,82,7Networks_RH_Cont_Par_2,-0.176652915061559,-0.47357032857855,0.156319302910878,0.295602345160441,39,0.866234569727083,node
auc_cc,alpha,social,82,7Networks_RH_Cont_Par_2,-0.156341301038661,-0.457204562949318,0.176631069439282,0.355462134037139,39,0.866234569727083,node
auc_cc,alpha,switching,82,7Networks_RH_Cont_Par_2,-0.0356646263821394,-0.355579988575643,0.291731202106108,0.834011049706427,39,0.963124844319701,node
auc_cc,alpha,detail,82,7Networks_RH_Cont_Par_2,-0.0184408055726137,-0.340431156854342,0.307420637159968,0.913733826662281,39,0.963124844319701,node
auc_cc,alpha,communication,82,7Networks_RH_Cont_Par_2,-0.142411792395302,-0.445862047561772,0.19039865748307,0.400447194852559,39,0.918672976426458,node
auc_cc,alpha,imagination,82,7Networks_RH_Cont_Par_2,-0.152836158758708,-0.45435958268628,0.180107778512627,0.366483856422997,39,0.866234569727083,node
auc_cc,alpha,total,83,7Networks_RH_Cont_PFCl_1,0.0228904918899547,-0.303384254036091,0.344360860059342,0.89302625579999,39,0.963124844319701,node
auc_cc,alpha,social,83,7Networks_RH_Cont_PFCl_1,-0.0303182559614035,-0.350895627465729,0.296620219501996,0.858621021522116,39,0.963124844319701,node
auc_cc,alpha,switching,83,7Networks_RH_Cont_PFCl_1,-0.11041861133163,-0.419436394845198,0.221531954153581,0.515310232996242,39,0.963124844319701,node
auc_cc,alpha,detail,83,7Networks_RH_Cont_PFCl_1,0.279034957308646,-0.049461591818599,0.553055430976118,0.0944352749223442,39,0.866234569727083,node
auc_cc,alpha,communication,83,7Networks_RH_Cont_PFCl_1,0.0220835057611989,-0.304117154592231,0.343649012238772,0.89677696718943,39,0.963124844319701,node
auc_cc,alpha,imagination,83,7Networks_RH_Cont_PFCl_1,-0.119072470020038,-0.426636336669394,0.213176927926904,0.482720602942379,39,0.963124844319701,node
auc_cc,alpha,total,84,7Networks_RH_Cont_PFCl_2,-0.277279832024521,-0.551733591595623,0.0513590677199057,0.0966136202022125,39,0.866234569727083,node
auc_cc,alpha,social,84,7Networks_RH_Cont_PFCl_2,-0.243873436194743,-0.526308543334379,0.0870281319309453,0.145786862521437,39,0.866234569727083,node
auc_cc,alpha,switching,84,7Networks_RH_Cont_PFCl_2,0.0305319165913562,-0.29642516457457,0.351083140062214,0.857634831797051,39,0.963124844319701,node
auc_cc,alpha,detail,84,7Networks_RH_Cont_PFCl_2,-0.0377293092441157,-0.357384722355439,0.289838551644697,0.824547222988888,39,0.963124844319701,node
auc_cc,alpha,communication,84,7Networks_RH_Cont_PFCl_2,-0.331541378055534,-0.591971824042187,-0.00842156566025847,0.0450093334137605,39,0.866234569727083,node
auc_cc,alpha,imagination,84,7Networks_RH_Cont_PFCl_2,-0.218783621625073,-0.506875126651957,0.11327080897001,0.193272346943585,39,0.866234569727083,node
auc_cc,alpha,total,85,7Networks_RH_Cont_PFCl_3,-0.240066442376517,-0.523378688193242,0.091039831086127,0.152380454432508,39,0.866234569727083,node
auc_cc,alpha,social,85,7Networks_RH_Cont_PFCl_3,-0.255351229517493,-0.535101426031597,0.0748678623236476,0.127173448907307,39,0.866234569727083,node
auc_cc,alpha,switching,85,7Networks_RH_Cont_PFCl_3,-0.0348940124806919,-0.354905785107094,0.292436950928349,0.837549266985012,39,0.963124844319701,node
auc_cc,alpha,detail,85,7Networks_RH_Cont_PFCl_3,0.0188368697710433,-0.307061835655351,0.340781394274587,0.911888182390418,39,0.963124844319701,node
auc_cc,alpha,communication,85,7Networks_RH_Cont_PFCl_3,-0.284477431450004,-0.55714557469857,0.0435625864170223,0.0879193420102342,39,0.866234569727083,node
auc_cc,alpha,imagination,85,7Networks_RH_Cont_PFCl_3,-0.100438873837155,-0.411084780712733,0.231106943011866,0.554201873762741,39,0.963124844319701,node
auc_cc,alpha,total,86,7Networks_RH_Cont_PFCl_4,-0.250535670742677,-0.531419699135444,0.0799817437058299,0.134754637219991,39,0.866234569727083,node
auc_cc,alpha,social,86,7Networks_RH_Cont_PFCl_4,-0.19272161994786,-0.486373785000508,0.140048439651589,0.253122838594014,39,0.866234569727083,node
auc_cc,alpha,switching,86,7Networks_RH_Cont_PFCl_4,0.00671497911456696,-0.318001454582214,0.330021433021065,0.968536330450438,39,0.979021966011084,node
auc_cc,alpha,detail,86,7Networks_RH_Cont_PFCl_4,0.069049492903007,-0.260810327073319,0.384471942367429,0.684683010892565,39,0.963124844319701,node
auc_cc,alpha,communication,86,7Networks_RH_Cont_PFCl_4,-0.413159110667912,-0.65014616915306,-0.102911767537791,0.0110352369807453,39,0.860748484498133,node
auc_cc,alpha,imagination,86,7Networks_RH_Cont_PFCl_4,-0.21092207807475,-0.500725081034849,0.121399350498641,0.210166355687441,39,0.866234569727083,node
auc_cc,alpha,total,87,7Networks_RH_Cont_Cing_1,0.0421673689640057,-0.285761586768333,0.361255954825968,0.804288622758339,39,0.963124844319701,node
auc_cc,alpha,social,87,7Networks_RH_Cont_Cing_1,-0.0836814164465305,-0.396942897377027,0.247041595056097,0.622430441648775,39,0.963124844319701,node
auc_cc,alpha,switching,87,7Networks_RH_Cont_Cing_1,0.0488841504038006,-0.279568643243794,0.367094025057404,0.773869896375254,39,0.963124844319701,node
auc_cc,alpha,detail,87,7Networks_RH_Cont_Cing_1,0.265699716387725,-0.0638192051263668,0.54297754947984,0.111962005524869,39,0.866234569727083,node
auc_cc,alpha,communication,87,7Networks_RH_Cont_Cing_1,-0.13429723695429,-0.439209302059103,0.198358993678527,0.428092589324021,39,0.927533943535379,node
auc_cc,alpha,imagination,87,7Networks_RH_Cont_Cing_1,0.0283193439911933,-0.298443744557471,0.3491400983817,0.867857392797844,39,0.963124844319701,node
auc_cc,alpha,total,88,7Networks_RH_Cont_PFCmp_1,-0.157709987588097,-0.458313800605056,0.175271226065767,0.351213274323615,39,0.866234569727083,node
auc_cc,alpha,social,88,7Networks_RH_Cont_PFCmp_1,-0.191597291652492,-0.485482010828786,0.141192790767104,0.25595524512086,39,0.866234569727083,node
auc_cc,alpha,switching,88,7Networks_RH_Cont_PFCmp_1,-0.0921161992827612,-0.404079783798751,0.239043262294015,0.58765008935179,39,0.963124844319701,node
auc_cc,alpha,detail,88,7Networks_RH_Cont_PFCmp_1,0.210353433023214,-0.12198558464632,0.500279095294164,0.211426754717434,39,0.866234569727083,node
auc_cc,alpha,communication,88,7Networks_RH_Cont_PFCmp_1,-0.31936921304098,-0.583056981894899,0.00519266201430668,0.0540085693595583,39,0.866234569727083,node
auc_cc,alpha,imagination,88,7Networks_RH_Cont_PFCmp_1,-0.0306649494713088,-0.35119987923884,0.296303702501696,0.857020901444474,39,0.963124844319701,node
auc_cc,alpha,total,89,7Networks_RH_Cont_pCun_1,-0.100626613832938,-0.411242375010921,0.230927407969236,0.553457764723589,39,0.963124844319701,node
auc_cc,alpha,social,89,7Networks_RH_Cont_pCun_1,-0.205919309996914,-0.496796147924498,0.126548922248856,0.221434354960908,39,0.866234569727083,node
auc_cc,alpha,switching,89,7Networks_RH_Cont_pCun_1,0.155681679382371,-0.177285975637425,0.456669645030088,0.357520845809284,39,0.866234569727083,node
auc_cc,alpha,detail,89,7Networks_RH_Cont_pCun_1,-0.22380582436046,-0.510788677808826,0.108054666511083,0.18299288323089,39,0.866234569727083,node
auc_cc,alpha,communication,89,7Networks_RH_Cont_pCun_1,0.076463829060465,-0.253850121477456,0.390805687015715,0.652849564350629,39,0.963124844319701,node
auc_cc,alpha,imagination,89,7Networks_RH_Cont_pCun_1,-0.0572706563419614,-0.374348358010466,0.271797639245811,0.736355427075502,39,0.963124844319701,node
auc_cc,alpha,total,90,7Networks_RH_Default_Par_1,-0.0422304894802355,-0.361310934395747,0.285703516197008,0.80400136552998,39,0.967983909841582,node
auc_cc,alpha,social,90,7Networks_RH_Default_Par_1,0.0658573767306279,-0.263796401948789,0.381735880647426,0.69855909839999,39,0.967983909841582,node
auc_cc,alpha,switching,90,7Networks_RH_Default_Par_1,-0.0386236919080183,-0.358165759544277,0.289017894200753,0.820455145463649,39,0.967983909841582,node
auc_cc,alpha,detail,90,7Networks_RH_Default_Par_1,-0.0739473285404435,-0.388659281999163,0.256216326654744,0.663590002879118,39,0.967983909841582,node
auc_cc,alpha,communication,90,7Networks_RH_Default_Par_1,-0.109871241772587,-0.418979676625781,0.222058788360695,0.51740765471577,39,0.967983909841582,node
auc_cc,alpha,imagination,90,7Networks_RH_Default_Par_1,0.0320112856345742,-0.295073871270114,0.352380757295755,0.850812440189718,39,0.967983909841582,node
auc_cc,alpha,total,91,7Networks_RH_Default_Temp_1,0.190977705646107,-0.141823030941146,0.484990317411128,0.257525070226845,39,0.967983909841582,node
auc_cc,alpha,social,91,7Networks_RH_Default_Temp_1,0.201891554384047,-0.13068188961984,0.493624255078255,0.230801992292059,39,0.967983909841582,node
auc_cc,alpha,switching,91,7Networks_RH_Default_Temp_1,0.210835581189627,-0.121488537822749,0.500657251839885,0.210357739480766,39,0.967983909841582,node
auc_cc,alpha,detail,91,7Networks_RH_Default_Temp_1,-0.101247109775028,-0.411763104898059,0.230333869394333,0.551001760150134,39,0.967983909841582,node
auc_cc,alpha,communication,91,7Networks_RH_Default_Temp_1,0.144061119273601,-0.188775306980834,0.44721016650079,0.394956468795414,39,0.967983909841582,node
auc_cc,alpha,imagination,91,7Networks_RH_Default_Temp_1,0.0379397704568801,-0.289645482373297,0.357568551968433,0.823583883172981,39,0.967983909841582,node
auc_cc,alpha,total,92,7Networks_RH_Default_Temp_2,0.113906828848309,-0.218170043690107,0.422343248893778,0.502043935636185,39,0.967983909841582,node
auc_cc,alpha,social,92,7Networks_RH_Default_Temp_2,0.0526155753890179,-0.276116380492009,0.370326496936617,0.757110451766064,39,0.967983909841582,node
auc_cc,alpha,switching,92,7Networks_RH_Default_Temp_2,0.149275946124796,-0.183630615854105,0.451463593815767,0.377884825611674,39,0.967983909841582,node
auc_cc,alpha,detail,92,7Networks_RH_Default_Temp_2,0.0156908375343698,-0.309909328911211,0.33799690865083,0.926560329652759,39,0.967983909841582,node
auc_cc,alpha,communication,92,7Networks_RH_Default_Temp_2,0.0629623746456186,-0.266499087829831,0.379249688229575,0.711227638088413,39,0.967983909841582,node
auc_cc,alpha,imagination,92,7Networks_RH_Default_Temp_2,0.023390017901061,-0.302930393618149,0.344801310133116,0.890705698895588,39,0.967983909841582,node
auc_cc,alpha,total,93,7Networks_RH_Default_Temp_3,0.10451050375248,-0.227208186978082,0.414498462416002,0.538169900816999,39,0.967983909841582,node
auc_cc,alpha,social,93,7Networks_RH_Default_Temp_3,0.127609723734876,-0.204886586516125,0.43370126937627,0.45165245011641,39,0.967983909841582,node
auc_cc,alpha,switching,93,7Networks_RH_Default_Temp_3,0.0824553610973037,-0.248200470007314,0.395902337543736,0.627556262138989,39,0.967983909841582,node
auc_cc,alpha,detail,93,7Networks_RH_Default_Temp_3,-0.107102721219111,-0.416667259472922,0.224720477991831,0.528080469131767,39,0.967983909841582,node
auc_cc,alpha,communication,93,7Networks_RH_Default_Temp_3,0.189894550867282,-0.142924163500883,0.484130296562203,0.260284740090393,39,0.967983909841582,node
auc_cc,alpha,imagination,93,7Networks_RH_Default_Temp_3,-0.0298620912660299,-0.350495202673315,0.297036569820229,0.860727237536839,39,0.967983909841582,node
auc_cc,alpha,total,94,7Networks_RH_Default_PFCv_1,0.129661554730072,-0.202886961766744,0.435393653844131,0.44435037340824,39,0.967983909841582,node
auc_cc,alpha,social,94,7Networks_RH_Default_PFCv_1,-0.0409929125111681,-0.360232568638856,0.286841641939281,0.809638067499051,39,0.967983909841582,node
auc_cc,alpha,switching,94,7Networks_RH_Default_PFCv_1,0.257689901061621,-0.0723780289408401,0.536885627712912,0.123608264249434,39,0.936820529048345,node
auc_cc,alpha,detail,94,7Networks_RH_Default_PFCv_1,0.284280268496112,-0.0437766880585773,0.55699763282633,0.0881491721203054,39,0.936820529048345,node
auc_cc,alpha,communication,94,7Networks_RH_Default_PFCv_1,-0.122228029717468,-0.429252073839035,0.210118196410662,0.471109614600035,39,0.967983909841582,node
auc_cc,alpha,imagination,94,7Networks_RH_Default_PFCv_1,-0.0595341615491908,-0.376299662757133,0.269692876927642,0.726328502014551,39,0.967983909841582,node
auc_cc,alpha,total,95,7Networks_RH_Default_PFCv_2,-0.10464430012804,-0.414610490345932,0.227079890643924,0.537646883439499,39,0.967983909841582,node
auc_cc,alpha,social,95,7Networks_RH_Default_PFCv_2,-0.165863896151197,-0.464902700102279,0.16714358395556,0.326543424597273,39,0.967983909841582,node
auc_cc,alpha,switching,95,7Networks_RH_Default_PFCv_2,0.0195133714348641,-0.306448766586406,0.341379414422827,0.908736766391375,39,0.967983909841582,node
auc_cc,alpha,detail,95,7Networks_RH_Default_PFCv_2,0.173447958038701,-0.15954310701136,0.471001536753335,0.30459067335163,39,0.967983909841582,node
auc_cc,alpha,communication,95,7Networks_RH_Default_PFCv_2,-0.0996042715385587,-0.41038396695488,0.231904796801664,0.557515482048847,39,0.967983909841582,node
auc_cc,alpha,imagination,95,7Networks_RH_Default_PFCv_2,-0.268502006057082,-0.545101981583031,0.0608133509475635,0.108089371456455,39,0.936820529048345,node
auc_cc,alpha,total,96,7Networks_RH_Default_PFCdPFCm_1,-0.0234766201861179,-0.344877656093852,0.302851693269205,0.890303476963001,39,0.967983909841582,node
auc_cc,alpha,social,96,7Networks_RH_Default_PFCdPFCm_1,-0.0432871514194553,-0.36223098440337,0.284731034555233,0.799196354542322,39,0.967983909841582,node
auc_cc,alpha,switching,96,7Networks_RH_Default_PFCdPFCm_1,0.0151287576479901,-0.310417456621935,0.337498828982998,0.929184357495718,39,0.967983909841582,node
auc_cc,alpha,detail,96,7Networks_RH_Default_PFCdPFCm_1,0.13350954901359,-0.199129381680309,0.438561727895934,0.430831487607413,39,0.967983909841582,node
auc_cc,alpha,communication,96,7Networks_RH_Default_PFCdPFCm_1,-0.19247119137819,-0.486175207587187,0.140303405003472,0.253751903072303,39,0.967983909841582,node
auc_cc,alpha,imagination,96,7Networks_RH_Default_PFCdPFCm_1,0.0209398356502686,-0.305155168779167,0.342639539892836,0.902096281097218,39,0.967983909841582,node
auc_cc,alpha,total,97,7Networks_RH_Default_PFCdPFCm_2,-0.18447962101328,-0.479822320464193,0.148416640785055,0.274373687170523,39,0.967983909841582,node
auc_cc,alpha,social,97,7Networks_RH_Default_PFCdPFCm_2,-0.0220098555653396,-0.343584026505142,0.304184024088952,0.897119389811389,39,0.967983909841582,node
auc_cc,alpha,switching,97,7Networks_RH_Default_PFCdPFCm_2,-0.105136555451197,-0.415022575698688,0.226607771602697,0.535724734509977,39,0.967983909841582,node
auc_cc,alpha,detail,97,7Networks_RH_Default_PFCdPFCm_2,-0.0325057285762068,-0.352814179652066,0.294621942588412,0.848534576741289,39,0.967983909841582,node
auc_cc,alpha,communication,97,7Networks_RH_Default_PFCdPFCm_2,-0.161831603611864,-0.461648474746721,0.171168551986841,0.338605396200064,39,0.967983909841582,node
auc_cc,alpha,imagination,97,7Networks_RH_Default_PFCdPFCm_2,-0.258724292190604,-0.537673981811062,0.071275465391277,0.122055404274849,39,0.936820529048345,node
auc_cc,alpha,total,98,7Networks_RH_Default_PFCdPFCm_3,-0.317713333336104,-0.581839295877531,0.00703546666441808,0.0553365904268644,39,0.936820529048345,node
auc_cc,alpha,social,98,7Networks_RH_Default_PFCdPFCm_3,-0.448404630610382,-0.674437381767404,-0.145523869084129,0.00537900668638099,39,0.774576962838862,node
auc_cc,alpha,switching,98,7Networks_RH_Default_PFCdPFCm_3,-0.0892632884453904,-0.40167010589807,0.241753590580968,0.599317560111965,39,0.967983909841582,node
auc_cc,alpha,detail,98,7Networks_RH_Default_PFCdPFCm_3,0.231798687118342,-0.0997152954486863,0.516992684042461,0.167442447753745,39,0.967983909841582,node
auc_cc,alpha,communication,98,7Networks_RH_Default_PFCdPFCm_3,-0.311844819399791,-0.577514204491419,0.0135487382912701,0.0602539462888757,39,0.936820529048345,node
auc_cc,alpha,imagination,98,7Networks_RH_Default_PFCdPFCm_3,-0.259549696592238,-0.538302708424706,0.0703950831459955,0.120826778965936,39,0.936820529048345,node
auc_cc,alpha,total,99,7Networks_RH_Default_pCunPCC_1,-0.224164230975053,-0.511067512187711,0.107681719674043,0.182274409544213,39,0.967983909841582,node
auc_cc,alpha,social,99,7Networks_RH_Default_pCunPCC_1,-0.291501296299806,-0.562404687494653,0.03591557868854,0.0800291788149322,39,0.936820529048345,node
auc_cc,alpha,switching,99,7Networks_RH_Default_pCunPCC_1,0.0348505259419244,-0.292476766438003,0.354867729184649,0.837749026611356,39,0.967983909841582,node
auc_cc,alpha,detail,99,7Networks_RH_Default_pCunPCC_1,-0.0080880449867716,-0.33124446481414,0.316766633660657,0.962106935909477,39,0.968834956440313,node
auc_cc,alpha,communication,99,7Networks_RH_Default_pCunPCC_1,-0.165054362976701,-0.464250021252422,0.167952538144309,0.328943328601123,39,0.967983909841582,node
auc_cc,alpha,imagination,99,7Networks_RH_Default_pCunPCC_1,-0.19945481940324,-0.491701529394495,0.133176676903497,0.236598194207141,39,0.967983909841582,node
auc_cc,alpha,total,100,7Networks_RH_Default_pCunPCC_2,0.00186205086867126,-0.322356963694113,0.325690066165417,0.991273187176091,39,0.991273187176091,node
auc_cc,alpha,social,100,7Networks_RH_Default_pCunPCC_2,0.0319234571667778,-0.295154132576963,0.352303753607762,0.851217184801922,39,0.967983909841582,node
auc_cc,alpha,switching,100,7Networks_RH_Default_pCunPCC_2,0.194513650160803,-0.138222656203636,0.487793891259686,0.24865166804169,39,0.967983909841582,node
auc_cc,alpha,detail,100,7Networks_RH_Default_pCunPCC_2,-0.138388325056153,-0.44256757943837,0.194351135601299,0.414024191240864,39,0.967983909841582,node
auc_cc,alpha,communication,100,7Networks_RH_Default_pCunPCC_2,-0.0482321904812233,-0.366528453106857,0.280170957221802,0.776808741940565,39,0.967983909841582,node
auc_cc,alpha,imagination,100,7Networks_RH_Default_pCunPCC_2,-0.0777739469487178,-0.391921777629892,0.252616682091802,0.647284924952122,39,0.967983909841582,node
auc_cc,beta,total,1,7Networks_LH_Vis_1,-0.208006435652194,-0.498436726664783,0.124402727292633,0.216684124703096,39,0.889140740939148,node
auc_cc,beta,social,1,7Networks_LH_Vis_1,-0.237078686073412,-0.521074615375622,0.094180733070462,0.157705178598997,39,0.808346130678052,node
auc_cc,beta,switching,1,7Networks_LH_Vis_1,-0.158710207891676,-0.459123826872974,0.174276664106348,0.348127810824057,39,0.889140740939148,node
auc_cc,beta,detail,1,7Networks_LH_Vis_1,0.0650663285005303,-0.264535414814482,0.38105699166028,0.702012932950626,39,0.90344335071273,node
auc_cc,beta,communication,1,7Networks_LH_Vis_1,-0.13481499005417,-0.439634784824358,0.197852387975106,0.426297583743833,39,0.889140740939148,node
auc_cc,beta,imagination,1,7Networks_LH_Vis_1,-0.0829516507351501,-0.396323638246289,0.247731488019142,0.625479314448511,39,0.89408374060217,node
auc_cc,beta,total,2,7Networks_LH_Vis_2,0.310350114034511,-0.0152032623910538,0.576410219389963,0.061560153163347,39,0.808346130678052,node
auc_cc,beta,social,2,7Networks_LH_Vis_2,0.136415344565454,-0.196285365222373,0.440949070948473,0.420775916110633,39,0.889140740939148,node
auc_cc,beta,switching,2,7Networks_LH_Vis_2,0.194717284053525,-0.138015043633859,0.487955164135517,0.248146959246512,39,0.889140740939148,node
auc_cc,beta,detail,2,7Networks_LH_Vis_2,0.136087793677156,-0.196606232344442,0.440680177064074,0.421902777032915,39,0.889140740939148,node
auc_cc,beta,communication,2,7Networks_LH_Vis_2,0.189512616259712,-0.143312240927784,0.483826906276569,0.261262485486776,39,0.889140740939148,node
auc_cc,beta,imagination,2,7Networks_LH_Vis_2,0.235516354251967,-0.0958205249806753,0.519868139062657,0.160542612472548,39,0.808346130678052,node
auc_cc,beta,total,3,7Networks_LH_Vis_3,-0.106042202979796,-0.415780395136356,0.225738763212931,0.532197051286908,39,0.890939694803942,node
auc_cc,beta,social,3,7Networks_LH_Vis_3,-0.063705671832347,-0.379888458820632,0.265805662188916,0.707967521621449,39,0.90344335071273,node
auc_cc,beta,switching,3,7Networks_LH_Vis_3,-0.185920099080516,-0.480969719007338,0.146957535837582,0.270578060339376,39,0.889140740939148,node
auc_cc,beta,detail,3,7Networks_LH_Vis_3,0.0802674708012106,-0.250266128462243,0.394043461158721,0.636745981875851,39,0.89408374060217,node
auc_cc,beta,communication,3,7Networks_LH_Vis_3,0.141613053532702,-0.191184162862917,0.445208683042105,0.403121938946267,39,0.889140740939148,node
auc_cc,beta,imagination,3,7Networks_LH_Vis_3,-0.320131759068275,-0.583617338051269,0.00434329356057238,0.0534056203155544,39,0.808346130678052,node
auc_cc,beta,total,4,7Networks_LH_Vis_4,-0.235369596833612,-0.519754750567631,0.0959744662570075,0.160811029563699,39,0.808346130678052,node
auc_cc,beta,social,4,7Networks_LH_Vis_4,-0.256138601375225,-0.535702400645104,0.0740300575759654,0.125964699730228,39,0.808346130678052,node
auc_cc,beta,switching,4,7Networks_LH_Vis_4,-0.0486657123511241,-0.366904557351739,0.279770476309948,0.774854208481236,39,0.930871682884304,node
auc_cc,beta,detail,4,7Networks_LH_Vis_4,0.196770867598729,-0.135919700777568,0.489580431961887,0.243095443040808,39,0.889140740939148,node
auc_cc,beta,communication,4,7Networks_LH_Vis_4,-0.476073166126623,-0.693169750997103,-0.179781651691425,0.00289768384331659,39,0.295563752018292,node
auc_cc,beta,imagination,4,7Networks_LH_Vis_4,-0.0631763345014025,-0.379433590761916,0.266299518567882,0.710288685023155,39,0.90344335071273,node
auc_cc,beta,total,5,7Networks_LH_Vis_5,-0.093875861927022,-0.40556390655286,0.237368967015982,0.58050416028458,39,0.890939694803942,node
auc_cc,beta,social,5,7Networks_LH_Vis_5,-0.104811875097592,-0.414750787897786,0.226919188028134,0.53699216826641,39,0.890939694803942,node
auc_cc,beta,switching,5,7Networks_LH_Vis_5,0.0360187949287234,-0.291406725468158,0.355889735960677,0.832385983958735,39,0.931654443515045,node
auc_cc,beta,detail,5,7Networks_LH_Vis_5,0.0424589250397828,-0.285493336449977,0.361509889016934,0.802961982476708,39,0.931654443515045,node
auc_cc,beta,communication,5,7Networks_LH_Vis_5,-0.270555977790633,-0.54665685677911,0.0586063742401743,0.105315902816937,39,0.808346130678052,node
auc_cc,beta,imagination,5,7Networks_LH_Vis_5,0.0520084210597193,-0.276678689684275,0.369801052796045,0.759830237671989,39,0.930871682884304,node
auc_cc,beta,total,6,7Networks_LH_Vis_6,-0.168616465922297,-0.467119505991353,0.164389624599716,0.318464936431955,39,0.889140740939148,node
auc_cc,beta,social,6,7Networks_LH_Vis_6,-0.119366549083183,-0.426880325145917,0.212892147598319,0.481632286251503,39,0.889140740939148,node
auc_cc,beta,switching,6,7Networks_LH_Vis_6,-0.228185959143902,-0.514192214803489,0.103490420037277,0.174349165440364,39,0.808346130678052,node
auc_cc,beta,detail,6,7Networks_LH_Vis_6,0.059541153870986,-0.269686370109914,0.376305686292091,0.726297595671018,39,0.90344335071273,node
auc_cc,beta,communication,6,7Networks_LH_Vis_6,-0.0114972648559484,-0.334276473153454,0.313695896943156,0.946154269584571,39,0.970775346975872,node
auc_cc,beta,imagination,6,7Networks_LH_Vis_6,-0.17696577912653,-0.47382082062621,0.156004218477709,0.294734112755593,39,0.889140740939148,node
auc_cc,beta,total,7,7Networks_LH_Vis_7,-0.144895831864728,-0.447891915369896,0.187953047002649,0.392194329192383,39,0.889140740939148,node
auc_cc,beta,social,7,7Networks_LH_Vis_7,-0.135610527075748,-0.440288280313715,0.197073632663372,0.423547724292712,39,0.889140740939148,node
auc_cc,beta,switching,7,7Networks_LH_Vis_7,-0.215237202415546,-0.504104407112348,0.116943184989668,0.200771225120292,39,0.889140740939148,node
auc_cc,beta,detail,7,7Networks_LH_Vis_7,0.307957071400609,-0.0178484700971864,0.574640700416765,0.0636979733853241,39,0.808346130678052,node
auc_cc,beta,communication,7,7Networks_LH_Vis_7,-0.304679762786461,-0.572213264539948,0.0214637375444916,0.0667204114779625,39,0.808346130678052,node
auc_cc,beta,imagination,7,7Networks_LH_Vis_7,-0.0484722196856513,-0.366736704596354,0.27994923601615,0.775726402403587,39,0.930871682884304,node
auc_cc,beta,total,8,7Networks_LH_Vis_8,-0.159303053922537,-0.459603706292585,0.173686851010167,0.346306813121178,39,0.889140740939148,node
auc_cc,beta,social,8,7Networks_LH_Vis_8,0.00642911403646255,-0.318258399310665,0.329766667660345,0.969875155854236,39,0.970775346975872,node
auc_cc,beta,switching,8,7Networks_LH_Vis_8,-0.232739314463893,-0.51772082743234,0.0987308172675001,0.165676892416697,39,0.808346130678052,node
auc_cc,beta,detail,8,7Networks_LH_Vis_8,-0.0345578981693275,-0.354611617304009,0.292744661767218,0.839093500149511,39,0.931654443515045,node
auc_cc,beta,communication,8,7Networks_LH_Vis_8,-0.116648740786574,-0.424623735687327,0.21552187108911,0.491738698481621,39,0.889140740939148,node
auc_cc,beta,imagination,8,7Networks_LH_Vis_8,-0.0757837657297496,-0.390225975801503,0.254489958824419,0.65574541258725,39,0.90344335071273,node
auc_cc,beta,total,9,7Networks_LH_Vis_9,0.166804649257094,-0.166202940069327,0.465660765742882,0.323768218414878,39,0.889140740939148,node
auc_cc,beta,social,9,7Networks_LH_Vis_9,0.237554796430181,-0.0936806596707294,0.521442055615959,0.156847757145427,39,0.808346130678052,node
auc_cc,beta,switching,9,7Networks_LH_Vis_9,0.134142888218288,-0.198509984850395,0.439082433802183,0.428628516004629,39,0.889140740939148,node
auc_cc,beta,detail,9,7Networks_LH_Vis_9,-0.13479111051686,-0.439615163940036,0.197875757287899,0.426380279578031,39,0.889140740939148,node
auc_cc,beta,communication,9,7Networks_LH_Vis_9,-0.0445915133695213,-0.36336585371074,0.283529654391864,0.793274996510019,39,0.931654443515045,node
auc_cc,beta,imagination,9,7Networks_LH_Vis_9,0.291091161987133,-0.036363155829255,0.562098201149612,0.0804742136914535,39,0.808346130678052,node
auc_cc,beta,total,10,7Networks_LH_SomMot_1,-0.24257259522657,-0.525308172345989,0.0884001283509855,0.148015951574579,39,0.949567629181235,node
auc_cc,beta,social,10,7Networks_LH_SomMot_1,-0.167762159621212,-0.466431884391194,0.165244918138395,0.320958718084261,39,0.949567629181235,node
auc_cc,beta,switching,10,7Networks_LH_SomMot_1,-0.32556848693088,-0.587605252509631,-0.00172605139980912,0.0492609859509359,39,0.626426943440425,node
auc_cc,beta,detail,10,7Networks_LH_SomMot_1,0.235885426321145,-0.0954333165647563,0.520153249205532,0.159869016593599,39,0.949567629181235,node
auc_cc,beta,communication,10,7Networks_LH_SomMot_1,-0.321674453456348,-0.584750218567029,0.00262351726932667,0.0522022452867021,39,0.626426943440425,node
auc_cc,beta,imagination,10,7Networks_LH_SomMot_1,-0.0817769792725294,-0.395326245092086,0.248841274170912,0.630399825328331,39,0.949567629181235,node
auc_cc,beta,total,11,7Networks_LH_SomMot_2,-0.00365373420399802,-0.327290775271231,0.320750522614465,0.982877094259643,39,0.989709019657288,node
auc_cc,beta,social,11,7Networks_LH_SomMot_2,0.0481803666621777,-0.280218823629609,0.366483486110218,0.777042480352071,39,0.949567629181235,node
auc_cc,beta,switching,11,7Networks_LH_SomMot_2,-0.0633496756507948,-0.379582562428431,0.266137815348256,0.709528293515902,39,0.949567629181235,node
auc_cc,beta,detail,11,7Networks_LH_SomMot_2,0.181520844317272,-0.151409138386681,0.477462363284092,0.282278590805698,39,0.949567629181235,node
auc_cc,beta,communication,11,7Networks_LH_SomMot_2,-0.128476380454051,-0.434416365853268,0.204042319220787,0.448560296020079,39,0.949567629181235,node
auc_cc,beta,imagination,11,7Networks_LH_SomMot_2,-0.089483441758172,-0.401856209988746,0.241544623822384,0.598413640561275,39,0.949567629181235,node
auc_cc,beta,total,12,7Networks_LH_SomMot_3,-0.0535434168532309,-0.371129077906847,0.275256635549533,0.752959689243262,39,0.949567629181235,node
auc_cc,beta,social,12,7Networks_LH_SomMot_3,-0.127445405357161,-0.433565643369954,0.205046604074611,0.452240020771572,39,0.949567629181235,node
auc_cc,beta,switching,12,7Networks_LH_SomMot_3,0.0300641324960406,-0.296852178225479,0.350672570443805,0.859794249511807,39,0.962969559453224,node
auc_cc,beta,detail,12,7Networks_LH_SomMot_3,0.134144784582049,-0.198508129834236,0.439083992608304,0.428621929223539,39,0.949567629181235,node
auc_cc,beta,communication,12,7Networks_LH_SomMot_3,-0.238084964928603,-0.521851091607042,0.0931236105920004,0.155896965995917,39,0.949567629181235,node
auc_cc,beta,imagination,12,7Networks_LH_SomMot_3,0.0820434738542139,-0.248589576060045,0.395552585879038,0.629282136394088,39,0.949567629181235,node
auc_cc,beta,total,13,7Networks_LH_SomMot_4,0.0529642852549294,-0.275793324976379,0.370628185905285,0.755549681280531,39,0.949567629181235,node
auc_cc,beta,social,13,7Networks_LH_SomMot_4,-0.0820953551444347,-0.395596645581719,0.248540570160574,0.629064638504363,39,0.949567629181235,node
auc_cc,beta,switching,13,7Networks_LH_SomMot_4,0.0663154525188117,-0.263368281496262,0.382128852118181,0.696561791441786,39,0.949567629181235,node
auc_cc,beta,detail,13,7Networks_LH_SomMot_4,0.202275289302601,-0.130288628440473,0.493926784558727,0.229898086148047,39,0.949567629181235,node
auc_cc,beta,communication,13,7Networks_LH_SomMot_4,-0.109426876656804,-0.418608788941208,0.222486339993349,0.519113484372637,39,0.949567629181235,node
auc_cc,beta,imagination,13,7Networks_LH_SomMot_4,0.0982315928094668,-0.233216065506661,0.40923053262396,0.562985377652988,39,0.949567629181235,node
auc_cc,beta,total,14,7Networks_LH_SomMot_5,0.072825381622051,-0.257269992700459,0.387701234859104,0.668400031335105,39,0.949567629181235,node
auc_cc,beta,social,14,7Networks_LH_SomMot_5,0.0510820686656097,-0.277536187119321,0.368998976063161,0.763985359509069,39,0.949567629181235,node
auc_cc,beta,switching,14,7Networks_LH_SomMot_5,0.105408531964,-0.226346853729732,0.415250202897065,0.534664147778746,39,0.949567629181235,node
auc_cc,beta,detail,14,7Networks_LH_SomMot_5,-0.105283004764632,-0.415145149364137,0.226467282874932,0.535153521783562,39,0.949567629181235,node
auc_cc,beta,communication,14,7Networks_LH_SomMot_5,0.11108216069259,-0.220893038852191,0.419989842328566,0.512773305337778,39,0.949567629181235,node
auc_cc,beta,imagination,14,7Networks_LH_SomMot_5,0.041704348413816,-0.286187489830987,0.360852584349544,0.806396568642327,39,0.962969559453224,node
auc_cc,beta,total,15,7Networks_LH_SomMot_6,0.245630404332158,-0.0851730635764525,0.527658444606933,0.142815310266269,39,0.949567629181235,node
auc_cc,beta,social,15,7Networks_LH_SomMot_6,0.11021837531013,-0.221724700514722,0.419269338592341,0.516077011358927,39,0.949567629181235,node
auc_cc,beta,switching,15,7Networks_LH_SomMot_6,0.185658919094166,-0.147222200716783,0.480761753660689,0.271263695706457,39,0.949567629181235,node
auc_cc,beta,detail,15,7Networks_LH_SomMot_6,0.136713750350436,-0.195992986452347,0.441193991384585,0.419750794666661,39,0.949567629181235,node
auc_cc,beta,communication,15,7Networks_LH_SomMot_6,0.0309490462301001,-0.296044280226176,0.351449146815419,0.855710107293128,39,0.962969559453224,node
auc_cc,beta,imagination,15,7Networks_LH_SomMot_6,0.24902343371942,-0.0815840816940763,0.530261327426046,0.137202922160778,39,0.949567629181235,node
auc_cc,beta,total,16,7Networks_LH_DorsAttn_Post_1,-0.0477029414048625,-0.366069159148179,0.280659714555206,0.779196693556835,39,0.956842762109759,node
auc_cc,beta,social,16,7Networks_LH_DorsAttn_Post_1,-0.0249735000868319,-0.346196588599637,0.30149069098447,0.883355609900161,39,0.969536645012372,node
auc_cc,beta,switching,16,7Networks_LH_DorsAttn_Post_1,0.0639262735189574,-0.265599796142149,0.380077980258632,0.707000939374364,39,0.956842762109759,node
auc_cc,beta,detail,16,7Networks_LH_DorsAttn_Post_1,0.078454564248908,-0.251975475804699,0.392501231385525,0.644401449148475,39,0.956842762109759,node
auc_cc,beta,communication,16,7Networks_LH_DorsAttn_Post_1,-0.244255461504846,-0.526602179480593,0.0866249714050009,0.145136926132574,39,0.748390960100159,node
auc_cc,beta,imagination,16,7Networks_LH_DorsAttn_Post_1,-0.0303766015138789,-0.350946835174261,0.296566957424304,0.858351695944432,39,0.969536645012372,node
auc_cc,beta,total,17,7Networks_LH_DorsAttn_Post_2,0.360814039080863,0.0416601102787888,0.613153224332751,0.0282415112235508,39,0.491047081487839,node
auc_cc,beta,social,17,7Networks_LH_DorsAttn_Post_2,0.390003343258184,0.0755226716374038,0.633919097648687,0.017022225928823,39,0.491047081487839,node
auc_cc,beta,switching,17,7Networks_LH_DorsAttn_Post_2,0.236918926528448,-0.0943484960025188,0.520951296659075,0.157993647132256,39,0.748390960100159,node
auc_cc,beta,detail,17,7Networks_LH_DorsAttn_Post_2,-0.0276910573561737,-0.348587844923345,0.29901641224022,0.870764142706625,39,0.969536645012372,node
auc_cc,beta,communication,17,7Networks_LH_DorsAttn_Post_2,0.165785134441042,-0.167222309029032,0.464839213450689,0.326776438876931,39,0.8649964558507,node
auc_cc,beta,imagination,17,7Networks_LH_DorsAttn_Post_2,0.20451786040865,-0.127988290682667,0.495693374915277,0.224663766987393,39,0.772839163914074,node
auc_cc,beta,total,18,7Networks_LH_DorsAttn_Post_3,0.00578487788766893,-0.318837284643871,0.329192346278127,0.972892674661781,39,0.995003871813185,node
auc_cc,beta,social,18,7Networks_LH_DorsAttn_Post_3,-0.0151244781986383,-0.337495036112949,0.310421324587747,0.929204338644428,39,0.979052766219365,node
auc_cc,beta,switching,18,7Networks_LH_DorsAttn_Post_3,-0.0614911269626579,-0.377984446066869,0.267870617200303,0.717695426124712,39,0.956842762109759,node
auc_cc,beta,detail,18,7Networks_LH_DorsAttn_Post_3,-0.0426679730132353,-0.36169193267552,0.285300967249747,0.802011105007379,39,0.956842762109759,node
auc_cc,beta,communication,18,7Networks_LH_DorsAttn_Post_3,-0.118279915874446,-0.425978555562672,0.213944140631973,0.485660008031234,39,0.956842762109759,node
auc_cc,beta,imagination,18,7Networks_LH_DorsAttn_Post_3,0.351807187117257,0.0313572047332583,0.606674374789451,0.0327364720991892,39,0.491047081487839,node
auc_cc,beta,total,19,7Networks_LH_DorsAttn_Post_4,0.283967809680934,-0.0441159291666071,0.556763142871283,0.0885143494038152,39,0.748390960100159,node
auc_cc,beta,social,19,7Networks_LH_DorsAttn_Post_4,0.381056947292086,0.0650662768152422,0.627591605877168,0.0199713387354388,39,0.491047081487839,node
auc_cc,beta,switching,19,7Networks_LH_DorsAttn_Post_4,0.222539300601602,-0.109371824134636,0.509802859509069,0.185547872674937,39,0.772839163914074,node
auc_cc,beta,detail,19,7Networks_LH_DorsAttn_Post_4,-0.191541128041441,-0.485437447958298,0.141249931266296,0.256097282411034,39,0.772839163914074,node
auc_cc,beta,communication,19,7Networks_LH_DorsAttn_Post_4,0.26417223750622,-0.0654551296183567,0.541818062346309,0.114116502420611,39,0.748390960100159,node
auc_cc,beta,imagination,19,7Networks_LH_DorsAttn_Post_4,0.0496888479224476,-0.278824865818295,0.367791771839903,0.77024682809861,39,0.956842762109759,node
auc_cc,beta,total,20,7Networks_LH_DorsAttn_Post_5,0.0665518625876463,-0.263147280373712,0.382331617578139,0.695531779348557,39,0.956842762109759,node
auc_cc,beta,social,20,7Networks_LH_DorsAttn_Post_5,-0.132361431275966,-0.43761726941184,0.200251547482919,0.434841006288897,39,0.910132338744204,node
auc_cc,beta,switching,20,7Networks_LH_DorsAttn_Post_5,0.14954680950787,-0.183362896219343,0.451684146585708,0.377010161730779,39,0.900583109586403,node
auc_cc,beta,detail,20,7Networks_LH_DorsAttn_Post_5,0.042025212636311,-0.285892361086949,0.361132124935469,0.8049356591673,39,0.956842762109759,node
auc_cc,beta,communication,20,7Networks_LH_DorsAttn_Post_5,0.0935192338403663,-0.23770845291613,0.405263254426789,0.581949265211201,39,0.956842762109759,node
auc_cc,beta,imagination,20,7Networks_LH_DorsAttn_Post_5,0.0734203815026414,-0.256711301814224,0.388209398831324,0.665847501836137,39,0.956842762109759,node
auc_cc,beta,total,21,7Networks_LH_DorsAttn_Post_6,0.0265154575050045,-0.300087310602272,0.347553913447927,0.876207479914507,39,0.969536645012372,node
auc_cc,beta,social,21,7Networks_LH_DorsAttn_Post_6,-0.0517934193609864,-0.3696149370491,0.276877757152075,0.760794034536963,39,0.956842762109759,node
auc_cc,beta,switching,21,7Networks_LH_DorsAttn_Post_6,-0.193754035947337,-0.48719211940221,0.138996854138728,0.250540434730654,39,0.772839163914074,node
auc_cc,beta,detail,21,7Networks_LH_DorsAttn_Post_6,0.448846531770152,0.146065360362569,0.674738865425186,0.00532820897699793,39,0.479538807929814,node
auc_cc,beta,communication,21,7Networks_LH_DorsAttn_Post_6,-0.0114409408764138,-0.334226435334175,0.313746684138149,0.946417674012053,39,0.979052766219365,node
auc_cc,beta,imagination,21,7Networks_LH_DorsAttn_Post_6,-0.141233305410175,-0.444897937490966,0.19155746988262,0.404397186453009,39,0.910132338744204,node
auc_cc,beta,total,22,7Networks_LH_DorsAttn_PrCv_1,-0.22150003766076,-0.508993369269566,0.110451765422345,0.187663166371592,39,0.772839163914074,node
auc_cc,beta,social,22,7Networks_LH_DorsAttn_PrCv_1,-0.175238511087201,-0.472437297895227,0.157742899562739,0.29954788966126,39,0.842478439672295,node
auc_cc,beta,switching,22,7Networks_LH_DorsAttn_PrCv_1,-0.114582815419166,-0.422905839337492,0.217517621359296,0.499493192895623,39,0.956842762109759,node
auc_cc,beta,detail,22,7Networks_LH_DorsAttn_PrCv_1,0.134775186349747,-0.197891340999537,0.439602079511392,0.426435430605745,39,0.910132338744204,node
auc_cc,beta,communication,22,7Networks_LH_DorsAttn_PrCv_1,-0.257364688484766,-0.536637668392082,0.072724508320219,0.124099517435654,39,0.748390960100159,node
auc_cc,beta,imagination,22,7Networks_LH_DorsAttn_PrCv_1,-0.242818649690401,-0.525497452775989,0.0881407110819803,0.147592420699379,39,0.748390960100159,node
auc_cc,beta,total,23,7Networks_LH_DorsAttn_FEF_1,-0.00269986440757405,-0.326438808911456,0.321606004130668,0.987346899882335,39,0.9951913584663,node
auc_cc,beta,social,23,7Networks_LH_DorsAttn_FEF_1,-0.0429946857782838,-0.361976392758678,0.28500026814671,0.800525578381336,39,0.956842762109759,node
auc_cc,beta,switching,23,7Networks_LH_DorsAttn_FEF_1,0.0301971642661084,-0.29673075434674,0.350789343695833,0.859180036180323,39,0.969536645012372,node
auc_cc,beta,detail,23,7Networks_LH_DorsAttn_FEF_1,-0.133191094911204,-0.438299830393132,0.199440724928374,0.431941549352939,39,0.910132338744204,node
auc_cc,beta,communication,23,7Networks_LH_DorsAttn_FEF_1,0.100612888784716,-0.230940533945561,0.411230854443749,0.553512148200882,39,0.956842762109759,node
auc_cc,beta,imagination,23,7Networks_LH_DorsAttn_FEF_1,0.0737652741361288,-0.256387354705631,0.388503869278456,0.664369615006057,39,0.956842762109759,node
auc_cc,beta,total,24,7Networks_LH_SalVentAttn_ParOper_1,0.332006734331171,0.00894444195170926,0.592311388933226,0.044690915520605,39,0.53629098624726,node
auc_cc,beta,social,24,7Networks_LH_SalVentAttn_ParOper_1,0.335546484407093,0.0129275113691459,0.594891278818197,0.0423278902526912,39,0.53629098624726,node
auc_cc,beta,switching,24,7Networks_LH_SalVentAttn_ParOper_1,0.0792510509511286,-0.251224740906629,0.393179015870295,0.641033574645495,39,0.999768571910998,node
auc_cc,beta,detail,24,7Networks_LH_SalVentAttn_ParOper_1,0.0200100082439437,-0.305998525034004,0.341818270178074,0.906424104351358,39,0.999768571910998,node
auc_cc,beta,communication,24,7Networks_LH_SalVentAttn_ParOper_1,0.212621254321172,-0.119646233556382,0.502056821118593,0.206431159311088,39,0.999768571910998,node
auc_cc,beta,imagination,24,7Networks_LH_SalVentAttn_ParOper_1,0.291365806707416,-0.0360634522063821,0.562303446676639,0.0801759859197889,39,0.8246672837464,node
auc_cc,beta,total,25,7Networks_LH_SalVentAttn_FrOperIns_1,0.15205272485113,-0.180883721527039,0.453722859375507,0.368974889749144,39,0.999768571910998,node
auc_cc,beta,social,25,7Networks_LH_SalVentAttn_FrOperIns_1,0.111700124580032,-0.220297760321586,0.420505061725862,0.510416274589187,39,0.999768571910998,node
auc_cc,beta,switching,25,7Networks_LH_SalVentAttn_FrOperIns_1,0.101431608545144,-0.23015733855188,0.411917900046391,0.550272479983335,39,0.999768571910998,node
auc_cc,beta,detail,25,7Networks_LH_SalVentAttn_FrOperIns_1,0.13235342981336,-0.200259365020336,0.437610684927049,0.434869021516317,39,0.999768571910998,node
auc_cc,beta,communication,25,7Networks_LH_SalVentAttn_FrOperIns_1,-0.0191827376418471,-0.341087170281655,0.306748432087978,0.9102768225404,39,0.999768571910998,node
auc_cc,beta,imagination,25,7Networks_LH_SalVentAttn_FrOperIns_1,0.0841557939899854,-0.246592956547894,0.397345288233692,0.620451862053215,39,0.999768571910998,node
auc_cc,beta,total,26,7Networks_LH_SalVentAttn_FrOperIns_2,0.103039379819293,-0.228618077684871,0.413266068008066,0.543936654605073,39,0.999768571910998,node
auc_cc,beta,social,26,7Networks_LH_SalVentAttn_FrOperIns_2,0.158025574359948,-0.174957497969127,0.45856943181054,0.350237972921269,39,0.999768571910998,node
auc_cc,beta,switching,26,7Networks_LH_SalVentAttn_FrOperIns_2,0.0597329179346228,-0.269507909250904,0.376470870989954,0.725450157045178,39,0.999768571910998,node
auc_cc,beta,detail,26,7Networks_LH_SalVentAttn_FrOperIns_2,-0.0777940559253197,-0.391938901282954,0.252597741680979,0.647199659182073,39,0.999768571910998,node
auc_cc,beta,communication,26,7Networks_LH_SalVentAttn_FrOperIns_2,0.0291368519102047,-0.297698253964018,0.349858340703421,0.864077778093746,39,0.999768571910998,node
auc_cc,beta,imagination,26,7Networks_LH_SalVentAttn_FrOperIns_2,0.114303944311388,-0.217786807254106,0.422673777399941,0.500544676612535,39,0.999768571910998,node
auc_cc,beta,total,27,7Networks_LH_SalVentAttn_PFCl_1,-0.085608000802212,-0.398576374754285,0.245218662536038,0.6144112153288,39,0.999768571910998,node
auc_cc,beta,social,27,7Networks_LH_SalVentAttn_PFCl_1,-0.0854732526788295,-0.398462191505573,0.245346237232754,0.614970674410667,39,0.999768571910998,node
auc_cc,beta,switching,27,7Networks_LH_SalVentAttn_PFCl_1,-0.179346824122661,-0.475725612114643,0.153604053128719,0.288180053389699,39,0.999768571910998,node
auc_cc,beta,detail,27,7Networks_LH_SalVentAttn_PFCl_1,0.00965647936586294,-0.315354765988074,0.332640189912452,0.954765632183752,39,0.999768571910998,node
auc_cc,beta,communication,27,7Networks_LH_SalVentAttn_PFCl_1,-0.00377369126053866,-0.327397879889402,0.320642901222832,0.982315012665523,39,0.999768571910998,node
auc_cc,beta,imagination,27,7Networks_LH_SalVentAttn_PFCl_1,0.0721996804382568,-0.257857273435746,0.387166643678646,0.671088229049837,39,0.999768571910998,node
auc_cc,beta,total,28,7Networks_LH_SalVentAttn_Med_1,-0.36099741451507,-0.613284779116564,-0.0418705801657279,0.0281555707770008,39,0.506800273986014,node
auc_cc,beta,social,28,7Networks_LH_SalVentAttn_Med_1,-0.208038273041366,-0.498461736249789,0.124369964746903,0.21661221125637,39,0.999768571910998,node
auc_cc,beta,switching,28,7Networks_LH_SalVentAttn_Med_1,-0.230950968789609,-0.516336108109458,0.100601977602491,0.169045157022912,39,0.999768571910998,node
auc_cc,beta,detail,28,7Networks_LH_SalVentAttn_Med_1,-0.0623726550927181,-0.378742683767522,0.267048997603694,0.713817761489227,39,0.999768571910998,node
auc_cc,beta,communication,28,7Networks_LH_SalVentAttn_Med_1,-0.267301564771837,-0.544192354765836,0.0621017266500709,0.109735718842421,39,0.849133293006267,node
auc_cc,beta,imagination,28,7Networks_LH_SalVentAttn_Med_1,-0.259387239933257,-0.53817898654368,0.0705684012192168,0.121067863327614,39,0.849133293006267,node
auc_cc,beta,total,29,7Networks_LH_SalVentAttn_Med_2,4.93791572031471e-05,-0.323980324990387,0.324068714482748,0.999768571910998,39,0.999768571910998,node
auc_cc,beta,social,29,7Networks_LH_SalVentAttn_Med_2,-0.0339002645177322,-0.3540358719242,0.293346525811919,0.842116621102738,39,0.999768571910998,node
auc_cc,beta,switching,29,7Networks_LH_SalVentAttn_Med_2,-0.00293264166351933,-0.326646766732913,0.32139728584675,0.986256072379688,39,0.999768571910998,node
auc_cc,beta,detail,29,7Networks_LH_SalVentAttn_Med_2,0.00168388553497044,-0.322516606485001,0.325530789803057,0.992108161389254,39,0.999768571910998,node
auc_cc,beta,communication,29,7Networks_LH_SalVentAttn_Med_2,0.0081202950831858,-0.316737617372264,0.331273177915663,0.961955951269793,39,0.999768571910998,node
auc_cc,beta,imagination,29,7Networks_LH_SalVentAttn_Med_2,0.0481950691336313,-0.280205244045778,0.366496243445098,0.776976166558845,39,0.999768571910998,node
auc_cc,beta,total,30,7Networks_LH_SalVentAttn_Med_3,-0.0264146921044367,-0.347465254673867,0.300179063326223,0.876674314586928,39,0.999768571910998,node
auc_cc,beta,social,30,7Networks_LH_SalVentAttn_Med_3,0.0170599492244859,-0.308670854893776,0.339209373889757,0.920171984648201,39,0.999768571910998,node
auc_cc,beta,switching,30,7Networks_LH_SalVentAttn_Med_3,0.0995643019657612,-0.231942995278809,0.410350395376688,0.557674403729427,39,0.999768571910998,node
auc_cc,beta,detail,30,7Networks_LH_SalVentAttn_Med_3,0.054614266470421,-0.274263723979824,0.37205477118451,0.748177653108944,39,0.999768571910998,node
auc_cc,beta,communication,30,7Networks_LH_SalVentAttn_Med_3,-0.25370490263041,-0.533843924118687,0.0766181349028866,0.129728697542624,39,0.849133293006267,node
auc_cc,beta,imagination,30,7Networks_LH_SalVentAttn_Med_3,-0.026056921683201,-0.347150422796186,0.300504785168622,0.878332154817664,39,0.999768571910998,node
auc_cc,beta,total,31,7Networks_LH_Limbic_OFC_1,-0.17716574237877,-0.47398089440498,0.155802800602781,0.294180049606647,39,0.842311027834395,node
auc_cc,beta,social,31,7Networks_LH_Limbic_OFC_1,-0.119955960195334,-0.427369206909064,0.212321203569754,0.479454865791282,39,0.842311027834395,node
auc_cc,beta,switching,31,7Networks_LH_Limbic_OFC_1,-0.179840335460135,-0.476120064480876,0.153106086745826,0.286833469314975,39,0.842311027834395,node
auc_cc,beta,detail,31,7Networks_LH_Limbic_OFC_1,0.0960387599994738,-0.235308298963809,0.407385874786002,0.571774454791711,39,0.842311027834395,node
auc_cc,beta,communication,31,7Networks_LH_Limbic_OFC_1,-0.131929270205194,-0.437261592807058,0.200673714084924,0.436355541916471,39,0.842311027834395,node
auc_cc,beta,imagination,31,7Networks_LH_Limbic_OFC_1,-0.176052882148572,-0.47308978271079,0.156923404639888,0.29727208071804,39,0.842311027834395,node
auc_cc,beta,total,32,7Networks_LH_Limbic_TempPole_1,0.126825361079134,-0.205650259464309,0.433053742878624,0.454460895360844,39,0.842311027834395,node
auc_cc,beta,social,32,7Networks_LH_Limbic_TempPole_1,-0.000663962764709949,-0.324618644682923,0.323430140509405,0.996888175659561,39,0.996888175659561,node
auc_cc,beta,switching,32,7Networks_LH_Limbic_TempPole_1,0.190653582208123,-0.142152620429181,0.484733024223893,0.258348830805396,39,0.842311027834395,node
auc_cc,beta,detail,32,7Networks_LH_Limbic_TempPole_1,0.0712209157232273,-0.258775449366198,0.386329974535717,0.6753013669577,39,0.880827869944826,node
auc_cc,beta,communication,32,7Networks_LH_Limbic_TempPole_1,0.112472645693027,-0.219553250372524,0.421148861223652,0.507477373380907,39,0.842311027834395,node
auc_cc,beta,imagination,32,7Networks_LH_Limbic_TempPole_1,-0.0419455489660322,-0.361062726384948,0.285965640998287,0.805298310924523,39,0.962977350212242,node
auc_cc,beta,total,33,7Networks_LH_Limbic_TempPole_2,-0.218155133668918,-0.506384539942047,0.113922280824729,0.194586723195925,39,0.842311027834395,node
auc_cc,beta,social,33,7Networks_LH_Limbic_TempPole_2,-0.329084247825822,-0.590177351355731,-0.00566365012967177,0.0467210702491702,39,0.467210702491702,node
auc_cc,beta,switching,33,7Networks_LH_Limbic_TempPole_2,-0.239620764048371,-0.523035256425109,0.0915087722914261,0.15316631721808,39,0.842311027834395,node
auc_cc,beta,detail,33,7Networks_LH_Limbic_TempPole_2,0.472397120933048,0.175188379216032,0.690697745760941,0.00315516688983832,39,0.0806563030286915,node
auc_cc,beta,communication,33,7Networks_LH_Limbic_TempPole_2,-0.448421265924235,-0.67444873244746,-0.145544250169125,0.00537708686857943,39,0.0806563030286915,node
auc_cc,beta,imagination,33,7Networks_LH_Limbic_TempPole_2,-0.0157211453197867,-0.338023760365604,0.309881924983097,0.926418861485885,39,0.996888175659561,node
auc_cc,beta,total,34,7Networks_LH_Cont_Par_1,0.00172816076241792,-0.322476935950263,0.325570372716267,0.991900664139295,39,0.998745009297377,node
auc_cc,beta,social,34,7Networks_LH_Cont_Par_1,0.0112116952519446,-0.313953375161732,0.334022756389516,0.947489820410791,39,0.998745009297377,node
auc_cc,beta,switching,34,7Networks_LH_Cont_Par_1,-0.183722699089832,-0.479218996634647,0.149182770035193,0.276382030851015,39,0.77326765892853,node
auc_cc,beta,detail,34,7Networks_LH_Cont_Par_1,0.158936262491056,-0.174051794157554,0.459306827526634,0.347432771503288,39,0.817457108198026,node
auc_cc,beta,communication,34,7Networks_LH_Cont_Par_1,0.00901853902380535,-0.315929198500977,0.332072667492805,0.957751203258727,39,0.998745009297377,node
auc_cc,beta,imagination,34,7Networks_LH_Cont_Par_1,0.0253993077476222,-0.301103292344173,0.346571544892361,0.88138073938491,39,0.998745009297377,node
auc_cc,beta,total,35,7Networks_LH_Cont_PFCl_1,0.221109294902354,-0.110857599792564,0.508688885005533,0.188462861793494,39,0.77326765892853,node
auc_cc,beta,social,35,7Networks_LH_Cont_PFCl_1,0.130234034804017,-0.202328552405323,0.435865459703124,0.442324587313618,39,0.836833296246963,node
auc_cc,beta,switching,35,7Networks_LH_Cont_PFCl_1,0.186066150824205,-0.146809514561137,0.481085998673032,0.270195149039753,39,0.77326765892853,node
auc_cc,beta,detail,35,7Networks_LH_Cont_PFCl_1,-0.15273413770171,-0.45427668415679,0.180208847555507,0.366807676755525,39,0.817457108198026,node
auc_cc,beta,communication,35,7Networks_LH_Cont_PFCl_1,0.274067731808519,-0.0548255535739348,0.549310883095702,0.100699542498378,39,0.77326765892853,node
auc_cc,beta,imagination,35,7Networks_LH_Cont_PFCl_1,0.213873242981783,-0.118353173066369,0.503037197603597,0.203708655946176,39,0.77326765892853,node
auc_cc,beta,total,36,7Networks_LH_Cont_pCun_1,0.109332746062668,-0.222576892576263,0.418530209952731,0.519475189192499,39,0.88084923384815,node
auc_cc,beta,social,36,7Networks_LH_Cont_pCun_1,-0.0508184539478923,-0.368770640239131,0.277780111922523,0.765168988975542,39,0.951162736311363,node
auc_cc,beta,switching,36,7Networks_LH_Cont_pCun_1,0.391546663118869,0.0773334994054115,0.635007344695505,0.0165524326555957,39,0.542411487523154,node
auc_cc,beta,detail,36,7Networks_LH_Cont_pCun_1,-0.115146019344222,-0.42337438488318,0.216973823462018,0.497373057685693,39,0.88084923384815,node
auc_cc,beta,communication,36,7Networks_LH_Cont_pCun_1,-0.0772012300438368,-0.391433993311933,0.253156011194442,0.649715205424346,39,0.938477518946277,node
auc_cc,beta,imagination,36,7Networks_LH_Cont_pCun_1,0.18408244121199,-0.148818701781766,0.479505773048528,0.275426333760712,39,0.77326765892853,node
auc_cc,beta,total,37,7Networks_LH_Cont_Cing_1,0.0572041838875941,-0.27185940234448,0.374291011484871,0.7366505475526,39,0.951162736311363,node
auc_cc,beta,social,37,7Networks_LH_Cont_Cing_1,0.0661863123006775,-0.263488989885405,0.382018077597025,0.697124667065014,39,0.951162736311363,node
auc_cc,beta,switching,37,7Networks_LH_Cont_Cing_1,-0.000267773920911704,-0.324264159482232,0.323784839816818,0.998745009297378,39,0.998745009297377,node
auc_cc,beta,detail,37,7Networks_LH_Cont_Cing_1,0.0621839801060461,-0.267224890554583,0.378580432558218,0.71464711416676,39,0.951162736311363,node
auc_cc,beta,communication,37,7Networks_LH_Cont_Cing_1,0.00728782607976225,-0.317486417696512,0.330531817336034,0.965853708051849,39,0.998745009297377,node
auc_cc,beta,imagination,37,7Networks_LH_Cont_Cing_1,0.0122257319138615,-0.313038872275999,0.334923474141554,0.942748041455415,39,0.998745009297377,node
auc_cc,beta,total,38,7Networks_LH_Default_Temp_1,-0.0534541098133374,-0.371051848131885,0.275339411011135,0.753358915552905,39,0.996213395193869,node
auc_cc,beta,social,38,7Networks_LH_Default_Temp_1,-0.110860490189745,-0.419804978876708,0.221106511607006,0.513620118300894,39,0.960635181016635,node
auc_cc,beta,switching,38,7Networks_LH_Default_Temp_1,-0.205364105258049,-0.496359380598134,0.127119316597431,0.222709906869716,39,0.913937906919137,node
auc_cc,beta,detail,38,7Networks_LH_Default_Temp_1,0.311579390937551,-0.0138426773943251,0.577318230716457,0.0604842828393218,39,0.913937906919137,node
auc_cc,beta,communication,38,7Networks_LH_Default_Temp_1,-0.143998521889672,-0.447159026083121,0.188836951703028,0.395164061579125,39,0.913937906919137,node
auc_cc,beta,imagination,38,7Networks_LH_Default_Temp_1,0.0328732564811517,-0.294285921426582,0.353136260877386,0.846842184246886,39,0.996213395193869,node
auc_cc,beta,total,39,7Networks_LH_Default_Temp_2,-0.229848988172123,-0.515482098779712,0.101753821975719,0.1711449901958,39,0.913937906919137,node
auc_cc,beta,social,39,7Networks_LH_Default_Temp_2,-0.408834753536432,-0.647132079336134,-0.0977608567128627,0.0119923980107696,39,0.863452656775409,node
auc_cc,beta,switching,39,7Networks_LH_Default_Temp_2,-0.260489965328926,-0.5390185515691,0.0693915591049328,0.119438479301067,39,0.913937906919137,node
auc_cc,beta,detail,39,7Networks_LH_Default_Temp_2,0.548424082458419,0.272893517996032,0.740805376047331,0.000441028022352442,39,0.0635080352187517,node
auc_cc,beta,communication,39,7Networks_LH_Default_Temp_2,-0.368181605453797,-0.618427774002766,-0.0501386151913259,0.0249543592705773,39,0.913937906919137,node
auc_cc,beta,imagination,39,7Networks_LH_Default_Temp_2,-0.107377828575559,-0.416897223328872,0.224456207796479,0.527015134029959,39,0.960635181016635,node
auc_cc,beta,total,40,7Networks_LH_Default_Par_1,-0.184552579940223,-0.479880459473301,0.148342773252926,0.274180610070575,39,0.913937906919137,node
auc_cc,beta,social,40,7Networks_LH_Default_Par_1,-0.2513482603809,-0.53204170822907,0.0791200328623466,0.133452482731297,39,0.913937906919137,node
auc_cc,beta,switching,40,7Networks_LH_Default_Par_1,-0.055622452038251,-0.372925717966227,0.273328274375996,0.743683901422346,39,0.996213395193869,node
auc_cc,beta,detail,40,7Networks_LH_Default_Par_1,0.157537710458094,-0.175442460025448,0.458174231909591,0.351746379919529,39,0.913937906919137,node
auc_cc,beta,communication,40,7Networks_LH_Default_Par_1,-0.264645474263126,-0.542177402546496,0.0649484840957356,0.113445695692933,39,0.913937906919137,node
auc_cc,beta,imagination,40,7Networks_LH_Default_Par_1,-0.0845364323327623,-0.397668077725776,0.246232868546365,0.618866155471811,39,0.97972408201367,node
auc_cc,beta,total,41,7Networks_LH_Default_Par_2,-0.0410997873587463,-0.360325727972505,0.2867433920106,0.809150915305526,39,0.996213395193869,node
auc_cc,beta,social,41,7Networks_LH_Default_Par_2,-0.0272000074435787,-0.348156065072476,0.299463828277446,0.873037135872982,39,0.996213395193869,node
auc_cc,beta,switching,41,7Networks_LH_Default_Par_2,-0.125835244837538,-0.432235906017887,0.206613680849861,0.458019448623077,39,0.960635181016635,node
auc_cc,beta,detail,41,7Networks_LH_Default_Par_2,0.184315054923027,-0.148583242686475,0.479691172643219,0.27480951774984,39,0.913937906919137,node
auc_cc,beta,communication,41,7Networks_LH_Default_Par_2,-0.0458034903477706,-0.364419495612593,0.282412441351735,0.787783225014805,39,0.996213395193869,node
auc_cc,beta,imagination,41,7Networks_LH_Default_Par_2,-0.125359694391692,-0.43184292167758,0.207076180760813,0.459733912757619,39,0.960635181016635,node
auc_cc,beta,total,42,7Networks_LH_Default_PFC_1,0.0647166976416847,-0.264861923550172,0.380756824794275,0.703541356105818,39,0.996213395193869,node
auc_cc,beta,social,42,7Networks_LH_Default_PFC_1,-0.00692847844084028,-0.330211674697101,0.317809523399001,0.967536479173682,39,0.996213395193869,node
auc_cc,beta,switching,42,7Networks_LH_Default_PFC_1,0.0313037063271182,-0.295720355490713,0.351760263174182,0.854074275516235,39,0.996213395193869,node
auc_cc,beta,detail,42,7Networks_LH_Default_PFC_1,0.00172461117177249,-0.322480116419938,0.325567199355146,0.991917299388676,39,0.996213395193869,node
auc_cc,beta,communication,42,7Networks_LH_Default_PFC_1,0.201596373156729,-0.130984327554565,0.493391491627781,0.231498947397587,39,0.913937906919137,node
auc_cc,beta,imagination,42,7Networks_LH_Default_PFC_1,-0.0503110611737104,-0.368331042527436,0.278249487272461,0.767448656148806,39,0.996213395193869,node
auc_cc,beta,total,43,7Networks_LH_Default_PFC_2,0.230630456885594,-0.100937084100125,0.516087777366332,0.169653979465988,39,0.913937906919137,node
auc_cc,beta,social,43,7Networks_LH_Default_PFC_2,0.27788033164851,-0.0507101310877319,0.552186001743421,0.0958640368433288,39,0.913937906919137,node
auc_cc,beta,switching,43,7Networks_LH_Default_PFC_2,0.0126996183297606,-0.312611293754837,0.335344201495907,0.940532736837502,39,0.996213395193869,node
auc_cc,beta,detail,43,7Networks_LH_Default_PFC_2,-0.0619593923924044,-0.378387272816849,0.267434234666466,0.71563474751927,39,0.996213395193869,node
auc_cc,beta,communication,43,7Networks_LH_Default_PFC_2,0.288261661402772,-0.0394473977269011,0.559981733877496,0.0835970713031368,39,0.913937906919137,node
auc_cc,beta,imagination,43,7Networks_LH_Default_PFC_2,0.115476905546442,-0.216654242280416,0.423649581760269,0.496129604727132,39,0.960635181016635,node
auc_cc,beta,total,44,7Networks_LH_Default_PFC_3,-0.174938710666915,-0.47219701178531,0.158044470808567,0.300388491362868,39,0.913937906919137,node
auc_cc,beta,social,44,7Networks_LH_Default_PFC_3,-0.145385115330512,-0.448291372366021,0.187470845887768,0.39058046874376,39,0.913937906919137,node
auc_cc,beta,switching,44,7Networks_LH_Default_PFC_3,-0.148134686138912,-0.450533907619517,0.184758087761664,0.381583259565087,39,0.913937906919137,node
auc_cc,beta,detail,44,7Networks_LH_Default_PFC_3,0.118847608577472,-0.213394641204119,0.426449745745818,0.483553622912312,39,0.960635181016635,node
auc_cc,beta,communication,44,7Networks_LH_Default_PFC_3,-0.279628467164374,-0.553502109781807,0.0488194079919422,0.0937072315864059,39,0.913937906919137,node
auc_cc,beta,imagination,44,7Networks_LH_Default_PFC_3,-0.013175570332005,-0.335766633226532,0.312181718758654,0.938308218992932,39,0.996213395193869,node
auc_cc,beta,total,45,7Networks_LH_Default_PFC_4,-0.194612816994982,-0.487872431376792,0.138121555462547,0.248405796278417,39,0.913937906919137,node
auc_cc,beta,social,45,7Networks_LH_Default_PFC_4,-0.162807363364389,-0.462436693691863,0.170195583015746,0.335661787426729,39,0.913937906919137,node
auc_cc,beta,switching,45,7Networks_LH_Default_PFC_4,-0.126076210391891,-0.432434990190246,0.206379271388474,0.457152026182367,39,0.960635181016635,node
auc_cc,beta,detail,45,7Networks_LH_Default_PFC_4,0.139005724734636,-0.193745330136094,0.443073648324585,0.411924057707199,39,0.913937906919137,node
auc_cc,beta,communication,45,7Networks_LH_Default_PFC_4,-0.225972095195719,-0.512473080557474,0.105799087295989,0.178680794518222,39,0.913937906919137,node
auc_cc,beta,imagination,45,7Networks_LH_Default_PFC_4,-0.190054788276734,-0.484257560306951,0.142761318444134,0.259875257400424,39,0.913937906919137,node
auc_cc,beta,total,46,7Networks_LH_Default_PFC_5,-0.27993178171936,-0.55373032517744,0.0484911136109645,0.0933368295251025,39,0.913937906919137,node
auc_cc,beta,social,46,7Networks_LH_Default_PFC_5,-0.171399906505594,-0.469357364418514,0.161599489630874,0.310424332081971,39,0.913937906919137,node
auc_cc,beta,switching,46,7Networks_LH_Default_PFC_5,-0.0293218421526064,-0.35002081627623,0.297529504879822,0.86322291532848,39,0.996213395193869,node
auc_cc,beta,detail,46,7Networks_LH_Default_PFC_5,-0.150671778327354,-0.452599766820692,0.182250455523777,0.373390242741636,39,0.913937906919137,node
auc_cc,beta,communication,46,7Networks_LH_Default_PFC_5,-0.302712573470541,-0.570753952526131,0.0236296963770311,0.0685881428155947,39,0.913937906919137,node
auc_cc,beta,imagination,46,7Networks_LH_Default_PFC_5,-0.139256921710398,-0.443279493491913,0.193498777765671,0.41107132416855,39,0.913937906919137,node
auc_cc,beta,total,47,7Networks_LH_Default_PFC_6,-0.108148453121895,-0.417541182033488,0.223715680118827,0.524036537476256,39,0.960635181016635,node
auc_cc,beta,social,47,7Networks_LH_Default_PFC_6,-0.115613233735879,-0.423762948885144,0.216522551155263,0.495617752343831,39,0.960635181016635,node
auc_cc,beta,switching,47,7Networks_LH_Default_PFC_6,-0.0224969868718865,-0.344013792840014,0.303741681455605,0.894854908266793,39,0.996213395193869,node
auc_cc,beta,detail,47,7Networks_LH_Default_PFC_6,-0.0207491510947391,-0.342471157897043,0.30532816194701,0.902983587688836,39,0.996213395193869,node
auc_cc,beta,communication,47,7Networks_LH_Default_PFC_6,-0.0108384484644732,-0.333691071537092,0.314289833695595,0.949235631784332,39,0.996213395193869,node
auc_cc,beta,imagination,47,7Networks_LH_Default_PFC_6,-0.144883162012341,-0.447881569940762,0.18796553132873,0.392236170943795,39,0.913937906919137,node
auc_cc,beta,total,48,7Networks_LH_Default_PFC_7,-0.173527496323656,-0.471065348278569,0.159463186843575,0.304365530432684,39,0.913937906919137,node
auc_cc,beta,social,48,7Networks_LH_Default_PFC_7,0.0340947308198188,-0.293168577932876,0.354206148634076,0.841222431878396,39,0.996213395193869,node
auc_cc,beta,switching,48,7Networks_LH_Default_PFC_7,-0.256838443160533,-0.536236328846148,0.073284997967182,0.124897526333251,39,0.913937906919137,node
auc_cc,beta,detail,48,7Networks_LH_Default_PFC_7,0.11774919053236,-0.214457667327829,0.425537897609542,0.487633514636102,39,0.960635181016635,node
auc_cc,beta,communication,48,7Networks_LH_Default_PFC_7,-0.142432276208292,-0.445878798970007,0.190378507439279,0.400378734953723,39,0.913937906919137,node
auc_cc,beta,imagination,48,7Networks_LH_Default_PFC_7,-0.321614618832204,-0.584706298018395,0.00269025593345647,0.0522485113819743,39,0.913937906919137,node
auc_cc,beta,total,49,7Networks_LH_Default_pCunPCC_1,-0.065671829609924,-0.381576672026718,0.263969778478805,0.699368692194682,39,0.996213395193869,node
auc_cc,beta,social,49,7Networks_LH_Default_pCunPCC_1,-0.0248242170473284,-0.34606510913722,0.301626482769907,0.884048140524875,39,0.996213395193869,node
auc_cc,beta,switching,49,7Networks_LH_Default_pCunPCC_1,-0.0520548920133398,-0.369841276923008,0.276635659083448,0.759621967250872,39,0.996213395193869,node
auc_cc,beta,detail,49,7Networks_LH_Default_pCunPCC_1,0.0835744295419418,-0.247142757416109,0.396852129066707,0.622877034318941,39,0.97972408201367,node
auc_cc,beta,communication,49,7Networks_LH_Default_pCunPCC_1,0.013709288705181,-0.311699847876919,0.336240181274018,0.935814259436886,39,0.996213395193869,node
auc_cc,beta,imagination,49,7Networks_LH_Default_pCunPCC_1,-0.268248146071523,-0.544909675061041,0.0610858981410337,0.108435959733606,39,0.913937906919137,node
auc_cc,beta,total,50,7Networks_LH_Default_pCunPCC_2,-0.104921820486176,-0.414842828656791,0.226813741753457,0.536562820152338,39,0.965813076274209,node
auc_cc,beta,social,50,7Networks_LH_Default_pCunPCC_2,-0.0903831936796298,-0.402616536858878,0.240690271343887,0.594725549037692,39,0.97972408201367,node
auc_cc,beta,switching,50,7Networks_LH_Default_pCunPCC_2,-0.0868474462592701,-0.399626204714378,0.244044662332536,0.609275270951503,39,0.97972408201367,node
auc_cc,beta,detail,50,7Networks_LH_Default_pCunPCC_2,-0.152744683083306,-0.454285253185014,0.180198400904392,0.366774197243015,39,0.913937906919137,node
auc_cc,beta,communication,50,7Networks_LH_Default_pCunPCC_2,0.110243467611224,-0.22170054819162,0.419290274163523,0.515980892578644,39,0.960635181016635,node
auc_cc,beta,imagination,50,7Networks_LH_Default_pCunPCC_2,-0.0499432167921507,-0.368012258569193,0.278589672082758,0.769102551113905,39,0.996213395193869,node
auc_cc,beta,total,51,7Networks_RH_Vis_1,-0.120533763928667,-0.427848286592069,0.211761282958814,0.477325322942035,39,0.889140740939148,node
auc_cc,beta,social,51,7Networks_RH_Vis_1,-0.120588900814755,-0.42789399371839,0.211707841165066,0.477122370512322,39,0.889140740939148,node
auc_cc,beta,switching,51,7Networks_RH_Vis_1,-0.128882022017187,-0.434750936688337,0.203646987094461,0.447116962318193,39,0.889140740939148,node
auc_cc,beta,detail,51,7Networks_RH_Vis_1,0.0905703125046516,-0.240512529645795,0.402774605757122,0.593959796535961,39,0.890939694803942,node
auc_cc,beta,communication,51,7Networks_RH_Vis_1,-0.0795234294256406,-0.393410722904134,0.250967917133468,0.639883461411357,39,0.89408374060217,node
auc_cc,beta,imagination,51,7Networks_RH_Vis_1,-0.0938397334145114,-0.405533451802479,0.237403362608262,0.580650484663152,39,0.890939694803942,node
auc_cc,beta,total,52,7Networks_RH_Vis_2,-0.0196057759063062,-0.341461078752597,0.306365005480331,0.908306414845643,39,0.955126333136655,node
auc_cc,beta,social,52,7Networks_RH_Vis_2,-0.142963299740478,-0.446312989261052,0.1898560386758,0.398606325454109,39,0.889140740939148,node
auc_cc,beta,switching,52,7Networks_RH_Vis_2,-0.00702825692762841,-0.330300574762543,0.317719815615039,0.967069217306114,39,0.970775346975872,node
auc_cc,beta,detail,52,7Networks_RH_Vis_2,0.143596224545303,-0.189233063943591,0.446830312416549,0.396499711892849,39,0.889140740939148,node
auc_cc,beta,communication,52,7Networks_RH_Vis_2,0.0256382928230517,-0.300885817150606,0.346781944616447,0.880272649079003,39,0.93528968964644,node
auc_cc,beta,imagination,52,7Networks_RH_Vis_2,-0.0615549410361005,-0.378039349369836,0.26781115600251,0.717414485832698,39,0.90344335071273,node
auc_cc,beta,total,53,7Networks_RH_Vis_3,-0.230658929467577,-0.516109839698192,0.100907318056186,0.169599831360584,39,0.808346130678052,node
auc_cc,beta,social,53,7Networks_RH_Vis_3,-0.195567553039785,-0.488628339344047,0.137147845706086,0.246046968433932,39,0.889140740939148,node
auc_cc,beta,switching,53,7Networks_RH_Vis_3,-0.125447474857565,-0.431915470265926,0.206990820436169,0.45941718650036,39,0.889140740939148,node
auc_cc,beta,detail,53,7Networks_RH_Vis_3,-0.00623691564313924,-0.329595352356647,0.318431126595047,0.970775346975872,39,0.970775346975872,node
auc_cc,beta,communication,53,7Networks_RH_Vis_3,-0.204566040539716,-0.495731302499794,0.127938830186448,0.224552212420043,39,0.889140740939148,node
auc_cc,beta,imagination,53,7Networks_RH_Vis_3,-0.0977334997911188,-0.40881174915791,0.233691577300843,0.56497629844553,39,0.890939694803942,node
auc_cc,beta,total,54,7Networks_RH_Vis_4,0.162844099553612,-0.170158939208968,0.462466359945906,0.335551272781384,39,0.889140740939148,node
auc_cc,beta,social,54,7Networks_RH_Vis_4,0.13165281509093,-0.200943710927068,0.43703401499754,0.437325918931116,39,0.889140740939148,node
auc_cc,beta,switching,54,7Networks_RH_Vis_4,0.148867765687148,-0.184033965519821,0.451131159724382,0.379205165692388,39,0.889140740939148,node
auc_cc,beta,detail,54,7Networks_RH_Vis_4,0.115279097295688,-0.21684530079465,0.423485072180511,0.496872766995406,39,0.889140740939148,node
auc_cc,beta,communication,54,7Networks_RH_Vis_4,-0.0676024692479592,-0.383232339829731,0.262164732346192,0.690960923232856,39,0.90344335071273,node
auc_cc,beta,imagination,54,7Networks_RH_Vis_4,0.108468625267922,-0.223407899643964,0.417808636844277,0.522801448783097,39,0.890939694803942,node
auc_cc,beta,total,55,7Networks_RH_Vis_5,0.00785175940156203,-0.316979207679269,0.331034075339808,0.963213188782107,39,0.970775346975872,node
auc_cc,beta,social,55,7Networks_RH_Vis_5,0.0961279801625003,-0.235223231793756,0.407460978307543,0.571415637937186,39,0.890939694803942,node
auc_cc,beta,switching,55,7Networks_RH_Vis_5,-0.249690179074251,-0.530772182997648,0.0808778214028087,0.136119461046228,39,0.808346130678052,node
auc_cc,beta,detail,55,7Networks_RH_Vis_5,0.106368268027707,-0.225425760220239,0.416053131593903,0.530929721560052,39,0.890939694803942,node
auc_cc,beta,communication,55,7Networks_RH_Vis_5,-0.0330449054998783,-0.353286658627372,0.294128959498909,0.846052005764892,39,0.931654443515045,node
auc_cc,beta,imagination,55,7Networks_RH_Vis_5,0.133640210224412,-0.199001618610446,0.438669169035612,0.43037648940836,39,0.889140740939148,node
auc_cc,beta,total,56,7Networks_RH_Vis_6,0.0684420641358163,-0.261379034858228,0.383951722923971,0.687315833330756,39,0.90344335071273,node
auc_cc,beta,social,56,7Networks_RH_Vis_6,0.0304982605137992,-0.296455891669614,0.351053604560037,0.857790163518392,39,0.931654443515045,node
auc_cc,beta,switching,56,7Networks_RH_Vis_6,0.0297072238941429,-0.297177892000508,0.350359232273429,0.861442511598614,39,0.931654443515045,node
auc_cc,beta,detail,56,7Networks_RH_Vis_6,0.0341769277689222,-0.293093356166894,0.35427811475338,0.840844535112169,39,0.931654443515045,node
auc_cc,beta,communication,56,7Networks_RH_Vis_6,0.0283496179865626,-0.29841614461879,0.349166703091297,0.867717373862052,39,0.931654443515045,node
auc_cc,beta,imagination,56,7Networks_RH_Vis_6,0.0824356987617106,-0.248219047258586,0.395885643452171,0.627638606329658,39,0.89408374060217,node
auc_cc,beta,total,57,7Networks_RH_Vis_7,0.283672368398519,-0.0444366245123874,0.556541384012324,0.0888607093480958,39,0.808346130678052,node
auc_cc,beta,social,57,7Networks_RH_Vis_7,0.0598714332703834,-0.269378989039642,0.376590174948164,0.7248382336565,39,0.90344335071273,node
auc_cc,beta,switching,57,7Networks_RH_Vis_7,0.141668970496745,-0.191129186202164,0.44525443337381,0.402934356765645,39,0.889140740939148,node
auc_cc,beta,detail,57,7Networks_RH_Vis_7,0.296861499765885,-0.030053919355439,0.566403443526788,0.0743870079336928,39,0.808346130678052,node
auc_cc,beta,communication,57,7Networks_RH_Vis_7,0.0910862884431436,-0.240022295868697,0.403210380724451,0.591850489643163,39,0.890939694803942,node
auc_cc,beta,imagination,57,7Networks_RH_Vis_7,0.240824380103735,-0.0902419942640777,0.523962530189585,0.15105073211222,39,0.808346130678052,node
auc_cc,beta,total,58,7Networks_RH_Vis_8,0.252150266522742,-0.0782690607532756,0.53265531910625,0.132176441358701,39,0.808346130678052,node
auc_cc,beta,social,58,7Networks_RH_Vis_8,0.0954673162136101,-0.235853022999675,0.406904746407111,0.574075056906574,39,0.890939694803942,node
auc_cc,beta,switching,58,7Networks_RH_Vis_8,0.0322793262011632,-0.294828896108566,0.352615735285185,0.849577447380462,39,0.931654443515045,node
auc_cc,beta,detail,58,7Networks_RH_Vis_8,0.239759473590899,-0.0913628383271893,0.523142153388971,0.152921415953109,39,0.808346130678052,node
auc_cc,beta,communication,58,7Networks_RH_Vis_8,0.084955741798857,-0.245836091513914,0.398023571462242,0.617121310631426,39,0.89408374060217,node
auc_cc,beta,imagination,58,7Networks_RH_Vis_8,0.311456514331643,-0.0139787335825479,0.577227496873521,0.06059115013559,39,0.808346130678052,node
auc_cc,beta,total,59,7Networks_RH_SomMot_1,-0.363059030489444,-0.614762833799674,-0.0442387588913523,0.0272041209913045,39,0.571286540817393,node
auc_cc,beta,social,59,7Networks_RH_SomMot_1,-0.198214213490716,-0.490721523118066,0.134445221436306,0.239586676932818,39,0.949567629181235,node
auc_cc,beta,switching,59,7Networks_RH_SomMot_1,-0.144305123276145,-0.447409492439132,0.18853499140164,0.394147876344204,39,0.949567629181235,node
auc_cc,beta,detail,59,7Networks_RH_SomMot_1,-0.0494516201303526,-0.367586110744812,0.27904417511689,0.771314427353841,39,0.949567629181235,node
auc_cc,beta,communication,59,7Networks_RH_SomMot_1,-0.383924050925129,-0.629622966547106,-0.0684097597682508,0.0189830444638891,39,0.532027067872471,node
auc_cc,beta,imagination,59,7Networks_RH_SomMot_1,-0.279609933908849,-0.553488163933784,0.0488394652751083,0.0937299005458165,39,0.949567629181235,node
auc_cc,beta,total,60,7Networks_RH_SomMot_2,0.0245002491411118,-0.301921126961209,0.345779734411516,0.885551332828641,39,0.978767262600077,node
auc_cc,beta,social,60,7Networks_RH_SomMot_2,0.176373355224595,-0.156600789437946,0.473346460644767,0.296379538754567,39,0.949567629181235,node
auc_cc,beta,switching,60,7Networks_RH_SomMot_2,0.0902319887296432,-0.240833882707465,0.40248879265382,0.595344644908265,39,0.949567629181235,node
auc_cc,beta,detail,60,7Networks_RH_SomMot_2,-0.144207886169207,-0.447330063426489,0.188630763426574,0.39446999054543,39,0.949567629181235,node
auc_cc,beta,communication,60,7Networks_RH_SomMot_2,-0.0737259506944463,-0.388470298043343,0.256424293758973,0.664538055555461,39,0.949567629181235,node
auc_cc,beta,imagination,60,7Networks_RH_SomMot_2,-0.0358781411786855,-0.355766731949796,0.29153559645624,0.833031277521324,39,0.962969559453224,node
auc_cc,beta,total,61,7Networks_RH_SomMot_3,-0.189937396234939,-0.484164326426607,0.142880622647657,0.260175208026909,39,0.949567629181235,node
auc_cc,beta,social,61,7Networks_RH_SomMot_3,-0.00776486256461535,-0.330956694023815,0.317057376098083,0.963620043589515,39,0.989709019657288,node
auc_cc,beta,switching,61,7Networks_RH_SomMot_3,-0.124792532798401,-0.431374079717822,0.20762758351543,0.461783139662846,39,0.949567629181235,node
auc_cc,beta,detail,61,7Networks_RH_SomMot_3,-0.134901485685983,-0.43970585247571,0.197767737295106,0.425998120667371,39,0.949567629181235,node
auc_cc,beta,communication,61,7Networks_RH_SomMot_3,-0.238021150324633,-0.521801864223793,0.0931906716999426,0.156011187606396,39,0.949567629181235,node
auc_cc,beta,imagination,61,7Networks_RH_SomMot_3,-0.0314913081737134,-0.351924803397966,0.295548981077341,0.853209224187422,39,0.962969559453224,node
auc_cc,beta,total,62,7Networks_RH_SomMot_4,0.331496670396764,0.00837134124600565,0.591939196531292,0.045040020481824,39,0.626426943440425,node
auc_cc,beta,social,62,7Networks_RH_SomMot_4,0.505685103574387,0.217259502775669,0.712898145281009,0.00140918319441726,39,0.11837138833105,node
auc_cc,beta,switching,62,7Networks_RH_SomMot_4,0.223528049348206,-0.108343646361206,0.510572531935275,0.183551099121955,39,0.949567629181235,node
auc_cc,beta,detail,62,7Networks_RH_SomMot_4,-0.166888033847904,-0.465727936494351,0.166119535910024,0.323522946408486,39,0.949567629181235,node
auc_cc,beta,communication,62,7Networks_RH_SomMot_4,0.16922145898848,-0.163783629386928,0.467606239867557,0.31670627960282,39,0.949567629181235,node
auc_cc,beta,imagination,62,7Networks_RH_SomMot_4,0.11065344100314,-0.221305875037693,0.419632285803348,0.51441170402106,39,0.949567629181235,node
auc_cc,beta,total,63,7Networks_RH_SomMot_5,0.160695812518299,-0.172300277148654,0.460730385774207,0.342051667719609,39,0.949567629181235,node
auc_cc,beta,social,63,7Networks_RH_SomMot_5,0.175244891767927,-0.157736480518263,0.472442411447149,0.29953001538129,39,0.949567629181235,node
auc_cc,beta,switching,63,7Networks_RH_SomMot_5,0.0668826416017853,-0.262838003080979,0.382615270868814,0.694091514101795,39,0.949567629181235,node
auc_cc,beta,detail,63,7Networks_RH_SomMot_5,0.0475245628889652,-0.280824407341176,0.365914323403186,0.780001981113157,39,0.949567629181235,node
auc_cc,beta,communication,63,7Networks_RH_SomMot_5,0.0547766427789603,-0.274113104413971,0.372195081867612,0.747453341260128,39,0.949567629181235,node
auc_cc,beta,imagination,63,7Networks_RH_SomMot_5,0.0862949490371717,-0.24456810640857,0.399158332136492,0.611562423082422,39,0.949567629181235,node
auc_cc,beta,total,64,7Networks_RH_SomMot_6,-0.0565829791536269,-0.373754973986669,0.272436465742463,0.739410326560392,39,0.949567629181235,node
auc_cc,beta,social,64,7Networks_RH_SomMot_6,-0.0754681352502833,-0.389956835937539,0.254786821440873,0.657091118173817,39,0.949567629181235,node
auc_cc,beta,switching,64,7Networks_RH_SomMot_6,0.00219581558728366,-0.322057848401264,0.325988395909054,0.989709019657288,39,0.989709019657288,node
auc_cc,beta,detail,64,7Networks_RH_SomMot_6,-0.0346206868304547,-0.354666574857281,0.292687184235338,0.838804980684387,39,0.962969559453224,node
auc_cc,beta,communication,64,7Networks_RH_SomMot_6,0.00643917401572303,-0.31824935788745,0.329775633997991,0.969828039375342,39,0.989709019657288,node
auc_cc,beta,imagination,64,7Networks_RH_SomMot_6,-0.0537878468184208,-0.371340430391801,0.275030057331444,0.751867345398803,39,0.949567629181235,node
auc_cc,beta,total,65,7Networks_RH_SomMot_7,0.122545102633013,-0.209810492732267,0.429514620549793,0.46995114154732,39,0.949567629181235,node
auc_cc,beta,social,65,7Networks_RH_SomMot_7,0.0176764222887691,-0.308112843507367,0.339754964151578,0.917297074026968,39,0.989709019657288,node
auc_cc,beta,switching,65,7Networks_RH_SomMot_7,-0.120394264911849,-0.427732638309079,0.211896484435712,0.477839004200893,39,0.949567629181235,node
auc_cc,beta,detail,65,7Networks_RH_SomMot_7,0.383870958658179,0.0683477815621746,0.629585380851874,0.0190009667097311,39,0.532027067872471,node
auc_cc,beta,communication,65,7Networks_RH_SomMot_7,-0.052813755814939,-0.370497962447922,0.275932789177791,0.756223310721718,39,0.949567629181235,node
auc_cc,beta,imagination,65,7Networks_RH_SomMot_7,0.146848661912245,-0.186027525788344,0.449485507944503,0.38577617478067,39,0.949567629181235,node
auc_cc,beta,total,66,7Networks_RH_SomMot_8,0.110749456412775,-0.221213427211837,0.419712371952627,0.514044544690261,39,0.949567629181235,node
auc_cc,beta,social,66,7Networks_RH_SomMot_8,0.195511227163279,-0.137205308814782,0.488583755793491,0.246185712198497,39,0.949567629181235,node
auc_cc,beta,switching,66,7Networks_RH_SomMot_8,-0.00933719315342193,-0.3323561767863,0.315642296598634,0.956259823434124,39,0.989709019657288,node
auc_cc,beta,detail,66,7Networks_RH_SomMot_8,0.0863850320962367,-0.244482773536094,0.39923462851324,0.611189261562884,39,0.949567629181235,node
auc_cc,beta,communication,66,7Networks_RH_SomMot_8,-0.013333710486864,-0.335906961983432,0.312038958408271,0.937569200172378,39,0.989709019657288,node
auc_cc,beta,imagination,66,7Networks_RH_SomMot_8,0.00779493772197507,-0.317030322361894,0.330983476333478,0.963479229351415,39,0.989709019657288,node
auc_cc,beta,total,67,7Networks_RH_DorsAttn_Post_1,0.251897428887457,-0.0785373872077065,0.532461906124223,0.132577742120649,39,0.748390960100159,node
auc_cc,beta,social,67,7Networks_RH_DorsAttn_Post_1,0.190943053821283,-0.141858270660785,0.484962812794435,0.257613054638025,39,0.772839163914074,node
auc_cc,beta,switching,67,7Networks_RH_DorsAttn_Post_1,0.158022740812056,-0.174960315129462,0.458567136804859,0.350246722509021,39,0.889034145852646,node
auc_cc,beta,detail,67,7Networks_RH_DorsAttn_Post_1,0.140655852480629,-0.192124943866195,0.444425271144415,0.4063407712491,39,0.910132338744204,node
auc_cc,beta,communication,67,7Networks_RH_DorsAttn_Post_1,-0.0433974736593918,-0.362327007667821,0.284629462334275,0.798695096517637,39,0.956842762109759,node
auc_cc,beta,imagination,67,7Networks_RH_DorsAttn_Post_1,0.270122630897891,-0.059072270083139,0.546328967659177,0.105896506277932,39,0.748390960100159,node
auc_cc,beta,total,68,7Networks_RH_DorsAttn_Post_2,0.0815612303995172,-0.249045011401402,0.39514297606098,0.631305277799223,39,0.956842762109759,node
auc_cc,beta,social,68,7Networks_RH_DorsAttn_Post_2,0.0881172735703364,-0.242840877818469,0.400700918358223,0.604032463524232,39,0.956842762109759,node
auc_cc,beta,switching,68,7Networks_RH_DorsAttn_Post_2,0.167013906588905,-0.165993624604362,0.465829327202957,0.32315291683611,39,0.8649964558507,node
auc_cc,beta,detail,68,7Networks_RH_DorsAttn_Post_2,-0.061847106362957,-0.37829068934383,0.267538887767955,0.716128700616583,39,0.956842762109759,node
auc_cc,beta,communication,68,7Networks_RH_DorsAttn_Post_2,-0.0701133870826347,-0.38538260942953,0.2598136996269,0.680080530546438,39,0.956842762109759,node
auc_cc,beta,imagination,68,7Networks_RH_DorsAttn_Post_2,0.0952695992975619,-0.236041446536873,0.406738237959622,0.574872029721392,39,0.956842762109759,node
auc_cc,beta,total,69,7Networks_RH_DorsAttn_Post_3,0.00102601217876648,-0.323105925832946,0.324942504478154,0.9951913584663,39,0.9951913584663,node
auc_cc,beta,social,69,7Networks_RH_DorsAttn_Post_3,-0.181632841272734,-0.477551771272546,0.151295976032515,0.281976709207959,39,0.818642058990849,node
auc_cc,beta,switching,69,7Networks_RH_DorsAttn_Post_3,0.0133548706083938,-0.312019855084184,0.335925737744607,0.937470318814773,39,0.979052766219365,node
auc_cc,beta,detail,69,7Networks_RH_DorsAttn_Post_3,0.319528402829838,-0.00501538576731953,0.583173983070199,0.0538822506066736,39,0.692771793514375,node
auc_cc,beta,communication,69,7Networks_RH_DorsAttn_Post_3,-0.112892681547285,-0.421498777957788,0.219148282409486,0.505883005787873,39,0.956842762109759,node
auc_cc,beta,imagination,69,7Networks_RH_DorsAttn_Post_3,-0.0166500160950849,-0.338846455344338,0.309041788966139,0.922084254944311,39,0.979052766219365,node
auc_cc,beta,total,70,7Networks_RH_DorsAttn_Post_4,0.202625573212988,-0.129929557314815,0.494202880251216,0.229075080300032,39,0.772839163914074,node
auc_cc,beta,social,70,7Networks_RH_DorsAttn_Post_4,0.199546188374888,-0.133083207180107,0.491773676291469,0.236379097499681,39,0.772839163914074,node
auc_cc,beta,switching,70,7Networks_RH_DorsAttn_Post_4,-0.0147659317516566,-0.337177219710646,0.310745357297844,0.930878575931353,39,0.979052766219365,node
auc_cc,beta,detail,70,7Networks_RH_DorsAttn_Post_4,0.0856603004487983,-0.245169144017246,0.398620689964343,0.614194130836717,39,0.956842762109759,node
auc_cc,beta,communication,70,7Networks_RH_DorsAttn_Post_4,0.0807020729409932,-0.249856045800357,0.394412912460241,0.634916221652859,39,0.956842762109759,node
auc_cc,beta,imagination,70,7Networks_RH_DorsAttn_Post_4,0.240430248178506,-0.0906569269842047,0.523658962236196,0.151741135996585,39,0.748390960100159,node
auc_cc,beta,total,71,7Networks_RH_DorsAttn_Post_5,0.368434432007693,0.0504303806883361,0.618608377005058,0.024847437128093,39,0.491047081487839,node
auc_cc,beta,social,71,7Networks_RH_DorsAttn_Post_5,0.263906104151788,-0.0657399763612375,0.541615936206123,0.114495052293071,39,0.748390960100159,node
auc_cc,beta,switching,71,7Networks_RH_DorsAttn_Post_5,0.209236629208919,-0.123136258466791,0.499402743133893,0.213917333261594,39,0.772839163914074,node
auc_cc,beta,detail,71,7Networks_RH_DorsAttn_Post_5,0.127355077618428,-0.205134560032178,0.4334910822563,0.452563191141371,39,0.925697436425531,node
auc_cc,beta,communication,71,7Networks_RH_DorsAttn_Post_5,0.156292673485191,-0.176679359435625,0.457165136032439,0.355613658341058,39,0.889034145852646,node
auc_cc,beta,imagination,71,7Networks_RH_DorsAttn_Post_5,0.279156763677271,-0.0493298182104011,0.55314711597323,0.0942855057176975,39,0.748390960100159,node
auc_cc,beta,total,72,7Networks_RH_DorsAttn_PrCv_1,-0.0777778975013513,-0.391925141711492,0.25261296113228,0.64726817353075,39,0.956842762109759,node
auc_cc,beta,social,72,7Networks_RH_DorsAttn_PrCv_1,-0.195811911285834,-0.488821738200711,0.136898527878062,0.245445664188324,39,0.772839163914074,node
auc_cc,beta,switching,72,7Networks_RH_DorsAttn_PrCv_1,0.0732488231051561,-0.256872413751986,0.388062897772493,0.666583103388382,39,0.956842762109759,node
auc_cc,beta,detail,72,7Networks_RH_DorsAttn_PrCv_1,-0.0829572775377854,-0.396328414087411,0.247726169934886,0.625455782809151,39,0.956842762109759,node
auc_cc,beta,communication,72,7Networks_RH_DorsAttn_PrCv_1,-0.0493670716933264,-0.367512805216757,0.279122329086757,0.771695022022067,39,0.956842762109759,node
auc_cc,beta,imagination,72,7Networks_RH_DorsAttn_PrCv_1,0.100419009857023,-0.231125937539576,0.411068105235881,0.554280632196161,39,0.956842762109759,node
auc_cc,beta,total,73,7Networks_RH_DorsAttn_FEF_1,-0.211775477146481,-0.501394109462998,0.120519119178387,0.208284575703325,39,0.772839163914074,node
auc_cc,beta,social,73,7Networks_RH_DorsAttn_FEF_1,-0.0413522231804642,-0.360545742800364,0.286511300654962,0.808000554670463,39,0.956842762109759,node
auc_cc,beta,switching,73,7Networks_RH_DorsAttn_FEF_1,-0.0350202426080321,-0.355016245559084,0.292321370416414,0.83696947344366,39,0.969536645012372,node
auc_cc,beta,detail,73,7Networks_RH_DorsAttn_FEF_1,-0.294879250819437,-0.564926146863483,0.0322242342315207,0.0764361384271553,39,0.748390960100159,node
auc_cc,beta,communication,73,7Networks_RH_DorsAttn_FEF_1,-0.14854652075163,-0.450869469452281,0.184351329733674,0.38024620182537,39,0.900583109586403,node
auc_cc,beta,imagination,73,7Networks_RH_DorsAttn_FEF_1,-0.0830867835376923,-0.396438329744337,0.24760376386258,0.624914281557476,39,0.956842762109759,node
auc_cc,beta,total,74,7Networks_RH_SalVentAttn_TempOccPar_1,0.0141054396390351,-0.31134207233497,0.336591565533796,0.933963513197247,39,0.999768571910998,node
auc_cc,beta,social,74,7Networks_RH_SalVentAttn_TempOccPar_1,0.0966136130029563,-0.23476011500908,0.407869699249425,0.569464366541212,39,0.999768571910998,node
auc_cc,beta,switching,74,7Networks_RH_SalVentAttn_TempOccPar_1,-0.144871170058213,-0.447871777967283,0.18797734758403,0.392275776344507,39,0.999768571910998,node
auc_cc,beta,detail,74,7Networks_RH_SalVentAttn_TempOccPar_1,0.198566276708205,-0.134085340477664,0.490999707745588,0.238736021175286,39,0.999768571910998,node
auc_cc,beta,communication,74,7Networks_RH_SalVentAttn_TempOccPar_1,-0.120112922782268,-0.427499367813319,0.212169120582543,0.478875877342879,39,0.999768571910998,node
auc_cc,beta,imagination,74,7Networks_RH_SalVentAttn_TempOccPar_1,-0.0159632215856021,-0.338238213253114,0.309663023171684,0.925288998183772,39,0.999768571910998,node
auc_cc,beta,total,75,7Networks_RH_SalVentAttn_TempOccPar_2,0.0252907601707399,-0.301202058867526,0.346475970174607,0.881884110059523,39,0.999768571910998,node
auc_cc,beta,social,75,7Networks_RH_SalVentAttn_TempOccPar_2,0.135943037727078,-0.196748011808202,0.440561326233069,0.422401314065424,39,0.999768571910998,node
auc_cc,beta,switching,75,7Networks_RH_SalVentAttn_TempOccPar_2,0.00852617407340479,-0.31637238502552,0.331634491401348,0.960055868875076,39,0.999768571910998,node
auc_cc,beta,detail,75,7Networks_RH_SalVentAttn_TempOccPar_2,-0.0480495552291018,-0.366369975756453,0.280339638673986,0.777632558518691,39,0.999768571910998,node
auc_cc,beta,communication,75,7Networks_RH_SalVentAttn_TempOccPar_2,-0.0224818657623605,-0.344000454429991,0.30375541438924,0.894925188118544,39,0.999768571910998,node
auc_cc,beta,imagination,75,7Networks_RH_SalVentAttn_TempOccPar_2,-0.0457427280169609,-0.364366690809996,0.282468473910853,0.788058316613832,39,0.999768571910998,node
auc_cc,beta,total,76,7Networks_RH_SalVentAttn_FrOperIns_1,0.123984196339524,-0.208413095062449,0.430705585163998,0.464712172009268,39,0.999768571910998,node
auc_cc,beta,social,76,7Networks_RH_SalVentAttn_FrOperIns_1,0.217620296365744,-0.114476452376809,0.505966908291144,0.195710174067453,39,0.999768571910998,node
auc_cc,beta,switching,76,7Networks_RH_SalVentAttn_FrOperIns_1,-0.0216638172497205,-0.343278656094463,0.304498160918912,0.898728473692746,39,0.999768571910998,node
auc_cc,beta,detail,76,7Networks_RH_SalVentAttn_FrOperIns_1,0.0198990529792041,-0.306099127634021,0.341720236143185,0.906940718641461,39,0.999768571910998,node
auc_cc,beta,communication,76,7Networks_RH_SalVentAttn_FrOperIns_1,0.147867497471045,-0.185021921875887,0.45031615723863,0.382452185024537,39,0.999768571910998,node
auc_cc,beta,imagination,76,7Networks_RH_SalVentAttn_FrOperIns_1,-0.0750925380690956,-0.389636492104459,0.255140003953463,0.658693881149187,39,0.999768571910998,node
auc_cc,beta,total,77,7Networks_RH_SalVentAttn_Med_1,0.174120321233549,-0.158867378102008,0.471540858409881,0.302690796550539,39,0.999768571910998,node
auc_cc,beta,social,77,7Networks_RH_SalVentAttn_Med_1,0.101199192184239,-0.23037971400369,0.411722898931219,0.55119124144466,39,0.999768571910998,node
auc_cc,beta,switching,77,7Networks_RH_SalVentAttn_Med_1,0.275307120398404,-0.053488949012996,0.550246233554205,0.0991076695641251,39,0.849133293006267,node
auc_cc,beta,detail,77,7Networks_RH_SalVentAttn_Med_1,-0.113891261865582,-0.422330290458343,0.218185064527167,0.502102753052387,39,0.999768571910998,node
auc_cc,beta,communication,77,7Networks_RH_SalVentAttn_Med_1,0.128923410408859,-0.203606644497124,0.434785068850032,0.446969838366673,39,0.999768571910998,node
auc_cc,beta,imagination,77,7Networks_RH_SalVentAttn_Med_1,0.0829076955148916,-0.247773030920291,0.396286329947704,0.625663150479347,39,0.999768571910998,node
auc_cc,beta,total,78,7Networks_RH_SalVentAttn_Med_2,-0.40888063556657,-0.647164098396081,-0.0978154212559802,0.0119818846557963,39,0.431347847608666,node
auc_cc,beta,social,78,7Networks_RH_SalVentAttn_Med_2,-0.424272013015683,-0.6578578333573,-0.11622554545275,0.00886810169740184,39,0.431347847608666,node
auc_cc,beta,switching,78,7Networks_RH_SalVentAttn_Med_2,-0.128931614374905,-0.434791834388994,0.203598647693294,0.446940678730681,39,0.999768571910998,node
auc_cc,beta,detail,78,7Networks_RH_SalVentAttn_Med_2,-0.0276082150579911,-0.34851501129694,0.299091903384046,0.871147535658636,39,0.999768571910998,node
auc_cc,beta,communication,78,7Networks_RH_SalVentAttn_Med_2,-0.362388956726639,-0.614282625053399,-0.0434686517779732,0.0275104100009265,39,0.506800273986014,node
auc_cc,beta,imagination,78,7Networks_RH_SalVentAttn_Med_2,-0.159635926522279,-0.459873073284478,0.173355576595094,0.345286903332266,39,0.999768571910998,node
auc_cc,beta,total,79,7Networks_RH_Limbic_OFC_1,0.118272095838653,-0.213951708585397,0.425972063695074,0.485689056860256,39,0.842311027834395,node
auc_cc,beta,social,79,7Networks_RH_Limbic_OFC_1,0.0355405831067379,-0.29184482833292,0.355471486659343,0.834580370183943,39,0.962977350212242,node
auc_cc,beta,switching,79,7Networks_RH_Limbic_OFC_1,0.0932277637545184,-0.237985852710017,0.405017483083542,0.583131533593158,39,0.842311027834395,node
auc_cc,beta,detail,79,7Networks_RH_Limbic_OFC_1,0.0848178811172971,-0.245966556208728,0.397906702507675,0.617694753745223,39,0.842311027834395,node
auc_cc,beta,communication,79,7Networks_RH_Limbic_OFC_1,0.0377373100158876,-0.289831212522366,0.357391711168626,0.824510596588003,39,0.962977350212242,node
auc_cc,beta,imagination,79,7Networks_RH_Limbic_OFC_1,0.087170496069701,-0.243738510789689,0.399899698298548,0.607939641830499,39,0.842311027834395,node
auc_cc,beta,total,80,7Networks_RH_Limbic_TempPole_1,0.00593673432665949,-0.31870085421632,0.32932774428062,0.972181363776248,39,0.996888175659561,node
auc_cc,beta,social,80,7Networks_RH_Limbic_TempPole_1,0.109917004238402,-0.222014750162493,0.419017866239654,0.517232139426906,39,0.842311027834395,node
auc_cc,beta,switching,80,7Networks_RH_Limbic_TempPole_1,-0.0108847860707422,-0.333732253685011,0.314248067694445,0.949018881060995,39,0.996888175659561,node
auc_cc,beta,detail,80,7Networks_RH_Limbic_TempPole_1,-0.13290697991116,-0.438066129722342,0.19971843916722,0.432933248619485,39,0.842311027834395,node
auc_cc,beta,communication,80,7Networks_RH_Limbic_TempPole_1,0.114432492566587,-0.217662729765389,0.422780753552768,0.500059845915504,39,0.842311027834395,node
auc_cc,beta,imagination,80,7Networks_RH_Limbic_TempPole_1,-0.105404222696101,-0.41524659661392,0.226350988152841,0.534680944093195,39,0.842311027834395,node
auc_cc,beta,total,81,7Networks_RH_Cont_Par_1,0.00905969947418169,-0.315892142817444,0.332109291579232,0.957558554150179,39,0.998745009297377,node
auc_cc,beta,social,81,7Networks_RH_Cont_Par_1,0.0480696902723339,-0.280321042994189,0.36638744836212,0.777541723220987,39,0.951162736311363,node
auc_cc,beta,switching,81,7Networks_RH_Cont_Par_1,0.0240967941250703,-0.302287976376893,0.345424258483405,0.887423891021433,39,0.998745009297377,node
auc_cc,beta,detail,81,7Networks_RH_Cont_Par_1,0.0640895028028215,-0.265447450818755,0.380218195321755,0.706286029059481,39,0.951162736311363,node
auc_cc,beta,communication,81,7Networks_RH_Cont_Par_1,-0.0958297210158671,-0.407209893989295,0.23550758778536,0.572615548141272,39,0.922631744499601,node
auc_cc,beta,imagination,81,7Networks_RH_Cont_Par_1,-0.0474272886721041,-0.365829880214112,0.280914210244031,0.780441219537528,39,0.951162736311363,node
auc_cc,beta,total,82,7Networks_RH_Cont_Par_2,0.238145341092897,-0.0930601600842212,0.521897664794989,0.155788954716967,39,0.77326765892853,node
auc_cc,beta,social,82,7Networks_RH_Cont_Par_2,0.0858708513731346,-0.244969772052113,0.39879908190145,0.613320506820567,39,0.93801959866675,node
auc_cc,beta,switching,82,7Networks_RH_Cont_Par_2,0.132079107883168,-0.200527355649995,0.437384922823081,0.435830097389324,39,0.836833296246963,node
auc_cc,beta,detail,82,7Networks_RH_Cont_Par_2,0.361726572898239,0.0427077549224201,0.613807743854466,0.0278159737191361,39,0.542411487523154,node
auc_cc,beta,communication,82,7Networks_RH_Cont_Par_2,-0.0911890962009354,-0.403297191598932,0.23992459703324,0.591430605448462,39,0.922631744499601,node
auc_cc,beta,imagination,82,7Networks_RH_Cont_Par_2,0.181881320547513,-0.151044880013087,0.477750112214526,0.281307695044828,39,0.77326765892853,node
auc_cc,beta,total,83,7Networks_RH_Cont_PFCl_1,-0.371067173057779,-0.620487467924883,-0.0534718308615239,0.0237564036902718,39,0.542411487523154,node
auc_cc,beta,social,83,7Networks_RH_Cont_PFCl_1,-0.319413676460166,-0.583089662681725,0.00514314890613509,0.0539732634116323,39,0.701652424351221,node
auc_cc,beta,switching,83,7Networks_RH_Cont_PFCl_1,-0.226239157334209,-0.512680584502395,0.105520778451771,0.17815424073753,39,0.77326765892853,node
auc_cc,beta,detail,83,7Networks_RH_Cont_PFCl_1,0.11218070249374,-0.219834653347429,0.420905599724862,0.508587012711271,39,0.88084923384815,node
auc_cc,beta,communication,83,7Networks_RH_Cont_PFCl_1,-0.261068993336405,-0.539459175698879,0.0687732454341966,0.118589515542344,39,0.77326765892853,node
auc_cc,beta,imagination,83,7Networks_RH_Cont_PFCl_1,-0.372975679490558,-0.621847855801934,-0.0556803058421895,0.0229905947157566,39,0.542411487523154,node
auc_cc,beta,total,84,7Networks_RH_Cont_PFCl_2,-0.238416236989541,-0.522106608647526,0.0927754370999109,0.155304997916931,39,0.77326765892853,node
auc_cc,beta,social,84,7Networks_RH_Cont_PFCl_2,-0.124917506261428,-0.431477402778824,0.207506100639003,0.461331176136146,39,0.836833296246963,node
auc_cc,beta,switching,84,7Networks_RH_Cont_PFCl_2,0.0518297679691843,-0.276844104397642,0.369646403933092,0.760631068166052,39,0.951162736311363,node
auc_cc,beta,detail,84,7Networks_RH_Cont_PFCl_2,-0.157915721657014,-0.458480454703467,0.175066711357759,0.350577279318084,39,0.817457108198026,node
auc_cc,beta,communication,84,7Networks_RH_Cont_PFCl_2,-0.253176786557871,-0.533440274385905,0.0771791641954069,0.13055640165764,39,0.77326765892853,node
auc_cc,beta,imagination,84,7Networks_RH_Cont_PFCl_2,-0.232143156988664,-0.517259387452893,0.0993548421444159,0.166794316915243,39,0.77326765892853,node
auc_cc,beta,total,85,7Networks_RH_Cont_PFCl_3,-0.175000647732279,-0.472246657152668,0.157982172991261,0.300214704710511,39,0.77326765892853,node
auc_cc,beta,social,85,7Networks_RH_Cont_PFCl_3,-0.0796534394347036,-0.393521305815414,0.250845315191654,0.639334787922084,39,0.938477518946277,node
auc_cc,beta,switching,85,7Networks_RH_Cont_PFCl_3,0.00946134233546179,-0.315530502149928,0.332466617571317,0.955678814045072,39,0.998745009297377,node
auc_cc,beta,detail,85,7Networks_RH_Cont_PFCl_3,-0.0696537123924856,-0.384989214616293,0.260244396762895,0.682067728682826,39,0.951162736311363,node
auc_cc,beta,communication,85,7Networks_RH_Cont_PFCl_3,-0.21638372172545,-0.505000801951154,0.115756938034102,0.198325045287702,39,0.77326765892853,node
auc_cc,beta,imagination,85,7Networks_RH_Cont_PFCl_3,-0.173597006004995,-0.471121111562638,0.159393339855049,0.304168861265251,39,0.77326765892853,node
auc_cc,beta,total,86,7Networks_RH_Cont_PFCl_4,-0.143123463307514,-0.446443918640308,0.189698418328757,0.398072632199079,39,0.829730233332469,node
auc_cc,beta,social,86,7Networks_RH_Cont_PFCl_4,-0.182628754365989,-0.478346546509814,0.150289315872984,0.279301493760716,39,0.77326765892853,node
auc_cc,beta,switching,86,7Networks_RH_Cont_PFCl_4,-0.0150786685381771,-0.337454434418411,0.310462728818993,0.929418230899388,39,0.998745009297377,node
auc_cc,beta,detail,86,7Networks_RH_Cont_PFCl_4,-0.182476249045343,-0.478224873064354,0.15044351167879,0.279710078698438,39,0.77326765892853,node
auc_cc,beta,communication,86,7Networks_RH_Cont_PFCl_4,-0.0817822147402326,-0.39533069207783,0.248836329819956,0.630377859765023,39,0.938477518946277,node
auc_cc,beta,imagination,86,7Networks_RH_Cont_PFCl_4,0.141283780965297,-0.191507856017295,0.444939245540917,0.404227549572229,39,0.829730233332469,node
auc_cc,beta,total,87,7Networks_RH_Cont_Cing_1,0.145795653502787,-0.187066126417839,0.448626447428158,0.389229325331971,39,0.829730233332469,node
auc_cc,beta,social,87,7Networks_RH_Cont_Cing_1,0.187989044652507,-0.144859298966815,0.482615950713086,0.265186942783694,39,0.77326765892853,node
auc_cc,beta,switching,87,7Networks_RH_Cont_Cing_1,0.125727052580354,-0.206718917042973,0.432146508562234,0.458409203787101,39,0.836833296246963,node
auc_cc,beta,detail,87,7Networks_RH_Cont_Cing_1,-0.0308305313749609,-0.351345166954713,0.296152507647528,0.856256876952223,39,0.998745009297377,node
auc_cc,beta,communication,87,7Networks_RH_Cont_Cing_1,0.0579365255365498,-0.271178795079985,0.374922676965658,0.733401199239995,39,0.951162736311363,node
auc_cc,beta,imagination,87,7Networks_RH_Cont_Cing_1,0.0267664331794998,-0.299858756464223,0.347774710281668,0.875044917460488,39,0.998745009297377,node
auc_cc,beta,total,88,7Networks_RH_Cont_PFCmp_1,-0.344634504364938,-0.601490556334867,-0.0232008202102791,0.0367210600346064,39,0.572848536539859,node
auc_cc,beta,social,88,7Networks_RH_Cont_PFCmp_1,-0.197448596070117,-0.490116360518426,0.135227536974896,0.241443611454272,39,0.77326765892853,node
auc_cc,beta,switching,88,7Networks_RH_Cont_PFCmp_1,-0.267490527983772,-0.544335583633788,0.0618989943292084,0.10947531571449,39,0.77326765892853,node
auc_cc,beta,detail,88,7Networks_RH_Cont_PFCmp_1,-0.00500246958982165,-0.328494525763778,0.31954000052939,0.976557869060404,39,0.998745009297377,node
auc_cc,beta,communication,88,7Networks_RH_Cont_PFCmp_1,-0.222910832131745,-0.51009212502004,0.108985560063571,0.184795772799996,39,0.77326765892853,node
auc_cc,beta,imagination,88,7Networks_RH_Cont_PFCmp_1,-0.298285356347771,-0.56746352312832,0.0284930697024533,0.0729417885898137,39,0.77326765892853,node
auc_cc,beta,total,89,7Networks_RH_Cont_pCun_1,0.155560247801299,-0.177406507004845,0.456571146779956,0.357900620606778,39,0.817457108198026,node
auc_cc,beta,social,89,7Networks_RH_Cont_pCun_1,0.0951459779510926,-0.236159244595687,0.406634119010035,0.575370586455535,39,0.922631744499601,node
auc_cc,beta,switching,89,7Networks_RH_Cont_pCun_1,0.212191010700836,-0.120090331340517,0.501719744699685,0.207372548757245,39,0.77326765892853,node
auc_cc,beta,detail,89,7Networks_RH_Cont_pCun_1,-0.137146987146519,-0.441549495418071,0.195568394591258,0.418264986356959,39,0.836529972713918,node
auc_cc,beta,communication,89,7Networks_RH_Cont_pCun_1,0.172485177278437,-0.160510164248928,0.470228875387774,0.307324325984416,39,0.77326765892853,node
auc_cc,beta,imagination,89,7Networks_RH_Cont_pCun_1,0.0919890141738252,-0.239164200950405,0.403972450510457,0.588168088110835,39,0.922631744499601,node
auc_cc,beta,total,90,7Networks_RH_Default_Par_1,-0.0461037677036831,-0.364680418106172,0.282135504857635,0.78642414028893,39,0.996213395193869,node
auc_cc,beta,social,90,7Networks_RH_Default_Par_1,-0.0828427466050919,-0.39623120073719,0.247834413124396,0.625934830175401,39,0.97972408201367,node
auc_cc,beta,switching,90,7Networks_RH_Default_Par_1,-0.067849027542817,-0.383443636041215,0.261934047078856,0.689889778440582,39,0.996213395193869,node
auc_cc,beta,detail,90,7Networks_RH_Default_Par_1,0.330818289068209,0.00760945023004293,0.591444011172473,0.0455077306342168,39,0.913937906919137,node
auc_cc,beta,communication,90,7Networks_RH_Default_Par_1,-0.242974091605982,-0.525617013965247,0.0879768042343305,0.147325317157611,39,0.913937906919137,node
auc_cc,beta,imagination,90,7Networks_RH_Default_Par_1,-0.0889010832080824,-0.401363863674914,0.242097324442766,0.600806011268106,39,0.97972408201367,node
auc_cc,beta,total,91,7Networks_RH_Default_Temp_1,-0.0908954306558102,-0.403049205505319,0.240203651398714,0.592630331870436,39,0.97972408201367,node
auc_cc,beta,social,91,7Networks_RH_Default_Temp_1,-0.110694489243754,-0.419666524599615,0.221266352730685,0.514254721131098,39,0.960635181016635,node
auc_cc,beta,switching,91,7Networks_RH_Default_Temp_1,0.0394025248045473,-0.288302869136539,0.358845526540975,0.816895543518833,39,0.996213395193869,node
auc_cc,beta,detail,91,7Networks_RH_Default_Temp_1,0.0988497397038658,-0.232625722017873,0.409750072077362,0.560519102519025,39,0.97972408201367,node
auc_cc,beta,communication,91,7Networks_RH_Default_Temp_1,-0.161898745159278,-0.461702726875886,0.171101623273899,0.338402341758629,39,0.913937906919137,node
auc_cc,beta,imagination,91,7Networks_RH_Default_Temp_1,-0.151760917690682,-0.453485619042695,0.181172632637356,0.369905297920743,39,0.913937906919137,node
auc_cc,beta,total,92,7Networks_RH_Default_Temp_2,0.0832618807623527,-0.247438249232974,0.396586925769523,0.624182458332389,39,0.97972408201367,node
auc_cc,beta,social,92,7Networks_RH_Default_Temp_2,0.148167214418407,-0.184725964598054,0.450560414690133,0.381477553370927,39,0.913937906919137,node
auc_cc,beta,switching,92,7Networks_RH_Default_Temp_2,0.121821179800418,-0.210512927835635,0.428915112822393,0.472598305579255,39,0.960635181016635,node
auc_cc,beta,detail,92,7Networks_RH_Default_Temp_2,-0.154995979890311,-0.456113348572606,0.177966460783888,0.359668540311286,39,0.913937906919137,node
auc_cc,beta,communication,92,7Networks_RH_Default_Temp_2,0.191615788498897,-0.141173971708309,0.485496686768962,0.255908478214894,39,0.913937906919137,node
auc_cc,beta,imagination,92,7Networks_RH_Default_Temp_2,-0.138824048203716,-0.442924752202739,0.193923621298166,0.412541416317666,39,0.913937906919137,node
auc_cc,beta,total,93,7Networks_RH_Default_Temp_3,0.0248590146536316,-0.301594831134238,0.346095757889751,0.883886705296395,39,0.996213395193869,node
auc_cc,beta,social,93,7Networks_RH_Default_Temp_3,0.00807654038282207,-0.316776984518421,0.331234221820505,0.962160797101452,39,0.996213395193869,node
auc_cc,beta,switching,93,7Networks_RH_Default_Temp_3,0.0735824241884058,-0.25655910931039,0.388347759407283,0.665152983636496,39,0.996213395193869,node
auc_cc,beta,detail,93,7Networks_RH_Default_Temp_3,0.224146769498593,-0.107699891710851,0.511053928848898,0.182309366965089,39,0.913937906919137,node
auc_cc,beta,communication,93,7Networks_RH_Default_Temp_3,-0.143867567116083,-0.447052033063587,0.188965905008954,0.395598553119796,39,0.913937906919137,node
auc_cc,beta,imagination,93,7Networks_RH_Default_Temp_3,-0.156804712015114,-0.457580234352545,0.176170794876343,0.354020092613392,39,0.913937906919137,node
auc_cc,beta,total,94,7Networks_RH_Default_PFCv_1,-0.142431530607258,-0.445878189230455,0.190379240896191,0.400381226743448,39,0.913937906919137,node
auc_cc,beta,social,94,7Networks_RH_Default_PFCv_1,-0.00364955303576998,-0.327287041931724,0.32075427366534,0.982896686066453,39,0.996213395193869,node
auc_cc,beta,switching,94,7Networks_RH_Default_PFCv_1,-0.0178732373916987,-0.339929103583195,0.307934645650738,0.916379446509331,39,0.996213395193869,node
auc_cc,beta,detail,94,7Networks_RH_Default_PFCv_1,-0.0335813854776635,-0.353756612187811,0.293638269449957,0.843583302373305,39,0.996213395193869,node
auc_cc,beta,communication,94,7Networks_RH_Default_PFCv_1,-0.219985862579057,-0.50781305527271,0.112023805894321,0.190775465014457,39,0.913937906919137,node
auc_cc,beta,imagination,94,7Networks_RH_Default_PFCv_1,-0.181079489092249,-0.477109966508136,0.151855001247968,0.283470279007411,39,0.913937906919137,node
auc_cc,beta,total,95,7Networks_RH_Default_PFCv_2,0.212973678644273,-0.119282361816308,0.502332864135557,0.205662255661928,39,0.913937906919137,node
auc_cc,beta,social,95,7Networks_RH_Default_PFCv_2,0.250441566083953,-0.080081505102216,0.53134764571915,0.134906042188136,39,0.913937906919137,node
auc_cc,beta,switching,95,7Networks_RH_Default_PFCv_2,0.0440819935856751,-0.283999069263937,0.362922654998109,0.79558670556231,39,0.996213395193869,node
auc_cc,beta,detail,95,7Networks_RH_Default_PFCv_2,0.172242478699665,-0.1607538399969,0.470034030207196,0.308015871147445,39,0.913937906919137,node
auc_cc,beta,communication,95,7Networks_RH_Default_PFCv_2,0.0668375948250518,-0.262880125655239,0.382576645357596,0.694287593039653,39,0.996213395193869,node
auc_cc,beta,imagination,95,7Networks_RH_Default_PFCv_2,0.00389807519040218,-0.320531299344732,0.327508928295276,0.981732196985514,39,0.996213395193869,node
auc_cc,beta,total,96,7Networks_RH_Default_PFCdPFCm_1,-0.18127574490982,-0.477266677251068,0.151656757764266,0.282939973629996,39,0.913937906919137,node
auc_cc,beta,social,96,7Networks_RH_Default_PFCdPFCm_1,-0.0941939593883094,-0.405832018886275,0.237066091387824,0.579216544843211,39,0.97972408201367,node
auc_cc,beta,switching,96,7Networks_RH_Default_PFCdPFCm_1,-0.282253949569256,-0.555476174100538,0.0459753474513582,0.0905381510103907,39,0.913937906919137,node
auc_cc,beta,detail,96,7Networks_RH_Default_PFCdPFCm_1,0.227324076768072,-0.104389635464534,0.513523209398536,0.176026513300037,39,0.913937906919137,node
auc_cc,beta,communication,96,7Networks_RH_Default_PFCdPFCm_1,-0.193735159287904,-0.487177161627096,0.139016088030257,0.250587492840625,39,0.913937906919137,node
auc_cc,beta,imagination,96,7Networks_RH_Default_PFCdPFCm_1,-0.187462374733317,-0.482197084087562,0.145393709450442,0.266552538693918,39,0.913937906919137,node
auc_cc,beta,total,97,7Networks_RH_Default_PFCdPFCm_2,-0.0488067027165657,-0.367026851890908,0.279640206918618,0.774218846674511,39,0.996213395193869,node
auc_cc,beta,social,97,7Networks_RH_Default_PFCdPFCm_2,0.0428532035368626,-0.285130493154823,0.361853215240044,0.801168798025864,39,0.996213395193869,node
auc_cc,beta,switching,97,7Networks_RH_Default_PFCdPFCm_2,0.0488916266739913,-0.279561734782773,0.36710050931996,0.773836213411008,39,0.996213395193869,node
auc_cc,beta,detail,97,7Networks_RH_Default_PFCdPFCm_2,-0.232979831580003,-0.517906946438675,0.0984789833443619,0.165227600747528,39,0.913937906919137,node
auc_cc,beta,communication,97,7Networks_RH_Default_PFCdPFCm_2,-0.0030491345804541,-0.32675082704656,0.321292821361923,0.98571017901957,39,0.996213395193869,node
auc_cc,beta,imagination,97,7Networks_RH_Default_PFCdPFCm_2,0.000807940054225933,-0.323301218187613,0.324747444088826,0.996213395193869,39,0.996213395193869,node
auc_cc,beta,total,98,7Networks_RH_Default_PFCdPFCm_3,0.0829424227200914,-0.247740209689697,0.396315805780281,0.625517907372783,39,0.97972408201367,node
auc_cc,beta,social,98,7Networks_RH_Default_PFCdPFCm_3,0.219819215697413,-0.112196719862163,0.507683086385832,0.191120204156415,39,0.913937906919137,node
auc_cc,beta,switching,98,7Networks_RH_Default_PFCdPFCm_3,0.0800982841927824,-0.250425737799033,0.393899609745055,0.637458864810637,39,0.987033080997115,node
auc_cc,beta,detail,98,7Networks_RH_Default_PFCdPFCm_3,0.162658604707469,-0.170343958166529,0.462316557004575,0.336109531904335,39,0.913937906919137,node
auc_cc,beta,communication,98,7Networks_RH_Default_PFCdPFCm_3,-0.334926538982617,-0.594439827198959,-0.012229183474708,0.0427342821286569,39,0.913937906919137,node
auc_cc,beta,imagination,98,7Networks_RH_Default_PFCdPFCm_3,0.036725376143212,-0.290759155688194,0.356507485180753,0.829145961605038,39,0.996213395193869,node
auc_cc,beta,total,99,7Networks_RH_Default_pCunPCC_1,0.118008287405047,-0.214206989671758,0.425753042369547,0.486669543969043,39,0.960635181016635,node
auc_cc,beta,social,99,7Networks_RH_Default_pCunPCC_1,0.0722064306411818,-0.25785093902223,0.387172412096896,0.67105920661298,39,0.996213395193869,node
auc_cc,beta,switching,99,7Networks_RH_Default_pCunPCC_1,0.173385935134916,-0.159605424673563,0.470951775207988,0.304766310175311,39,0.913937906919137,node
auc_cc,beta,detail,99,7Networks_RH_Default_pCunPCC_1,-0.0214964425087927,-0.343130927548098,0.304650079824759,0.899506912307195,39,0.996213395193869,node
auc_cc,beta,communication,99,7Networks_RH_Default_pCunPCC_1,0.0230896855119049,-0.303203288011687,0.344536513214635,0.89210079221958,39,0.996213395193869,node
auc_cc,beta,imagination,99,7Networks_RH_Default_pCunPCC_1,0.0745649419281173,-0.255635965736049,0.389186380990001,0.660947793564788,39,0.996213395193869,node
auc_cc,beta,total,100,7Networks_RH_Default_pCunPCC_2,-0.0124296161966202,-0.335104503110801,0.312854927601699,0.941794878762804,39,0.996213395193869,node
auc_cc,beta,social,100,7Networks_RH_Default_pCunPCC_2,0.0382742176256515,-0.289338618155932,0.357860627502962,0.822053548397835,39,0.996213395193869,node
auc_cc,beta,switching,100,7Networks_RH_Default_pCunPCC_2,-0.101420859805632,-0.411908882305878,0.230167623685472,0.550314954743967,39,0.978337697322608,node
auc_cc,beta,detail,100,7Networks_RH_Default_pCunPCC_2,0.00232173546806756,-0.321944983936444,0.326100930435612,0.989118913514579,39,0.996213395193869,node
auc_cc,beta,communication,100,7Networks_RH_Default_pCunPCC_2,0.04012146125963,-0.287642508804265,0.359472715175958,0.813612895560213,39,0.996213395193869,node
auc_cc,beta,imagination,100,7Networks_RH_Default_pCunPCC_2,-0.0160120740009658,-0.338281487049477,0.309618843311557,0.925061002524456,39,0.996213395193869,node
auc_cc,gamma,total,1,7Networks_LH_Vis_1,0.173897361023616,-0.159091488983576,0.471362040332713,0.30331997147998,39,0.954385736386503,node
auc_cc,gamma,social,1,7Networks_LH_Vis_1,0.0962231001401918,-0.235132533840359,0.40754104352202,0.571033206668284,39,0.954385736386503,node
auc_cc,gamma,switching,1,7Networks_LH_Vis_1,0.27724033224598,-0.0514017438714992,0.55170382721228,0.096663083134561,39,0.954385736386503,node
auc_cc,gamma,detail,1,7Networks_LH_Vis_1,0.044056812077924,-0.284022264627425,0.362900747471515,0.795700999632106,39,0.954385736386503,node
auc_cc,gamma,communication,1,7Networks_LH_Vis_1,-0.0899444307001321,-0.402245818158273,0.241106959437739,0.596522802236684,39,0.954385736386503,node
auc_cc,gamma,imagination,1,7Networks_LH_Vis_1,0.148404929590831,-0.184491188399071,0.450754110960366,0.380705579218825,39,0.954385736386503,node
auc_cc,gamma,total,2,7Networks_LH_Vis_2,-0.0315849072860297,-0.352006889102988,0.295463470353887,0.852777692151719,39,0.954385736386503,node
auc_cc,gamma,social,2,7Networks_LH_Vis_2,0.0506711221237004,-0.277916420779932,0.368643008743597,0.765830737269799,39,0.954385736386503,node
auc_cc,gamma,switching,2,7Networks_LH_Vis_2,-0.0943961165857006,-0.406002381679939,0.236873574493247,0.578398906945017,39,0.954385736386503,node
auc_cc,gamma,detail,2,7Networks_LH_Vis_2,0.161400310905412,-0.171598404255836,0.461299925455108,0.339911526338931,39,0.954385736386503,node
auc_cc,gamma,communication,2,7Networks_LH_Vis_2,-0.224590080081502,-0.5113987372233,0.1072384728221,0.181423341904543,39,0.954385736386503,node
auc_cc,gamma,imagination,2,7Networks_LH_Vis_2,-0.00184081717342542,-0.325671084617237,0.322375990845877,0.991372698709448,39,0.99747121231556,node
auc_cc,gamma,total,3,7Networks_LH_Vis_3,0.29568523853025,-0.0313421503876165,0.565527028550839,0.0755977109837639,39,0.954385736386503,node
auc_cc,gamma,social,3,7Networks_LH_Vis_3,0.260165890269509,-0.069737511290543,0.538771872951933,0.119915617280667,39,0.954385736386503,node
auc_cc,gamma,switching,3,7Networks_LH_Vis_3,0.33526176415335,0.0126067535790851,0.594683962463041,0.0425141426115415,39,0.722740424396205,node
auc_cc,gamma,detail,3,7Networks_LH_Vis_3,-0.080147604966476,-0.393941546466114,0.25037921081824,0.637251014145207,39,0.954385736386503,node
auc_cc,gamma,communication,3,7Networks_LH_Vis_3,-0.0588284961818715,-0.375691629643654,0.270349390623512,0.729449754978293,39,0.954385736386503,node
auc_cc,gamma,imagination,3,7Networks_LH_Vis_3,0.389964467741843,0.0754770844872432,0.63389167272992,0.0170342027385794,39,0.376456624949122,node
auc_cc,gamma,total,4,7Networks_LH_Vis_4,-0.201703627871406,-0.493476071547115,0.130874443259637,0.231245542163284,39,0.954385736386503,node
auc_cc,gamma,social,4,7Networks_LH_Vis_4,-0.239649479492012,-0.523057386807813,0.0914785624261196,0.153115594721337,39,0.954385736386503,node
auc_cc,gamma,switching,4,7Networks_LH_Vis_4,-0.223799075201991,-0.510783426496649,0.1080616885807,0.183006432042222,39,0.954385736386503,node
auc_cc,gamma,detail,4,7Networks_LH_Vis_4,0.39124847686689,0.0769834660541081,0.634797158767436,0.0166423433868994,39,0.376456624949122,node
auc_cc,gamma,communication,4,7Networks_LH_Vis_4,-0.385511220341709,-0.630746043116579,-0.0702636956433814,0.018453756124957,39,0.376456624949122,node
auc_cc,gamma,imagination,4,7Networks_LH_Vis_4,-0.0925236363411563,-0.404423567787886,0.238655766536397,0.585992042801438,39,0.954385736386503,node
auc_cc,gamma,total,5,7Networks_LH_Vis_5,-0.207806452289611,-0.498279620412471,0.124608505358799,0.217136217534364,39,0.954385736386503,node
auc_cc,gamma,social,5,7Networks_LH_Vis_5,-0.158945847232069,-0.459314586211973,0.174042258878346,0.347403320425954,39,0.954385736386503,node
auc_cc,gamma,switching,5,7Networks_LH_Vis_5,-0.242610695209942,-0.525337483058912,0.0883599621590519,0.147950312450139,39,0.954385736386503,node
auc_cc,gamma,detail,5,7Networks_LH_Vis_5,0.133298244911583,-0.199335975007813,0.438387956622706,0.43156787096877,39,0.954385736386503,node
auc_cc,gamma,communication,5,7Networks_LH_Vis_5,-0.190634144306603,-0.484717592559876,0.142172383788186,0.25839828774294,39,0.954385736386503,node
auc_cc,gamma,imagination,5,7Networks_LH_Vis_5,-0.111675919402576,-0.420484884719306,0.220321081585155,0.510508495627374,39,0.954385736386503,node
auc_cc,gamma,total,6,7Networks_LH_Vis_6,0.112088968101851,-0.219923064382959,0.420829152927114,0.508935934583513,39,0.954385736386503,node
auc_cc,gamma,social,6,7Networks_LH_Vis_6,0.0255970570692602,-0.300923343899679,0.346745643437982,0.880463828917599,39,0.954385736386503,node
auc_cc,gamma,switching,6,7Networks_LH_Vis_6,0.147870226269579,-0.185019227579937,0.450318381305669,0.382443304827638,39,0.954385736386503,node
auc_cc,gamma,detail,6,7Networks_LH_Vis_6,0.0710087982581586,-0.258974357463827,0.386148583567284,0.676215726067311,39,0.954385736386503,node
auc_cc,gamma,communication,6,7Networks_LH_Vis_6,0.0384377712464977,-0.28918852881637,0.358003437495497,0.821305409040109,39,0.954385736386503,node
auc_cc,gamma,imagination,6,7Networks_LH_Vis_6,0.0174474500741695,-0.30832012788716,0.339552344734167,0.918364762880678,39,0.965703152719888,node
auc_cc,gamma,total,7,7Networks_LH_Vis_7,-0.0761318384539798,-0.390522717055132,0.254162510843004,0.654262626327354,39,0.954385736386503,node
auc_cc,gamma,social,7,7Networks_LH_Vis_7,-0.0892545626855796,-0.401662729144925,0.241761872330019,0.599353399080148,39,0.954385736386503,node
auc_cc,gamma,switching,7,7Networks_LH_Vis_7,-0.0992065989333602,-0.410049912942863,0.232284802584424,0.559097592617823,39,0.954385736386503,node
auc_cc,gamma,detail,7,7Networks_LH_Vis_7,0.0742924233699802,-0.255892076185357,0.388953826814152,0.662113158348484,39,0.954385736386503,node
auc_cc,gamma,communication,7,7Networks_LH_Vis_7,0.0397684234288751,-0.287966821444936,0.359164766683655,0.81522447089582,39,0.954385736386503,node
auc_cc,gamma,imagination,7,7Networks_LH_Vis_7,-0.151517827573768,-0.45328795320107,0.181413266330191,0.370681438411302,39,0.954385736386503,node
auc_cc,gamma,total,8,7Networks_LH_Vis_8,0.2187984583693,-0.113255426193334,0.506886705700758,0.193241393943905,39,0.954385736386503,node
auc_cc,gamma,social,8,7Networks_LH_Vis_8,0.146476838132374,-0.186394347071565,0.449182232284339,0.38699345418594,39,0.954385736386503,node
auc_cc,gamma,switching,8,7Networks_LH_Vis_8,0.0649378782157975,-0.264655379083579,0.380946721607997,0.702574324155604,39,0.954385736386503,node
auc_cc,gamma,detail,8,7Networks_LH_Vis_8,0.207647289446787,-0.124772259659095,0.498154568988613,0.21749649277253,39,0.954385736386503,node
auc_cc,gamma,communication,8,7Networks_LH_Vis_8,-0.0289611926447666,-0.349704042597761,0.297858472378738,0.864889662152617,39,0.954385736386503,node
auc_cc,gamma,imagination,8,7Networks_LH_Vis_8,0.242739643885672,-0.0882240124529873,0.525436679636416,0.147728315873784,39,0.954385736386503,node
auc_cc,gamma,total,9,7Networks_LH_Vis_9,-0.008833603930966,-0.331908102393428,0.316095678525469,0.95861681023985,39,0.995766814565266,node
auc_cc,gamma,social,9,7Networks_LH_Vis_9,-0.00506989921167175,-0.32855467933913,0.319479453023637,0.976241975063987,39,0.995766814565266,node
auc_cc,gamma,switching,9,7Networks_LH_Vis_9,-0.0237812868929259,-0.345146207276317,0.302574790187517,0.888888676046253,39,0.954385736386503,node
auc_cc,gamma,detail,9,7Networks_LH_Vis_9,-0.0490028746731324,-0.367196992445928,0.27945893184908,0.773335054103045,39,0.954385736386503,node
auc_cc,gamma,communication,9,7Networks_LH_Vis_9,-0.037703722289735,-0.357362371465803,0.289862022345352,0.824664358897261,39,0.954385736386503,node
auc_cc,gamma,imagination,9,7Networks_LH_Vis_9,0.127686561793494,-0.204811753494104,0.433764685636821,0.451377833876282,39,0.954385736386503,node
auc_cc,gamma,total,10,7Networks_LH_SomMot_1,0.00272930849853963,-0.321579605009941,0.326465115313482,0.98720891937201,39,0.996071382546194,node
auc_cc,gamma,social,10,7Networks_LH_SomMot_1,-0.224063003856654,-0.510988765293441,0.107787062947223,0.182477129709733,39,0.975035746048883,node
auc_cc,gamma,switching,10,7Networks_LH_SomMot_1,0.056352748870049,-0.272650276306479,0.373556254473506,0.740433970964337,39,0.975035746048883,node
auc_cc,gamma,detail,10,7Networks_LH_SomMot_1,0.205346958438673,-0.127136929029477,0.496345889227848,0.222749380627034,39,0.975035746048883,node
auc_cc,gamma,communication,10,7Networks_LH_SomMot_1,-0.045104305335486,-0.363811753059666,0.283057066079777,0.790950194299492,39,0.975035746048883,node
auc_cc,gamma,imagination,10,7Networks_LH_SomMot_1,0.0697541661710986,-0.260150286725266,0.385075193884695,0.681633280988707,39,0.975035746048883,node
auc_cc,gamma,total,11,7Networks_LH_SomMot_2,-0.0160820699220985,-0.338343487529367,0.309555539794343,0.924734339766251,39,0.996071382546194,node
auc_cc,gamma,social,11,7Networks_LH_SomMot_2,-0.0577973524990016,-0.374802658914167,0.271308161931762,0.734018350700986,39,0.975035746048883,node
auc_cc,gamma,switching,11,7Networks_LH_SomMot_2,-0.0757048657833063,-0.390158702415813,0.254564173096796,0.65608170629737,39,0.975035746048883,node
auc_cc,gamma,detail,11,7Networks_LH_SomMot_2,0.0884812937474984,-0.242495601982427,0.401008846930055,0.602533095145673,39,0.975035746048883,node
auc_cc,gamma,communication,11,7Networks_LH_SomMot_2,-0.0720171785031719,-0.387010676430009,0.258028523122925,0.671873072195147,39,0.975035746048883,node
auc_cc,gamma,imagination,11,7Networks_LH_SomMot_2,0.115855494410271,-0.216288500903063,0.42396438300545,0.494708835821899,39,0.975035746048883,node
auc_cc,gamma,total,12,7Networks_LH_SomMot_3,-0.0570723055160705,-0.374177231367714,0.271981929541488,0.737236163303779,39,0.975035746048883,node
auc_cc,gamma,social,12,7Networks_LH_SomMot_3,-0.208576102239432,-0.498884150264596,0.123816397308412,0.215399858910542,39,0.975035746048883,node
auc_cc,gamma,switching,12,7Networks_LH_SomMot_3,-0.1308446703191,-0.436368526050472,0.201732686958903,0.440169365400675,39,0.975035746048883,node
auc_cc,gamma,detail,12,7Networks_LH_SomMot_3,0.106250344079758,-0.225538968081567,0.415954500774333,0.531387892064365,39,0.975035746048883,node
auc_cc,gamma,communication,12,7Networks_LH_SomMot_3,0.0383891387316191,-0.2892331594227,0.35796097464076,0.821527851364582,39,0.975035746048883,node
auc_cc,gamma,imagination,12,7Networks_LH_SomMot_3,0.124256234379476,-0.208148786397525,0.430930598306533,0.463725331838921,39,0.975035746048883,node
auc_cc,gamma,total,13,7Networks_LH_SomMot_4,0.020244252586139,-0.305786112912692,0.342025212734807,0.905333573410562,39,0.996071382546194,node
auc_cc,gamma,social,13,7Networks_LH_SomMot_4,0.0324006858480382,-0.294717965548767,0.352722112037955,0.84901840056789,39,0.990521467329205,node
auc_cc,gamma,switching,13,7Networks_LH_SomMot_4,0.0385093217452975,-0.289122863528858,0.358065908490197,0.820978166162174,39,0.975035746048883,node
auc_cc,gamma,detail,13,7Networks_LH_SomMot_4,0.0231362731636753,-0.303160960056924,0.344577591945429,0.891884363880726,39,0.996071382546194,node
auc_cc,gamma,communication,13,7Networks_LH_SomMot_4,0.00903905910889621,-0.315910724925692,0.332090926145821,0.957655159891018,39,0.996071382546194,node
auc_cc,gamma,imagination,13,7Networks_LH_SomMot_4,-0.0779212316779423,-0.392047191830972,0.252477950456295,0.646660513136261,39,0.975035746048883,node
auc_cc,gamma,total,14,7Networks_LH_SomMot_5,0.0690765084022877,-0.260785028377664,0.384495074564741,0.684566000443962,39,0.975035746048883,node
auc_cc,gamma,social,14,7Networks_LH_SomMot_5,0.092159063361839,-0.239002501086973,0.404115955457876,0.587475558272432,39,0.975035746048883,node
auc_cc,gamma,switching,14,7Networks_LH_SomMot_5,-0.0631897534938404,-0.379445123806338,0.266287001173729,0.710229810384784,39,0.975035746048883,node
auc_cc,gamma,detail,14,7Networks_LH_SomMot_5,0.218762398406629,-0.113292812983763,0.506858563222705,0.193316629710904,39,0.975035746048883,node
auc_cc,gamma,communication,14,7Networks_LH_SomMot_5,-0.108899533450051,-0.418168510043351,0.222993564468609,0.521141447550734,39,0.975035746048883,node
auc_cc,gamma,imagination,14,7Networks_LH_SomMot_5,0.0378188461015394,-0.289756417127576,0.357462932315127,0.824137356779413,39,0.975035746048883,node
auc_cc,gamma,total,15,7Networks_LH_SomMot_6,0.112549551633262,-0.219479111824901,0.421212935663705,0.507185266051827,39,0.975035746048883,node
auc_cc,gamma,social,15,7Networks_LH_SomMot_6,0.224028717143295,-0.107822742157087,0.510962091781776,0.182545829440088,39,0.975035746048883,node
auc_cc,gamma,switching,15,7Networks_LH_SomMot_6,0.0643774672904329,-0.265178647376764,0.380465523346774,0.705025408977677,39,0.975035746048883,node
auc_cc,gamma,detail,15,7Networks_LH_SomMot_6,-0.166431762181817,-0.465360343106268,0.166575856367886,0.32486646594532,39,0.975035746048883,node
auc_cc,gamma,communication,15,7Networks_LH_SomMot_6,0.0090906709479266,-0.315864259351099,0.332136848991438,0.957413595520329,39,0.996071382546194,node
auc_cc,gamma,imagination,15,7Networks_LH_SomMot_6,0.184469040639352,-0.148427352614894,0.479813889033062,0.274401694240842,39,0.975035746048883,node
auc_cc,gamma,total,16,7Networks_LH_DorsAttn_Post_1,0.134615427867039,-0.198047674572361,0.439470803415563,0.426988950922043,39,0.776878125884164,node
auc_cc,gamma,social,16,7Networks_LH_DorsAttn_Post_1,0.0582121882515495,-0.270922520560862,0.375160367668664,0.732179282129193,39,0.935776344958805,node
auc_cc,gamma,switching,16,7Networks_LH_DorsAttn_Post_1,0.229001550466922,-0.102639001212062,0.514824968099269,0.172772446497292,39,0.75334467272778,node
auc_cc,gamma,detail,16,7Networks_LH_DorsAttn_Post_1,0.032986977682021,-0.294181932715344,0.353235904501916,0.846318657335897,39,0.984345174302268,node
auc_cc,gamma,communication,16,7Networks_LH_DorsAttn_Post_1,0.0673002237883041,-0.262447468320019,0.382973275599972,0.692274802182176,39,0.935776344958805,node
auc_cc,gamma,imagination,16,7Networks_LH_DorsAttn_Post_1,-0.0549609178897249,-0.372354297910309,0.2739421520654,0.746631603751147,39,0.935776344958805,node
auc_cc,gamma,total,17,7Networks_LH_DorsAttn_Post_2,-0.209000815003123,-0.499217624570628,0.123379110134402,0.214445798411106,39,0.75334467272778,node
auc_cc,gamma,social,17,7Networks_LH_DorsAttn_Post_2,-0.13139748766352,-0.436823794758567,0.201193028767985,0.438223190488703,39,0.776878125884164,node
auc_cc,gamma,switching,17,7Networks_LH_DorsAttn_Post_2,-0.0832842398121365,-0.396605899565044,0.247417112443434,0.624089033633956,39,0.889975847562367,node
auc_cc,gamma,detail,17,7Networks_LH_DorsAttn_Post_2,0.0545148834104986,-0.274355903319426,0.371968886320233,0.748621075967044,39,0.935776344958805,node
auc_cc,gamma,communication,17,7Networks_LH_DorsAttn_Post_2,-0.283595076794555,-0.556483362351859,0.0445205117771659,0.0889514940930017,39,0.689095957237386,node
auc_cc,gamma,imagination,17,7Networks_LH_DorsAttn_Post_2,-0.167617359542996,-0.466315300638499,0.165389835921459,0.321382605872681,39,0.75334467272778,node
auc_cc,gamma,total,18,7Networks_LH_DorsAttn_Post_3,-0.19077848691677,-0.484832181151645,0.142025618054053,0.258031178518595,39,0.75334467272778,node
auc_cc,gamma,social,18,7Networks_LH_DorsAttn_Post_3,-0.18843896425332,-0.482973670216085,0.144402612956069,0.26402400899514,39,0.75334467272778,node
auc_cc,gamma,switching,18,7Networks_LH_DorsAttn_Post_3,-0.148983095676941,-0.451225096344971,0.183920011810909,0.378831833296059,39,0.776878125884164,node
auc_cc,gamma,detail,18,7Networks_LH_DorsAttn_Post_3,0.0956352569753954,-0.235692956465407,0.407046162440083,0.573398501491827,39,0.889756295418352,node
auc_cc,gamma,communication,18,7Networks_LH_DorsAttn_Post_3,-0.0820775459376169,-0.395581521441291,0.248557392527441,0.629139295186019,39,0.889975847562367,node
auc_cc,gamma,imagination,18,7Networks_LH_DorsAttn_Post_3,-0.223772245197556,-0.510762550685391,0.108089603164378,0.183060299813067,39,0.75334467272778,node
auc_cc,gamma,total,19,7Networks_LH_DorsAttn_Post_4,0.138768530346513,-0.193978100248496,0.4428792482426,0.412730177216592,39,0.776878125884164,node
auc_cc,gamma,social,19,7Networks_LH_DorsAttn_Post_4,0.109730626578927,-0.222194096891484,0.418862323834104,0.517947148291855,39,0.847549879023035,node
auc_cc,gamma,switching,19,7Networks_LH_DorsAttn_Post_4,0.0315151821202338,-0.295527170701261,0.351945741134562,0.853099151061966,39,0.984345174302268,node
auc_cc,gamma,detail,19,7Networks_LH_DorsAttn_Post_4,0.190292944566854,-0.142519253185422,0.48444668578101,0.259267443367414,39,0.75334467272778,node
auc_cc,gamma,communication,19,7Networks_LH_DorsAttn_Post_4,0.0387314969391842,-0.288918943159419,0.358259872208027,0.819962217352056,39,0.984345174302268,node
auc_cc,gamma,imagination,19,7Networks_LH_DorsAttn_Post_4,-0.0161102594847105,-0.338368456285631,0.309530044658283,0.924602785807706,39,0.985551926121398,node
auc_cc,gamma,total,20,7Networks_LH_DorsAttn_Post_5,-0.250263992627714,-0.531211671409455,0.0802697346662062,0.135192082474624,39,0.75334467272778,node
auc_cc,gamma,social,20,7Networks_LH_DorsAttn_Post_5,-0.281657088179734,-0.555027672501234,0.0466223667555188,0.0912512458709086,39,0.689095957237386,node
auc_cc,gamma,switching,20,7Networks_LH_DorsAttn_Post_5,-0.187942416311009,-0.48257887209559,0.144906620450252,0.265307658504483,39,0.75334467272778,node
auc_cc,gamma,detail,20,7Networks_LH_DorsAttn_Post_5,0.234969478058099,-0.096394090569825,0.519445557772244,0.161544487617237,39,0.75334467272778,node
auc_cc,gamma,communication,20,7Networks_LH_DorsAttn_Post_5,-0.193479869303278,-0.486974854147351,0.139276184606477,0.251224491411603,39,0.75334467272778,node
auc_cc,gamma,imagination,20,7Networks_LH_DorsAttn_Post_5,-0.290299887616006,-0.561506684972734,0.0372262977965805,0.081338251169182,39,0.689095957237386,node
auc_cc,gamma,total,21,7Networks_LH_DorsAttn_Post_6,0.013907080083224,-0.311521228208157,0.33641563264377,0.934890171461025,39,0.985551926121398,node
auc_cc,gamma,social,21,7Networks_LH_DorsAttn_Post_6,0.187683388219733,-0.145169471337388,0.482372875058188,0.265978913183574,39,0.75334467272778,node
auc_cc,gamma,switching,21,7Networks_LH_DorsAttn_Post_6,-0.0876134581813825,-0.400274618983155,0.243318612144927,0.606110275821565,39,0.889975847562367,node
auc_cc,gamma,detail,21,7Networks_LH_DorsAttn_Post_6,-0.0133346055350436,-0.335907756181174,0.312038150365526,0.937565017588934,39,0.985551926121398,node
auc_cc,gamma,communication,21,7Networks_LH_DorsAttn_Post_6,-0.0822445837684099,-0.395723368557239,0.248399602722894,0.62843921059636,39,0.889975847562367,node
auc_cc,gamma,imagination,21,7Networks_LH_DorsAttn_Post_6,-0.00438247747932675,-0.32794131136898,0.320096589777106,0.979462564123226,39,0.985551926121398,node
auc_cc,gamma,total,22,7Networks_LH_DorsAttn_PrCv_1,0.0122751904541281,-0.312994252956085,0.334967390595918,0.942516814635489,39,0.985551926121398,node
auc_cc,gamma,social,22,7Networks_LH_DorsAttn_PrCv_1,0.0359075712409691,-0.291508632774785,0.35579246993874,0.832896248886969,39,0.984345174302268,node
auc_cc,gamma,switching,22,7Networks_LH_DorsAttn_PrCv_1,-0.1341043726776,-0.439050773729765,0.198547660096969,0.428762307077385,39,0.776878125884164,node
auc_cc,gamma,detail,22,7Networks_LH_DorsAttn_PrCv_1,-0.163087418470349,-0.462662834833455,0.16991620892604,0.33481985454568,39,0.75334467272778,node
auc_cc,gamma,communication,22,7Networks_LH_DorsAttn_PrCv_1,0.302212210510547,-0.0241801289039234,0.570382500007522,0.069069701734906,39,0.689095957237386,node
auc_cc,gamma,imagination,22,7Networks_LH_DorsAttn_PrCv_1,0.0247559429502794,-0.301688582273846,0.346004973241211,0.884364895354796,39,0.985551926121398,node
auc_cc,gamma,total,23,7Networks_LH_DorsAttn_FEF_1,0.103977022837448,-0.227719623338042,0.414051684518307,0.540257731640133,39,0.868271354421643,node
auc_cc,gamma,social,23,7Networks_LH_DorsAttn_FEF_1,-0.00633755406049517,-0.329685058681368,0.318340686277314,0.970303986756705,39,0.985551926121398,node
auc_cc,gamma,switching,23,7Networks_LH_DorsAttn_FEF_1,0.0361627755112292,-0.291274794030072,0.356015637862801,0.831725539379553,39,0.984345174302268,node
auc_cc,gamma,detail,23,7Networks_LH_DorsAttn_FEF_1,0.0374278808939413,-0.29011502434921,0.357121393369959,0.82592738484715,39,0.984345174302268,node
auc_cc,gamma,communication,23,7Networks_LH_DorsAttn_FEF_1,0.133211492012486,-0.199420785292703,0.438316606576627,0.431870402028857,39,0.776878125884164,node
auc_cc,gamma,imagination,23,7Networks_LH_DorsAttn_FEF_1,0.130132945525006,-0.20242717278366,0.435782159818854,0.442681935422595,39,0.776878125884164,node
auc_cc,gamma,total,24,7Networks_LH_SalVentAttn_ParOper_1,-0.0927968656306035,-0.404654061654284,0.238395850892301,0.584881312891995,39,0.980310838869056,node
auc_cc,gamma,social,24,7Networks_LH_SalVentAttn_ParOper_1,-0.10665328752419,-0.416291489953343,0.225152102394018,0.529823126090176,39,0.980310838869056,node
auc_cc,gamma,switching,24,7Networks_LH_SalVentAttn_ParOper_1,0.000999769563955837,-0.323129428610795,0.324919032534648,0.995314349132955,39,0.995314349132955,node
auc_cc,gamma,detail,24,7Networks_LH_SalVentAttn_ParOper_1,-0.00597315957163213,-0.329360219723469,0.318668127151563,0.972010747379258,39,0.985701039595867,node
auc_cc,gamma,communication,24,7Networks_LH_SalVentAttn_ParOper_1,-0.213396681116062,-0.502664110958628,0.118845501528073,0.204741998469068,39,0.980310838869056,node
auc_cc,gamma,imagination,24,7Networks_LH_SalVentAttn_ParOper_1,0.105414536783381,-0.22634109253073,0.415255228114676,0.534640743106008,39,0.980310838869056,node
auc_cc,gamma,total,25,7Networks_LH_SalVentAttn_FrOperIns_1,0.00818476013048927,-0.316679614594389,0.331330571033844,0.961654150446833,39,0.985701039595867,node
auc_cc,gamma,social,25,7Networks_LH_SalVentAttn_FrOperIns_1,-0.221071944829018,-0.508659776387628,0.110896386637184,0.188539428248573,39,0.980310838869056,node
auc_cc,gamma,switching,25,7Networks_LH_SalVentAttn_FrOperIns_1,-0.024901887207923,-0.346133517886542,0.301555833598432,0.883687814605894,39,0.984300793438362,node
auc_cc,gamma,detail,25,7Networks_LH_SalVentAttn_FrOperIns_1,0.26576200204894,-0.0637524598024206,0.543024807200633,0.111874807805308,39,0.980310838869056,node
auc_cc,gamma,communication,25,7Networks_LH_SalVentAttn_FrOperIns_1,0.0605518431008388,-0.268745540615194,0.37717606285677,0.721834813256685,39,0.981766101214917,node
auc_cc,gamma,imagination,25,7Networks_LH_SalVentAttn_FrOperIns_1,-0.0154203051582191,-0.337757202492897,0.310153917005592,0.927823196118893,39,0.985701039595867,node
auc_cc,gamma,total,26,7Networks_LH_SalVentAttn_FrOperIns_2,-0.0706358828755673,-0.38582962813244,0.259323982134219,0.677824331915405,39,0.980310838869056,node
auc_cc,gamma,social,26,7Networks_LH_SalVentAttn_FrOperIns_2,-0.163125520714564,-0.462693598926431,0.169878195198791,0.334705407994227,39,0.980310838869056,node
auc_cc,gamma,switching,26,7Networks_LH_SalVentAttn_FrOperIns_2,-0.170292484840832,-0.468467466702718,0.162710212791576,0.313607884386097,39,0.980310838869056,node
auc_cc,gamma,detail,26,7Networks_LH_SalVentAttn_FrOperIns_2,0.0795966406308104,-0.25089887886161,0.393472995443893,0.639574469334331,39,0.980310838869056,node
auc_cc,gamma,communication,26,7Networks_LH_SalVentAttn_FrOperIns_2,0.12925683557667,-0.203281603059376,0.435060005727061,0.445785568038535,39,0.980310838869056,node
auc_cc,gamma,imagination,26,7Networks_LH_SalVentAttn_FrOperIns_2,-0.0249853034698311,-0.346206983766456,0.301479953751361,0.883300857114339,39,0.984300793438362,node
auc_cc,gamma,total,27,7Networks_LH_SalVentAttn_PFCl_1,0.142147514196514,-0.190658604310351,0.445645905064593,0.401331054400397,39,0.980310838869056,node
auc_cc,gamma,social,27,7Networks_LH_SalVentAttn_PFCl_1,-0.121262044036461,-0.428451886236864,0.211055232355806,0.47464825542913,39,0.980310838869056,node
auc_cc,gamma,switching,27,7Networks_LH_SalVentAttn_PFCl_1,0.178043651856754,-0.154918177061142,0.474683442907515,0.291755424339581,39,0.980310838869056,node
auc_cc,gamma,detail,27,7Networks_LH_SalVentAttn_PFCl_1,0.0702044290720992,-0.259728381281206,0.385460510602355,0.679687202666191,39,0.980310838869056,node
auc_cc,gamma,communication,27,7Networks_LH_SalVentAttn_PFCl_1,0.102508314766937,-0.229126696450911,0.412820903235351,0.54602560591216,39,0.980310838869056,node
auc_cc,gamma,imagination,27,7Networks_LH_SalVentAttn_PFCl_1,0.250900240440777,-0.0795951967871324,0.531698802019846,0.134169266791671,39,0.980310838869056,node
auc_cc,gamma,total,28,7Networks_LH_SalVentAttn_Med_1,0.014096525966613,-0.311350123549026,0.336583660130315,0.934005152561184,39,0.985701039595867,node
auc_cc,gamma,social,28,7Networks_LH_SalVentAttn_Med_1,-0.121540716278304,-0.428682777705577,0.210784974344635,0.473625980906828,39,0.980310838869056,node
auc_cc,gamma,switching,28,7Networks_LH_SalVentAttn_Med_1,-0.133501024383151,-0.438554717891988,0.199137716836604,0.430861181981369,39,0.980310838869056,node
auc_cc,gamma,detail,28,7Networks_LH_SalVentAttn_Med_1,0.221285286477624,-0.110674824617026,0.508826034430452,0.188102379856778,39,0.980310838869056,node
auc_cc,gamma,communication,28,7Networks_LH_SalVentAttn_Med_1,0.0304987779721512,-0.296455419249157,0.351054058669841,0.857787775271023,39,0.984300793438362,node
auc_cc,gamma,imagination,28,7Networks_LH_SalVentAttn_Med_1,0.104018295819476,-0.227680062373195,0.414086255016815,0.540096067518547,39,0.980310838869056,node
auc_cc,gamma,total,29,7Networks_LH_SalVentAttn_Med_2,-0.0795917124786225,-0.393468803709404,0.250903526221762,0.639595267005886,39,0.980310838869056,node
auc_cc,gamma,social,29,7Networks_LH_SalVentAttn_Med_2,-0.0699535173179596,-0.385245804068271,0.259963506208139,0.680771415881289,39,0.980310838869056,node
auc_cc,gamma,switching,29,7Networks_LH_SalVentAttn_Med_2,0.0394386432601469,-0.288269700906174,0.358877042585897,0.81673055364412,39,0.984300793438362,node
auc_cc,gamma,detail,29,7Networks_LH_SalVentAttn_Med_2,0.0238424083398941,-0.302519231971758,0.345200076983505,0.888604882965188,39,0.984300793438362,node
auc_cc,gamma,communication,29,7Networks_LH_SalVentAttn_Med_2,-0.0952129530063767,-0.406690529142815,0.236095425665492,0.575100456220212,39,0.980310838869056,node
auc_cc,gamma,imagination,29,7Networks_LH_SalVentAttn_Med_2,-0.157174361567302,-0.457879819612613,0.175803542727607,0.352872356334945,39,0.980310838869056,node
auc_cc,gamma,total,30,7Networks_LH_SalVentAttn_Med_3,-0.0103478853051921,-0.333255012166084,0.314731921379997,0.951530527871201,39,0.985701039595867,node
auc_cc,gamma,social,30,7Networks_LH_SalVentAttn_Med_3,-0.146207737162798,-0.448962698298768,0.18665976969592,0.387875834884453,39,0.980310838869056,node
auc_cc,gamma,switching,30,7Networks_LH_SalVentAttn_Med_3,-0.112092868871818,-0.420832403720584,0.219919305041233,0.508921095133216,39,0.980310838869056,node
auc_cc,gamma,detail,30,7Networks_LH_SalVentAttn_Med_3,0.29933721712991,-0.0273389822336193,0.568246074384237,0.071888328315417,39,0.947417629343066,node
auc_cc,gamma,communication,30,7Networks_LH_SalVentAttn_Med_3,-0.121805718381114,-0.428902305688367,0.210527926581751,0.47265492875945,39,0.980310838869056,node
auc_cc,gamma,imagination,30,7Networks_LH_SalVentAttn_Med_3,0.106951077168558,-0.22486612754101,0.416540482378871,0.528668149052716,39,0.980310838869056,node
auc_cc,gamma,total,31,7Networks_LH_Limbic_OFC_1,0.0622764760798078,-0.267138663585179,0.378659976976447,0.714240492197685,39,0.956516342089531,node
auc_cc,gamma,social,31,7Networks_LH_Limbic_OFC_1,-0.0652219649752348,-0.381190588056346,0.264390046731056,0.701332933001952,39,0.956516342089531,node
auc_cc,gamma,switching,31,7Networks_LH_Limbic_OFC_1,0.05080863778531,-0.277789194077934,0.368762137007757,0.765213073671624,39,0.956516342089531,node
auc_cc,gamma,detail,31,7Networks_LH_Limbic_OFC_1,0.00581368820130962,-0.318811401998227,0.329218035107516,0.972757722643634,39,0.990360371561878,node
auc_cc,gamma,communication,31,7Networks_LH_Limbic_OFC_1,0.135060091218207,-0.197612501927101,0.43983615807354,0.425449305541124,39,0.902428370147786,node
auc_cc,gamma,imagination,31,7Networks_LH_Limbic_OFC_1,0.0889250091335598,-0.242074621230019,0.401384095047885,0.600707640485846,39,0.948485748135546,node
auc_cc,gamma,total,32,7Networks_LH_Limbic_TempPole_1,0.0364470934822929,-0.291014232876399,0.356264221824333,0.830421695811689,39,0.990360371561878,node
auc_cc,gamma,social,32,7Networks_LH_Limbic_TempPole_1,-0.136795216388918,-0.441260847816274,0.195913155533744,0.41947117634981,39,0.902428370147786,node
auc_cc,gamma,switching,32,7Networks_LH_Limbic_TempPole_1,0.01809414310594,-0.307734608744298,0.340124531772034,0.915349626287613,39,0.990360371561878,node
auc_cc,gamma,detail,32,7Networks_LH_Limbic_TempPole_1,0.273639014525932,-0.0552876246481351,0.548987175098541,0.101254699353424,39,0.80702090732218,node
auc_cc,gamma,communication,32,7Networks_LH_Limbic_TempPole_1,-0.0536198623739681,-0.371195181975473,0.275185777091605,0.752618007536121,39,0.956516342089531,node
auc_cc,gamma,imagination,32,7Networks_LH_Limbic_TempPole_1,0.0251237344105718,-0.301354020514273,0.346328893157784,0.882658752291992,39,0.990360371561878,node
auc_cc,gamma,total,33,7Networks_LH_Limbic_TempPole_2,0.25932240488543,-0.0706375654020111,0.538129606856196,0.12116417841856,39,0.80702090732218,node
auc_cc,gamma,social,33,7Networks_LH_Limbic_TempPole_2,0.0908353931686251,-0.240260695014563,0.402998501159094,0.592875737333011,39,0.948485748135546,node
auc_cc,gamma,switching,33,7Networks_LH_Limbic_TempPole_2,0.319748546954625,-0.00477019619952413,0.583335766390826,0.053707952614875,39,0.805619289223125,node
auc_cc,gamma,detail,33,7Networks_LH_Limbic_TempPole_2,0.197894798429873,-0.134771653362054,0.490469084001198,0.240360214441763,39,0.80702090732218,node
auc_cc,gamma,communication,33,7Networks_LH_Limbic_TempPole_2,0.0110836159606846,-0.314068839802528,0.333908948047304,0.948088867206619,39,0.990360371561878,node
auc_cc,gamma,imagination,33,7Networks_LH_Limbic_TempPole_2,0.0742697518840991,-0.255913380552314,0.388934478256045,0.662210143217868,39,0.956516342089531,node
auc_cc,gamma,total,34,7Networks_LH_Cont_Par_1,-0.205064382274873,-0.496123533888765,0.127427148202586,0.223400590130047,39,0.757619392614943,node
auc_cc,gamma,social,34,7Networks_LH_Cont_Par_1,-0.0116517160728378,-0.334413677170388,0.313556619109976,0.945431992799989,39,0.988724837786668,node
auc_cc,gamma,switching,34,7Networks_LH_Cont_Par_1,-0.162870301142219,-0.462487518589282,0.170132802948194,0.335472463401193,39,0.853788255027258,node
auc_cc,gamma,detail,34,7Networks_LH_Cont_Par_1,-0.0540211381551865,-0.37154212089506,0.274813770170019,0.750825222644452,39,0.988724837786668,node
auc_cc,gamma,communication,34,7Networks_LH_Cont_Par_1,-0.298348585974126,-0.567510577717399,0.0284237196107447,0.0728781235252673,39,0.715078773108222,node
auc_cc,gamma,imagination,34,7Networks_LH_Cont_Par_1,-0.0621793856410393,-0.378576481301731,0.267229173487752,0.714667313936084,39,0.988724837786668,node
auc_cc,gamma,total,35,7Networks_LH_Cont_PFCl_1,-0.117411321161144,-0.425257290709828,0.214784492079829,0.488892037627764,39,0.907942355594418,node
auc_cc,gamma,social,35,7Networks_LH_Cont_PFCl_1,-0.144922338729839,-0.447913558997721,0.187926927933139,0.392106799557446,39,0.873838010442309,node
auc_cc,gamma,switching,35,7Networks_LH_Cont_PFCl_1,-0.121120982565079,-0.428334995683124,0.211192015250928,0.475166163324364,39,0.907942355594418,node
auc_cc,gamma,detail,35,7Networks_LH_Cont_PFCl_1,-0.120366298506034,-0.427709452226478,0.211923587751246,0.477942020483248,39,0.907942355594418,node
auc_cc,gamma,communication,35,7Networks_LH_Cont_PFCl_1,0.11139452153135,-0.220592175641679,0.42025029402707,0.511581224616868,39,0.909350275812672,node
auc_cc,gamma,imagination,35,7Networks_LH_Cont_PFCl_1,-0.00300711008155317,-0.32671328847998,0.321330507547291,0.985907107820524,39,0.988724837786668,node
auc_cc,gamma,total,36,7Networks_LH_Cont_pCun_1,0.0740253414302377,-0.256143032385889,0.388725873069821,0.663256034569826,39,0.988724837786668,node
auc_cc,gamma,social,36,7Networks_LH_Cont_pCun_1,-0.156024006427807,-0.456947281141008,0.176946132600261,0.356451531755758,39,0.853788255027258,node
auc_cc,gamma,switching,36,7Networks_LH_Cont_pCun_1,0.0559218610755148,-0.273050346449899,0.373184262450549,0.742350954439927,39,0.988724837786668,node
auc_cc,gamma,detail,36,7Networks_LH_Cont_pCun_1,0.346296339891845,0.0250867682166978,0.60269352108161,0.0357644142282118,39,0.715078773108222,node
auc_cc,gamma,communication,36,7Networks_LH_Cont_pCun_1,0.0174720933173909,-0.308297820292889,0.339574153180751,0.918249845566964,39,0.988724837786668,node
auc_cc,gamma,imagination,36,7Networks_LH_Cont_pCun_1,-0.0492836147200852,-0.367440442136884,0.27919946987337,0.772070755009117,39,0.988724837786668,node
auc_cc,gamma,total,37,7Networks_LH_Cont_Cing_1,0.244559981385463,-0.0863035265853294,0.526836194376103,0.14462037115793,39,0.715078773108222,node
auc_cc,gamma,social,37,7Networks_LH_Cont_Cing_1,0.194219808358752,-0.138522187665223,0.487561140717272,0.249381167513014,39,0.810488794417297,node
auc_cc,gamma,switching,37,7Networks_LH_Cont_Cing_1,0.153033714739114,-0.179912046045747,0.454520094507315,0.365857288045506,39,0.853788255027258,node
auc_cc,gamma,detail,37,7Networks_LH_Cont_Cing_1,-0.0226900070006046,-0.344184045508668,0.303566369405223,0.893957859365081,39,0.988724837786668,node
auc_cc,gamma,communication,37,7Networks_LH_Cont_Cing_1,0.111031487641738,-0.220941840733128,0.419947585492553,0.512966822253302,39,0.909350275812672,node
auc_cc,gamma,imagination,37,7Networks_LH_Cont_Cing_1,0.274016991136991,-0.0548802491713406,0.54927257506797,0.100765126596535,39,0.715078773108222,node
auc_cc,gamma,total,38,7Networks_LH_Default_Temp_1,0.12243760675287,-0.209914819576638,0.429425616270486,0.470343724973758,39,0.993413256112323,node
auc_cc,gamma,social,38,7Networks_LH_Default_Temp_1,-0.0892081815908592,-0.401623517909299,0.241805892510791,0.599543913899041,39,0.993413256112323,node
auc_cc,gamma,switching,38,7Networks_LH_Default_Temp_1,0.103488242286887,-0.228188045849034,0.413642210949003,0.542174018104586,39,0.993413256112323,node
auc_cc,gamma,detail,38,7Networks_LH_Default_Temp_1,0.193504718585981,-0.13925086947913,0.486994547630392,0.251162440155315,39,0.993413256112323,node
auc_cc,gamma,communication,38,7Networks_LH_Default_Temp_1,0.0142333039193389,-0.311226574650204,0.336704961459239,0.93336622657344,39,0.993413256112323,node
auc_cc,gamma,imagination,38,7Networks_LH_Default_Temp_1,0.173357482625612,-0.159634011512962,0.470928946864824,0.304846903663971,39,0.993413256112323,node
auc_cc,gamma,total,39,7Networks_LH_Default_Temp_2,0.0175613758281526,-0.308216996841579,0.339653162318423,0.917833513645267,39,0.993413256112323,node
auc_cc,gamma,social,39,7Networks_LH_Default_Temp_2,-0.184655441927265,-0.479962423021658,0.148238623947713,0.273908548932449,39,0.993413256112323,node
auc_cc,gamma,switching,39,7Networks_LH_Default_Temp_2,0.0149593990783255,-0.310570522564113,0.337348718726471,0.92997514094375,39,0.993413256112323,node
auc_cc,gamma,detail,39,7Networks_LH_Default_Temp_2,0.19272157990061,-0.140048480427866,0.486373753247454,0.253122939107648,39,0.993413256112323,node
auc_cc,gamma,communication,39,7Networks_LH_Default_Temp_2,0.024308758397884,-0.302095255742705,0.345611027347972,0.886440024382873,39,0.993413256112323,node
auc_cc,gamma,imagination,39,7Networks_LH_Default_Temp_2,0.0502785688732666,-0.27827953967667,0.368302886825778,0.76759470675579,39,0.993413256112323,node
auc_cc,gamma,total,40,7Networks_LH_Default_Par_1,-0.0666362487844875,-0.382403987021265,0.263068385994831,0.695164248147672,39,0.993413256112323,node
auc_cc,gamma,social,40,7Networks_LH_Default_Par_1,-0.0579325704889621,-0.374919266415028,0.271182471617556,0.733418735302599,39,0.993413256112323,node
auc_cc,gamma,switching,40,7Networks_LH_Default_Par_1,-0.0554770954987847,-0.372800182503947,0.273463182504711,0.744331283292779,39,0.993413256112323,node
auc_cc,gamma,detail,40,7Networks_LH_Default_Par_1,0.118122476688197,-0.214096497014665,0.425847850013124,0.486245015329803,39,0.993413256112323,node
auc_cc,gamma,communication,40,7Networks_LH_Default_Par_1,-0.212652454824681,-0.502081261882789,0.119614023201867,0.206363007019768,39,0.993413256112323,node
auc_cc,gamma,imagination,40,7Networks_LH_Default_Par_1,0.0326442099858365,-0.294495342150436,0.352935546049234,0.847896818717658,39,0.993413256112323,node
auc_cc,gamma,total,41,7Networks_LH_Default_Par_2,-0.0612381300020938,-0.37776675479295,0.268106332081906,0.718809599698384,39,0.993413256112323,node
auc_cc,gamma,social,41,7Networks_LH_Default_Par_2,-0.100637006365145,-0.411251098255995,0.230917468970738,0.553416587514765,39,0.993413256112323,node
auc_cc,gamma,switching,41,7Networks_LH_Default_Par_2,-0.0245643892733285,-0.345836238469911,0.301862797376143,0.885253694888994,39,0.993413256112323,node
auc_cc,gamma,detail,41,7Networks_LH_Default_Par_2,0.0940083653952563,-0.237242812026362,0.405675595238373,0.579967648372822,39,0.993413256112323,node
auc_cc,gamma,communication,41,7Networks_LH_Default_Par_2,-0.230594852674159,-0.516060188470318,0.100974304916341,0.169721707681158,39,0.993413256112323,node
auc_cc,gamma,imagination,41,7Networks_LH_Default_Par_2,0.135783801511743,-0.19690395772315,0.440430574149222,0.422950101990275,39,0.993413256112323,node
auc_cc,gamma,total,42,7Networks_LH_Default_PFC_1,0.0171237948431733,-0.30861307432038,0.339265888525806,0.919874194849574,39,0.993413256112323,node
auc_cc,gamma,social,42,7Networks_LH_Default_PFC_1,-0.104864040742151,-0.414794459146926,0.226869158041888,0.536788435436145,39,0.993413256112323,node
auc_cc,gamma,switching,42,7Networks_LH_Default_PFC_1,-0.0078469450977636,-0.33102978833359,0.316983538522179,0.963235729325171,39,0.993413256112323,node
auc_cc,gamma,detail,42,7Networks_LH_Default_PFC_1,0.0244461658521271,-0.301970308867845,0.345732088088417,0.885802314671926,39,0.993413256112323,node
auc_cc,gamma,communication,42,7Networks_LH_Default_PFC_1,0.164038668409778,-0.168966872308927,0.463430666765486,0.331969829732906,39,0.993413256112323,node
auc_cc,gamma,imagination,42,7Networks_LH_Default_PFC_1,0.00543558042925477,-0.319151048418244,0.328880855735635,0.97452889658775,39,0.993413256112323,node
auc_cc,gamma,total,43,7Networks_LH_Default_PFC_2,0.0133468767423689,-0.312027071964648,0.335918644671839,0.937507674083831,39,0.993413256112323,node
auc_cc,gamma,social,43,7Networks_LH_Default_PFC_2,-0.204553090780128,-0.495721108508368,0.127952124242558,0.224582192113604,39,0.993413256112323,node
auc_cc,gamma,switching,43,7Networks_LH_Default_PFC_2,0.0897665653624312,-0.241275841317287,0.4020955073705,0.597252044203098,39,0.993413256112323,node
auc_cc,gamma,detail,43,7Networks_LH_Default_PFC_2,0.0498274541784191,-0.27869671302867,0.367911920064782,0.769623249124324,39,0.993413256112323,node
auc_cc,gamma,communication,43,7Networks_LH_Default_PFC_2,0.0392731443792514,-0.288421675065213,0.358732626497429,0.81748661970229,39,0.993413256112323,node
auc_cc,gamma,imagination,43,7Networks_LH_Default_PFC_2,0.137968291176504,-0.194763136592706,0.442223176157529,0.415456425803025,39,0.993413256112323,node
auc_cc,gamma,total,44,7Networks_LH_Default_PFC_3,0.106481457953503,-0.225317088626949,0.416147796055119,0.530490124561147,39,0.993413256112323,node
auc_cc,gamma,social,44,7Networks_LH_Default_PFC_3,0.0180261590341286,-0.307796173476879,0.340064391410494,0.915666540640717,39,0.993413256112323,node
auc_cc,gamma,switching,44,7Networks_LH_Default_PFC_3,0.028631075044193,-0.298159522080584,0.349414022078541,0.866415809614864,39,0.993413256112323,node
auc_cc,gamma,detail,44,7Networks_LH_Default_PFC_3,-0.0637930698221635,-0.379963546610752,0.265724105760337,0.70758452708242,39,0.993413256112323,node
auc_cc,gamma,communication,44,7Networks_LH_Default_PFC_3,0.262087517005376,-0.0676850021187153,0.540233873937224,0.117107159716887,39,0.993413256112323,node
auc_cc,gamma,imagination,44,7Networks_LH_Default_PFC_3,0.0859749582359118,-0.24487118228463,0.398887279009922,0.612888737491358,39,0.993413256112323,node
auc_cc,gamma,total,45,7Networks_LH_Default_PFC_4,0.0328063924592923,-0.294347059474569,0.353077670577676,0.847150029651581,39,0.993413256112323,node
auc_cc,gamma,social,45,7Networks_LH_Default_PFC_4,-0.107490670189209,-0.416991536838808,0.224347797176168,0.526578465925177,39,0.993413256112323,node
auc_cc,gamma,switching,45,7Networks_LH_Default_PFC_4,0.0434829847814056,-0.284550728312911,0.362401430950882,0.798306624386059,39,0.993413256112323,node
auc_cc,gamma,detail,45,7Networks_LH_Default_PFC_4,0.0256883231809295,-0.300840285482063,0.346825986679899,0.880040704096686,39,0.993413256112323,node
auc_cc,gamma,communication,45,7Networks_LH_Default_PFC_4,0.105030627447966,-0.226709379662251,0.414933910138138,0.536138080385306,39,0.993413256112323,node
auc_cc,gamma,imagination,45,7Networks_LH_Default_PFC_4,0.0682776099883904,-0.261532966377364,0.38381084520478,0.688029264682055,39,0.993413256112323,node
auc_cc,gamma,total,46,7Networks_LH_Default_PFC_5,0.123127919757001,-0.209244725589509,0.429997076810062,0.467825665128611,39,0.993413256112323,node
auc_cc,gamma,social,46,7Networks_LH_Default_PFC_5,-0.0147800714489913,-0.337189754563183,0.310732580122886,0.930812544842926,39,0.993413256112323,node
auc_cc,gamma,switching,46,7Networks_LH_Default_PFC_5,0.0508264819341523,-0.277772684188227,0.368777594426753,0.765132935576621,39,0.993413256112323,node
auc_cc,gamma,detail,46,7Networks_LH_Default_PFC_5,0.0708145866027827,-0.259156450274367,0.385982483268231,0.677053300628487,39,0.993413256112323,node
auc_cc,gamma,communication,46,7Networks_LH_Default_PFC_5,0.119532740252283,-0.212731186399393,0.427018189119731,0.481017817407724,39,0.993413256112323,node
auc_cc,gamma,imagination,46,7Networks_LH_Default_PFC_5,0.166511743471978,-0.166495876834027,0.465424787157576,0.324630705546745,39,0.993413256112323,node
auc_cc,gamma,total,47,7Networks_LH_Default_PFC_6,-0.059210378422712,-0.37602071048098,0.269994145608782,0.727760102386693,39,0.993413256112323,node
auc_cc,gamma,social,47,7Networks_LH_Default_PFC_6,-0.0492331892331088,-0.367396717817514,0.279246077006328,0.772297801191312,39,0.993413256112323,node
auc_cc,gamma,switching,47,7Networks_LH_Default_PFC_6,-0.146092083136363,-0.448868335904929,0.186773827917552,0.388255423809871,39,0.993413256112323,node
auc_cc,gamma,detail,47,7Networks_LH_Default_PFC_6,-0.0348545276742333,-0.354871231223334,0.292473102569732,0.83773064384846,39,0.993413256112323,node
auc_cc,gamma,communication,47,7Networks_LH_Default_PFC_6,0.0852836266298566,-0.245525748977846,0.398301489209157,0.615758343306364,39,0.993413256112323,node
auc_cc,gamma,imagination,47,7Networks_LH_Default_PFC_6,0.0109135525295804,-0.314222138662032,0.33375781900723,0.948884323685347,39,0.993413256112323,node
auc_cc,gamma,total,48,7Networks_LH_Default_PFC_7,-0.000567986803282343,-0.32453277969821,0.32351607407298,0.997337988810753,39,0.997337988810753,node
auc_cc,gamma,social,48,7Networks_LH_Default_PFC_7,-0.188242552800939,-0.482817520611985,0.144601995710634,0.264531270929101,39,0.993413256112323,node
auc_cc,gamma,switching,48,7Networks_LH_Default_PFC_7,-0.0315658733029372,-0.351990196844744,0.295480859935424,0.852865443564616,39,0.993413256112323,node
auc_cc,gamma,detail,48,7Networks_LH_Default_PFC_7,0.218740387553715,-0.113315633264724,0.506841384868004,0.193362563424863,39,0.993413256112323,node
auc_cc,gamma,communication,48,7Networks_LH_Default_PFC_7,-0.0864817134725248,-0.399316508553281,0.244391184581431,0.610788874470971,39,0.993413256112323,node
auc_cc,gamma,imagination,48,7Networks_LH_Default_PFC_7,0.162647409104081,-0.170355124296215,0.462307515050638,0.336143244100617,39,0.993413256112323,node
auc_cc,gamma,total,49,7Networks_LH_Default_pCunPCC_1,0.206998905379196,-0.125439160912877,0.497645020202015,0.218968398864374,39,0.993413256112323,node
auc_cc,gamma,social,49,7Networks_LH_Default_pCunPCC_1,0.0827683889553227,-0.247904684122747,0.396168082530224,0.626245926039892,39,0.993413256112323,node
auc_cc,gamma,switching,49,7Networks_LH_Default_pCunPCC_1,0.250571647306599,-0.0799436028002878,0.531447244352819,0.13469678773195,39,0.993413256112323,node
auc_cc,gamma,detail,49,7Networks_LH_Default_pCunPCC_1,0.132013398971496,-0.200591540623208,0.437330839835472,0.436060479691496,39,0.993413256112323,node
auc_cc,gamma,communication,49,7Networks_LH_Default_pCunPCC_1,-0.00462359773659376,-0.328156487572111,0.319880154051385,0.978332870286384,39,0.993413256112323,node
auc_cc,gamma,imagination,49,7Networks_LH_Default_pCunPCC_1,0.103053538538394,-0.228604514927548,0.413277934511812,0.543881013172868,39,0.993413256112323,node
auc_cc,gamma,total,50,7Networks_LH_Default_pCunPCC_2,-0.253526812277117,-0.53370782034704,0.0768073475708173,0.1300073778986,39,0.993413256112323,node
auc_cc,gamma,social,50,7Networks_LH_Default_pCunPCC_2,-0.232998505624367,-0.517921395818546,0.0984594288729793,0.165192753915515,39,0.993413256112323,node
auc_cc,gamma,switching,50,7Networks_LH_Default_pCunPCC_2,-0.205141140316664,-0.496183937524634,0.127348319671181,0.223223569067408,39,0.993413256112323,node
auc_cc,gamma,detail,50,7Networks_LH_Default_pCunPCC_2,0.13089846664636,-0.201680180056313,0.436412836497177,0.439979769243445,39,0.993413256112323,node
auc_cc,gamma,communication,50,7Networks_LH_Default_pCunPCC_2,-0.273357605801144,-0.548774649237093,0.0555908501290782,0.101620367867614,39,0.993413256112323,node
auc_cc,gamma,imagination,50,7Networks_LH_Default_pCunPCC_2,-0.108561622687371,-0.417886311903811,0.22331848911304,0.52244297224356,39,0.993413256112323,node
auc_cc,gamma,total,51,7Networks_RH_Vis_1,0.0861824165312307,-0.244674697742454,0.399063015981318,0.61202871505595,39,0.954385736386503,node
auc_cc,gamma,social,51,7Networks_RH_Vis_1,0.127956778232867,-0.204548557293826,0.433987677551517,0.450412808704002,39,0.954385736386503,node
auc_cc,gamma,switching,51,7Networks_RH_Vis_1,0.118919906829511,-0.213324644854743,0.426509741979948,0.483285706012579,39,0.954385736386503,node
auc_cc,gamma,detail,51,7Networks_RH_Vis_1,0.119633045261363,-0.212634029221967,0.42710139027703,0.480647151189476,39,0.954385736386503,node
auc_cc,gamma,communication,51,7Networks_RH_Vis_1,-0.199098659547709,-0.491420259634287,0.133540969094322,0.237453552361106,39,0.954385736386503,node
auc_cc,gamma,imagination,51,7Networks_RH_Vis_1,0.0294555400149488,-0.297407532262575,0.350138230116836,0.862605176268403,39,0.954385736386503,node
auc_cc,gamma,total,52,7Networks_RH_Vis_2,0.110735958619526,-0.221226423836552,0.419701113776599,0.51409615186949,39,0.954385736386503,node
auc_cc,gamma,social,52,7Networks_RH_Vis_2,0.194746073538443,-0.137985689289541,0.487977963061834,0.248075659547632,39,0.954385736386503,node
auc_cc,gamma,switching,52,7Networks_RH_Vis_2,0.0673466860644133,-0.262404008795929,0.383013103129839,0.692072770176915,39,0.954385736386503,node
auc_cc,gamma,detail,52,7Networks_RH_Vis_2,-0.089822420466316,-0.402142711324361,0.241222809450902,0.597022998376763,39,0.954385736386503,node
auc_cc,gamma,communication,52,7Networks_RH_Vis_2,0.0329327012048986,-0.294231565068422,0.353188347830043,0.846568516442071,39,0.954385736386503,node
auc_cc,gamma,imagination,52,7Networks_RH_Vis_2,0.0832674799623766,-0.247432956143459,0.396591677252218,0.624159062181446,39,0.954385736386503,node
auc_cc,gamma,total,53,7Networks_RH_Vis_3,-0.188713895081169,-0.483192212264544,0.144123477588455,0.263315037235004,39,0.954385736386503,node
auc_cc,gamma,social,53,7Networks_RH_Vis_3,-0.28794433182432,-0.559744149886626,0.0397929076526418,0.0839530721568334,39,0.954385736386503,node
auc_cc,gamma,switching,53,7Networks_RH_Vis_3,0.107969874636126,-0.223887318305942,0.417391983755473,0.524726038614336,39,0.954385736386503,node
auc_cc,gamma,detail,53,7Networks_RH_Vis_3,-0.0570028872812562,-0.374117335869838,0.272046421212226,0.737544478806865,39,0.954385736386503,node
auc_cc,gamma,communication,53,7Networks_RH_Vis_3,-0.222276086871367,-0.509597888313951,0.109645414570525,0.186082010650605,39,0.954385736386503,node
auc_cc,gamma,imagination,53,7Networks_RH_Vis_3,-0.0352737986445196,-0.355238098355078,0.292089177157726,0.835805109447123,39,0.954385736386503,node
auc_cc,gamma,total,54,7Networks_RH_Vis_4,0.161770674105138,-0.171229285691001,0.461599240167859,0.338789728450105,39,0.954385736386503,node
auc_cc,gamma,social,54,7Networks_RH_Vis_4,0.142186219541761,-0.190620536241056,0.445677562819771,0.401201537178809,39,0.954385736386503,node
auc_cc,gamma,switching,54,7Networks_RH_Vis_4,0.0266645598136617,-0.299951533240558,0.347685091081487,0.875516781438098,39,0.954385736386503,node
auc_cc,gamma,detail,54,7Networks_RH_Vis_4,-0.188429656123769,-0.482966270557462,0.144412062508619,0.264048034139519,39,0.954385736386503,node
auc_cc,gamma,communication,54,7Networks_RH_Vis_4,0.129444637726854,-0.203098490781677,0.435214839171716,0.445119279699941,39,0.954385736386503,node
auc_cc,gamma,imagination,54,7Networks_RH_Vis_4,0.440724824273276,0.136142175700089,0.669185827729208,0.00633098376824082,39,0.376456624949122,node
auc_cc,gamma,total,55,7Networks_RH_Vis_5,0.00590210263052231,-0.318731969109782,0.329296867192081,0.972343580292686,39,0.995766814565266,node
auc_cc,gamma,social,55,7Networks_RH_Vis_5,-0.141396584250959,-0.445031556522356,0.191396972296987,0.403848590569613,39,0.954385736386503,node
auc_cc,gamma,switching,55,7Networks_RH_Vis_5,0.0852453795932894,-0.245561953238651,0.398269073682547,0.615917265243609,39,0.954385736386503,node
auc_cc,gamma,detail,55,7Networks_RH_Vis_5,-0.0589420596308647,-0.375789499455728,0.27024375786812,0.728947157452371,39,0.954385736386503,node
auc_cc,gamma,communication,55,7Networks_RH_Vis_5,-0.0431071672835601,-0.362074313657644,0.284896727750062,0.800014296837742,39,0.954385736386503,node
auc_cc,gamma,imagination,55,7Networks_RH_Vis_5,0.270535284703372,-0.0586286248583884,0.546641201413455,0.105343572630935,39,0.954385736386503,node
auc_cc,gamma,total,56,7Networks_RH_Vis_6,0.0186087185650485,-0.307268533148387,0.340579652313035,0.912951303539077,39,0.965703152719888,node
auc_cc,gamma,social,56,7Networks_RH_Vis_6,-0.000539561137143488,-0.324507347624174,0.323541524407322,0.99747121231556,39,0.99747121231556,node
auc_cc,gamma,switching,56,7Networks_RH_Vis_6,0.113820946123572,-0.218252911379985,0.422271755900072,0.502368473554825,39,0.954385736386503,node
auc_cc,gamma,detail,56,7Networks_RH_Vis_6,0.0884842795371029,-0.242492769592133,0.401011372349519,0.602520803561447,39,0.954385736386503,node
auc_cc,gamma,communication,56,7Networks_RH_Vis_6,-0.21991182559249,-0.507755315007228,0.112100629670586,0.190928569799363,39,0.954385736386503,node
auc_cc,gamma,imagination,56,7Networks_RH_Vis_6,0.0632000233825785,-0.266277421225517,0.379453950265752,0.710184753276722,39,0.954385736386503,node
auc_cc,gamma,total,57,7Networks_RH_Vis_7,-0.131204463496756,-0.436664848884767,0.201381481168916,0.438902187327658,39,0.954385736386503,node
auc_cc,gamma,social,57,7Networks_RH_Vis_7,-0.0619994187559,-0.378421700057552,0.26739692731778,0.715458696613964,39,0.954385736386503,node
auc_cc,gamma,switching,57,7Networks_RH_Vis_7,0.0378361521100592,-0.289740541313817,0.357478048502777,0.824058141637779,39,0.954385736386503,node
auc_cc,gamma,detail,57,7Networks_RH_Vis_7,-0.18425960099852,-0.479646976717907,0.148639378362922,0.27495648159177,39,0.954385736386503,node
auc_cc,gamma,communication,57,7Networks_RH_Vis_7,-0.210613925642608,-0.500483417573024,0.121717063354168,0.21084872698613,39,0.954385736386503,node
auc_cc,gamma,imagination,57,7Networks_RH_Vis_7,0.0764372814816489,-0.253875104181096,0.390783061550817,0.652962515912755,39,0.954385736386503,node
auc_cc,gamma,total,58,7Networks_RH_Vis_8,0.171053775310033,-0.161946743390607,0.469079286628858,0.31141717053635,39,0.954385736386503,node
auc_cc,gamma,social,58,7Networks_RH_Vis_8,-0.0249659744718619,-0.346189960795637,0.301497536799099,0.883390519524697,39,0.954385736386503,node
auc_cc,gamma,switching,58,7Networks_RH_Vis_8,0.176323132839858,-0.15665135221778,0.473306239137592,0.296519298498468,39,0.954385736386503,node
auc_cc,gamma,detail,58,7Networks_RH_Vis_8,-0.0550590591388768,-0.372439085575947,0.273851097770782,0.746194075093184,39,0.954385736386503,node
auc_cc,gamma,communication,58,7Networks_RH_Vis_8,0.0711644664750447,-0.258828386036394,0.386281704682242,0.675544653886098,39,0.954385736386503,node
auc_cc,gamma,imagination,58,7Networks_RH_Vis_8,0.420475619041153,0.11166480403191,0.655228868363643,0.00956345248452883,39,0.376456624949122,node
auc_cc,gamma,total,59,7Networks_RH_SomMot_1,0.0473456200782937,-0.280989601700926,0.365758980128221,0.780810043066129,39,0.975035746048883,node
auc_cc,gamma,social,59,7Networks_RH_SomMot_1,-0.0571850733842798,-0.374274524192263,0.271877158429516,0.736735400114964,39,0.975035746048883,node
auc_cc,gamma,switching,59,7Networks_RH_SomMot_1,0.193643156268842,-0.139109828570643,0.487104256407975,0.250816934005159,39,0.975035746048883,node
auc_cc,gamma,detail,59,7Networks_RH_SomMot_1,0.149503167386441,-0.183406035150477,0.451648613119611,0.377151008804921,39,0.975035746048883,node
auc_cc,gamma,communication,59,7Networks_RH_SomMot_1,0.00923963718223751,-0.315730137936006,0.332269386607369,0.956716394088544,39,0.996071382546194,node
auc_cc,gamma,imagination,59,7Networks_RH_SomMot_1,-0.233202641387256,-0.51807933895798,0.0982456520070071,0.164812169869608,39,0.975035746048883,node
auc_cc,gamma,total,60,7Networks_RH_SomMot_2,0.0549180191938449,-0.273981951118114,0.372317234558936,0.74682287722564,39,0.975035746048883,node
auc_cc,gamma,social,60,7Networks_RH_SomMot_2,-0.177558924907026,-0.474295586100021,0.155406677124318,0.293092558701839,39,0.975035746048883,node
auc_cc,gamma,switching,60,7Networks_RH_SomMot_2,0.279857744307077,-0.0485712550082094,0.553674622850732,0.0934271388211408,39,0.975035746048883,node
auc_cc,gamma,detail,60,7Networks_RH_SomMot_2,-0.0917676486148927,-0.403785616536854,0.23937467006325,0.589070145459653,39,0.975035746048883,node
auc_cc,gamma,communication,60,7Networks_RH_SomMot_2,0.205020196761186,-0.127472523681973,0.496088761457174,0.223502535262793,39,0.975035746048883,node
auc_cc,gamma,imagination,60,7Networks_RH_SomMot_2,-0.0452807299020934,-0.363965129653592,0.282894436610591,0.790150762925781,39,0.975035746048883,node
auc_cc,gamma,total,61,7Networks_RH_SomMot_3,0.197353786988022,-0.13532438498896,0.490041401480527,0.241674234439549,39,0.975035746048883,node
auc_cc,gamma,social,61,7Networks_RH_SomMot_3,-0.000980973725395121,-0.324902220898297,0.323146261840736,0.995402439228145,39,0.996071382546194,node
auc_cc,gamma,switching,61,7Networks_RH_SomMot_3,0.271550648752776,-0.057536450378194,0.547409148041473,0.103992368910052,39,0.975035746048883,node
auc_cc,gamma,detail,61,7Networks_RH_SomMot_3,0.110591825464781,-0.22136519802373,0.419580889943652,0.514647388199541,39,0.975035746048883,node
auc_cc,gamma,communication,61,7Networks_RH_SomMot_3,0.0077849534235983,-0.317039303672747,0.330974585246681,0.963525976496413,39,0.996071382546194,node
auc_cc,gamma,imagination,61,7Networks_RH_SomMot_3,0.188693712090872,-0.14414397104051,0.483176170087804,0.263367040898008,39,0.975035746048883,node
auc_cc,gamma,total,62,7Networks_RH_SomMot_4,0.0755072697229922,-0.25475001734311,0.389990209038193,0.656924208611638,39,0.975035746048883,node
auc_cc,gamma,social,62,7Networks_RH_SomMot_4,-0.0694421975510944,-0.384808159314582,0.260442533771426,0.682982828473267,39,0.975035746048883,node
auc_cc,gamma,switching,62,7Networks_RH_SomMot_4,0.175182553700232,-0.157799192187171,0.472392452135768,0.299704672932665,39,0.975035746048883,node
auc_cc,gamma,detail,62,7Networks_RH_SomMot_4,0.159743276354977,-0.173248726098347,0.459959931078709,0.344958378247431,39,0.975035746048883,node
auc_cc,gamma,communication,62,7Networks_RH_SomMot_4,0.00765031322341548,-0.317160412701852,0.33085468161195,0.964156382463212,39,0.996071382546194,node
auc_cc,gamma,imagination,62,7Networks_RH_SomMot_4,-0.0898205563503065,-0.402141135959817,0.241224579375682,0.597030641967542,39,0.975035746048883,node
auc_cc,gamma,total,63,7Networks_RH_SomMot_5,-0.0645751479099329,-0.380635281852797,0.26499409069132,0.704160471901203,39,0.975035746048883,node
auc_cc,gamma,social,63,7Networks_RH_SomMot_5,-0.213938186970912,-0.503088032051306,0.118286067818149,0.203568117650803,39,0.975035746048883,node
auc_cc,gamma,switching,63,7Networks_RH_SomMot_5,0.115423632948269,-0.216705699581179,0.423605278971769,0.496329693163152,39,0.975035746048883,node
auc_cc,gamma,detail,63,7Networks_RH_SomMot_5,0.219366545189441,-0.112666312473822,0.507329979839617,0.192058847011279,39,0.975035746048883,node
auc_cc,gamma,communication,63,7Networks_RH_SomMot_5,-0.146948652020923,-0.449567052328087,0.185928865106358,0.38544920848075,39,0.975035746048883,node
auc_cc,gamma,imagination,63,7Networks_RH_SomMot_5,-0.180628164173412,-0.476749511034674,0.152310795547663,0.284692251033787,39,0.975035746048883,node
auc_cc,gamma,total,64,7Networks_RH_SomMot_6,0.127638041842277,-0.204859007802668,0.433724641330503,0.451551231785466,39,0.975035746048883,node
auc_cc,gamma,social,64,7Networks_RH_SomMot_6,0.0798578181322633,-0.250652560707298,0.393695126312085,0.638472642205315,39,0.975035746048883,node
auc_cc,gamma,switching,64,7Networks_RH_SomMot_6,0.0725036584890799,-0.257571991259491,0.387426385134803,0.669781743910516,39,0.975035746048883,node
auc_cc,gamma,detail,64,7Networks_RH_SomMot_6,0.218874851289357,-0.113176219286463,0.506946323425464,0.193082075151604,39,0.975035746048883,node
auc_cc,gamma,communication,64,7Networks_RH_SomMot_6,-0.0469469141655299,-0.365412792980174,0.281357604468952,0.782611314663788,39,0.975035746048883,node
auc_cc,gamma,imagination,64,7Networks_RH_SomMot_6,0.000838241229800448,-0.323274083918152,0.324774549426714,0.996071382546194,39,0.996071382546194,node
auc_cc,gamma,total,65,7Networks_RH_SomMot_7,-0.188802646618138,-0.483262752876363,0.144033357456385,0.263086439701277,39,0.975035746048883,node
auc_cc,gamma,social,65,7Networks_RH_SomMot_7,-0.266038939162826,-0.543234905194151,0.0634556582528137,0.111487725787946,39,0.975035746048883,node
auc_cc,gamma,switching,65,7Networks_RH_SomMot_7,-0.30315943358372,-0.571085593633026,0.0231379532278752,0.0681603101594966,39,0.975035746048883,node
auc_cc,gamma,detail,65,7Networks_RH_SomMot_7,0.22106186860728,-0.110906850294753,0.508651923415242,0.188560087938142,39,0.975035746048883,node
auc_cc,gamma,communication,65,7Networks_RH_SomMot_7,-0.0778905283571577,-0.392021048655171,0.252506871899821,0.646790659877008,39,0.975035746048883,node
auc_cc,gamma,imagination,65,7Networks_RH_SomMot_7,-0.0397937497527947,-0.359186860692328,0.287943558319284,0.815108834285006,39,0.975035746048883,node
auc_cc,gamma,total,66,7Networks_RH_SomMot_8,0.101223155269403,-0.230356787778809,0.411743005665142,0.551096480003946,39,0.975035746048883,node
auc_cc,gamma,social,66,7Networks_RH_SomMot_8,0.0151005441372004,-0.310442957109429,0.337473823194381,0.929316089799301,39,0.996071382546194,node
auc_cc,gamma,switching,66,7Networks_RH_SomMot_8,-0.0422791823184051,-0.361353345576329,0.285658717374546,0.80377978498842,39,0.975035746048883,node
auc_cc,gamma,detail,66,7Networks_RH_SomMot_8,0.0581854593769437,-0.270947371555395,0.375137322470024,0.732297733577153,39,0.975035746048883,node
auc_cc,gamma,communication,66,7Networks_RH_SomMot_8,0.138608319458904,-0.1941353016001,0.442747926215692,0.413275169121446,39,0.975035746048883,node
auc_cc,gamma,imagination,66,7Networks_RH_SomMot_8,0.164125572493598,-0.168880112208678,0.463500791781939,0.331710207466857,39,0.975035746048883,node
auc_cc,gamma,total,67,7Networks_RH_DorsAttn_Post_1,-0.281134234965704,-0.554634652473738,0.0471889322736393,0.0918794609649848,39,0.689095957237386,node
auc_cc,gamma,social,67,7Networks_RH_DorsAttn_Post_1,-0.390777168942367,-0.634464869077513,-0.0764303674653908,0.0167852907047951,39,0.689095957237386,node
auc_cc,gamma,switching,67,7Networks_RH_DorsAttn_Post_1,-0.163213808578425,-0.462764880565137,0.169790108631549,0.33444031309576,39,0.75334467272778,node
auc_cc,gamma,detail,67,7Networks_RH_DorsAttn_Post_1,0.181109658807643,-0.151824527717963,0.477134058323124,0.283388715180197,39,0.75334467272778,node
auc_cc,gamma,communication,67,7Networks_RH_DorsAttn_Post_1,-0.288620043066171,-0.560249999754849,0.0390570958505594,0.0831964223944282,39,0.689095957237386,node
auc_cc,gamma,imagination,67,7Networks_RH_DorsAttn_Post_1,-0.0644076443050564,-0.380491439277679,0.265150475363303,0.704893348039748,39,0.935776344958805,node
auc_cc,gamma,total,68,7Networks_RH_DorsAttn_Post_2,0.297534753222305,-0.0293160890237612,0.566904800604349,0.0737008899967593,39,0.689095957237386,node
auc_cc,gamma,social,68,7Networks_RH_DorsAttn_Post_2,0.146598506805847,-0.186274325536269,0.449281478229724,0.386594887978726,39,0.776878125884164,node
auc_cc,gamma,switching,68,7Networks_RH_DorsAttn_Post_2,0.3009639012515,-0.0255524899297725,0.56945531905736,0.0702826792570976,39,0.689095957237386,node
auc_cc,gamma,detail,68,7Networks_RH_DorsAttn_Post_2,0.0726163341238051,-0.257466231009862,0.387522650878435,0.669297711068533,39,0.926719907633354,node
auc_cc,gamma,communication,68,7Networks_RH_DorsAttn_Post_2,0.165094027463207,-0.167912912472518,0.464282007960679,0.328825487050953,39,0.75334467272778,node
auc_cc,gamma,imagination,68,7Networks_RH_DorsAttn_Post_2,0.132591372611033,-0.200026873583606,0.437806476482457,0.434036347058126,39,0.776878125884164,node
auc_cc,gamma,total,69,7Networks_RH_DorsAttn_Post_3,-0.221141441653843,-0.508713937910643,0.110824215619824,0.188396979546716,39,0.75334467272778,node
auc_cc,gamma,social,69,7Networks_RH_DorsAttn_Post_3,-0.290992836250329,-0.562024712948567,0.0364704386032927,0.0805811916044861,39,0.689095957237386,node
auc_cc,gamma,switching,69,7Networks_RH_DorsAttn_Post_3,-0.249212113233028,-0.530405913054513,0.0813842536910529,0.136895674786073,39,0.75334467272778,node
auc_cc,gamma,detail,69,7Networks_RH_DorsAttn_Post_3,0.340287190997361,0.0182780318193913,0.598338116686071,0.0393225177880142,39,0.689095957237386,node
auc_cc,gamma,communication,69,7Networks_RH_DorsAttn_Post_3,-0.189706175173914,-0.483980668910119,0.143115581712702,0.260766675239013,39,0.75334467272778,node
auc_cc,gamma,imagination,69,7Networks_RH_DorsAttn_Post_3,-0.225288644354672,-0.511941895367445,0.10651108345786,0.180033362201822,39,0.75334467272778,node
auc_cc,gamma,total,70,7Networks_RH_DorsAttn_Post_4,-0.203286257650328,-0.494723475289403,0.129252061461389,0.227528240005123,39,0.75334467272778,node
auc_cc,gamma,social,70,7Networks_RH_DorsAttn_Post_4,-0.329117080402207,-0.590201346413961,-0.0057004694446815,0.0466978573824745,39,0.689095957237386,node
auc_cc,gamma,switching,70,7Networks_RH_DorsAttn_Post_4,-0.166681102322095,-0.465561235742073,0.166326507239084,0.324131839086625,39,0.75334467272778,node
auc_cc,gamma,detail,70,7Networks_RH_DorsAttn_Post_4,0.172002312088443,-0.160994933628357,0.469841189185805,0.308701170234224,39,0.75334467272778,node
auc_cc,gamma,communication,70,7Networks_RH_DorsAttn_Post_4,-0.171118619931685,-0.469131386544852,0.161881694743885,0.311231018746097,39,0.75334467272778,node
auc_cc,gamma,imagination,70,7Networks_RH_DorsAttn_Post_4,-0.00308290579142512,-0.326780992587635,0.321262535708588,0.985551926121398,39,0.985551926121398,node
auc_cc,gamma,total,71,7Networks_RH_DorsAttn_Post_5,-0.121104592083242,-0.428321413047597,0.211207907744354,0.475226360287056,39,0.797536796364208,node
auc_cc,gamma,social,71,7Networks_RH_DorsAttn_Post_5,0.024061298623477,-0.30232024673391,0.345392979712227,0.887588665423905,39,0.985551926121398,node
auc_cc,gamma,switching,71,7Networks_RH_DorsAttn_Post_5,-0.18712422110269,-0.481928075573355,0.145736730629323,0.267431767917228,39,0.75334467272778,node
auc_cc,gamma,detail,71,7Networks_RH_DorsAttn_Post_5,-0.240483032309974,-0.523699621756284,0.0906013637712926,0.151648540595746,39,0.75334467272778,node
auc_cc,gamma,communication,71,7Networks_RH_DorsAttn_Post_5,0.185987516771624,-0.14688921085994,0.481023395155074,0.27040126376064,39,0.75334467272778,node
auc_cc,gamma,imagination,71,7Networks_RH_DorsAttn_Post_5,-0.128391420280406,-0.434346280494621,0.204125106385818,0.448862917177517,39,0.776878125884164,node
auc_cc,gamma,total,72,7Networks_RH_DorsAttn_PrCv_1,-0.0994139580491702,-0.410224109711568,0.23208666813615,0.558272369874225,39,0.881482689275092,node
auc_cc,gamma,social,72,7Networks_RH_DorsAttn_PrCv_1,-0.120208885898491,-0.427578938754039,0.212076132806245,0.478522077818525,39,0.797536796364208,node
auc_cc,gamma,switching,72,7Networks_RH_DorsAttn_PrCv_1,-0.147609406840637,-0.450105787307066,0.185276726623262,0.383292623182512,39,0.776878125884164,node
auc_cc,gamma,detail,72,7Networks_RH_DorsAttn_PrCv_1,-0.0610596349232181,-0.37761314761779,0.268272610542443,0.719596018582989,39,0.935776344958805,node
auc_cc,gamma,communication,72,7Networks_RH_DorsAttn_PrCv_1,0.0915906913386546,-0.239542894457079,0.403636244722228,0.589791679327641,39,0.889975847562367,node
auc_cc,gamma,imagination,72,7Networks_RH_DorsAttn_PrCv_1,0.00622313803498544,-0.318443507602249,0.329583070920274,0.970839877931284,39,0.985551926121398,node
auc_cc,gamma,total,73,7Networks_RH_DorsAttn_FEF_1,0.0602980552028843,-0.268981845563743,0.37695756057546,0.722954590388518,39,0.935776344958805,node
auc_cc,gamma,social,73,7Networks_RH_DorsAttn_FEF_1,-0.0114885833706861,-0.334268760702858,0.313703725138542,0.94619486900675,39,0.985551926121398,node
auc_cc,gamma,switching,73,7Networks_RH_DorsAttn_FEF_1,-0.0811882814565926,-0.39482611370984,0.249397127720839,0.632871713822128,39,0.889975847562367,node
auc_cc,gamma,detail,73,7Networks_RH_DorsAttn_FEF_1,-0.00890833194013364,-0.331974601725424,0.316028410193301,0.958267032732824,39,0.985551926121398,node
auc_cc,gamma,communication,73,7Networks_RH_DorsAttn_FEF_1,0.186290199093116,-0.146582415983161,0.481264355403159,0.269608441305003,39,0.75334467272778,node
auc_cc,gamma,imagination,73,7Networks_RH_DorsAttn_FEF_1,0.14219110440007,-0.19061573173985,0.445681558173886,0.40118519299575,39,0.776878125884164,node
auc_cc,gamma,total,74,7Networks_RH_SalVentAttn_TempOccPar_1,0.0446635787316847,-0.283463248685227,0.363428527121516,0.792948173151194,39,0.984300793438362,node
auc_cc,gamma,social,74,7Networks_RH_SalVentAttn_TempOccPar_1,0.0458910504528276,-0.282331693032011,0.364495585108285,0.787386855374475,39,0.984300793438362,node
auc_cc,gamma,switching,74,7Networks_RH_SalVentAttn_TempOccPar_1,-0.0281588996405818,-0.348999091662756,0.298590007976287,0.8685995230527,39,0.984300793438362,node
auc_cc,gamma,detail,74,7Networks_RH_SalVentAttn_TempOccPar_1,0.121616242178159,-0.210711720122917,0.42874534712524,0.473349123096083,39,0.980310838869056,node
auc_cc,gamma,communication,74,7Networks_RH_SalVentAttn_TempOccPar_1,0.0740362030199378,-0.256132827459925,0.388735144160127,0.663209541856151,39,0.980310838869056,node
auc_cc,gamma,imagination,74,7Networks_RH_SalVentAttn_TempOccPar_1,-0.130574880944972,-0.436146286153473,0.201995981020236,0.44112086865166,39,0.980310838869056,node
auc_cc,gamma,total,75,7Networks_RH_SalVentAttn_TempOccPar_2,0.376173454939099,0.0593876624214965,0.624123876039434,0.0217534440584446,39,0.742065513095656,node
auc_cc,gamma,social,75,7Networks_RH_SalVentAttn_TempOccPar_2,0.0906544360283781,-0.240432614587186,0.402845663158056,0.593615675702395,39,0.980310838869056,node
auc_cc,gamma,switching,75,7Networks_RH_SalVentAttn_TempOccPar_2,0.35531787186085,0.0353649820255614,0.609203729439075,0.0309193963789857,39,0.742065513095656,node
auc_cc,gamma,detail,75,7Networks_RH_SalVentAttn_TempOccPar_2,0.172553528839289,-0.16044153016009,0.470283744687256,0.30712974266353,39,0.980310838869056,node
auc_cc,gamma,communication,75,7Networks_RH_SalVentAttn_TempOccPar_2,0.29250188410132,-0.0348230917677342,0.563152097415173,0.0789514691119222,39,0.947417629343066,node
auc_cc,gamma,imagination,75,7Networks_RH_SalVentAttn_TempOccPar_2,0.140894163974939,-0.191890777591988,0.444620358320158,0.405538019594572,39,0.980310838869056,node
auc_cc,gamma,total,76,7Networks_RH_SalVentAttn_FrOperIns_1,0.028792515671586,-0.298012304933434,0.34955586131969,0.865669402985412,39,0.984300793438362,node
auc_cc,gamma,social,76,7Networks_RH_SalVentAttn_FrOperIns_1,-0.130785147970729,-0.436319497522228,0.201790780410121,0.440379194182703,39,0.980310838869056,node
auc_cc,gamma,switching,76,7Networks_RH_SalVentAttn_FrOperIns_1,-0.00880662543264078,-0.331884093844393,0.316119963109368,0.958743089691751,39,0.985701039595867,node
auc_cc,gamma,detail,76,7Networks_RH_SalVentAttn_FrOperIns_1,0.18831212308384,-0.144531376063317,0.482872832014679,0.264351521845901,39,0.980310838869056,node
auc_cc,gamma,communication,76,7Networks_RH_SalVentAttn_FrOperIns_1,0.0286338461320891,-0.298156995266294,0.349416456837577,0.866402996769194,39,0.984300793438362,node
auc_cc,gamma,imagination,76,7Networks_RH_SalVentAttn_FrOperIns_1,0.0393774360611376,-0.288325908120077,0.358823634313435,0.817010154001423,39,0.984300793438362,node
auc_cc,gamma,total,77,7Networks_RH_SalVentAttn_Med_1,0.083715301309797,-0.247009553437723,0.396971644213958,0.622289024635664,39,0.980310838869056,node
auc_cc,gamma,social,77,7Networks_RH_SalVentAttn_Med_1,-0.127653030775914,-0.433737012070728,0.204844410020728,0.451497661320117,39,0.980310838869056,node
auc_cc,gamma,switching,77,7Networks_RH_SalVentAttn_Med_1,-0.113800638521297,-0.422254850294605,0.218272505355048,0.502445228443289,39,0.980310838869056,node
auc_cc,gamma,detail,77,7Networks_RH_SalVentAttn_Med_1,0.318354943532939,-0.00632168958561253,0.582311258012969,0.0548189625102285,39,0.947417629343066,node
auc_cc,gamma,communication,77,7Networks_RH_SalVentAttn_Med_1,0.0633112516832591,-0.266173661173639,0.379549541779315,0.709696823184225,39,0.981766101214917,node
auc_cc,gamma,imagination,77,7Networks_RH_SalVentAttn_Med_1,0.172579369256434,-0.160415582093957,0.470304487514306,0.307056200456205,39,0.980310838869056,node
auc_cc,gamma,total,78,7Networks_RH_SalVentAttn_Med_2,0.242455415769878,-0.0885236558470385,0.525218020767571,0.148217963143879,39,0.980310838869056,node
auc_cc,gamma,social,78,7Networks_RH_SalVentAttn_Med_2,0.102652954612233,-0.228988187974369,0.412942162139907,0.545456286492851,39,0.980310838869056,node
auc_cc,gamma,switching,78,7Networks_RH_SalVentAttn_Med_2,0.0338679108503892,-0.293376129082997,0.354007540658247,0.842265407710671,39,0.984300793438362,node
auc_cc,gamma,detail,78,7Networks_RH_SalVentAttn_Med_2,0.19041636494806,-0.142393791385128,0.484544685973591,0.258952825014471,39,0.980310838869056,node
auc_cc,gamma,communication,78,7Networks_RH_SalVentAttn_Med_2,0.0603582519245726,-0.268925799261928,0.377009390983325,0.722688935616536,39,0.981766101214917,node
auc_cc,gamma,imagination,78,7Networks_RH_SalVentAttn_Med_2,0.361251548001231,0.0421623097212501,0.613467073070565,0.0280368253279918,39,0.742065513095656,node
auc_cc,gamma,total,79,7Networks_RH_Limbic_OFC_1,0.199135587151942,-0.133503202484326,0.49144942526732,0.237364769599517,39,0.80702090732218,node
auc_cc,gamma,social,79,7Networks_RH_Limbic_OFC_1,0.148421812195398,-0.18447451307628,0.450767866246207,0.380650788301123,39,0.902428370147786,node
auc_cc,gamma,switching,79,7Networks_RH_Limbic_OFC_1,0.0897765453215442,-0.241266365947653,0.40210394169971,0.597211116437394,39,0.948485748135546,node
auc_cc,gamma,detail,79,7Networks_RH_Limbic_OFC_1,-0.123707608322668,-0.43047676945843,0.20868177466007,0.465716661912561,39,0.902428370147786,node
auc_cc,gamma,communication,79,7Networks_RH_Limbic_OFC_1,0.431376958251783,0.124796014371085,0.662762689151099,0.00768227832626946,39,0.230468349788084,node
auc_cc,gamma,imagination,79,7Networks_RH_Limbic_OFC_1,-0.00205682810248711,-0.325864172217238,0.322182414916077,0.990360371561878,39,0.990360371561878,node
auc_cc,gamma,total,80,7Networks_RH_Limbic_TempPole_1,0.218175636806192,-0.113901032390034,0.506400547277242,0.194543745643343,39,0.80702090732218,node
auc_cc,gamma,social,80,7Networks_RH_Limbic_TempPole_1,0.13220106111249,-0.200408223224402,0.43748529292871,0.435402694598573,39,0.902428370147786,node
auc_cc,gamma,switching,80,7Networks_RH_Limbic_TempPole_1,0.197176340067844,-0.13550563094047,0.489901094739247,0.242106272196654,39,0.80702090732218,node
auc_cc,gamma,detail,80,7Networks_RH_Limbic_TempPole_1,0.232660552660709,-0.0988132757423825,0.517659873438665,0.165824212207522,39,0.80702090732218,node
auc_cc,gamma,communication,80,7Networks_RH_Limbic_TempPole_1,-0.119457723542305,-0.426955960737516,0.212803844596149,0.481295130745486,39,0.902428370147786,node
auc_cc,gamma,imagination,80,7Networks_RH_Limbic_TempPole_1,0.149682299817318,-0.183228959932842,0.451794456846527,0.37657308888945,39,0.902428370147786,node
auc_cc,gamma,total,81,7Networks_RH_Cont_Par_1,0.00707642053545504,-0.317676511108634,0.33034348524597,0.966843671370382,39,0.988724837786668,node
auc_cc,gamma,social,81,7Networks_RH_Cont_Par_1,0.153622891887453,-0.179328150614223,0.454998677499787,0.363992454339683,39,0.853788255027258,node
auc_cc,gamma,switching,81,7Networks_RH_Cont_Par_1,0.0338071123289048,-0.293431757403781,0.353954299382959,0.842545019817644,39,0.988724837786668,node
auc_cc,gamma,detail,81,7Networks_RH_Cont_Par_1,-0.127913587715729,-0.433952037766438,0.204590628947217,0.450566980099731,39,0.907942355594418,node
auc_cc,gamma,communication,81,7Networks_RH_Cont_Par_1,0.0036001323212437,-0.320798609693181,0.327242913712819,0.983128258715772,39,0.988724837786668,node
auc_cc,gamma,imagination,81,7Networks_RH_Cont_Par_1,-0.10389338199395,-0.413981623700411,0.22779979137322,0.540585419444974,39,0.937014727037955,node
auc_cc,gamma,total,82,7Networks_RH_Cont_Par_2,0.224394224379651,-0.107442346444969,0.511246411425243,0.181814412342803,39,0.715078773108222,node
auc_cc,gamma,social,82,7Networks_RH_Cont_Par_2,0.214809613086104,-0.117385348039851,0.503769941186334,0.201688884722832,39,0.715078773108222,node
auc_cc,gamma,switching,82,7Networks_RH_Cont_Par_2,0.121589195024751,-0.210737954177407,0.42872294025396,0.473448260961681,39,0.907942355594418,node
auc_cc,gamma,detail,82,7Networks_RH_Cont_Par_2,0.245871046790267,-0.0849188061651587,0.527843222466976,0.14241180006732,39,0.715078773108222,node
auc_cc,gamma,communication,82,7Networks_RH_Cont_Par_2,-0.0810123225167919,-0.394676590759587,0.249563227393551,0.633611312850153,39,0.988724837786668,node
auc_cc,gamma,imagination,82,7Networks_RH_Cont_Par_2,0.0796620225668935,-0.25083722075962,0.393528606070225,0.639298571677376,39,0.988724837786668,node
auc_cc,gamma,total,83,7Networks_RH_Cont_PFCl_1,-0.00729975817731202,-0.330542446360164,0.317475687714586,0.965797834282913,39,0.988724837786668,node
auc_cc,gamma,social,83,7Networks_RH_Cont_PFCl_1,0.0301603928065721,-0.296764318313304,0.350757067268365,0.859349803435655,39,0.988724837786668,node
auc_cc,gamma,switching,83,7Networks_RH_Cont_PFCl_1,0.0493341737912715,-0.279152737717624,0.367484280876184,0.771843126088505,39,0.988724837786668,node
auc_cc,gamma,detail,83,7Networks_RH_Cont_PFCl_1,-0.0518472919022525,-0.369661574090345,0.27682787986758,0.760552504501276,39,0.988724837786668,node
auc_cc,gamma,communication,83,7Networks_RH_Cont_PFCl_1,0.0333112094569646,-0.293885406817054,0.353519959658375,0.844826380861693,39,0.988724837786668,node
auc_cc,gamma,imagination,83,7Networks_RH_Cont_PFCl_1,-0.121655094410299,-0.428777533103088,0.210674035039505,0.473206734344945,39,0.907942355594418,node
auc_cc,gamma,total,84,7Networks_RH_Cont_PFCl_2,-0.175393324931106,-0.472561361868255,0.157587146960796,0.299114399753595,39,0.853788255027258,node
auc_cc,gamma,social,84,7Networks_RH_Cont_PFCl_2,-0.160170165558105,-0.460305274445876,0.172823744983295,0.343653847171667,39,0.853788255027258,node
auc_cc,gamma,switching,84,7Networks_RH_Cont_PFCl_2,-0.217490809711078,-0.505865777350346,0.114610588874957,0.195982849080684,39,0.715078773108222,node
auc_cc,gamma,detail,84,7Networks_RH_Cont_PFCl_2,-0.0308378868649155,-0.351351620576878,0.296145790879852,0.856222940390599,39,0.988724837786668,node
auc_cc,gamma,communication,84,7Networks_RH_Cont_PFCl_2,-0.00769492770328465,-0.330894414128306,0.317120283094759,0.963947488266627,39,0.988724837786668,node
auc_cc,gamma,imagination,84,7Networks_RH_Cont_PFCl_2,-0.0284895417022836,-0.349289660975066,0.298288573054903,0.867070270413858,39,0.988724837786668,node
auc_cc,gamma,total,85,7Networks_RH_Cont_PFCl_3,-0.0532731319533624,-0.370895330989177,0.275507137887915,0.754168128229402,39,0.988724837786668,node
auc_cc,gamma,social,85,7Networks_RH_Cont_PFCl_3,-0.0769709463672179,-0.391237810379295,0.253372812105217,0.650693404119576,39,0.988724837786668,node
auc_cc,gamma,switching,85,7Networks_RH_Cont_PFCl_3,-0.240777257845874,-0.523926239510147,0.0902916095068408,0.151133155836493,39,0.715078773108222,node
auc_cc,gamma,detail,85,7Networks_RH_Cont_PFCl_3,-0.0293900124561364,-0.350080684888618,0.297467314415814,0.862907930498013,39,0.988724837786668,node
auc_cc,gamma,communication,85,7Networks_RH_Cont_PFCl_3,0.291227434995354,-0.0362144564759374,0.562200043891256,0.0803261317541275,39,0.715078773108222,node
auc_cc,gamma,imagination,85,7Networks_RH_Cont_PFCl_3,-0.0536678561731752,-0.371236681590221,0.275141289120046,0.752403517623658,39,0.988724837786668,node
auc_cc,gamma,total,86,7Networks_RH_Cont_PFCl_4,0.23665653307328,-0.0946239936194431,0.520748728887129,0.158468264780184,39,0.715078773108222,node
auc_cc,gamma,social,86,7Networks_RH_Cont_PFCl_4,-0.00240582604417354,-0.326176077026151,0.321869606766843,0.988724837786668,39,0.988724837786668,node
auc_cc,gamma,switching,86,7Networks_RH_Cont_PFCl_4,0.226802154179389,-0.104933901976898,0.513117916417374,0.177047826688278,39,0.715078773108222,node
auc_cc,gamma,detail,86,7Networks_RH_Cont_PFCl_4,0.0801409446280404,-0.250385493968584,0.393935883355603,0.637279080963459,39,0.988724837786668,node
auc_cc,gamma,communication,86,7Networks_RH_Cont_PFCl_4,0.223598916478243,-0.108269925934679,0.510627679427379,0.183408570253868,39,0.715078773108222,node
auc_cc,gamma,imagination,86,7Networks_RH_Cont_PFCl_4,0.171673121830219,-0.16132532997331,0.469576820714382,0.309642057407956,39,0.853788255027258,node
auc_cc,gamma,total,87,7Networks_RH_Cont_Cing_1,0.236531712434656,-0.0947550301036132,0.520652356112903,0.158694402487203,39,0.715078773108222,node
auc_cc,gamma,social,87,7Networks_RH_Cont_Cing_1,-0.0432579108025128,-0.362205532556918,0.284757954768121,0.799329224928674,39,0.988724837786668,node
auc_cc,gamma,switching,87,7Networks_RH_Cont_Cing_1,0.0181439864519963,-0.307689470081114,0.340168622733285,0.915117284862722,39,0.988724837786668,node
auc_cc,gamma,detail,87,7Networks_RH_Cont_Cing_1,0.282526436441911,-0.0456798702474426,0.555680877004659,0.0902140284970547,39,0.715078773108222,node
auc_cc,gamma,communication,87,7Networks_RH_Cont_Cing_1,0.17260532514307,-0.160389517613943,0.470325322700787,0.30698234085006,39,0.853788255027258,node
auc_cc,gamma,imagination,87,7Networks_RH_Cont_Cing_1,0.330326963691094,0.00705787622539821,0.591085244767489,0.0458489124725083,39,0.715078773108222,node
auc_cc,gamma,total,88,7Networks_RH_Cont_PFCmp_1,-0.151054287443197,-0.452910948773716,0.181872011921535,0.372164111165728,39,0.853788255027258,node
auc_cc,gamma,social,88,7Networks_RH_Cont_PFCmp_1,-0.217672101331863,-0.506007366495061,0.114422783711599,0.195601156877558,39,0.715078773108222,node
auc_cc,gamma,switching,88,7Networks_RH_Cont_PFCmp_1,-0.0991243497166388,-0.409980811324709,0.23236338520717,0.559425074922704,39,0.94859034443415,node
auc_cc,gamma,detail,88,7Networks_RH_Cont_PFCmp_1,0.0382337220721384,-0.289375777492143,0.3578252657216,0.822238810157357,39,0.988724837786668,node
auc_cc,gamma,communication,88,7Networks_RH_Cont_PFCmp_1,-0.156021650024756,-0.456945370237423,0.176948472176094,0.356458885767089,39,0.853788255027258,node
auc_cc,gamma,imagination,88,7Networks_RH_Cont_PFCmp_1,0.0795852829047224,-0.250909589433999,0.393463334892221,0.639622401349218,39,0.988724837786668,node
auc_cc,gamma,total,89,7Networks_RH_Cont_pCun_1,-0.279794083184252,-0.553626725205221,0.0486401612658225,0.0935048449243972,39,0.715078773108222,node
auc_cc,gamma,social,89,7Networks_RH_Cont_pCun_1,-0.263029998106568,-0.540950313786881,0.0666773071382833,0.115747908786022,39,0.715078773108222,node
auc_cc,gamma,switching,89,7Networks_RH_Cont_pCun_1,-0.348165768854185,-0.604045366547164,-0.027211041554137,0.0347126582417188,39,0.715078773108222,node
auc_cc,gamma,detail,89,7Networks_RH_Cont_pCun_1,0.296136282779641,-0.0308482990649874,0.565863167055822,0.0751316550243028,39,0.715078773108222,node
auc_cc,gamma,communication,89,7Networks_RH_Cont_pCun_1,-0.318019299945678,-0.582064384089921,0.00669512688555834,0.0550892639169138,39,0.715078773108222,node
auc_cc,gamma,imagination,89,7Networks_RH_Cont_pCun_1,-0.121479317203145,-0.428631909480267,0.21084452389976,0.473851116285815,39,0.907942355594418,node
auc_cc,gamma,total,90,7Networks_RH_Default_Par_1,-0.0934785175467309,-0.405228924629312,0.23774720693712,0.582114355295582,39,0.993413256112323,node
auc_cc,gamma,social,90,7Networks_RH_Default_Par_1,-0.0356972260190209,-0.355608502379257,0.291701338625544,0.833861441198283,39,0.993413256112323,node
auc_cc,gamma,switching,90,7Networks_RH_Default_Par_1,-0.00622342929562494,-0.329583330552757,0.318443245867103,0.970838513735614,39,0.993413256112323,node
auc_cc,gamma,detail,90,7Networks_RH_Default_Par_1,-0.0412316846969678,-0.360440689820809,0.286622129425918,0.808549804229749,39,0.993413256112323,node
auc_cc,gamma,communication,90,7Networks_RH_Default_Par_1,-0.0856085615738961,-0.398576849922321,0.245218131593552,0.614408887515733,39,0.993413256112323,node
auc_cc,gamma,imagination,90,7Networks_RH_Default_Par_1,-0.120528431908284,-0.427843866394591,0.211766450949675,0.47734495188106,39,0.993413256112323,node
auc_cc,gamma,total,91,7Networks_RH_Default_Temp_1,0.0864185124255443,-0.244451057357909,0.399262983770685,0.611050596708277,39,0.993413256112323,node
auc_cc,gamma,social,91,7Networks_RH_Default_Temp_1,-0.0599127151207901,-0.376625729182385,0.269340564550098,0.724655894066203,39,0.993413256112323,node
auc_cc,gamma,switching,91,7Networks_RH_Default_Temp_1,0.201379193979247,-0.13120680632374,0.493220209553001,0.232012642994924,39,0.993413256112323,node
auc_cc,gamma,detail,91,7Networks_RH_Default_Temp_1,0.190412237814953,-0.142397986955387,0.484541409001749,0.258963341648842,39,0.993413256112323,node
auc_cc,gamma,communication,91,7Networks_RH_Default_Temp_1,-0.00298934378079443,-0.326697418347329,0.321346439471219,0.985990361798674,39,0.993413256112323,node
auc_cc,gamma,imagination,91,7Networks_RH_Default_Temp_1,-0.132209744850884,-0.437492439540295,0.200399739967547,0.435372270000208,39,0.993413256112323,node
auc_cc,gamma,total,92,7Networks_RH_Default_Temp_2,0.0735182821886038,-0.256619354231238,0.388292993287983,0.665427864713218,39,0.993413256112323,node
auc_cc,gamma,social,92,7Networks_RH_Default_Temp_2,0.0856424884369825,-0.24518600903713,0.398605597425213,0.614268061005843,39,0.993413256112323,node
auc_cc,gamma,switching,92,7Networks_RH_Default_Temp_2,-0.0822399872210993,-0.395719465408182,0.248403945017803,0.628458471252949,39,0.993413256112323,node
auc_cc,gamma,detail,92,7Networks_RH_Default_Temp_2,0.335218662435034,0.0125582021878975,0.594652575348152,0.0425423956625739,39,0.993413256112323,node
auc_cc,gamma,communication,92,7Networks_RH_Default_Temp_2,-0.165920101222709,-0.4649480028731,0.167087402431879,0.326377206634123,39,0.993413256112323,node
auc_cc,gamma,imagination,92,7Networks_RH_Default_Temp_2,0.00387599414425432,-0.320551111936388,0.327489215268064,0.981835659678172,39,0.993413256112323,node
auc_cc,gamma,total,93,7Networks_RH_Default_Temp_3,-0.00287748271607284,-0.326597491837298,0.321446746624226,0.986514552944876,39,0.993413256112323,node
auc_cc,gamma,social,93,7Networks_RH_Default_Temp_3,-0.00717424501393461,-0.330430636058499,0.317588551717655,0.966385575776186,39,0.993413256112323,node
auc_cc,gamma,switching,93,7Networks_RH_Default_Temp_3,-0.0113548162899607,-0.33414991935091,0.31382433887003,0.946820454624625,39,0.993413256112323,node
auc_cc,gamma,detail,93,7Networks_RH_Default_Temp_3,0.201689930589804,-0.130888476814746,0.493465270324897,0.231277893530089,39,0.993413256112323,node
auc_cc,gamma,communication,93,7Networks_RH_Default_Temp_3,0.00534422483928028,-0.319233098757305,0.328799376590441,0.974956852809599,39,0.993413256112323,node
auc_cc,gamma,imagination,93,7Networks_RH_Default_Temp_3,-0.272974491118309,-0.548485255632595,0.0560035690058395,0.102119810417061,39,0.993413256112323,node
auc_cc,gamma,total,94,7Networks_RH_Default_PFCv_1,-0.077941042653544,-0.392064060154536,0.25245928890378,0.646576542888852,39,0.993413256112323,node
auc_cc,gamma,social,94,7Networks_RH_Default_PFCv_1,-0.0347119652017101,-0.354746464891853,0.29260362264492,0.838385585441876,39,0.993413256112323,node
auc_cc,gamma,switching,94,7Networks_RH_Default_PFCv_1,-0.0350289045834503,-0.35502382508379,0.292313438872372,0.83692969081787,39,0.993413256112323,node
auc_cc,gamma,detail,94,7Networks_RH_Default_PFCv_1,0.0129324776906649,-0.312401140953212,0.335550892292891,0.939444335732496,39,0.993413256112323,node
auc_cc,gamma,communication,94,7Networks_RH_Default_PFCv_1,-0.0752818101555082,-0.389797930267803,0.254962038149586,0.657886023909881,39,0.993413256112323,node
auc_cc,gamma,imagination,94,7Networks_RH_Default_PFCv_1,-0.109466491981245,-0.41864185791169,0.222448228780279,0.518961296311852,39,0.993413256112323,node
auc_cc,gamma,total,95,7Networks_RH_Default_PFCv_2,0.116035614836202,-0.216114460166389,0.424114129198876,0.494033610584553,39,0.993413256112323,node
auc_cc,gamma,social,95,7Networks_RH_Default_PFCv_2,0.0769074589683604,-0.253432576576668,0.391183719264184,0.650963187114035,39,0.993413256112323,node
auc_cc,gamma,switching,95,7Networks_RH_Default_PFCv_2,0.0324018723778122,-0.294716880940355,0.352723152039536,0.849012935141308,39,0.993413256112323,node
auc_cc,gamma,detail,95,7Networks_RH_Default_PFCv_2,0.104252117162848,-0.227455919341704,0.414282088296209,0.539180638789448,39,0.993413256112323,node
auc_cc,gamma,communication,95,7Networks_RH_Default_PFCv_2,0.101963908757782,-0.229647904393953,0.412364401476763,0.548170974210944,39,0.993413256112323,node
auc_cc,gamma,imagination,95,7Networks_RH_Default_PFCv_2,-0.0105117367315402,-0.333400674323255,0.314584276776557,0.95076397333003,39,0.993413256112323,node
auc_cc,gamma,total,96,7Networks_RH_Default_PFCdPFCm_1,0.202779124514872,-0.129772126523968,0.494323891685996,0.228714938498897,39,0.993413256112323,node
auc_cc,gamma,social,96,7Networks_RH_Default_PFCdPFCm_1,0.162020192443229,-0.170980553162486,0.46180085376526,0.338035241869251,39,0.993413256112323,node
auc_cc,gamma,switching,96,7Networks_RH_Default_PFCdPFCm_1,0.0516874573072672,-0.276975855756587,0.36952320184833,0.761269165695367,39,0.993413256112323,node
auc_cc,gamma,detail,96,7Networks_RH_Default_PFCdPFCm_1,-0.0409593537369152,-0.360203315231581,0.286872491060477,0.809791048180038,39,0.993413256112323,node
auc_cc,gamma,communication,96,7Networks_RH_Default_PFCdPFCm_1,0.25356637223207,-0.0767653190251233,0.533738054901078,0.129945435109779,39,0.993413256112323,node
auc_cc,gamma,imagination,96,7Networks_RH_Default_PFCdPFCm_1,0.159421480464503,-0.173569001692089,0.45969954568918,0.345943748331739,39,0.993413256112323,node
auc_cc,gamma,total,97,7Networks_RH_Default_PFCdPFCm_2,0.118891898881255,-0.213351761463212,0.426486500087468,0.483389486410797,39,0.993413256112323,node
auc_cc,gamma,social,97,7Networks_RH_Default_PFCdPFCm_2,-0.0394477852151065,-0.358885019507566,0.288261305559043,0.816688794230669,39,0.993413256112323,node
auc_cc,gamma,switching,97,7Networks_RH_Default_PFCdPFCm_2,0.0751297773324133,-0.255104990968006,0.389668256573839,0.658534905178457,39,0.993413256112323,node
auc_cc,gamma,detail,97,7Networks_RH_Default_PFCdPFCm_2,0.0578400912482285,-0.271268435836323,0.374839516475276,0.73382881170383,39,0.993413256112323,node
auc_cc,gamma,communication,97,7Networks_RH_Default_PFCdPFCm_2,0.121533591876947,-0.210791884264649,0.428676875344336,0.473652101457301,39,0.993413256112323,node
auc_cc,gamma,imagination,97,7Networks_RH_Default_PFCdPFCm_2,0.170997627949421,-0.162003065073829,0.469034172919203,0.311578411498171,39,0.993413256112323,node
auc_cc,gamma,total,98,7Networks_RH_Default_PFCdPFCm_3,0.127895261332186,-0.204608480208888,0.433936914982199,0.450632405968742,39,0.993413256112323,node
auc_cc,gamma,social,98,7Networks_RH_Default_PFCdPFCm_3,-0.0848039861074462,-0.397894922695097,0.245979705110503,0.617752563579881,39,0.993413256112323,node
auc_cc,gamma,switching,98,7Networks_RH_Default_PFCdPFCm_3,0.098543310329445,-0.232918399149741,0.409492549846612,0.561741065074221,39,0.993413256112323,node
auc_cc,gamma,detail,98,7Networks_RH_Default_PFCdPFCm_3,0.206085498537757,-0.126378144261679,0.496926856138599,0.221053521640763,39,0.993413256112323,node
auc_cc,gamma,communication,98,7Networks_RH_Default_PFCdPFCm_3,0.0969225563077632,-0.234465417350071,0.408129648881651,0.568224618435345,39,0.993413256112323,node
auc_cc,gamma,imagination,98,7Networks_RH_Default_PFCdPFCm_3,0.069555405531132,-0.260336489394677,0.384905067613599,0.682492988884988,39,0.993413256112323,node
auc_cc,gamma,total,99,7Networks_RH_Default_pCunPCC_1,-0.0691858797207155,-0.384588720420995,0.260682602849541,0.684092361686379,39,0.993413256112323,node
auc_cc,gamma,social,99,7Networks_RH_Default_pCunPCC_1,-0.129672378317337,-0.435402575593557,0.202876406212874,0.444312026008274,39,0.993413256112323,node
auc_cc,gamma,switching,99,7Networks_RH_Default_pCunPCC_1,-0.0335779035608092,-0.353753562568572,0.293641454732429,0.843599320291455,39,0.993413256112323,node
auc_cc,gamma,detail,99,7Networks_RH_Default_pCunPCC_1,0.256446071458112,-0.0737027667800195,0.535937005411865,0.125495011910895,39,0.993413256112323,node
auc_cc,gamma,communication,99,7Networks_RH_Default_pCunPCC_1,-0.248336012919003,-0.529734416580111,0.0823118953055676,0.138326626809488,39,0.993413256112323,node
auc_cc,gamma,imagination,99,7Networks_RH_Default_pCunPCC_1,-0.0385204376749648,-0.358075613591119,0.289112661636086,0.820927329094291,39,0.993413256112323,node
auc_cc,gamma,total,100,7Networks_RH_Default_pCunPCC_2,-0.106924956039871,-0.416518643440016,0.224891214602432,0.52876941076808,39,0.993413256112323,node
auc_cc,gamma,social,100,7Networks_RH_Default_pCunPCC_2,-0.162521579611596,-0.462205886543118,0.17048061664642,0.336522284934167,39,0.993413256112323,node
auc_cc,gamma,switching,100,7Networks_RH_Default_pCunPCC_2,-0.231068532517867,-0.516427183767477,0.100479041719229,0.168822234403501,39,0.993413256112323,node
auc_cc,gamma,detail,100,7Networks_RH_Default_pCunPCC_2,0.297685811974802,-0.0291504921360399,0.567017263340418,0.0735476266472154,39,0.993413256112323,node
auc_cc,gamma,communication,100,7Networks_RH_Default_pCunPCC_2,-0.222801130447372,-0.510006720686131,0.109099622237198,0.185017619640489,39,0.993413256112323,node
auc_cc,gamma,imagination,100,7Networks_RH_Default_pCunPCC_2,0.0738763227318303,-0.256283034366549,0.388598669249073,0.663894029890917,39,0.993413256112323,node
