quantity,band,aqvar,node,roi,r,ci_lo,ci_hi,p,n,q4,level
auc_degree,theta,total,1,7Networks_LH_Vis_1,0.0363642649731779,-0.291090145481008,0.356191808145234,0.830801490164936,39,0.953050314583942,node
auc_degree,theta,social,1,7Networks_LH_Vis_1,0.194171894771184,-0.138571023232022,0.487523184663198,0.249500254562177,39,0.927278149441688,node
auc_degree,theta,switching,1,7Networks_LH_Vis_1,-0.00894519395112975,-0.332007403492217,0.315995226706317,0.958094496474268,39,0.966384760547901,node
auc_degree,theta,detail,1,7Networks_LH_Vis_1,0.0473634701935861,-0.280973123910961,0.365774476911297,0.780729426131302,39,0.953050314583942,node
auc_degree,theta,communication,1,7Networks_LH_Vis_1,-0.0850607843916994,-0.398112612641849,0.245736676228447,0.616684526932067,39,0.951303789976841,node
auc_degree,theta,imagination,1,7Networks_LH_Vis_1,-0.127778642257496,-0.433840677819557,0.204722070686447,0.451048860912588,39,0.927278149441688,node
auc_degree,theta,total,2,7Networks_LH_Vis_2,0.0722613884439597,-0.257799365376189,0.387219375633004,0.670822933499558,39,0.953050314583942,node
auc_degree,theta,social,2,7Networks_LH_Vis_2,-0.0133332072531867,-0.335906515451905,0.312039412723632,0.937571551797177,39,0.966384760547901,node
auc_degree,theta,switching,2,7Networks_LH_Vis_2,0.175389860879452,-0.157590632198927,0.472558585992032,0.299124094966331,39,0.927278149441688,node
auc_degree,theta,detail,2,7Networks_LH_Vis_2,0.132905183071358,-0.199720195356398,0.438064651588617,0.432939524469543,39,0.927278149441688,node
auc_degree,theta,communication,2,7Networks_LH_Vis_2,0.0672031322328143,-0.262538280749084,0.382890044790247,0.692697053176455,39,0.953050314583942,node
auc_degree,theta,imagination,2,7Networks_LH_Vis_2,-0.235415978153065,-0.519790587031606,0.0959258162589773,0.160726163812794,39,0.927278149441688,node
auc_degree,theta,total,3,7Networks_LH_Vis_3,0.180669507337748,-0.152269048861679,0.476782534338863,0.284580171938069,39,0.927278149441688,node
auc_degree,theta,social,3,7Networks_LH_Vis_3,0.15197990411297,-0.180955824934134,0.453663659841779,0.369206943484006,39,0.927278149441688,node
auc_degree,theta,switching,3,7Networks_LH_Vis_3,0.178307658433123,-0.154652046951471,0.474894640701542,0.291028805891858,39,0.927278149441688,node
auc_degree,theta,detail,3,7Networks_LH_Vis_3,0.139338108126058,-0.193419083490263,0.443346015428123,0.410795936694023,39,0.927278149441688,node
auc_degree,theta,communication,3,7Networks_LH_Vis_3,0.0635034393335241,-0.26599435966358,0.379714695238463,0.708854013507504,39,0.953050314583942,node
auc_degree,theta,imagination,3,7Networks_LH_Vis_3,-0.104375283645931,-0.414385232847426,0.227337836819178,0.538698731610706,39,0.927278149441688,node
auc_degree,theta,total,4,7Networks_LH_Vis_4,-0.196458512824224,-0.489333356119263,0.13623859927837,0.243859298409998,39,0.927278149441688,node
auc_degree,theta,social,4,7Networks_LH_Vis_4,-0.181870359071527,-0.477741363189227,0.151055957830673,0.281337186360043,39,0.927278149441688,node
auc_degree,theta,switching,4,7Networks_LH_Vis_4,0.0359153311832531,-0.29150152306632,0.355799256296434,0.832860646131984,39,0.953050314583942,node
auc_degree,theta,detail,4,7Networks_LH_Vis_4,-0.0522167843194677,-0.369981397661422,0.276485741746189,0.758896539393497,39,0.953050314583942,node
auc_degree,theta,communication,4,7Networks_LH_Vis_4,-0.107150789584655,-0.41670744295891,0.224674306677513,0.52789425191844,39,0.927278149441688,node
auc_degree,theta,imagination,4,7Networks_LH_Vis_4,-0.290530086184914,-0.561678798221653,0.0369752418090789,0.0810861450865785,39,0.927278149441688,node
auc_degree,theta,total,5,7Networks_LH_Vis_5,-0.114959961634305,-0.423219616358749,0.217153493080265,0.498072949334599,39,0.927278149441688,node
auc_degree,theta,social,5,7Networks_LH_Vis_5,-0.0965713805569995,-0.407834160301221,0.234800395347949,0.569633935568757,39,0.936725128905287,node
auc_degree,theta,switching,5,7Networks_LH_Vis_5,0.131233358888156,-0.201353271730072,0.43668864402712,0.438800505875006,39,0.927278149441688,node
auc_degree,theta,detail,5,7Networks_LH_Vis_5,-0.116520348170502,-0.424517036880471,0.215645983403895,0.492218814758749,39,0.927278149441688,node
auc_degree,theta,communication,5,7Networks_LH_Vis_5,-0.0173404461905808,-0.33945764585683,0.308416985950922,0.918863766367977,39,0.966384760547901,node
auc_degree,theta,imagination,5,7Networks_LH_Vis_5,-0.287820283313822,-0.559651262876955,0.0399279509463626,0.0840925564150848,39,0.927278149441688,node
auc_degree,theta,total,6,7Networks_LH_Vis_6,0.165856648149192,-0.167150828763503,0.464896857907408,0.326564863290684,39,0.927278149441688,node
auc_degree,theta,social,6,7Networks_LH_Vis_6,0.042576929769248,-0.285384749908725,0.361612653169239,0.802425190730201,39,0.953050314583942,node
auc_degree,theta,switching,6,7Networks_LH_Vis_6,0.317389765267316,-0.00739530346721889,0.581601214900729,0.0555991068365196,39,0.927278149441688,node
auc_degree,theta,detail,6,7Networks_LH_Vis_6,0.110572406095048,-0.221383894340558,0.419564691099511,0.514721679906005,39,0.927278149441688,node
auc_degree,theta,communication,6,7Networks_LH_Vis_6,0.0682126248155294,-0.26159378883788,0.383755172368459,0.688311255179945,39,0.953050314583942,node
auc_degree,theta,imagination,6,7Networks_LH_Vis_6,-0.150841824582245,-0.452738113324384,0.182082228789664,0.372844865103233,39,0.927278149441688,node
auc_degree,theta,total,7,7Networks_LH_Vis_7,-0.0777444045736753,-0.391896620640081,0.252644507251496,0.647410198101544,39,0.953050314583942,node
auc_degree,theta,social,7,7Networks_LH_Vis_7,-0.0341590448240522,-0.354262457972536,0.293109721920797,0.840926748162302,39,0.953050314583942,node
auc_degree,theta,switching,7,7Networks_LH_Vis_7,-0.0388054667879495,-0.358324443355513,0.288851044378795,0.819624036685293,39,0.953050314583942,node
auc_degree,theta,detail,7,7Networks_LH_Vis_7,0.0646966323614131,-0.264880659561355,0.380739596226433,0.703629106996699,39,0.953050314583942,node
auc_degree,theta,communication,7,7Networks_LH_Vis_7,-0.0312702025015761,-0.351730875841154,0.295750959042785,0.854228782777644,39,0.957487207069447,node
auc_degree,theta,imagination,7,7Networks_LH_Vis_7,-0.233832938938044,-0.518566887792916,0.0975853931129461,0.163641048477292,39,0.927278149441688,node
auc_degree,theta,total,8,7Networks_LH_Vis_8,-0.0368568522549499,-0.356622401157746,0.290638626930424,0.828543383889976,39,0.953050314583942,node
auc_degree,theta,social,8,7Networks_LH_Vis_8,-0.15184397074374,-0.453553145844281,0.181090409697056,0.369640346832369,39,0.927278149441688,node
auc_degree,theta,switching,8,7Networks_LH_Vis_8,0.16769750182435,-0.165309630271139,0.466379827354817,0.321147954150391,39,0.927278149441688,node
auc_degree,theta,detail,8,7Networks_LH_Vis_8,0.18223009401453,-0.150692361112307,0.478028459039178,0.280370384698899,39,0.927278149441688,node
auc_degree,theta,communication,8,7Networks_LH_Vis_8,-0.0479255985930348,-0.366262404842788,0.280454113153495,0.778191828554928,39,0.953050314583942,node
auc_degree,theta,imagination,8,7Networks_LH_Vis_8,-0.331485758540311,-0.591931232962652,-0.00835908315536837,0.045047512874791,39,0.927278149441688,node
auc_degree,theta,total,9,7Networks_LH_Vis_9,-0.0225087590371023,-0.344024177038862,0.303730989926488,0.894800194175755,39,0.966384760547901,node
auc_degree,theta,social,9,7Networks_LH_Vis_9,-0.128003101581051,-0.43402590140954,0.204503432600928,0.450247486229069,39,0.927278149441688,node
auc_degree,theta,switching,9,7Networks_LH_Vis_9,0.230537758550808,-0.101033989453737,0.516015946292426,0.169830355607861,39,0.927278149441688,node
auc_degree,theta,detail,9,7Networks_LH_Vis_9,0.100520181057549,-0.231029191998565,0.411153034588216,0.553879554442076,39,0.927278149441688,node
auc_degree,theta,communication,9,7Networks_LH_Vis_9,-0.0560357842217321,-0.373282623966001,0.272944582298583,0.741843970773221,39,0.953050314583942,node
auc_degree,theta,imagination,9,7Networks_LH_Vis_9,-0.284099667075093,-0.556862102765441,0.0439727788912079,0.0883601029140423,39,0.927278149441688,node
auc_degree,theta,total,10,7Networks_LH_SomMot_1,0.21711692345938,-0.114997833364349,0.505573722309051,0.196771678460538,39,0.621545402769441,node
auc_degree,theta,social,10,7Networks_LH_SomMot_1,0.168920242173509,-0.164085376573202,0.467363925114193,0.317581124870101,39,0.833650452784015,node
auc_degree,theta,switching,10,7Networks_LH_SomMot_1,0.283456565722865,-0.0446708310834492,0.556379377486076,0.0891143644102868,39,0.53258214484985,node
auc_degree,theta,detail,10,7Networks_LH_SomMot_1,-0.010010423741046,-0.332954963888429,0.315035954492371,0.953109426032341,39,0.964592672129116,node
auc_degree,theta,communication,10,7Networks_LH_SomMot_1,0.0388347048395419,-0.288824205128481,0.358349965540858,0.819490372904431,39,0.959826791161069,node
auc_degree,theta,imagination,10,7Networks_LH_SomMot_1,0.0929707165870384,-0.238230446470677,0.404800700193652,0.584175062791689,39,0.918250076308112,node
auc_degree,theta,total,11,7Networks_LH_SomMot_2,0.414123518404432,0.104062784980453,0.650817348573767,0.0108308611812641,39,0.454896169613093,node
auc_degree,theta,social,11,7Networks_LH_SomMot_2,0.325100450004387,0.00120261348774236,0.587262441052869,0.0496073112121639,39,0.53258214484985,node
auc_degree,theta,switching,11,7Networks_LH_SomMot_2,0.441952144478301,0.13763781815932,0.670026620549298,0.00616975938628239,39,0.454896169613093,node
auc_degree,theta,detail,11,7Networks_LH_SomMot_2,0.0748747924825822,-0.255344714702649,0.389450743775413,0.659623741318404,39,0.920586737633033,node
auc_degree,theta,communication,11,7Networks_LH_SomMot_2,0.017705537054871,-0.308086484222482,0.339780725908039,0.917161323147619,39,0.959826791161069,node
auc_degree,theta,imagination,11,7Networks_LH_SomMot_2,0.259753746068753,-0.0701773632433094,0.538458089065285,0.120524480401501,39,0.560377467375157,node
auc_degree,theta,total,12,7Networks_LH_SomMot_3,0.26391885407173,-0.0657263311452352,0.54162562040008,0.114476895196699,39,0.560377467375157,node
auc_degree,theta,social,12,7Networks_LH_SomMot_3,0.287407812969215,-0.040376893669359,0.559342357676428,0.0845576418123488,39,0.53258214484985,node
auc_degree,theta,switching,12,7Networks_LH_SomMot_3,0.191100911537802,-0.141697727934984,0.485088106419844,0.257212399759541,39,0.720194719326715,node
auc_degree,theta,detail,12,7Networks_LH_SomMot_3,0.0134611320923056,-0.311923918407194,0.336020021618359,0.936973772323901,39,0.959826791161069,node
auc_degree,theta,communication,12,7Networks_LH_SomMot_3,-0.0186024011652616,-0.340574065750972,0.307274256067473,0.912980742993068,39,0.959826791161069,node
auc_degree,theta,imagination,12,7Networks_LH_SomMot_3,0.253128005922967,-0.077230974382002,0.533402983924691,0.130633051609307,39,0.560377467375157,node
auc_degree,theta,total,13,7Networks_LH_SomMot_4,0.274626027640484,-0.0542236116232751,0.549732307090334,0.0999800718373867,39,0.53258214484985,node
auc_degree,theta,social,13,7Networks_LH_SomMot_4,0.304611105579128,-0.0215393836365275,0.57216236136134,0.0667849158122628,39,0.53258214484985,node
auc_degree,theta,switching,13,7Networks_LH_SomMot_4,0.284019619156991,-0.0440596840925327,0.556802027168033,0.0884537180601786,39,0.53258214484985,node
auc_degree,theta,detail,13,7Networks_LH_SomMot_4,0.0190061699129013,-0.306908435416584,0.340931078212807,0.911099388208362,39,0.959826791161069,node
auc_degree,theta,communication,13,7Networks_LH_SomMot_4,-0.0154182948049237,-0.337755421055806,0.310155734403005,0.927832581261326,39,0.959826791161069,node
auc_degree,theta,imagination,13,7Networks_LH_SomMot_4,0.115548041364933,-0.216585527582237,0.423708737738622,0.495862487375048,39,0.918250076308112,node
auc_degree,theta,total,14,7Networks_LH_SomMot_5,-0.273493069552871,-0.548876958791194,0.0554448918616342,0.101444218066638,39,0.53258214484985,node
auc_degree,theta,social,14,7Networks_LH_SomMot_5,-0.171169639350345,-0.469172377035809,0.161830512765073,0.311084604813376,39,0.833650452784015,node
auc_degree,theta,switching,14,7Networks_LH_SomMot_5,-0.0185574992734685,-0.340534357745789,0.307314931916976,0.913189991734133,39,0.959826791161069,node
auc_degree,theta,detail,14,7Networks_LH_SomMot_5,-0.195791277009466,-0.488805408187338,0.136919582584614,0.245496401819568,39,0.720194719326715,node
auc_degree,theta,communication,14,7Networks_LH_SomMot_5,-0.134947594799651,-0.439743735677976,0.197722609661247,0.425838530794393,39,0.851677061588786,node
auc_degree,theta,imagination,14,7Networks_LH_SomMot_5,-0.284552269937598,-0.557201725472933,0.0434813105061392,0.0878322249233853,39,0.53258214484985,node
auc_degree,theta,total,15,7Networks_LH_SomMot_6,-0.0429511786553745,-0.361938515696564,0.2850403148535,0.800723360732067,39,0.959826791161069,node
auc_degree,theta,social,15,7Networks_LH_SomMot_6,-0.0633980434370486,-0.379624127414799,0.266092691611363,0.709316169026637,39,0.93180874133221,node
auc_degree,theta,switching,15,7Networks_LH_SomMot_6,0.0929740592151877,-0.238227266055585,0.404803519452172,0.584161487458583,39,0.918250076308112,node
auc_degree,theta,detail,15,7Networks_LH_SomMot_6,-0.23520293828845,-0.519625973807846,0.0961492636134321,0.161116238535626,39,0.563906834874692,node
auc_degree,theta,communication,15,7Networks_LH_SomMot_6,0.0329408350435129,-0.294224127307713,0.353195474748313,0.846531071773612,39,0.959826791161069,node
auc_degree,theta,imagination,15,7Networks_LH_SomMot_6,0.0915066880417341,-0.239622745213002,0.403565330682327,0.590134334590964,39,0.918250076308112,node
auc_degree,theta,total,16,7Networks_LH_DorsAttn_Post_1,-0.190972844080047,-0.484986458615922,0.141827975038279,0.257537413021496,39,0.936536319374258,node
auc_degree,theta,social,16,7Networks_LH_DorsAttn_Post_1,-0.0949876504082379,-0.406500757264774,0.236310099765399,0.576009396235517,39,0.955891690745089,node
auc_degree,theta,switching,16,7Networks_LH_DorsAttn_Post_1,-0.106002289834144,-0.415747006037902,0.225777072746369,0.532352283850488,39,0.936536319374258,node
auc_degree,theta,detail,16,7Networks_LH_DorsAttn_Post_1,-0.00330225288438324,-0.326976904473865,0.32106581147953,0.984524072625556,39,0.992322146859651,node
auc_degree,theta,communication,16,7Networks_LH_DorsAttn_Post_1,-0.13195555531557,-0.437283228670523,0.200648040390721,0.436263341142905,39,0.936536319374258,node
auc_degree,theta,imagination,16,7Networks_LH_DorsAttn_Post_1,-0.240384938527832,-0.523624059265828,0.0907046205413086,0.151820652289513,39,0.936536319374258,node
auc_degree,theta,total,17,7Networks_LH_DorsAttn_Post_2,0.193095938768748,-0.139667257347159,0.486670544680128,0.252184506133528,39,0.936536319374258,node
auc_degree,theta,social,17,7Networks_LH_DorsAttn_Post_2,0.139941729365814,-0.192826418594161,0.443840501233539,0.408751718439291,39,0.936536319374258,node
auc_degree,theta,switching,17,7Networks_LH_DorsAttn_Post_2,0.383552034215181,0.0679755306647747,0.629359579942976,0.0191089233038757,39,0.859901548674408,node
auc_degree,theta,detail,17,7Networks_LH_DorsAttn_Post_2,0.083929131635803,-0.246807338219648,0.397153036865222,0.621396920675734,39,0.96826880835194,node
auc_degree,theta,communication,17,7Networks_LH_DorsAttn_Post_2,-0.191231553813002,-0.485191789684598,0.141564850318466,0.256881132647328,39,0.936536319374258,node
auc_degree,theta,imagination,17,7Networks_LH_DorsAttn_Post_2,0.0661280737546419,-0.263543422540177,0.381968118485743,0.697378560073356,39,0.96826880835194,node
auc_degree,theta,total,18,7Networks_LH_DorsAttn_Post_3,0.0732287609866591,-0.256891253058408,0.388045764831728,0.666669145019952,39,0.96826880835194,node
auc_degree,theta,social,18,7Networks_LH_DorsAttn_Post_3,-0.105990305103108,-0.415736980121286,0.225788575760011,0.532398899853957,39,0.936536319374258,node
auc_degree,theta,switching,18,7Networks_LH_DorsAttn_Post_3,0.172688792166072,-0.160305698236471,0.470392320704812,0.306744904868924,39,0.936536319374258,node
auc_degree,theta,detail,18,7Networks_LH_DorsAttn_Post_3,0.155725606916359,-0.177242371292849,0.456705274678466,0.35738352312455,39,0.936536319374258,node
auc_degree,theta,communication,18,7Networks_LH_DorsAttn_Post_3,-0.00163822598185943,-0.325489968086897,0.322557516180554,0.992322146859651,39,0.992322146859651,node
auc_degree,theta,imagination,18,7Networks_LH_DorsAttn_Post_3,-0.0162277639654278,-0.338472530371388,0.309423766496431,0.924054441731547,39,0.971003101138787,node
auc_degree,theta,total,19,7Networks_LH_DorsAttn_Post_4,-0.0432400665647711,-0.362190000202273,0.284774382713085,0.799410312499658,39,0.96826880835194,node
auc_degree,theta,social,19,7Networks_LH_DorsAttn_Post_4,-0.0057093730970447,-0.329125019863418,0.318905114435198,0.973246354430384,39,0.992322146859651,node
auc_degree,theta,switching,19,7Networks_LH_DorsAttn_Post_4,0.115762616353256,-0.216378235755546,0.423887160662521,0.495057196079608,39,0.936536319374258,node
auc_degree,theta,detail,19,7Networks_LH_DorsAttn_Post_4,-0.0252639366216737,-0.346452351363919,0.301226464308861,0.882008506683054,39,0.96826880835194,node
auc_degree,theta,communication,19,7Networks_LH_DorsAttn_Post_4,-0.1050805472436,-0.414975695541513,0.226661496589628,0.53594326723707,39,0.936536319374258,node
auc_degree,theta,imagination,19,7Networks_LH_DorsAttn_Post_4,-0.156503765475598,-0.457336279525865,0.176469721154416,0.354956174575426,39,0.936536319374258,node
auc_degree,theta,total,20,7Networks_LH_DorsAttn_Post_5,0.028414934384925,-0.298356595658583,0.349224101213235,0.867415295360213,39,0.96826880835194,node
auc_degree,theta,social,20,7Networks_LH_DorsAttn_Post_5,-0.167417453798397,-0.466154332279041,0.165589880537103,0.321968384264926,39,0.936536319374258,node
auc_degree,theta,switching,20,7Networks_LH_DorsAttn_Post_5,0.297367604749222,-0.0294993032251091,0.56678034742198,0.0738707687905297,39,0.936536319374258,node
auc_degree,theta,detail,20,7Networks_LH_DorsAttn_Post_5,-0.0301185889776693,-0.350720372715319,0.296802474705729,0.859542811794212,39,0.96826880835194,node
auc_degree,theta,communication,20,7Networks_LH_DorsAttn_Post_5,-0.17290360937329,-0.470564736185275,0.160089952094962,0.306134356415711,39,0.936536319374258,node
auc_degree,theta,imagination,20,7Networks_LH_DorsAttn_Post_5,0.212556270247406,-0.119713318691471,0.502005914673018,0.206573156345218,39,0.936536319374258,node
auc_degree,theta,total,21,7Networks_LH_DorsAttn_Post_6,-0.0242844751500377,-0.34558963185093,0.302117335736277,0.886552730564101,39,0.96826880835194,node
auc_degree,theta,social,21,7Networks_LH_DorsAttn_Post_6,-0.143096162992471,-0.446421602290185,0.189725286357923,0.398163572540137,39,0.936536319374258,node
auc_degree,theta,switching,21,7Networks_LH_DorsAttn_Post_6,0.205789126575209,-0.126682687038238,0.496693748719349,0.221732993775958,39,0.936536319374258,node
auc_degree,theta,detail,21,7Networks_LH_DorsAttn_Post_6,-0.238972287109771,-0.522535387236342,0.0921908352871079,0.154315033034707,39,0.936536319374258,node
auc_degree,theta,communication,21,7Networks_LH_DorsAttn_Post_6,0.0801336461756085,-0.2503923790633,0.393929677646195,0.63730983738003,39,0.96826880835194,node
auc_degree,theta,imagination,21,7Networks_LH_DorsAttn_Post_6,0.072615682797434,-0.257466842384277,0.387522094429883,0.669300508663943,39,0.96826880835194,node
auc_degree,theta,total,22,7Networks_LH_DorsAttn_PrCv_1,0.14125007217104,-0.191540989542945,0.444911659171243,0.404340832659155,39,0.936536319374258,node
auc_degree,theta,social,22,7Networks_LH_DorsAttn_PrCv_1,0.206438654865023,-0.12601516975572,0.497204571748399,0.220245729348987,39,0.936536319374258,node
auc_degree,theta,switching,22,7Networks_LH_DorsAttn_PrCv_1,0.128729290130131,-0.203795850008402,0.434624974213699,0.44766010859812,39,0.936536319374258,node
auc_degree,theta,detail,22,7Networks_LH_DorsAttn_PrCv_1,-0.0101453856806325,-0.333074970876477,0.314914369690851,0.952477951455411,39,0.985322018746977,node
auc_degree,theta,communication,22,7Networks_LH_DorsAttn_PrCv_1,-0.0323726730308699,-0.352697558379418,0.294743571856607,0.849147436004464,39,0.96826880835194,node
auc_degree,theta,imagination,22,7Networks_LH_DorsAttn_PrCv_1,0.061880397187949,-0.26750786078177,0.378319325356668,0.71598224038492,39,0.96826880835194,node
auc_degree,theta,total,23,7Networks_LH_DorsAttn_FEF_1,-0.0547964866104924,-0.372212228088356,0.274094696254669,0.74736483850766,39,0.96826880835194,node
auc_degree,theta,social,23,7Networks_LH_DorsAttn_FEF_1,-0.125464948242305,-0.431929911153647,0.206973828195318,0.459354153625757,39,0.936536319374258,node
auc_degree,theta,switching,23,7Networks_LH_DorsAttn_FEF_1,0.103759567896499,-0.227928040092992,0.413869528176108,0.541109873416238,39,0.936536319374258,node
auc_degree,theta,detail,23,7Networks_LH_DorsAttn_FEF_1,-0.0929754022083683,-0.404804652165479,0.23822598823398,0.58415603323311,39,0.955891690745089,node
auc_degree,theta,communication,23,7Networks_LH_DorsAttn_FEF_1,-0.0304109753387082,-0.350977002896766,0.296535577536681,0.858193032270279,39,0.96826880835194,node
auc_degree,theta,imagination,23,7Networks_LH_DorsAttn_FEF_1,0.0154151188860734,-0.310158605488882,0.337752606769823,0.927847407754841,39,0.971003101138787,node
auc_degree,theta,total,24,7Networks_LH_SalVentAttn_ParOper_1,0.192858985057052,-0.13990856728144,0.4864826958254,0.252778225638921,39,0.945977301415972,node
auc_degree,theta,social,24,7Networks_LH_SalVentAttn_ParOper_1,0.182216963238593,-0.150705634431933,0.478017980792411,0.280405636170359,39,0.945977301415972,node
auc_degree,theta,switching,24,7Networks_LH_SalVentAttn_ParOper_1,0.359357469973613,0.0399893326975294,0.612107774390969,0.0289318494489388,39,0.533822984274851,node
auc_degree,theta,detail,24,7Networks_LH_SalVentAttn_ParOper_1,0.123691345866752,-0.208697570565603,0.430463314628178,0.46577575846593,39,0.945977301415972,node
auc_degree,theta,communication,24,7Networks_LH_SalVentAttn_ParOper_1,-0.165216427249574,-0.464380710136177,0.167790625679178,0.328462007366424,39,0.945977301415972,node
auc_degree,theta,imagination,24,7Networks_LH_SalVentAttn_ParOper_1,-0.0589703215129159,-0.375813854654364,0.270217468420543,0.728822096201323,39,0.945977301415972,node
auc_degree,theta,total,25,7Networks_LH_SalVentAttn_FrOperIns_1,-0.00436305037497301,-0.327923973120365,0.320114026569836,0.979553585511361,39,0.979553585511361,node
auc_degree,theta,social,25,7Networks_LH_SalVentAttn_FrOperIns_1,0.23689219917406,-0.0943765604657081,0.520930664602274,0.158041944456975,39,0.945977301415972,node
auc_degree,theta,switching,25,7Networks_LH_SalVentAttn_FrOperIns_1,-0.0289514835855701,-0.349695513707567,0.297867327452511,0.864934540688101,39,0.979553585511361,node
auc_degree,theta,detail,25,7Networks_LH_SalVentAttn_FrOperIns_1,-0.344035343507779,-0.601056551606311,-0.0225214181311724,0.0370710405746424,39,0.533822984274851,node
auc_degree,theta,communication,25,7Networks_LH_SalVentAttn_FrOperIns_1,-0.0102021306753525,-0.333125424910471,0.314863245952309,0.952212455312121,39,0.979553585511361,node
auc_degree,theta,imagination,25,7Networks_LH_SalVentAttn_FrOperIns_1,0.128662951889272,-0.203860502993089,0.434570259389203,0.44789613281828,39,0.945977301415972,node
auc_degree,theta,total,26,7Networks_LH_SalVentAttn_FrOperIns_2,-0.0221733932086954,-0.343728320845118,0.304035538391212,0.896359077465299,39,0.979553585511361,node
auc_degree,theta,social,26,7Networks_LH_SalVentAttn_FrOperIns_2,0.240860058533703,-0.090204427187322,0.523990006849232,0.150988347110505,39,0.945977301415972,node
auc_degree,theta,switching,26,7Networks_LH_SalVentAttn_FrOperIns_2,-0.0922370419720899,-0.40418175667257,0.23892834504216,0.587158109048107,39,0.945977301415972,node
auc_degree,theta,detail,26,7Networks_LH_SalVentAttn_FrOperIns_2,-0.204245954604974,-0.495479308798789,0.128267391257818,0.225294037958949,39,0.945977301415972,node
auc_degree,theta,communication,26,7Networks_LH_SalVentAttn_FrOperIns_2,-0.177612091723521,-0.474338133431826,0.155353104407486,0.292945704637145,39,0.945977301415972,node
auc_degree,theta,imagination,26,7Networks_LH_SalVentAttn_FrOperIns_2,0.167691023612485,-0.165316113769006,0.466374611527806,0.321166917983376,39,0.945977301415972,node
auc_degree,theta,total,27,7Networks_LH_SalVentAttn_PFCl_1,-0.412174515221173,-0.649460558344311,-0.101737512631599,0.011247260798122,39,0.533822984274851,node
auc_degree,theta,social,27,7Networks_LH_SalVentAttn_PFCl_1,-0.372735614176372,-0.621676819221778,-0.0554023375702774,0.0230857814490839,39,0.533822984274851,node
auc_degree,theta,switching,27,7Networks_LH_SalVentAttn_PFCl_1,-0.353882435490176,-0.608170159734448,-0.0337250515903071,0.0316520873770617,39,0.533822984274851,node
auc_degree,theta,detail,27,7Networks_LH_SalVentAttn_PFCl_1,-0.0171304066300879,-0.339271740990786,0.308607090485977,0.919843356656272,39,0.979553585511361,node
auc_degree,theta,communication,27,7Networks_LH_SalVentAttn_PFCl_1,-0.0877407646457656,-0.400382351111406,0.243197911125331,0.605584955628772,39,0.945977301415972,node
auc_degree,theta,imagination,27,7Networks_LH_SalVentAttn_PFCl_1,-0.294283851063206,-0.564482079146052,0.0328755206961943,0.0770601451325673,39,0.792618635649264,node
auc_degree,theta,total,28,7Networks_LH_SalVentAttn_Med_1,0.0721387534682543,-0.257914446229036,0.387114577128853,0.671350205236323,39,0.945977301415972,node
auc_degree,theta,social,28,7Networks_LH_SalVentAttn_Med_1,0.0198849479700985,-0.306111916055717,0.341707773222811,0.907006395102166,39,0.979553585511361,node
auc_degree,theta,switching,28,7Networks_LH_SalVentAttn_Med_1,0.0382324183375998,-0.289376973802391,0.357824127251114,0.822244774726655,39,0.979553585511361,node
auc_degree,theta,detail,28,7Networks_LH_SalVentAttn_Med_1,-0.0546358443853685,-0.372073417671407,0.274243709328278,0.748081388260576,39,0.945977301415972,node
auc_degree,theta,communication,28,7Networks_LH_SalVentAttn_Med_1,0.0515161978852386,-0.277134391524707,0.369374923243266,0.762037270585088,39,0.945977301415972,node
auc_degree,theta,imagination,28,7Networks_LH_SalVentAttn_Med_1,0.196652660066567,-0.13604039282606,0.489486934116681,0.243384327056734,39,0.945977301415972,node
auc_degree,theta,total,29,7Networks_LH_SalVentAttn_Med_2,-0.104995233434986,-0.414904282760274,0.226743328631242,0.536276226985385,39,0.945977301415972,node
auc_degree,theta,social,29,7Networks_LH_SalVentAttn_Med_2,-0.130928019988719,-0.436437178082205,0.201651334253766,0.439875632505797,39,0.945977301415972,node
auc_degree,theta,switching,29,7Networks_LH_SalVentAttn_Med_2,-0.0239518714618317,-0.345296547587439,0.302419726563628,0.888096668730108,39,0.979553585511361,node
auc_degree,theta,detail,29,7Networks_LH_SalVentAttn_Med_2,-0.206540847514692,-0.497284923046422,0.12591011941651,0.220012357218135,39,0.945977301415972,node
auc_degree,theta,communication,29,7Networks_LH_SalVentAttn_Med_2,0.114083208754435,-0.217999840833125,0.422490064148785,0.501377755309549,39,0.945977301415972,node
auc_degree,theta,imagination,29,7Networks_LH_SalVentAttn_Med_2,-0.00527307353365605,-0.328735914110377,0.319296999398964,0.975290166631403,39,0.979553585511361,node
auc_degree,theta,total,30,7Networks_LH_SalVentAttn_Med_3,-0.055800438977492,-0.373079418469695,0.273163063735488,0.742891427848643,39,0.945977301415972,node
auc_degree,theta,social,30,7Networks_LH_SalVentAttn_Med_3,-0.116352708321939,-0.424377709356934,0.215808018389524,0.49284605540834,39,0.945977301415972,node
auc_degree,theta,switching,30,7Networks_LH_SalVentAttn_Med_3,-0.147738766631265,-0.450211232799318,0.185149019372886,0.382871244917812,39,0.945977301415972,node
auc_degree,theta,detail,30,7Networks_LH_SalVentAttn_Med_3,0.00550421163000709,-0.319089404618067,0.328942064055791,0.974207397613011,39,0.979553585511361,node
auc_degree,theta,communication,30,7Networks_LH_SalVentAttn_Med_3,0.0863945800168345,-0.244473728788288,0.399242714926799,0.611149715759138,39,0.945977301415972,node
auc_degree,theta,imagination,30,7Networks_LH_SalVentAttn_Med_3,0.0801048796859763,-0.250419515998346,0.393905217870595,0.637431068093861,39,0.945977301415972,node
auc_degree,theta,total,31,7Networks_LH_Limbic_OFC_1,-0.258346224709859,-0.537385896820197,0.0716785432586007,0.12262127084825,39,0.7323589206402,node
auc_degree,theta,social,31,7Networks_LH_Limbic_OFC_1,-0.03110973177365,-0.351590112806221,0.295897529244498,0.85496888851066,39,0.953679454298646,node
auc_degree,theta,switching,31,7Networks_LH_Limbic_OFC_1,-0.397934198698864,-0.639501159586874,-0.0848503150314114,0.0147221405771224,39,0.441664217313672,node
auc_degree,theta,detail,31,7Networks_LH_Limbic_OFC_1,-0.109983321426764,-0.419073207204356,0.221950929312483,0.516977841817987,39,0.953679454298646,node
auc_degree,theta,communication,31,7Networks_LH_Limbic_OFC_1,0.030385307764444,-0.296559009549114,0.350954476160259,0.858311508868781,39,0.953679454298646,node
auc_degree,theta,imagination,31,7Networks_LH_Limbic_OFC_1,-0.231404637571227,-0.516687525995544,0.100127522262496,0.168186080625547,39,0.7323589206402,node
auc_degree,theta,total,32,7Networks_LH_Limbic_TempPole_1,-0.0478810319498013,-0.366223727346625,0.280495268354823,0.77839293210383,39,0.953679454298646,node
auc_degree,theta,social,32,7Networks_LH_Limbic_TempPole_1,0.200337744309752,-0.13227320407831,0.492398537897118,0.234486742037781,39,0.7323589206402,node
auc_degree,theta,switching,32,7Networks_LH_Limbic_TempPole_1,-0.241245378451511,-0.524286711740778,0.0897986502228485,0.15031579753123,39,0.7323589206402,node
auc_degree,theta,detail,32,7Networks_LH_Limbic_TempPole_1,-0.0744219768195375,-0.389064386471804,0.255770328817454,0.6615590541325,39,0.953679454298646,node
auc_degree,theta,communication,32,7Networks_LH_Limbic_TempPole_1,-0.0668270014443465,-0.382567561867155,0.26289003118622,0.69433370659184,39,0.953679454298646,node
auc_degree,theta,imagination,32,7Networks_LH_Limbic_TempPole_1,0.0319849415701683,-0.295097946056517,0.352357660569068,0.850933839004799,39,0.953679454298646,node
auc_degree,theta,total,33,7Networks_LH_Limbic_TempPole_2,0.0379162552825076,-0.289667055640687,0.357548013615202,0.823691506112699,39,0.953679454298646,node
auc_degree,theta,social,33,7Networks_LH_Limbic_TempPole_2,0.100645914616411,-0.23090894942357,0.41125857558556,0.5533812924549,39,0.953679454298646,node
auc_degree,theta,switching,33,7Networks_LH_Limbic_TempPole_2,-0.00767339081610605,-0.330875234069686,0.317139655130516,0.964048328119789,39,0.983725815411898,node
auc_degree,theta,detail,33,7Networks_LH_Limbic_TempPole_2,0.094769787178649,-0.236517654691003,0.406317225984611,0.576888939816458,39,0.953679454298646,node
auc_degree,theta,communication,33,7Networks_LH_Limbic_TempPole_2,-0.0849451949190904,-0.398014630890412,0.245846072995252,0.617165173384754,39,0.953679454298646,node
auc_degree,theta,imagination,33,7Networks_LH_Limbic_TempPole_2,-0.0346369732803571,-0.35468082967245,0.292672275027465,0.838730146385992,39,0.953679454298646,node
auc_degree,theta,total,34,7Networks_LH_Cont_Par_1,0.0713261937577866,-0.258676717005149,0.38641999336111,0.674847722715065,39,0.944233081431337,node
auc_degree,theta,social,34,7Networks_LH_Cont_Par_1,-0.0429604881205703,-0.361946620554379,0.285031745929408,0.800681039095691,39,0.970836008842109,node
auc_degree,theta,switching,34,7Networks_LH_Cont_Par_1,0.143391327212127,-0.189434769464206,0.446662861108225,0.397180983228173,39,0.944233081431337,node
auc_degree,theta,detail,34,7Networks_LH_Cont_Par_1,0.0198390196510165,-0.306153556526032,0.341667191040785,0.907220253088901,39,0.970836008842109,node
auc_degree,theta,communication,34,7Networks_LH_Cont_Par_1,0.00888219009350333,-0.316051942817904,0.331951338854274,0.958389393344133,39,0.970836008842109,node
auc_degree,theta,imagination,34,7Networks_LH_Cont_Par_1,0.0925236754346272,-0.238655729351227,0.404423600769635,0.585991883811988,39,0.944233081431337,node
auc_degree,theta,total,35,7Networks_LH_Cont_PFCl_1,-0.166070249629692,-0.465069018772494,0.166937306325516,0.325933423442125,39,0.944233081431337,node
auc_degree,theta,social,35,7Networks_LH_Cont_PFCl_1,-0.0636626561696327,-0.379851500478791,0.265845801012039,0.708156050353483,39,0.964177560059363,node
auc_degree,theta,switching,35,7Networks_LH_Cont_PFCl_1,-0.167385474406924,-0.466128579957259,0.165621879601723,0.322062154403866,39,0.944233081431337,node
auc_degree,theta,detail,35,7Networks_LH_Cont_PFCl_1,-0.121723348053623,-0.428834073918991,0.210607829392324,0.472956647548103,39,0.944233081431337,node
auc_degree,theta,communication,35,7Networks_LH_Cont_PFCl_1,-0.0933284538553976,-0.405102391372323,0.2378900293851,0.582722990754678,39,0.944233081431337,node
auc_degree,theta,imagination,35,7Networks_LH_Cont_PFCl_1,0.0106180064652033,-0.314488509952493,0.333495138733988,0.950266829430599,39,0.970836008842109,node
auc_degree,theta,total,36,7Networks_LH_Cont_pCun_1,0.118871702139536,-0.21337131513546,0.426469739932272,0.483464330413758,39,0.944233081431337,node
auc_degree,theta,social,36,7Networks_LH_Cont_pCun_1,-0.0756787717663949,-0.390136452829666,0.254588716598117,0.656192940994084,39,0.944233081431337,node
auc_degree,theta,switching,36,7Networks_LH_Cont_pCun_1,0.229798981456995,-0.101806070374957,0.515443331276084,0.171240719384566,39,0.944233081431337,node
auc_degree,theta,detail,36,7Networks_LH_Cont_pCun_1,0.307880069023926,-0.0179335108690145,0.574583720099626,0.0637677246246316,39,0.944233081431337,node
auc_degree,theta,communication,36,7Networks_LH_Cont_pCun_1,-0.038146935893732,-0.357749478662928,0.289455410484762,0.822635877271242,39,0.970836008842109,node
auc_degree,theta,imagination,36,7Networks_LH_Cont_pCun_1,-0.143629910986016,-0.446857840456075,0.189199899568647,0.396387771106368,39,0.944233081431337,node
auc_degree,theta,total,37,7Networks_LH_Cont_Cing_1,0.071339161759312,-0.258664554813564,0.386431081339274,0.674791851261902,39,0.944233081431337,node
auc_degree,theta,social,37,7Networks_LH_Cont_Cing_1,-0.0316149062099082,-0.352033196886642,0.29543606268497,0.852639393162985,39,0.970836008842109,node
auc_degree,theta,switching,37,7Networks_LH_Cont_Cing_1,-0.0014827320576007,-0.325350940393172,0.32269682534707,0.993050879734497,39,0.993050879734497,node
auc_degree,theta,detail,37,7Networks_LH_Cont_Cing_1,0.0208265298960685,-0.305257964813645,0.342539488927363,0.902623509253035,39,0.970836008842109,node
auc_degree,theta,communication,37,7Networks_LH_Cont_Cing_1,0.13190788070545,-0.200694605707819,0.4372439863696,0.436430578189852,39,0.944233081431337,node
auc_degree,theta,imagination,37,7Networks_LH_Cont_Cing_1,0.128207395771342,-0.204304407832143,0.434194462266883,0.449518777154724,39,0.944233081431337,node
auc_degree,theta,total,38,7Networks_LH_Default_Temp_1,-0.0118286346175064,-0.334570822831651,0.31339706395748,0.944604702388564,39,0.961722900351299,node
auc_degree,theta,social,38,7Networks_LH_Default_Temp_1,0.192707432108604,-0.140062885698139,0.486362535559463,0.253158449976117,39,0.902668662952507,node
auc_degree,theta,switching,38,7Networks_LH_Default_Temp_1,-0.134614275918116,-0.439469856793451,0.198048801764294,0.426992943569837,39,0.902668662952507,node
auc_degree,theta,detail,38,7Networks_LH_Default_Temp_1,-0.0812647544009606,-0.394891092215583,0.249324933616338,0.632550388442302,39,0.902668662952507,node
auc_degree,theta,communication,38,7Networks_LH_Default_Temp_1,-0.0904800940448855,-0.402698395907427,0.240598229739999,0.594328946646292,39,0.902668662952507,node
auc_degree,theta,imagination,38,7Networks_LH_Default_Temp_1,0.0647095427330729,-0.264868604494507,0.380750681430132,0.703572646020818,39,0.902668662952507,node
auc_degree,theta,total,39,7Networks_LH_Default_Temp_2,0.0235556075585608,-0.302779909137033,0.344947285269597,0.889936645823775,39,0.939911722468108,node
auc_degree,theta,social,39,7Networks_LH_Default_Temp_2,0.07574661279488,-0.25452490582234,0.390194298077626,0.65590376051041,39,0.902668662952507,node
auc_degree,theta,switching,39,7Networks_LH_Default_Temp_2,0.156228188775769,-0.176743394040371,0.457112850408543,0.355814653906404,39,0.902668662952507,node
auc_degree,theta,detail,39,7Networks_LH_Default_Temp_2,-0.0622526528274037,-0.378639489972068,0.26716087269789,0.714345214291159,39,0.902668662952507,node
auc_degree,theta,communication,39,7Networks_LH_Default_Temp_2,-0.0578304543865104,-0.374831205809043,0.271277393493716,0.733871548172724,39,0.902668662952507,node
auc_degree,theta,imagination,39,7Networks_LH_Default_Temp_2,-0.105622192771717,-0.415428996318193,0.226141847031976,0.533831677429707,39,0.902668662952507,node
auc_degree,theta,total,40,7Networks_LH_Default_Par_1,-0.155716969839547,-0.456698269216698,0.177250944927074,0.357410521142901,39,0.902668662952507,node
auc_degree,theta,social,40,7Networks_LH_Default_Par_1,-0.0675992003479605,-0.38322953821683,0.262167790546525,0.690975128582206,39,0.902668662952507,node
auc_degree,theta,switching,40,7Networks_LH_Default_Par_1,-0.02263326102735,-0.34413399513334,0.303617911674469,0.894221569292575,39,0.939911722468108,node
auc_degree,theta,detail,40,7Networks_LH_Default_Par_1,0.0498153198391023,-0.27870793268246,0.367901402065271,0.769677834906875,39,0.902668662952507,node
auc_degree,theta,communication,40,7Networks_LH_Default_Par_1,-0.160061918784887,-0.460217713937121,0.172931519655407,0.343984353069136,39,0.902668662952507,node
auc_degree,theta,imagination,40,7Networks_LH_Default_Par_1,-0.313186915946503,-0.578504645935596,0.0120616206594993,0.0590999126998321,39,0.891464056034388,node
auc_degree,theta,total,41,7Networks_LH_Default_Par_2,0.00238342901931956,-0.321889683429332,0.326156062578455,0.98882979725995,39,0.98882979725995,node
auc_degree,theta,social,41,7Networks_LH_Default_Par_2,-0.0883887107461707,-0.400930536672688,0.242583425596699,0.602914284680217,39,0.902668662952507,node
auc_degree,theta,switching,41,7Networks_LH_Default_Par_2,0.170906537617966,-0.162094433601671,0.468960979656184,0.311840111760397,39,0.902668662952507,node
auc_degree,theta,detail,41,7Networks_LH_Default_Par_2,0.0950954231250182,-0.236207415188879,0.40659153733844,0.575574527014541,39,0.902668662952507,node
auc_degree,theta,communication,41,7Networks_LH_Default_Par_2,-0.2125822385927,-0.502026257685006,0.119686511103115,0.206516404646915,39,0.902668662952507,node
auc_degree,theta,imagination,41,7Networks_LH_Default_Par_2,0.0439681149328306,-0.284103962893009,0.362823579504544,0.796103612465058,39,0.902668662952507,node
auc_degree,theta,total,42,7Networks_LH_Default_PFC_1,-0.242557917384469,-0.525296880350578,0.0884156019031698,0.148041244419592,39,0.891464056034388,node
auc_degree,theta,social,42,7Networks_LH_Default_PFC_1,0.0567972604640183,-0.272237437492198,0.373939901245897,0.738457990640345,39,0.902668662952507,node
auc_degree,theta,switching,42,7Networks_LH_Default_PFC_1,-0.258099425418546,-0.537197802207967,0.0719416109834675,0.122991719713816,39,0.891464056034388,node
auc_degree,theta,detail,42,7Networks_LH_Default_PFC_1,-0.236373155114515,-0.520529925141126,0.0949214667442976,0.158981997693361,39,0.891464056034388,node
auc_degree,theta,communication,42,7Networks_LH_Default_PFC_1,-0.196275966552454,-0.489188938368036,0.136424937916241,0.244306456160478,39,0.902668662952507,node
auc_degree,theta,imagination,42,7Networks_LH_Default_PFC_1,-0.0539748257235523,-0.371502084168526,0.274856709621577,0.751032067813082,39,0.902668662952507,node
auc_degree,theta,total,43,7Networks_LH_Default_PFC_2,-0.270770336729689,-0.546819018787823,0.0583758616512539,0.105029596594898,39,0.891464056034388,node
auc_degree,theta,social,43,7Networks_LH_Default_PFC_2,-0.0573984236930274,-0.374458577514275,0.271678916179773,0.735788277625008,39,0.902668662952507,node
auc_degree,theta,switching,43,7Networks_LH_Default_PFC_2,-0.116047415028674,-0.424123938902528,0.216103057534598,0.493989391158167,39,0.902668662952507,node
auc_degree,theta,detail,43,7Networks_LH_Default_PFC_2,-0.188202990150285,-0.482786065534559,0.144642153592796,0.264633525074088,39,0.902668662952507,node
auc_degree,theta,communication,43,7Networks_LH_Default_PFC_2,-0.293215542572117,-0.563684909076718,0.0340434089863995,0.078189726465169,39,0.891464056034388,node
auc_degree,theta,imagination,43,7Networks_LH_Default_PFC_2,-0.124935583087684,-0.431492347310018,0.2074885278609,0.461265821301266,39,0.902668662952507,node
auc_degree,theta,total,44,7Networks_LH_Default_PFC_3,-0.300683025134999,-0.569246604297987,0.0258611088244022,0.0705578949820454,39,0.891464056034388,node
auc_degree,theta,social,44,7Networks_LH_Default_PFC_3,-0.318629769866453,-0.582513363141469,0.00601585015909431,0.0545984269615705,39,0.891464056034388,node
auc_degree,theta,switching,44,7Networks_LH_Default_PFC_3,-0.439755201014683,-0.668521159912252,-0.134961549965524,0.00646090671306023,39,0.247980770236652,node
auc_degree,theta,detail,44,7Networks_LH_Default_PFC_3,0.160352350794649,-0.172642336313031,0.460452630385041,0.34309802576525,39,0.902668662952507,node
auc_degree,theta,communication,44,7Networks_LH_Default_PFC_3,-0.0146538463297723,-0.337077851853362,0.310846637838575,0.931402020626617,39,0.958013506930234,node
auc_degree,theta,imagination,44,7Networks_LH_Default_PFC_3,-0.174238509151793,-0.471635637316676,0.158748566311985,0.302357617081335,39,0.902668662952507,node
auc_degree,theta,total,45,7Networks_LH_Default_PFC_4,-0.513883613778115,-0.718302881108282,-0.22778833148796,0.00114087891945832,39,0.0913228168693122,node
auc_degree,theta,social,45,7Networks_LH_Default_PFC_4,-0.303571288698958,-0.571391178045006,0.0226845911460529,0.0677678527217702,39,0.891464056034388,node
auc_degree,theta,switching,45,7Networks_LH_Default_PFC_4,-0.436679222197526,-0.66641018332111,-0.131221917522238,0.00688835472879589,39,0.247980770236652,node
auc_degree,theta,detail,45,7Networks_LH_Default_PFC_4,-0.0813177270917503,-0.394936100887005,0.249274922717025,0.632327845729793,39,0.902668662952507,node
auc_degree,theta,communication,45,7Networks_LH_Default_PFC_4,-0.146596356248404,-0.449279724070584,0.186276447065936,0.386601930764323,39,0.902668662952507,node
auc_degree,theta,imagination,45,7Networks_LH_Default_PFC_4,-0.509797020742547,-0.715611941003411,-0.222531802170908,0.00126837245651823,39,0.0913228168693122,node
auc_degree,theta,total,46,7Networks_LH_Default_PFC_5,-0.263196901584565,-0.54107714571635,0.0664987848404949,0.115508440979521,39,0.891464056034388,node
auc_degree,theta,social,46,7Networks_LH_Default_PFC_5,-0.124966244818644,-0.431517695688843,0.207458720600762,0.461154978401442,39,0.902668662952507,node
auc_degree,theta,switching,46,7Networks_LH_Default_PFC_5,-0.183169340162935,-0.478777751087874,0.149742607316489,0.277856309817277,39,0.902668662952507,node
auc_degree,theta,detail,46,7Networks_LH_Default_PFC_5,-0.0887682512569853,-0.40125153759448,0.242223361545639,0.601352272714867,39,0.902668662952507,node
auc_degree,theta,communication,46,7Networks_LH_Default_PFC_5,-0.218918239732497,-0.506980182931168,0.113131230720236,0.192991628884479,39,0.902668662952507,node
auc_degree,theta,imagination,46,7Networks_LH_Default_PFC_5,-0.119664149940189,-0.427127189977543,0.212603899354115,0.480532237481841,39,0.902668662952507,node
auc_degree,theta,total,47,7Networks_LH_Default_PFC_6,-0.12236900020511,-0.429368808405146,0.209981399610596,0.470594372014378,39,0.902668662952507,node
auc_degree,theta,social,47,7Networks_LH_Default_PFC_6,-0.119178906637782,-0.426724649071434,0.213073863337101,0.482326558846639,39,0.902668662952507,node
auc_degree,theta,switching,47,7Networks_LH_Default_PFC_6,-0.109937521355974,-0.419034987794081,0.221995005662379,0.5171534585769,39,0.902668662952507,node
auc_degree,theta,detail,47,7Networks_LH_Default_PFC_6,0.0670396933976129,-0.262691136440525,0.382749926831845,0.693408054603665,39,0.902668662952507,node
auc_degree,theta,communication,47,7Networks_LH_Default_PFC_6,-0.133333999529404,-0.43841736194037,0.19930101957507,0.431443219043567,39,0.902668662952507,node
auc_degree,theta,imagination,47,7Networks_LH_Default_PFC_6,-0.0286045864956256,-0.349390748244859,0.298183675411345,0.866538288002932,39,0.938206868213701,node
auc_degree,theta,total,48,7Networks_LH_Default_PFC_7,0.108253220539594,-0.223614974815304,0.417628705072838,0.523632231694005,39,0.902668662952507,node
auc_degree,theta,social,48,7Networks_LH_Default_PFC_7,-0.0176449248044712,-0.339727093539032,0.308141359441828,0.917443937195486,39,0.957332804030073,node
auc_degree,theta,switching,48,7Networks_LH_Default_PFC_7,0.0498693180684221,-0.278658004146955,0.367948206901778,0.769434934670868,39,0.902668662952507,node
auc_degree,theta,detail,48,7Networks_LH_Default_PFC_7,-0.0504135035519465,-0.368419808570986,0.278154733236679,0.766988236588777,39,0.902668662952507,node
auc_degree,theta,communication,48,7Networks_LH_Default_PFC_7,0.154031302297801,-0.178923263720402,0.455330323253255,0.362703116682112,39,0.902668662952507,node
auc_degree,theta,imagination,48,7Networks_LH_Default_PFC_7,0.241702489325817,-0.0893171282764375,0.524638608160149,0.149520777676525,39,0.891464056034388,node
auc_degree,theta,total,49,7Networks_LH_Default_pCunPCC_1,0.220495256116938,-0.111495130913649,0.508210253077943,0.189724407353214,39,0.902668662952507,node
auc_degree,theta,social,49,7Networks_LH_Default_pCunPCC_1,0.145081628182097,-0.187769958971087,0.448043615998851,0.391581040663204,39,0.902668662952507,node
auc_degree,theta,switching,49,7Networks_LH_Default_pCunPCC_1,0.287547835087831,-0.0402245050372827,0.559447230800439,0.0843995357850165,39,0.891464056034388,node
auc_degree,theta,detail,49,7Networks_LH_Default_pCunPCC_1,0.119993111493906,-0.212285208672139,0.427400015698684,0.47931779267294,39,0.902668662952507,node
auc_degree,theta,communication,49,7Networks_LH_Default_pCunPCC_1,0.0616467418065851,-0.267725612730861,0.37811832750239,0.717010398742409,39,0.902668662952507,node
auc_degree,theta,imagination,49,7Networks_LH_Default_pCunPCC_1,-0.0729001298520995,-0.387765084641535,0.25719981798937,0.668079161746398,39,0.902668662952507,node
auc_degree,theta,total,50,7Networks_LH_Default_pCunPCC_2,0.158831083153339,-0.174156426617887,0.459221683624973,0.347756056319038,39,0.902668662952507,node
auc_degree,theta,social,50,7Networks_LH_Default_pCunPCC_2,-0.101194400908432,-0.411718878673551,0.230384297921317,0.55121018934816,39,0.902668662952507,node
auc_degree,theta,switching,50,7Networks_LH_Default_pCunPCC_2,0.319169446428588,-0.00541509638928125,0.582910142123776,0.0541674204915398,39,0.891464056034388,node
auc_degree,theta,detail,50,7Networks_LH_Default_pCunPCC_2,0.184656447434096,-0.148237605820515,0.479963224214528,0.27390589032415,39,0.902668662952507,node
auc_degree,theta,communication,50,7Networks_LH_Default_pCunPCC_2,-0.0110244430027987,-0.333856365125243,0.314122181511586,0.948365637846419,39,0.961722900351299,node
auc_degree,theta,imagination,50,7Networks_LH_Default_pCunPCC_2,0.0576086660759481,-0.271483534449799,0.374639925248832,0.734855327679637,39,0.902668662952507,node
auc_degree,theta,total,51,7Networks_RH_Vis_1,0.174226568887718,-0.158760570042406,0.471626062325305,0.302391266866608,39,0.927278149441688,node
auc_degree,theta,social,51,7Networks_RH_Vis_1,0.177047782952583,-0.155921621468191,0.473886468372311,0.294506813675929,39,0.927278149441688,node
auc_degree,theta,switching,51,7Networks_RH_Vis_1,0.0102614493250253,-0.314809801492934,0.333178165297543,0.951934923081463,39,0.966384760547901,node
auc_degree,theta,detail,51,7Networks_RH_Vis_1,0.100351409999889,-0.231190576636978,0.411011354736424,0.554548697215127,39,0.927278149441688,node
auc_degree,theta,communication,51,7Networks_RH_Vis_1,0.00815438755489373,-0.316706942787605,0.331303530681161,0.961796342637021,39,0.966384760547901,node
auc_degree,theta,imagination,51,7Networks_RH_Vis_1,0.205189276509967,-0.127298882897745,0.496221816171523,0.223112605312624,39,0.927278149441688,node
auc_degree,theta,total,52,7Networks_RH_Vis_2,-0.0508643542194634,-0.368810400552184,0.277737643081116,0.764962859064195,39,0.953050314583942,node
auc_degree,theta,social,52,7Networks_RH_Vis_2,-0.0124794834237677,-0.335148776623931,0.312809933608056,0.941561760662032,39,0.966384760547901,node
auc_degree,theta,switching,52,7Networks_RH_Vis_2,-0.0900907274314987,-0.402369438268791,0.240968036697424,0.595923281315997,39,0.94975272959737,node
auc_degree,theta,detail,52,7Networks_RH_Vis_2,-0.00717441910467858,-0.330430791149222,0.317588395178071,0.966384760547901,39,0.966384760547901,node
auc_degree,theta,communication,52,7Networks_RH_Vis_2,-0.120800294427656,-0.428069219274912,0.211502928083005,0.476344674135447,39,0.927278149441688,node
auc_degree,theta,imagination,52,7Networks_RH_Vis_2,0.126158272711944,-0.206299433074902,0.432502782727073,0.456856821637262,39,0.927278149441688,node
auc_degree,theta,total,53,7Networks_RH_Vis_3,-0.198369797962523,-0.490844466371507,0.13428619295348,0.239210501774148,39,0.927278149441688,node
auc_degree,theta,social,53,7Networks_RH_Vis_3,-0.0500457014701506,-0.368101082096834,0.278494901888106,0.768641660101616,39,0.953050314583942,node
auc_degree,theta,switching,53,7Networks_RH_Vis_3,-0.180967970163848,-0.477020909986686,0.151967637698995,0.28377190240973,39,0.927278149441688,node
auc_degree,theta,detail,53,7Networks_RH_Vis_3,-0.146467845686331,-0.449174896789868,0.18640321738451,0.387022921443943,39,0.927278149441688,node
auc_degree,theta,communication,53,7Networks_RH_Vis_3,-0.241093756353096,-0.524169967559025,0.0899583352162351,0.150580182389495,39,0.927278149441688,node
auc_degree,theta,imagination,53,7Networks_RH_Vis_3,0.110385255676486,-0.221564063969025,0.419408567784851,0.515437924949665,39,0.927278149441688,node
auc_degree,theta,total,54,7Networks_RH_Vis_4,-0.164189492058159,-0.463552367638094,0.168816295252857,0.331519330611575,39,0.927278149441688,node
auc_degree,theta,social,54,7Networks_RH_Vis_4,-0.16045000038111,-0.460531604985583,0.172545093658872,0.342800336954515,39,0.927278149441688,node
auc_degree,theta,switching,54,7Networks_RH_Vis_4,0.0163676023992951,-0.309297277553376,0.338596375435995,0.923401919469619,39,0.966384760547901,node
auc_degree,theta,detail,54,7Networks_RH_Vis_4,-0.0185751034818013,-0.340549925778979,0.307298984710119,0.913107953113506,39,0.966384760547901,node
auc_degree,theta,communication,54,7Networks_RH_Vis_4,-0.109477624315824,-0.418651150502442,0.22243751893468,0.518918533787995,39,0.927278149441688,node
auc_degree,theta,imagination,54,7Networks_RH_Vis_4,-0.217937210093321,-0.506214389033076,0.114148107237724,0.195043934380452,39,0.927278149441688,node
auc_degree,theta,total,55,7Networks_RH_Vis_5,-0.0685326338358779,-0.384029302124793,0.261294253112409,0.686923039490229,39,0.953050314583942,node
auc_degree,theta,social,55,7Networks_RH_Vis_5,-0.128554062520908,-0.434480444112965,0.203966619849394,0.448283695862762,39,0.927278149441688,node
auc_degree,theta,switching,55,7Networks_RH_Vis_5,0.0808717260001796,-0.249695932077955,0.39455710545679,0.634202526651227,39,0.951303789976841,node
auc_degree,theta,detail,55,7Networks_RH_Vis_5,-0.015875102197052,-0.338160153062595,0.309742710707166,0.925700268790795,39,0.966384760547901,node
auc_degree,theta,communication,55,7Networks_RH_Vis_5,0.0495008462732873,-0.2789986699827,0.367628789173664,0.771092860181682,39,0.953050314583942,node
auc_degree,theta,imagination,55,7Networks_RH_Vis_5,-0.209986935847555,-0.49999157166889,0.12236329531723,0.212241857962768,39,0.927278149441688,node
auc_degree,theta,total,56,7Networks_RH_Vis_6,0.0350263997124921,-0.292315732521737,0.355021633240366,0.836941195120775,39,0.953050314583942,node
auc_degree,theta,social,56,7Networks_RH_Vis_6,-0.0431287734301568,-0.362093122106532,0.284876838190815,0.799916096078273,39,0.953050314583942,node
auc_degree,theta,switching,56,7Networks_RH_Vis_6,0.0822700582385869,-0.248375537101014,0.395744999947902,0.628332470726456,39,0.951303789976841,node
auc_degree,theta,detail,56,7Networks_RH_Vis_6,0.115158393940107,-0.216961872936482,0.423384677814523,0.497326526050829,39,0.927278149441688,node
auc_degree,theta,communication,56,7Networks_RH_Vis_6,-0.125999774668418,-0.432371842727708,0.206453631612596,0.457427082192039,39,0.927278149441688,node
auc_degree,theta,imagination,56,7Networks_RH_Vis_6,0.0848989412409174,-0.245889846272111,0.397975421024698,0.617357550314851,39,0.951303789976841,node
auc_degree,theta,total,57,7Networks_RH_Vis_7,-0.227178078651953,-0.513409849104255,0.104541903895634,0.176311782484974,39,0.927278149441688,node
auc_degree,theta,social,57,7Networks_RH_Vis_7,-0.268932789988232,-0.545428246687531,0.0603507436418739,0.107503153226241,39,0.927278149441688,node
auc_degree,theta,switching,57,7Networks_RH_Vis_7,-0.272853188365265,-0.548393613328041,0.0561342216850438,0.102278333934773,39,0.927278149441688,node
auc_degree,theta,detail,57,7Networks_RH_Vis_7,0.223602454843336,-0.108266245010055,0.510630432855862,0.183401455905148,39,0.927278149441688,node
auc_degree,theta,communication,57,7Networks_RH_Vis_7,-0.183147913383144,-0.47876066248063,0.149764280654564,0.277913498603801,39,0.927278149441688,node
auc_degree,theta,imagination,57,7Networks_RH_Vis_7,-0.0943549116675408,-0.405967659049122,0.236912816576844,0.578565520794442,39,0.936725128905287,node
auc_degree,theta,total,58,7Networks_RH_Vis_8,-0.266080070699658,-0.543266106622166,0.0634115714181559,0.111430321501737,39,0.927278149441688,node
auc_degree,theta,social,58,7Networks_RH_Vis_8,-0.224024124514161,-0.510958518882143,0.107827521243117,0.182555033008979,39,0.927278149441688,node
auc_degree,theta,switching,58,7Networks_RH_Vis_8,-0.145382141031743,-0.448288944477607,0.187473777618457,0.390590267545123,39,0.927278149441688,node
auc_degree,theta,detail,58,7Networks_RH_Vis_8,0.132887553206776,-0.199737426260165,0.438050148651486,0.43300110323954,39,0.927278149441688,node
auc_degree,theta,communication,58,7Networks_RH_Vis_8,-0.175132780946831,-0.472352561615304,0.157849261307666,0.299844171867784,39,0.927278149441688,node
auc_degree,theta,imagination,58,7Networks_RH_Vis_8,-0.390266241005552,-0.634104544021755,-0.0758309916740939,0.016941417398106,39,0.927278149441688,node
auc_degree,theta,total,59,7Networks_RH_SomMot_1,0.10815099208259,-0.223713239684234,0.417543303157339,0.524026737616122,39,0.918250076308112,node
auc_degree,theta,social,59,7Networks_RH_SomMot_1,0.106984532596392,-0.224833995883651,0.41656845274033,0.528538468832065,39,0.918250076308112,node
auc_degree,theta,switching,59,7Networks_RH_SomMot_1,-0.0626716393002995,-0.378999755663154,0.266770223519633,0.71250418842488,39,0.93180874133221,node
auc_degree,theta,detail,59,7Networks_RH_SomMot_1,0.0555306779616718,-0.273413453122549,0.372846459718334,0.744092620197222,39,0.93180874133221,node
auc_degree,theta,communication,59,7Networks_RH_SomMot_1,0.102015294186966,-0.22959871671305,0.412407496457065,0.547968306942795,39,0.918250076308112,node
auc_degree,theta,imagination,59,7Networks_RH_SomMot_1,0.118821168662529,-0.213420238447348,0.426427804078456,0.483651621015537,39,0.918250076308112,node
auc_degree,theta,total,60,7Networks_RH_SomMot_2,0.0914651948641759,-0.239662185602486,0.403530301520801,0.590303620483786,39,0.918250076308112,node
auc_degree,theta,social,60,7Networks_RH_SomMot_2,0.053238868205104,-0.275538890631783,0.370865696250104,0.754321362030837,39,0.93180874133221,node
auc_degree,theta,switching,60,7Networks_RH_SomMot_2,-0.0778959446933324,-0.392025660578469,0.252501769945373,0.646767700094989,39,0.920586737633033,node
auc_degree,theta,detail,60,7Networks_RH_SomMot_2,-0.0184042716235161,-0.340398845579843,0.307453729238206,0.913904096055069,39,0.959826791161069,node
auc_degree,theta,communication,60,7Networks_RH_SomMot_2,0.192883515626973,-0.139883587568853,0.486502144087883,0.252716717802079,39,0.720194719326715,node
auc_degree,theta,imagination,60,7Networks_RH_SomMot_2,0.153599451152882,-0.17935138569431,0.454979640139012,0.364066539003666,39,0.839429976176228,node
auc_degree,theta,total,61,7Networks_RH_SomMot_3,0.0536052581500105,-0.275199314233893,0.371182553640955,0.752683279150226,39,0.93180874133221,node
auc_degree,theta,social,61,7Networks_RH_SomMot_3,0.164422320850454,-0.168583816606501,0.46374021697874,0.330824630717869,39,0.835841090439065,node
auc_degree,theta,switching,61,7Networks_RH_SomMot_3,-0.139446202622091,-0.443434579914705,0.193312968867372,0.410429438658654,39,0.840882882290315,node
auc_degree,theta,detail,61,7Networks_RH_SomMot_3,-0.0841398263731716,-0.397331745657639,0.246608060090999,0.620518418726712,39,0.919121889018327,node
auc_degree,theta,communication,61,7Networks_RH_SomMot_3,0.215699457362778,-0.116465026615687,0.504465891489975,0.199782450890177,39,0.621545402769441,node
auc_degree,theta,imagination,61,7Networks_RH_SomMot_3,-0.0224399988078259,-0.343963522692773,0.303793437089394,0.895119781350088,39,0.959826791161069,node
auc_degree,theta,total,62,7Networks_RH_SomMot_4,0.251366597040552,-0.079100582048329,0.532055740809542,0.133423206517895,39,0.560377467375157,node
auc_degree,theta,social,62,7Networks_RH_SomMot_4,0.295285081342218,-0.0317801515038159,0.565228738309394,0.0760130721908485,39,0.53258214484985,node
auc_degree,theta,switching,62,7Networks_RH_SomMot_4,0.0362157506690274,-0.2912262490113,0.35606195836175,0.831482568822282,39,0.959826791161069,node
auc_degree,theta,detail,62,7Networks_RH_SomMot_4,-0.095302470498017,-0.406765922066068,0.236010122123096,0.574739495234805,39,0.918250076308112,node
auc_degree,theta,communication,62,7Networks_RH_SomMot_4,0.24090348209127,-0.0901587037215348,0.524023447388688,0.150912444813205,39,0.563906834874692,node
auc_degree,theta,imagination,62,7Networks_RH_SomMot_4,0.239180814780054,-0.0919715413997134,0.522696149079627,0.153944965177156,39,0.563906834874692,node
auc_degree,theta,total,63,7Networks_RH_SomMot_5,0.227151587817449,-0.104569530789436,0.513389279214667,0.17636357885956,39,0.592581624968121,node
auc_degree,theta,social,63,7Networks_RH_SomMot_5,0.358039608316559,0.0384791987177889,0.61116111953407,0.0295683584568318,39,0.496748422074775,node
auc_degree,theta,switching,63,7Networks_RH_SomMot_5,0.0983465921510768,-0.233106257173515,0.409327202421121,0.562526175786158,39,0.918250076308112,node
auc_degree,theta,detail,63,7Networks_RH_SomMot_5,-0.369175405290083,-0.619137528348871,-0.051285787331967,0.0245362571731929,39,0.496748422074775,node
auc_degree,theta,communication,63,7Networks_RH_SomMot_5,0.277089731113187,-0.0515644445768919,0.551590337887048,0.0968518485912496,39,0.53258214484985,node
auc_degree,theta,imagination,63,7Networks_RH_SomMot_5,0.288132249784067,-0.039588311164351,0.559884849065449,0.0837421122077216,39,0.53258214484985,node
auc_degree,theta,total,64,7Networks_RH_SomMot_6,0.0355733026340532,-0.291814857460874,0.355500107600365,0.83443018955384,39,0.959826791161069,node
auc_degree,theta,social,64,7Networks_RH_SomMot_6,0.149945444510124,-0.182968798095055,0.452008671310464,0.37572507548046,39,0.839429976176228,node
auc_degree,theta,switching,64,7Networks_RH_SomMot_6,0.0579548589637715,-0.271161752546717,0.374938486292122,0.733319913428183,39,0.93180874133221,node
auc_degree,theta,detail,64,7Networks_RH_SomMot_6,-0.387295126800104,-0.632007105185545,-0.0723500382207371,0.0178736558097106,39,0.496748422074775,node
auc_degree,theta,communication,64,7Networks_RH_SomMot_6,0.159050378076799,-0.173938263408148,0.459399199183005,0.347082226642912,39,0.835841090439065,node
auc_degree,theta,imagination,64,7Networks_RH_SomMot_6,0.139445762467232,-0.193313400976082,0.443434219297009,0.410430930641701,39,0.840882882290315,node
auc_degree,theta,total,65,7Networks_RH_SomMot_7,-0.158664931666961,-0.45908717081036,0.174321698884377,0.348267121016277,39,0.835841090439065,node
auc_degree,theta,social,65,7Networks_RH_SomMot_7,-0.14870200289625,-0.450996133704958,0.184197734521353,0.379742132079722,39,0.839429976176228,node
auc_degree,theta,switching,65,7Networks_RH_SomMot_7,0.0034636394745073,-0.320921051987929,0.327121030637863,0.983767835797887,39,0.983767835797887,node
auc_degree,theta,detail,65,7Networks_RH_SomMot_7,-0.23539162302769,-0.519771769201591,0.0959513628792596,0.160770723321486,39,0.563906834874692,node
auc_degree,theta,communication,65,7Networks_RH_SomMot_7,0.0383453953555404,-0.289273301994617,0.357922779545477,0.821727942774872,39,0.959826791161069,node
auc_degree,theta,imagination,65,7Networks_RH_SomMot_7,-0.0833382214347024,-0.396651707039367,0.247366080435653,0.623863501508952,39,0.919121889018327,node
auc_degree,theta,total,66,7Networks_RH_SomMot_8,-0.0702522380614244,-0.3855014171393,0.259683575893105,0.679480687300572,39,0.920586737633033,node
auc_degree,theta,social,66,7Networks_RH_SomMot_8,-0.0869312204656501,-0.39969713320568,0.243965276567299,0.608928791904623,39,0.919121889018327,node
auc_degree,theta,switching,66,7Networks_RH_SomMot_8,-0.0807696784355561,-0.394470374158866,0.249792243827684,0.634631780512655,39,0.919121889018327,node
auc_degree,theta,detail,66,7Networks_RH_SomMot_8,-0.145125304957234,-0.448079275067981,0.187726915498366,0.391436950386208,39,0.840882882290315,node
auc_degree,theta,communication,66,7Networks_RH_SomMot_8,0.0703778279806113,-0.259565869397111,0.38560886903333,0.678938299600562,39,0.920586737633033,node
auc_degree,theta,imagination,66,7Networks_RH_SomMot_8,0.108954265025893,-0.222940929320161,0.418214212200752,0.520930789282486,39,0.918250076308112,node
auc_degree,theta,total,67,7Networks_RH_DorsAttn_Post_1,-0.0612108991742548,-0.377743321936763,0.268131700437039,0.718929555698471,39,0.96826880835194,node
auc_degree,theta,social,67,7Networks_RH_DorsAttn_Post_1,0.140769875133595,-0.19201290926536,0.444518616260486,0.40595657311099,39,0.936536319374258,node
auc_degree,theta,switching,67,7Networks_RH_DorsAttn_Post_1,-0.176549048999942,-0.473487158446697,0.156423891118917,0.295890946711932,39,0.936536319374258,node
auc_degree,theta,detail,67,7Networks_RH_DorsAttn_Post_1,-0.0584658499479687,-0.375379051135187,0.270686658434232,0.731055461282895,39,0.96826880835194,node
auc_degree,theta,communication,67,7Networks_RH_DorsAttn_Post_1,-0.1795129938687,-0.475858441119038,0.153436402210972,0.28772619184169,39,0.936536319374258,node
auc_degree,theta,imagination,67,7Networks_RH_DorsAttn_Post_1,0.107535973504239,-0.224304270492318,0.417029399670968,0.526403203445337,39,0.936536319374258,node
auc_degree,theta,total,68,7Networks_RH_DorsAttn_Post_2,0.255698497972117,-0.0744984080190088,0.535366519338595,0.12663927356992,39,0.936536319374258,node
auc_degree,theta,social,68,7Networks_RH_DorsAttn_Post_2,0.191324303217057,-0.141470506655415,0.485265394538363,0.2566461217566,39,0.936536319374258,node
auc_degree,theta,switching,68,7Networks_RH_DorsAttn_Post_2,0.228285206311369,-0.103386839084586,0.51426922953261,0.174156751488141,39,0.936536319374258,node
auc_degree,theta,detail,68,7Networks_RH_DorsAttn_Post_2,-0.240798169561329,-0.523942344560611,0.0902695916679555,0.151096574142521,39,0.936536319374258,node
auc_degree,theta,communication,68,7Networks_RH_DorsAttn_Post_2,0.213698453513535,-0.118533764248114,0.502900372445285,0.204087234457307,39,0.936536319374258,node
auc_degree,theta,imagination,68,7Networks_RH_DorsAttn_Post_2,0.383878459246941,0.0683565373607052,0.629590690825688,0.0189984338939624,39,0.859901548674408,node
auc_degree,theta,total,69,7Networks_RH_DorsAttn_Post_3,-0.0185759282226182,-0.340550655122552,0.307298237593794,0.913104109702002,39,0.971003101138787,node
auc_degree,theta,social,69,7Networks_RH_DorsAttn_Post_3,-0.0463026245775129,-0.36485318492576,0.281952075215908,0.785524436759518,39,0.96826880835194,node
auc_degree,theta,switching,69,7Networks_RH_DorsAttn_Post_3,0.111396753318531,-0.220590025776581,0.420252154745514,0.511572712299537,39,0.936536319374258,node
auc_degree,theta,detail,69,7Networks_RH_DorsAttn_Post_3,-0.130061101659545,-0.435722955642904,0.20249725790816,0.442935997667736,39,0.936536319374258,node
auc_degree,theta,communication,69,7Networks_RH_DorsAttn_Post_3,0.0456849966190021,-0.28252170939176,0.364316518106423,0.788319709581725,39,0.96826880835194,node
auc_degree,theta,imagination,69,7Networks_RH_DorsAttn_Post_3,-0.0354485277248296,-0.355390959305049,0.291929147009156,0.835002929698943,39,0.96826880835194,node
auc_degree,theta,total,70,7Networks_RH_DorsAttn_Post_4,-0.315567833156704,-0.580259794045927,0.00941988688352085,0.0570958478750585,39,0.936536319374258,node
auc_degree,theta,social,70,7Networks_RH_DorsAttn_Post_4,-0.152291855641897,-0.453917241745563,0.180646921152681,0.368213475614764,39,0.936536319374258,node
auc_degree,theta,switching,70,7Networks_RH_DorsAttn_Post_4,-0.171293176014894,-0.469271624681363,0.161706575061498,0.310730263184394,39,0.936536319374258,node
auc_degree,theta,detail,70,7Networks_RH_DorsAttn_Post_4,-0.050657857138608,-0.368631516884504,0.277928692665593,0.76589032564512,39,0.96826880835194,node
auc_degree,theta,communication,70,7Networks_RH_DorsAttn_Post_4,-0.305919820347752,-0.573132301599926,0.0200968065583123,0.0655637840810998,39,0.936536319374258,node
auc_degree,theta,imagination,70,7Networks_RH_DorsAttn_Post_4,-0.233416388787982,-0.518244697958384,0.0980217767671413,0.164414343255473,39,0.936536319374258,node
auc_degree,theta,total,71,7Networks_RH_DorsAttn_Post_5,-0.093948056725206,-0.405624761526184,0.237300232585328,0.580211813051386,39,0.955891690745089,node
auc_degree,theta,social,71,7Networks_RH_DorsAttn_Post_5,-0.121420615242245,-0.428583273953244,0.210901455279257,0.474066414606368,39,0.936536319374258,node
auc_degree,theta,switching,71,7Networks_RH_DorsAttn_Post_5,-0.0594749335527281,-0.376248639731021,0.269747991288361,0.726590309226241,39,0.96826880835194,node
auc_degree,theta,detail,71,7Networks_RH_DorsAttn_Post_5,-0.0229049641709321,-0.3443736227815,0.303371106862015,0.892959012146789,39,0.96826880835194,node
auc_degree,theta,communication,71,7Networks_RH_DorsAttn_Post_5,-0.124608526713861,-0.431221936206735,0.207806431534465,0.46244902339237,39,0.936536319374258,node
auc_degree,theta,imagination,71,7Networks_RH_DorsAttn_Post_5,0.124370717990525,-0.208037541075928,0.431025280711204,0.463310367211102,39,0.936536319374258,node
auc_degree,theta,total,72,7Networks_RH_DorsAttn_PrCv_1,0.224311726918901,-0.107528212826075,0.511182244040566,0.181979316164493,39,0.936536319374258,node
auc_degree,theta,social,72,7Networks_RH_DorsAttn_PrCv_1,0.105364089272929,-0.226389492623245,0.415213009817666,0.534837385116597,39,0.936536319374258,node
auc_degree,theta,switching,72,7Networks_RH_DorsAttn_PrCv_1,0.0261300391751725,-0.300438223632588,0.347214770828637,0.877993300513316,39,0.96826880835194,node
auc_degree,theta,detail,72,7Networks_RH_DorsAttn_PrCv_1,-0.0504778790150821,-0.368475586768984,0.278095185906367,0.766698946151958,39,0.96826880835194,node
auc_degree,theta,communication,72,7Networks_RH_DorsAttn_PrCv_1,0.312583038652745,-0.0127309283882377,0.57805909290082,0.0596169807437192,39,0.936536319374258,node
auc_degree,theta,imagination,72,7Networks_RH_DorsAttn_PrCv_1,0.311364981236173,-0.0140800765654875,0.577159903261534,0.060670854794627,39,0.936536319374258,node
auc_degree,theta,total,73,7Networks_RH_DorsAttn_FEF_1,-0.05305437616642,-0.37070611784157,0.275709849918125,0.755146603323777,39,0.96826880835194,node
auc_degree,theta,social,73,7Networks_RH_DorsAttn_FEF_1,-0.0627756404652265,-0.379089166255595,0.266673239487818,0.712047455121595,39,0.96826880835194,node
auc_degree,theta,switching,73,7Networks_RH_DorsAttn_FEF_1,-0.0627050783442039,-0.379028504107707,0.266739041391878,0.712357326179345,39,0.96826880835194,node
auc_degree,theta,detail,73,7Networks_RH_DorsAttn_FEF_1,-0.189884250394903,-0.484122115295852,0.142934630983155,0.260311077288151,39,0.936536319374258,node
auc_degree,theta,communication,73,7Networks_RH_DorsAttn_FEF_1,0.155310340826453,-0.177654529906011,0.456368413525677,0.358682963198899,39,0.936536319374258,node
auc_degree,theta,imagination,73,7Networks_RH_DorsAttn_FEF_1,0.0608201363235689,-0.26849568647581,0.377407015381814,0.72065165455486,39,0.96826880835194,node
auc_degree,theta,total,74,7Networks_RH_SalVentAttn_TempOccPar_1,0.0327403906353779,-0.294407406533857,0.353019833324196,0.847453927332055,39,0.979553585511361,node
auc_degree,theta,social,74,7Networks_RH_SalVentAttn_TempOccPar_1,0.140490989295263,-0.192286917228397,0.444290293551108,0.406896642916696,39,0.945977301415972,node
auc_degree,theta,switching,74,7Networks_RH_SalVentAttn_TempOccPar_1,-0.0774763044632304,-0.391668296875345,0.252896998474308,0.648547501256666,39,0.945977301415972,node
auc_degree,theta,detail,74,7Networks_RH_SalVentAttn_TempOccPar_1,-0.0633451747036857,-0.379578694462578,0.26614201434136,0.709548034218729,39,0.945977301415972,node
auc_degree,theta,communication,74,7Networks_RH_SalVentAttn_TempOccPar_1,0.0684113502576408,-0.261407784777436,0.383925413355425,0.687449055400527,39,0.945977301415972,node
auc_degree,theta,imagination,74,7Networks_RH_SalVentAttn_TempOccPar_1,0.00683669915505303,-0.317892034213055,0.330129896649631,0.967966290262327,39,0.979553585511361,node
auc_degree,theta,total,75,7Networks_RH_SalVentAttn_TempOccPar_2,0.124789462886919,-0.207630567553347,0.431371541536577,0.461794244898671,39,0.945977301415972,node
auc_degree,theta,social,75,7Networks_RH_SalVentAttn_TempOccPar_2,0.1055657264843,-0.22619602906819,0.415381747112346,0.534051621834801,39,0.945977301415972,node
auc_degree,theta,switching,75,7Networks_RH_SalVentAttn_TempOccPar_2,-0.0311739266653719,-0.351646425549217,0.295838896982823,0.854672801093786,39,0.979553585511361,node
auc_degree,theta,detail,75,7Networks_RH_SalVentAttn_TempOccPar_2,-0.056156846355738,-0.373387141484058,0.272832181726222,0.741305334415702,39,0.945977301415972,node
auc_degree,theta,communication,75,7Networks_RH_SalVentAttn_TempOccPar_2,0.194659307334414,-0.138074156101901,0.487909250083641,0.248290585313693,39,0.945977301415972,node
auc_degree,theta,imagination,75,7Networks_RH_SalVentAttn_TempOccPar_2,0.17545795546233,-0.15752211962171,0.472613151687597,0.298933548134839,39,0.945977301415972,node
auc_degree,theta,total,76,7Networks_RH_SalVentAttn_FrOperIns_1,-0.0843645486105443,-0.397522326233853,0.246395483720125,0.619581998733213,39,0.945977301415972,node
auc_degree,theta,social,76,7Networks_RH_SalVentAttn_FrOperIns_1,0.0816938877667105,-0.248919743089407,0.395255665524908,0.630748480075149,39,0.945977301415972,node
auc_degree,theta,switching,76,7Networks_RH_SalVentAttn_FrOperIns_1,-0.311802689704213,-0.57748310092081,0.0135953970464312,0.0602904595820085,39,0.723485514984102,node
auc_degree,theta,detail,76,7Networks_RH_SalVentAttn_FrOperIns_1,0.0548805661386911,-0.27401669708356,0.372284875270976,0.746989882283834,39,0.945977301415972,node
auc_degree,theta,communication,76,7Networks_RH_SalVentAttn_FrOperIns_1,0.060941396562582,-0.268382745590941,0.377511385859687,0.720117113033732,39,0.945977301415972,node
auc_degree,theta,imagination,76,7Networks_RH_SalVentAttn_FrOperIns_1,-0.152479803449586,-0.454069998831058,0.180460777870505,0.367615689798217,39,0.945977301415972,node
auc_degree,theta,total,77,7Networks_RH_SalVentAttn_Med_1,-0.063642654211063,-0.379834314784898,0.265864464872772,0.708243720618771,39,0.945977301415972,node
auc_degree,theta,social,77,7Networks_RH_SalVentAttn_Med_1,-0.184634553765581,-0.479945779118585,0.148259774122335,0.273963782048205,39,0.945977301415972,node
auc_degree,theta,switching,77,7Networks_RH_SalVentAttn_Med_1,0.0146044174594944,-0.310891299484872,0.337034029055688,0.931632865027174,39,0.979553585511361,node
auc_degree,theta,detail,77,7Networks_RH_SalVentAttn_Med_1,-0.145961271707892,-0.448761598412318,0.186902823583989,0.388685021662737,39,0.945977301415972,node
auc_degree,theta,communication,77,7Networks_RH_SalVentAttn_Med_1,0.13769809165261,-0.195028106674437,0.442001580875227,0.416379231522228,39,0.945977301415972,node
auc_degree,theta,imagination,77,7Networks_RH_SalVentAttn_Med_1,0.0696237001703595,-0.260272512471785,0.384963525830704,0.682197546657469,39,0.945977301415972,node
auc_degree,theta,total,78,7Networks_RH_SalVentAttn_Med_2,-0.0529400498685207,-0.370607220645364,0.275815779783505,0.755658124286287,39,0.945977301415972,node
auc_degree,theta,social,78,7Networks_RH_SalVentAttn_Med_2,-0.0997491077379175,-0.410505611931312,0.231766369887753,0.556939780375437,39,0.945977301415972,node
auc_degree,theta,switching,78,7Networks_RH_SalVentAttn_Med_2,-0.0627631346912617,-0.379078415258997,0.266684901829146,0.712102370471412,39,0.945977301415972,node
auc_degree,theta,detail,78,7Networks_RH_SalVentAttn_Med_2,-0.0954041611537247,-0.406851562256627,0.235913212261252,0.57432957285998,39,0.945977301415972,node
auc_degree,theta,communication,78,7Networks_RH_SalVentAttn_Med_2,0.0718350087608005,-0.258199440419078,0.386854975097765,0.672656828081718,39,0.945977301415972,node
auc_degree,theta,imagination,78,7Networks_RH_SalVentAttn_Med_2,0.0980451807563683,-0.233394045065418,0.409073817629971,0.563730103568176,39,0.945977301415972,node
auc_degree,theta,total,79,7Networks_RH_Limbic_OFC_1,0.00347260702490726,-0.320913007888525,0.327129038659945,0.983725815411898,39,0.983725815411898,node
auc_degree,theta,social,79,7Networks_RH_Limbic_OFC_1,-0.0158008081528189,-0.338094336549483,0.309809892245964,0.926047028542393,39,0.983725815411898,node
auc_degree,theta,switching,79,7Networks_RH_Limbic_OFC_1,-0.253837282814122,-0.533945084946083,0.076477471734227,0.129521833174248,39,0.7323589206402,node
auc_degree,theta,detail,79,7Networks_RH_Limbic_OFC_1,0.213096272353191,-0.119155765101716,0.502428874151708,0.205395253341052,39,0.7323589206402,node
auc_degree,theta,communication,79,7Networks_RH_Limbic_OFC_1,0.129412654781167,-0.20312967667948,0.435188472116364,0.445232711072895,39,0.953679454298646,node
auc_degree,theta,imagination,79,7Networks_RH_Limbic_OFC_1,-0.0507719974829768,-0.368730396948465,0.277823094069327,0.765377632850588,39,0.953679454298646,node
auc_degree,theta,total,80,7Networks_RH_Limbic_TempPole_1,0.196352204393177,-0.13634711911086,0.489249254330572,0.2441196402134,39,0.7323589206402,node
auc_degree,theta,social,80,7Networks_RH_Limbic_TempPole_1,0.251389538909777,-0.0790762458530882,0.532073297422936,0.133386584344757,39,0.7323589206402,node
auc_degree,theta,switching,80,7Networks_RH_Limbic_TempPole_1,-0.0971287277471082,-0.408303096619615,0.23426871876407,0.567397967557185,39,0.953679454298646,node
auc_degree,theta,detail,80,7Networks_RH_Limbic_TempPole_1,0.108645109358284,-0.223238217745783,0.417956039364492,0.522121259653332,39,0.953679454298646,node
auc_degree,theta,communication,80,7Networks_RH_Limbic_TempPole_1,0.227075539678223,-0.104648837408366,0.513330226705802,0.176512332736697,39,0.7323589206402,node
auc_degree,theta,imagination,80,7Networks_RH_Limbic_TempPole_1,0.0304985019234437,-0.296455671271501,0.351053816415727,0.857789049330117,39,0.953679454298646,node
auc_degree,theta,total,81,7Networks_RH_Cont_Par_1,0.253496447849787,-0.0768396059801338,0.533684613188647,0.130054937238934,39,0.944233081431337,node
auc_degree,theta,social,81,7Networks_RH_Cont_Par_1,0.092063227252751,-0.239093633952923,0.404035081007251,0.587865808994971,39,0.944233081431337,node
auc_degree,theta,switching,81,7Networks_RH_Cont_Par_1,0.275629483407695,-0.0531411071044523,0.550489403708403,0.0986967903188466,39,0.944233081431337,node
auc_degree,theta,detail,81,7Networks_RH_Cont_Par_1,-0.108229503200255,-0.417608892033619,0.223637773190174,0.523723745387809,39,0.944233081431337,node
auc_degree,theta,communication,81,7Networks_RH_Cont_Par_1,0.262287218371998,-0.0674715388119768,0.540385713326352,0.116818153566514,39,0.944233081431337,node
auc_degree,theta,imagination,81,7Networks_RH_Cont_Par_1,0.221198620835756,-0.110764833594776,0.508758498118541,0.188279835448938,39,0.944233081431337,node
auc_degree,theta,total,82,7Networks_RH_Cont_Par_2,-0.0202994792638627,-0.342073998053667,0.305736028785819,0.905076488898476,39,0.970836008842109,node
auc_degree,theta,social,82,7Networks_RH_Cont_Par_2,-0.0616598865429807,-0.378129635818403,0.267713363565996,0.716952544659526,39,0.964177560059363,node
auc_degree,theta,switching,82,7Networks_RH_Cont_Par_2,-0.0490350296524432,-0.367224878529641,0.279429216417694,0.773190216484118,39,0.970836008842109,node
auc_degree,theta,detail,82,7Networks_RH_Cont_Par_2,0.0706158164507208,-0.259342792843643,0.385812463133845,0.677910930258396,39,0.944233081431337,node
auc_degree,theta,communication,82,7Networks_RH_Cont_Par_2,-0.148886118067794,-0.45114610824124,0.184015832744479,0.379145743091475,39,0.944233081431337,node
auc_degree,theta,imagination,82,7Networks_RH_Cont_Par_2,0.191149540043185,-0.141648268777694,0.48512670103528,0.257089060282489,39,0.944233081431337,node
auc_degree,theta,total,83,7Networks_RH_Cont_PFCl_1,0.0719703622713035,-0.258072449534522,0.386970664092242,0.672074458940662,39,0.944233081431337,node
auc_degree,theta,social,83,7Networks_RH_Cont_PFCl_1,0.124043664265355,-0.208355320935958,0.430754776633399,0.464496351886663,39,0.944233081431337,node
auc_degree,theta,switching,83,7Networks_RH_Cont_PFCl_1,-0.163323723103791,-0.462853617671888,0.169680437275236,0.334110462489948,39,0.944233081431337,node
auc_degree,theta,detail,83,7Networks_RH_Cont_PFCl_1,0.11492872625977,-0.217183653815892,0.423193632050008,0.498190496276054,39,0.944233081431337,node
auc_degree,theta,communication,83,7Networks_RH_Cont_PFCl_1,0.0144999673312624,-0.310985671073041,0.336941420748635,0.932120689658181,39,0.970836008842109,node
auc_degree,theta,imagination,83,7Networks_RH_Cont_PFCl_1,0.130892642118505,-0.201685865070451,0.43640803907706,0.440000294654089,39,0.944233081431337,node
auc_degree,theta,total,84,7Networks_RH_Cont_PFCl_2,0.265796204615588,-0.0637158070729627,0.543050756813861,0.111826947217151,39,0.944233081431337,node
auc_degree,theta,social,84,7Networks_RH_Cont_PFCl_2,0.213758697225283,-0.118471523374235,0.502947532846887,0.203956696663592,39,0.944233081431337,node
auc_degree,theta,switching,84,7Networks_RH_Cont_PFCl_2,-0.091209102135331,-0.403314083957722,0.2399055844929,0.591348913062976,39,0.944233081431337,node
auc_degree,theta,detail,84,7Networks_RH_Cont_PFCl_2,0.157695901683556,-0.1752852274338,0.458302389598561,0.351256844275306,39,0.944233081431337,node
auc_degree,theta,communication,84,7Networks_RH_Cont_PFCl_2,0.316482390863412,-0.00840393697032114,0.580933328433199,0.0563405706820523,39,0.944233081431337,node
auc_degree,theta,imagination,84,7Networks_RH_Cont_PFCl_2,0.165759250688238,-0.167248179814746,0.464818348925626,0.326853037768509,39,0.944233081431337,node
auc_degree,theta,total,85,7Networks_RH_Cont_PFCl_3,0.0904415771000178,-0.240634816087883,0.402665858336458,0.594486578360378,39,0.944233081431337,node
auc_degree,theta,social,85,7Networks_RH_Cont_PFCl_3,-0.0508147849084529,-0.368767461947219,0.277783506615063,0.765185466662362,39,0.970836008842109,node
auc_degree,theta,switching,85,7Networks_RH_Cont_PFCl_3,-0.119039058900021,-0.426608613644509,0.213209279021414,0.482844330334231,39,0.944233081431337,node
auc_degree,theta,detail,85,7Networks_RH_Cont_PFCl_3,0.358070437361666,0.0385145089681416,0.611183273127077,0.0295533380117084,39,0.944233081431337,node
auc_degree,theta,communication,85,7Networks_RH_Cont_PFCl_3,-0.0433910550437782,-0.362321421160857,0.28463537207021,0.798724257845204,39,0.970836008842109,node
auc_degree,theta,imagination,85,7Networks_RH_Cont_PFCl_3,0.1601788313253,-0.172815116665726,0.460312283908011,0.343627396690592,39,0.944233081431337,node
auc_degree,theta,total,86,7Networks_RH_Cont_PFCl_4,0.203886629495362,-0.128636143524638,0.495196364899039,0.226128795556496,39,0.944233081431337,node
auc_degree,theta,social,86,7Networks_RH_Cont_PFCl_4,0.147455528031156,-0.185428625026343,0.449980344555699,0.383794223609596,39,0.944233081431337,node
auc_degree,theta,switching,86,7Networks_RH_Cont_PFCl_4,0.116414424420953,-0.215748367831356,0.424429004056311,0.492615091040126,39,0.944233081431337,node
auc_degree,theta,detail,86,7Networks_RH_Cont_PFCl_4,-0.10128446746552,-0.411794449584989,0.230298126828245,0.550854057298361,39,0.944233081431337,node
auc_degree,theta,communication,86,7Networks_RH_Cont_PFCl_4,0.202338453911976,-0.130223885731455,0.493976575595884,0.229749529979429,39,0.944233081431337,node
auc_degree,theta,imagination,86,7Networks_RH_Cont_PFCl_4,0.243022383377474,-0.0879258789790888,0.525654156252612,0.147242407008184,39,0.944233081431337,node
auc_degree,theta,total,87,7Networks_RH_Cont_Cing_1,0.0940926705080035,-0.237162540306536,0.405746652135524,0.579626409338249,39,0.944233081431337,node
auc_degree,theta,social,87,7Networks_RH_Cont_Cing_1,-0.0494997881016784,-0.367627871766666,0.278999648182534,0.77109762283083,39,0.970836008842109,node
auc_degree,theta,switching,87,7Networks_RH_Cont_Cing_1,-0.0131426154137398,-0.335737388232736,0.312211466820599,0.938462229971423,39,0.970836008842109,node
auc_degree,theta,detail,87,7Networks_RH_Cont_Cing_1,0.0262352057582585,-0.300342481054859,0.347307318793289,0.87750595601767,39,0.970836008842109,node
auc_degree,theta,communication,87,7Networks_RH_Cont_Cing_1,0.201648623657599,-0.130930797040944,0.493432696502513,0.231375474258548,39,0.944233081431337,node
auc_degree,theta,imagination,87,7Networks_RH_Cont_Cing_1,0.164652724870334,-0.168353722608515,0.463926083491937,0.330138053098436,39,0.944233081431337,node
auc_degree,theta,total,88,7Networks_RH_Cont_PFCmp_1,0.0107963042472013,-0.314327818928893,0.333653615157366,0.94943277045626,39,0.970836008842109,node
auc_degree,theta,social,88,7Networks_RH_Cont_PFCmp_1,-0.0811315246727044,-0.394777885853979,0.249450706454564,0.633110238340363,39,0.944233081431337,node
auc_degree,theta,switching,88,7Networks_RH_Cont_PFCmp_1,-0.0535791597436679,-0.371159985945529,0.275223505392514,0.752799926677206,39,0.970836008842109,node
auc_degree,theta,detail,88,7Networks_RH_Cont_PFCmp_1,0.0125424344056519,-0.312753132373967,0.335204664224092,0.941267485782498,39,0.970836008842109,node
auc_degree,theta,communication,88,7Networks_RH_Cont_PFCmp_1,0.129012824246793,-0.203519486096708,0.43485880361702,0.446652087554117,39,0.944233081431337,node
auc_degree,theta,imagination,88,7Networks_RH_Cont_PFCmp_1,0.071613458621746,-0.258407277785575,0.386665590946603,0.673610470275647,39,0.944233081431337,node
auc_degree,theta,total,89,7Networks_RH_Cont_pCun_1,0.116608259559682,-0.21556100392763,0.424590095278836,0.49189004958224,39,0.944233081431337,node
auc_degree,theta,social,89,7Networks_RH_Cont_pCun_1,-0.018087716772538,-0.340118846994116,0.307740428393295,0.915379582714888,39,0.970836008842109,node
auc_degree,theta,switching,89,7Networks_RH_Cont_pCun_1,0.161868008401504,-0.171132262979518,0.461677891048785,0.338495288857186,39,0.944233081431337,node
auc_degree,theta,detail,89,7Networks_RH_Cont_pCun_1,0.234480628700084,-0.0969066112059861,0.519067697065738,0.162443872427582,39,0.944233081431337,node
auc_degree,theta,communication,89,7Networks_RH_Cont_pCun_1,-0.130548877969267,-0.436124864145823,0.202021355421766,0.441212636428418,39,0.944233081431337,node
auc_degree,theta,imagination,89,7Networks_RH_Cont_pCun_1,0.0754200379768754,-0.254832053312987,0.389915818406874,0.65729627672879,39,0.944233081431337,node
auc_degree,theta,total,90,7Networks_RH_Default_Par_1,-0.0442164642906283,-0.363039636488273,0.283875198183188,0.794976439698439,39,0.902668662952507,node
auc_degree,theta,social,90,7Networks_RH_Default_Par_1,-0.0930927664470379,-0.4049036363399,0.238114314913592,0.58367947579086,39,0.902668662952507,node
auc_degree,theta,switching,90,7Networks_RH_Default_Par_1,-0.142513577060832,-0.445945283702976,0.190298528561075,0.400107081957339,39,0.902668662952507,node
auc_degree,theta,detail,90,7Networks_RH_Default_Par_1,0.157135596641598,-0.175842060589793,0.457848405492192,0.352992612970181,39,0.902668662952507,node
auc_degree,theta,communication,90,7Networks_RH_Default_Par_1,0.0915694024688483,-0.239563131376459,0.403618273404149,0.589878509804785,39,0.902668662952507,node
auc_degree,theta,imagination,90,7Networks_RH_Default_Par_1,-0.142167947818609,-0.445662618163592,0.190638507248585,0.401262675686408,39,0.902668662952507,node
auc_degree,theta,total,91,7Networks_RH_Default_Temp_1,0.207560920942073,-0.12486111210396,0.498086705727191,0.217692165349804,39,0.902668662952507,node
auc_degree,theta,social,91,7Networks_RH_Default_Temp_1,0.246841533007587,-0.0838929748616689,0.528588141740188,0.140792977921739,39,0.891464056034388,node
auc_degree,theta,switching,91,7Networks_RH_Default_Temp_1,-0.031676753277449,-0.352087432543534,0.295379556160703,0.852354283717306,39,0.936939059964062,node
auc_degree,theta,detail,91,7Networks_RH_Default_Temp_1,0.104257243515406,-0.227451004784885,0.414286381468212,0.539160577053422,39,0.902668662952507,node
auc_degree,theta,communication,91,7Networks_RH_Default_Temp_1,0.00475442488240938,-0.319762706075667,0.328273223931359,0.97771993771265,39,0.984557140074277,node
auc_degree,theta,imagination,91,7Networks_RH_Default_Temp_1,0.277690420698438,-0.0509153904826652,0.552042942279922,0.096100613344855,39,0.891464056034388,node
auc_degree,theta,total,92,7Networks_RH_Default_Temp_2,0.16851810919017,-0.164488120506087,0.467040358143632,0.318751426932338,39,0.902668662952507,node
auc_degree,theta,social,92,7Networks_RH_Default_Temp_2,0.22594861920723,-0.105823549436488,0.51245483840768,0.17872713389612,39,0.902668662952507,node
auc_degree,theta,switching,92,7Networks_RH_Default_Temp_2,-0.073213695105559,-0.388032898507643,0.256905400489621,0.666733761740779,39,0.902668662952507,node
auc_degree,theta,detail,92,7Networks_RH_Default_Temp_2,0.0621299154940205,-0.267275288442431,0.378533936066162,0.71488482374166,39,0.902668662952507,node
auc_degree,theta,communication,92,7Networks_RH_Default_Temp_2,0.174099624109694,-0.158888183486272,0.471524259976079,0.302749167113539,39,0.902668662952507,node
auc_degree,theta,imagination,92,7Networks_RH_Default_Temp_2,0.0647960860695455,-0.264787791945086,0.380824987597226,0.703194206100614,39,0.902668662952507,node
auc_degree,theta,total,93,7Networks_RH_Default_Temp_3,0.126413182301272,-0.206051403665685,0.432713344104056,0.455940483557891,39,0.902668662952507,node
auc_degree,theta,social,93,7Networks_RH_Default_Temp_3,0.196411637913554,-0.136286450253352,0.489296273524627,0.24397406874285,39,0.902668662952507,node
auc_degree,theta,switching,93,7Networks_RH_Default_Temp_3,-0.0447990689521437,-0.363546351705625,0.283338390673378,0.792333806162194,39,0.902668662952507,node
auc_degree,theta,detail,93,7Networks_RH_Default_Temp_3,0.0321168317734623,-0.294977412711422,0.352473289229268,0.85032609602564,39,0.936939059964062,node
auc_degree,theta,communication,93,7Networks_RH_Default_Temp_3,0.0151100941378586,-0.310434325493386,0.337482287463031,0.929271499480441,39,0.958013506930234,node
auc_degree,theta,imagination,93,7Networks_RH_Default_Temp_3,0.158531884121054,-0.174454028860556,0.458979448330515,0.348676690419808,39,0.902668662952507,node
auc_degree,theta,total,94,7Networks_RH_Default_PFCv_1,-0.0393480164760228,-0.358797962581966,0.288352923630588,0.81714455341672,39,0.917357044169826,node
auc_degree,theta,social,94,7Networks_RH_Default_PFCv_1,0.0451701377840494,-0.282996383449138,0.363868987227971,0.790651863550703,39,0.902668662952507,node
auc_degree,theta,switching,94,7Networks_RH_Default_PFCv_1,-0.331395082667757,-0.591865054947693,-0.0082572240372438,0.0451098124004995,39,0.891464056034388,node
auc_degree,theta,detail,94,7Networks_RH_Default_PFCv_1,0.187137145309745,-0.145723621855701,0.481938358080656,0.267398128837067,39,0.902668662952507,node
auc_degree,theta,communication,94,7Networks_RH_Default_PFCv_1,0.0890559454386174,-0.241950369886368,0.401494807255369,0.600169422812989,39,0.902668662952507,node
auc_degree,theta,imagination,94,7Networks_RH_Default_PFCv_1,-0.112548453365855,-0.421212020660245,0.219480170599112,0.507189436941976,39,0.902668662952507,node
auc_degree,theta,total,95,7Networks_RH_Default_PFCv_2,0.0974700517651789,-0.233943017732103,0.408590196026055,0.566030630391877,39,0.902668662952507,node
auc_degree,theta,social,95,7Networks_RH_Default_PFCv_2,0.141430331689226,-0.191363797485519,0.445059172009619,0.403735256679312,39,0.902668662952507,node
auc_degree,theta,switching,95,7Networks_RH_Default_PFCv_2,-0.172541893290461,-0.470274404398698,0.160453214031346,0.307162861248709,39,0.902668662952507,node
auc_degree,theta,detail,95,7Networks_RH_Default_PFCv_2,0.0233708984680327,-0.302947767918501,0.344784454444951,0.890794502205483,39,0.939911722468108,node
auc_degree,theta,communication,95,7Networks_RH_Default_PFCv_2,0.249274054560559,-0.0813186466464844,0.530453375297087,0.136794919744088,39,0.891464056034388,node
auc_degree,theta,imagination,95,7Networks_RH_Default_PFCv_2,0.0383298575288114,-0.289287560523592,0.357909212233452,0.821799018735469,39,0.917357044169826,node
auc_degree,theta,total,96,7Networks_RH_Default_PFCdPFCm_1,-0.1111027550035,-0.420007015776907,0.220873204538535,0.51269466747297,39,0.902668662952507,node
auc_degree,theta,social,96,7Networks_RH_Default_PFCdPFCm_1,-0.152836037686509,-0.454359484310594,0.180107898459202,0.3664842406116,39,0.902668662952507,node
auc_degree,theta,switching,96,7Networks_RH_Default_PFCdPFCm_1,-0.261964617090457,-0.540140420164965,0.0678163563802711,0.117285286089165,39,0.891464056034388,node
auc_degree,theta,detail,96,7Networks_RH_Default_PFCdPFCm_1,0.173563326832472,-0.159427182877634,0.471094093159084,0.30426414229554,39,0.902668662952507,node
auc_degree,theta,communication,96,7Networks_RH_Default_PFCdPFCm_1,-0.0553727668618561,-0.372710073145027,0.27356000389107,0.744796043655392,39,0.902668662952507,node
auc_degree,theta,imagination,96,7Networks_RH_Default_PFCdPFCm_1,0.0456358967946581,-0.282566983904674,0.364273845400544,0.788542038939325,39,0.902668662952507,node
auc_degree,theta,total,97,7Networks_RH_Default_PFCdPFCm_2,-0.186226389275375,-0.481213561200576,0.146647098114619,0.269775452743362,39,0.902668662952507,node
auc_degree,theta,social,97,7Networks_RH_Default_PFCdPFCm_2,-0.291710006689191,-0.562560624619243,0.035687763840509,0.0798034435419874,39,0.891464056034388,node
auc_degree,theta,switching,97,7Networks_RH_Default_PFCdPFCm_2,-0.118978176209338,-0.426558094475936,0.213268228230164,0.48306983225533,39,0.902668662952507,node
auc_degree,theta,detail,97,7Networks_RH_Default_PFCdPFCm_2,0.249332315075652,-0.0812569356318954,0.530498015526181,0.136700201930972,39,0.891464056034388,node
auc_degree,theta,communication,97,7Networks_RH_Default_PFCdPFCm_2,-0.206465118892406,-0.497225380171158,0.125987966410326,0.220185278514625,39,0.902668662952507,node
auc_degree,theta,imagination,97,7Networks_RH_Default_PFCdPFCm_2,-0.13404053626022,-0.438998298032973,0.198610101629352,0.428984106185668,39,0.902668662952507,node
auc_degree,theta,total,98,7Networks_RH_Default_PFCdPFCm_3,-0.0458147146852072,-0.364429249769354,0.282402090477539,0.78773241141668,39,0.902668662952507,node
auc_degree,theta,social,98,7Networks_RH_Default_PFCdPFCm_3,-0.143719653854409,-0.446931174140757,0.189111543811257,0.396089642639797,39,0.902668662952507,node
auc_degree,theta,switching,98,7Networks_RH_Default_PFCdPFCm_3,0.0753444636692998,-0.254903122352089,0.389851365839847,0.657618688258146,39,0.902668662952507,node
auc_degree,theta,detail,98,7Networks_RH_Default_PFCdPFCm_3,-0.110993175352346,-0.419915635547514,0.220978737186618,0.513113158418945,39,0.902668662952507,node
auc_degree,theta,communication,98,7Networks_RH_Default_PFCdPFCm_3,0.119892996691668,-0.212382205162252,0.427316990970808,0.479687222111081,39,0.902668662952507,node
auc_degree,theta,imagination,98,7Networks_RH_Default_PFCdPFCm_3,-0.0466798684789285,-0.365180874096216,0.28160403178187,0.783818396633291,39,0.902668662952507,node
auc_degree,theta,total,99,7Networks_RH_Default_pCunPCC_1,0.100895140407535,-0.230670577781632,0.411467751593877,0.552394271818995,39,0.902668662952507,node
auc_degree,theta,social,99,7Networks_RH_Default_pCunPCC_1,-0.0295367764704477,-0.350209567280223,0.297333414997991,0.862229869682231,39,0.938206868213701,node
auc_degree,theta,switching,99,7Networks_RH_Default_pCunPCC_1,0.147305573699746,-0.185576634155677,0.449858089571341,0.384283400888432,39,0.902668662952507,node
auc_degree,theta,detail,99,7Networks_RH_Default_pCunPCC_1,0.235288885281999,-0.0960591219292686,0.519692386509832,0.160958787895098,39,0.891464056034388,node
auc_degree,theta,communication,99,7Networks_RH_Default_pCunPCC_1,-0.10573186702157,-0.41552076348969,0.226036603608032,0.53340460535851,39,0.902668662952507,node
auc_degree,theta,imagination,99,7Networks_RH_Default_pCunPCC_1,0.0226901168088366,-0.303566269664745,0.344184142358583,0.893957349075046,39,0.939911722468108,node
auc_degree,theta,total,100,7Networks_RH_Default_pCunPCC_2,0.159998059683751,-0.172995096505679,0.46016605575213,0.344179422700688,39,0.902668662952507,node
auc_degree,theta,social,100,7Networks_RH_Default_pCunPCC_2,-0.0553036157324661,-0.372650343542306,0.273624175389818,0.745104145208643,39,0.902668662952507,node
auc_degree,theta,switching,100,7Networks_RH_Default_pCunPCC_2,0.250770609032251,-0.0797326541065937,0.531599567352426,0.134377193293133,39,0.891464056034388,node
auc_degree,theta,detail,100,7Networks_RH_Default_pCunPCC_2,0.21804481232418,-0.114036607180442,0.506298405774377,0.194818087109014,39,0.902668662952507,node
auc_degree,theta,communication,100,7Networks_RH_Default_pCunPCC_2,-0.0534461209097546,-0.371044939378145,0.275346815399046,0.753394631159722,39,0.902668662952507,node
auc_degree,theta,imagination,100,7Networks_RH_Default_pCunPCC_2,0.0950345190373892,-0.236265444796245,0.406540236821294,0.575820260346569,39,0.902668662952507,node
auc_degree,alpha,total,1,7Networks_LH_Vis_1,0.227957248354997,-0.103729090457508,0.514014720140982,0.174793152934187,39,0.731702701606437,node
auc_degree,alpha,social,1,7Networks_LH_Vis_1,0.251038335849056,-0.0794487506643552,0.531804507517343,0.133948026025384,39,0.68893950191487,node
auc_degree,alpha,switching,1,7Networks_LH_Vis_1,0.0748296352542799,-0.255387164991235,0.3894122191033,0.659816643669292,39,0.862837149413689,node
auc_degree,alpha,detail,1,7Networks_LH_Vis_1,0.0604271069664256,-0.268861688876141,0.377068673921605,0.722385109918791,39,0.877181919187103,node
auc_degree,alpha,communication,1,7Networks_LH_Vis_1,0.101796285304449,-0.229808346838572,0.41222381248506,0.548832337452784,39,0.819026254176162,node
auc_degree,alpha,imagination,1,7Networks_LH_Vis_1,0.126774777729753,-0.205699494644917,0.433011973206702,0.454642333751054,39,0.745519116936913,node
auc_degree,alpha,total,2,7Networks_LH_Vis_2,0.301628560540007,-0.0248219327324679,0.569949079393477,0.0696347690173535,39,0.68893950191487,node
auc_degree,alpha,social,2,7Networks_LH_Vis_2,0.150690277595848,-0.182232155145086,0.45261481818976,0.373330888426802,39,0.745178562424022,node
auc_degree,alpha,switching,2,7Networks_LH_Vis_2,0.358455983332802,0.038956163997875,0.611460290987006,0.0293660226603017,39,0.569978602234095,node
auc_degree,alpha,detail,2,7Networks_LH_Vis_2,-0.112388838754689,-0.421079033685744,0.219634037225706,0.507795788534912,39,0.773062245232254,node
auc_degree,alpha,communication,2,7Networks_LH_Vis_2,0.351344619148786,0.0308299070169529,0.606340721709156,0.0329822776123991,39,0.569978602234095,node
auc_degree,alpha,imagination,2,7Networks_LH_Vis_2,0.0754375994929611,-0.254815538193999,0.389930795076665,0.65722136535147,39,0.862837149413689,node
auc_degree,alpha,total,3,7Networks_LH_Vis_3,0.340623327337745,0.018658108071367,0.598582150135407,0.0391161785846928,39,0.569978602234095,node
auc_degree,alpha,social,3,7Networks_LH_Vis_3,0.203930521236424,-0.128591105181154,0.49523092995082,0.226026716488318,39,0.74137492907797,node
auc_degree,alpha,switching,3,7Networks_LH_Vis_3,0.378110346808961,0.0616374651500026,0.625500417691675,0.0210314104228675,39,0.569978602234095,node
auc_degree,alpha,detail,3,7Networks_LH_Vis_3,-0.017553979416736,-0.339646617154482,0.308223692659665,0.917868002922046,39,0.985500382084723,node
auc_degree,alpha,communication,3,7Networks_LH_Vis_3,0.267427094530553,-0.0619670529939792,0.544287504637244,0.109562678841908,39,0.68893950191487,node
auc_degree,alpha,imagination,3,7Networks_LH_Vis_3,0.0819773378315359,-0.248652044204986,0.395496418385318,0.629559437884206,39,0.859551867831811,node
auc_degree,alpha,total,4,7Networks_LH_Vis_4,0.249822266322172,-0.0807378665443179,0.530873363077939,0.135905571028171,39,0.68893950191487,node
auc_degree,alpha,social,4,7Networks_LH_Vis_4,0.177975465135995,-0.154986904389516,0.47462888990819,0.29194328217151,39,0.745178562424022,node
auc_degree,alpha,switching,4,7Networks_LH_Vis_4,0.215195980580572,-0.116985817543673,0.50407216663135,0.200859565146865,39,0.731702701606437,node
auc_degree,alpha,detail,4,7Networks_LH_Vis_4,-0.200693303967001,-0.492679122034809,0.131909213477637,0.233640062895898,39,0.74137492907797,node
auc_degree,alpha,communication,4,7Networks_LH_Vis_4,0.460496126903056,0.160406132131647,0.682659615721672,0.00413039649870795,39,0.421300442868211,node
auc_degree,alpha,imagination,4,7Networks_LH_Vis_4,0.0272554445358758,-0.299413324425733,0.348204817689856,0.872780475707262,39,0.957243102388611,node
auc_degree,alpha,total,5,7Networks_LH_Vis_5,0.154897586571752,-0.178064079759352,0.456033504417766,0.359977354716938,39,0.745178562424022,node
auc_degree,alpha,social,5,7Networks_LH_Vis_5,0.0248286713768958,-0.301622431186072,0.346069032423637,0.884027475463817,39,0.959263856354355,node
auc_degree,alpha,switching,5,7Networks_LH_Vis_5,0.179084303685206,-0.153868874512885,0.47551573692845,0.288898019134684,39,0.745178562424022,node
auc_degree,alpha,detail,5,7Networks_LH_Vis_5,-0.160432902378646,-0.460517777232069,0.172562120878104,0.342852449517671,39,0.745178562424022,node
auc_degree,alpha,communication,5,7Networks_LH_Vis_5,0.204468536572823,-0.128038923563844,0.495654545851479,0.224778008871486,39,0.74137492907797,node
auc_degree,alpha,imagination,5,7Networks_LH_Vis_5,0.247254296978291,-0.0834564591172224,0.528904836857418,0.140108582293035,39,0.68893950191487,node
auc_degree,alpha,total,6,7Networks_LH_Vis_6,0.230405831697342,-0.10117189282428,0.515913710482026,0.170081598049814,39,0.731702701606437,node
auc_degree,alpha,social,6,7Networks_LH_Vis_6,0.00157742380004414,-0.322611991372005,0.325435606298039,0.992607099731873,39,0.992607099731873,node
auc_degree,alpha,switching,6,7Networks_LH_Vis_6,0.294186521681527,-0.0329819594049431,0.564409472980163,0.0771625272874889,39,0.68893950191487,node
auc_degree,alpha,detail,6,7Networks_LH_Vis_6,0.0567157408183286,-0.272313157691203,0.373869551816821,0.738820245348272,39,0.886483813908777,node
auc_degree,alpha,communication,6,7Networks_LH_Vis_6,0.173103414986527,-0.15988925390052,0.47072508273679,0.305567165565354,39,0.745178562424022,node
auc_degree,alpha,imagination,6,7Networks_LH_Vis_6,0.139329412755536,-0.19342761925692,0.443338890838639,0.41082542671681,39,0.745519116936913,node
auc_degree,alpha,total,7,7Networks_LH_Vis_7,0.246212620768852,-0.0845578327912469,0.528105455001428,0.141840485688355,39,0.68893950191487,node
auc_degree,alpha,social,7,7Networks_LH_Vis_7,0.0951966061172072,-0.236111002489329,0.406676761098728,0.575166382775659,39,0.819026254176162,node
auc_degree,alpha,switching,7,7Networks_LH_Vis_7,0.142862680766279,-0.189955051158747,0.446230729331242,0.398941816268724,39,0.745519116936913,node
auc_degree,alpha,detail,7,7Networks_LH_Vis_7,-0.00648253949476283,-0.329814284456428,0.318210382414386,0.969624935869198,39,0.992607099731873,node
auc_degree,alpha,communication,7,7Networks_LH_Vis_7,0.344656865292164,0.0232261815208536,0.601506750633861,0.0367080508930958,39,0.569978602234095,node
auc_degree,alpha,imagination,7,7Networks_LH_Vis_7,0.135443611500887,-0.197237061993622,0.440151193932656,0.424123861533114,39,0.745519116936913,node
auc_degree,alpha,total,8,7Networks_LH_Vis_8,0.195036865265404,-0.137689159356722,0.488208223987273,0.247356256742507,39,0.742068770227521,node
auc_degree,alpha,social,8,7Networks_LH_Vis_8,-0.114281632423885,-0.422655208867899,0.217808342065572,0.500628852067699,39,0.773062245232254,node
auc_degree,alpha,switching,8,7Networks_LH_Vis_8,0.208801417346736,-0.123584427405026,0.499061073004876,0.214893355089544,39,0.74137492907797,node
auc_degree,alpha,detail,8,7Networks_LH_Vis_8,0.12896697779495,-0.20356417674381,0.434820997034568,0.446814997169013,39,0.745519116936913,node
auc_degree,alpha,communication,8,7Networks_LH_Vis_8,0.147243755729602,-0.18563764582873,0.449807687226299,0.384485168076095,39,0.745178562424022,node
auc_degree,alpha,imagination,8,7Networks_LH_Vis_8,0.255605208495411,-0.0745976663617385,0.535295310635281,0.126782608947992,39,0.68893950191487,node
auc_degree,alpha,total,9,7Networks_LH_Vis_9,-0.00301697942527156,-0.326722104405981,0.32132165713747,0.985860859532163,39,0.992607099731873,node
auc_degree,alpha,social,9,7Networks_LH_Vis_9,-0.22314401867562,-0.510273645277553,0.108743075641834,0.184324831242126,39,0.731702701606437,node
auc_degree,alpha,switching,9,7Networks_LH_Vis_9,-0.0776736885365647,-0.39183640005874,0.252711110544217,0.647710105160783,39,0.862837149413689,node
auc_degree,alpha,detail,9,7Networks_LH_Vis_9,0.130462304471933,-0.20210583294615,0.436053539884713,0.441518240578872,39,0.745519116936913,node
auc_degree,alpha,communication,9,7Networks_LH_Vis_9,0.172411120521448,-0.160584523481642,0.470169423637014,0.307535238949719,39,0.745178562424022,node
auc_degree,alpha,imagination,9,7Networks_LH_Vis_9,0.0691625090850561,-0.260704489921659,0.384568710572266,0.684193559585175,39,0.869953880897684,node
auc_degree,alpha,total,10,7Networks_LH_SomMot_1,-0.0128666192551646,-0.335492438130125,0.31246058063709,0.939752151826233,39,0.998155071139061,node
auc_degree,alpha,social,10,7Networks_LH_SomMot_1,-0.154896956644617,-0.456032993229231,0.178064704707927,0.359979332300732,39,0.998155071139061,node
auc_degree,alpha,switching,10,7Networks_LH_SomMot_1,-0.0318145732637897,-0.352208283525302,0.295253628807908,0.851719012335229,39,0.998155071139061,node
auc_degree,alpha,detail,10,7Networks_LH_SomMot_1,0.166140703967654,-0.166866871207834,0.465125799373285,0.325725315850263,39,0.998155071139061,node
auc_degree,alpha,communication,10,7Networks_LH_SomMot_1,-0.012440447249904,-0.335114119342708,0.312845155128245,0.941744245612225,39,0.998155071139061,node
auc_degree,alpha,imagination,10,7Networks_LH_SomMot_1,0.0385156596377835,-0.289117046795566,0.358071441988708,0.82094918065579,39,0.998155071139061,node
auc_degree,alpha,total,11,7Networks_LH_SomMot_2,-0.0979307955864542,-0.408977645926806,0.233503244939978,0.564187302947935,39,0.998155071139061,node
auc_degree,alpha,social,11,7Networks_LH_SomMot_2,-0.00626436982093625,-0.329619824836806,0.318406455046857,0.970646758850819,39,0.998155071139061,node
auc_degree,alpha,switching,11,7Networks_LH_SomMot_2,-0.240850796094842,-0.523982873719786,0.0902141800262893,0.151004541008951,39,0.998155071139061,node
auc_degree,alpha,detail,11,7Networks_LH_SomMot_2,0.0101535552157969,-0.314907009560035,0.333082234820607,0.952439727859377,39,0.998155071139061,node
auc_degree,alpha,communication,11,7Networks_LH_SomMot_2,0.0662792111158569,-0.263402157665959,0.382097765708301,0.696719738529019,39,0.998155071139061,node
auc_degree,alpha,imagination,11,7Networks_LH_SomMot_2,-0.107103771685782,-0.416668137639545,0.224719468998477,0.52807639927378,39,0.998155071139061,node
auc_degree,alpha,total,12,7Networks_LH_SomMot_3,-0.0959905977167715,-0.407345331112069,0.235354217293463,0.571968191681982,39,0.998155071139061,node
auc_degree,alpha,social,12,7Networks_LH_SomMot_3,-0.0292706718618541,-0.349975875715689,0.297576184734904,0.863459364282739,39,0.998155071139061,node
auc_degree,alpha,switching,12,7Networks_LH_SomMot_3,-0.147968991722872,-0.450398876107034,0.184921707536051,0.382121978571412,39,0.998155071139061,node
auc_degree,alpha,detail,12,7Networks_LH_SomMot_3,0.0672278483233756,-0.26251516365718,0.382911232909385,0.692589554273508,39,0.998155071139061,node
auc_degree,alpha,communication,12,7Networks_LH_SomMot_3,-0.0386610109530272,-0.358198339414805,0.288983640948231,0.820284500042041,39,0.998155071139061,node
auc_degree,alpha,imagination,12,7Networks_LH_SomMot_3,-0.143770973055726,-0.446973107966082,0.189061015403117,0.395919216950262,39,0.998155071139061,node
auc_degree,alpha,total,13,7Networks_LH_SomMot_4,0.0831176063760027,-0.24757462927417,0.39646448869555,0.624785431054417,39,0.998155071139061,node
auc_degree,alpha,social,13,7Networks_LH_SomMot_4,0.0314764039693898,-0.295562596847763,0.35191173206996,0.853277942840341,39,0.998155071139061,node
auc_degree,alpha,switching,13,7Networks_LH_SomMot_4,0.0716757029529618,-0.258348889132435,0.386718800953874,0.673342494513975,39,0.998155071139061,node
auc_degree,alpha,detail,13,7Networks_LH_SomMot_4,0.167038039653354,-0.165969482905567,0.465848765531391,0.323082002740298,39,0.998155071139061,node
auc_degree,alpha,communication,13,7Networks_LH_SomMot_4,-0.0933308399449348,-0.405104403409352,0.237887758547096,0.582713310917669,39,0.998155071139061,node
auc_degree,alpha,imagination,13,7Networks_LH_SomMot_4,0.0451690659243374,-0.28299737148245,0.363868055381567,0.790656720627414,39,0.998155071139061,node
auc_degree,alpha,total,14,7Networks_LH_SomMot_5,0.0767421658221515,-0.253588165035343,0.391042879704353,0.651665787949863,39,0.998155071139061,node
auc_degree,alpha,social,14,7Networks_LH_SomMot_5,0.0406603948800541,-0.28714728092591,0.359942683089288,0.811154185086531,39,0.998155071139061,node
auc_degree,alpha,switching,14,7Networks_LH_SomMot_5,-0.0620728582291946,-0.378484864109459,0.267328474063531,0.715135720007403,39,0.998155071139061,node
auc_degree,alpha,detail,14,7Networks_LH_SomMot_5,0.210510921916963,-0.121823247584354,0.500402628525709,0.211077159314819,39,0.998155071139061,node
auc_degree,alpha,communication,14,7Networks_LH_SomMot_5,0.0905954514622101,-0.240488648790359,0.402795840509,0.593856952434482,39,0.998155071139061,node
auc_degree,alpha,imagination,14,7Networks_LH_SomMot_5,-0.0951396747897078,-0.406628810013139,0.236165250580448,0.575396011924425,39,0.998155071139061,node
auc_degree,alpha,total,15,7Networks_LH_SomMot_6,-0.112519813308296,-0.421188159444641,0.21950778049713,0.507298209372474,39,0.998155071139061,node
auc_degree,alpha,social,15,7Networks_LH_SomMot_6,0.0281928448214766,-0.298559064332539,0.349028925639338,0.868442501438098,39,0.998155071139061,node
auc_degree,alpha,switching,15,7Networks_LH_SomMot_6,-0.143866927113097,-0.447051510145332,0.188966535202168,0.395600677247194,39,0.998155071139061,node
auc_degree,alpha,detail,15,7Networks_LH_SomMot_6,-0.154255116269355,-0.455512033781063,0.178701332834062,0.361997705218919,39,0.998155071139061,node
auc_degree,alpha,communication,15,7Networks_LH_SomMot_6,-0.0329908928174596,-0.353239334852368,0.294178352507153,0.846300634772677,39,0.998155071139061,node
auc_degree,alpha,imagination,15,7Networks_LH_SomMot_6,-0.00462425766204953,-0.328157076444848,0.319879561638897,0.978329778467324,39,0.998155071139061,node
auc_degree,alpha,total,16,7Networks_LH_DorsAttn_Post_1,0.278938182586417,-0.0495662773250828,0.552982582843801,0.0945543959493205,39,0.773626875948986,node
auc_degree,alpha,social,16,7Networks_LH_DorsAttn_Post_1,0.182734097725524,-0.150182795348401,0.478430586059567,0.279019489638196,39,0.80685847882053,node
auc_degree,alpha,switching,16,7Networks_LH_DorsAttn_Post_1,0.166398297927619,-0.166609318587053,0.465333378708365,0.324965139952529,39,0.871176408534002,node
auc_degree,alpha,detail,16,7Networks_LH_DorsAttn_Post_1,-0.0567732040521574,-0.373919141539643,0.272259782913724,0.738564886074728,39,0.979907173163679,node
auc_degree,alpha,communication,16,7Networks_LH_DorsAttn_Post_1,0.433935960853134,0.127894105088143,0.664524431152245,0.00728983442700562,39,0.388118582307587,node
auc_degree,alpha,imagination,16,7Networks_LH_DorsAttn_Post_1,0.0351411890471527,-0.292210618853851,0.355122074022199,0.836414028091183,39,0.979907173163679,node
auc_degree,alpha,total,17,7Networks_LH_DorsAttn_Post_2,0.135483960067123,-0.197197557853197,0.440184333178241,0.42398455150283,39,0.936249877643599,node
auc_degree,alpha,social,17,7Networks_LH_DorsAttn_Post_2,-0.0252837854154043,-0.346469828766005,0.301208404898976,0.881916455847311,39,0.979907173163679,node
auc_degree,alpha,switching,17,7Networks_LH_DorsAttn_Post_2,-0.0592289089592846,-0.376036676838028,0.26997690534246,0.727678145433946,39,0.979907173163679,node
auc_degree,alpha,detail,17,7Networks_LH_DorsAttn_Post_2,0.336953383624325,0.0145134595036859,0.595915192913664,0.0414172185432774,39,0.621258278149162,node
auc_degree,alpha,communication,17,7Networks_LH_DorsAttn_Post_2,-0.029559593624355,-0.350229603317827,0.297312596726284,0.862124461417662,39,0.979907173163679,node
auc_degree,alpha,imagination,17,7Networks_LH_DorsAttn_Post_2,0.213160517979387,-0.119089417373101,0.502479185659221,0.205255426174021,39,0.774924005615817,node
auc_degree,alpha,total,18,7Networks_LH_DorsAttn_Post_3,0.0372095187612283,-0.290315273852165,0.356930599610585,0.826927529826777,39,0.979907173163679,node
auc_degree,alpha,social,18,7Networks_LH_DorsAttn_Post_3,-0.0487309376107737,-0.366961134876223,0.27971021231315,0.774560258114496,39,0.979907173163679,node
auc_degree,alpha,switching,18,7Networks_LH_DorsAttn_Post_3,0.125279147113058,-0.207154502867104,0.43177634766716,0.460024643318845,39,0.936249877643599,node
auc_degree,alpha,detail,18,7Networks_LH_DorsAttn_Post_3,0.0600593773487763,-0.269204045203458,0.376752035335394,0.724008216177618,39,0.979907173163679,node
auc_degree,alpha,communication,18,7Networks_LH_DorsAttn_Post_3,0.182514972073269,-0.15040436094953,0.478255768565011,0.279606297038034,39,0.80685847882053,node
auc_degree,alpha,imagination,18,7Networks_LH_DorsAttn_Post_3,-0.282947746475657,-0.555997316570093,0.045222900265754,0.0897146396645468,39,0.773626875948986,node
auc_degree,alpha,total,19,7Networks_LH_DorsAttn_Post_4,-0.0314118076668039,-0.351855078190799,0.295621607413999,0.853575788614127,39,0.979907173163679,node
auc_degree,alpha,social,19,7Networks_LH_DorsAttn_Post_4,-0.164997911860911,-0.464204495924537,0.168008932162804,0.329111087668401,39,0.871176408534002,node
auc_degree,alpha,switching,19,7Networks_LH_DorsAttn_Post_4,-0.201442103682372,-0.493269826695045,0.131142364948628,0.231863762637295,39,0.802605332206021,node
auc_degree,alpha,detail,19,7Networks_LH_DorsAttn_Post_4,0.36308313342097,0.0442664671405908,0.614780103703047,0.0271931562459549,39,0.524859381903887,node
auc_degree,alpha,communication,19,7Networks_LH_DorsAttn_Post_4,-0.0333831773424827,-0.353583001760428,0.293819580105583,0.844495220750611,39,0.979907173163679,node
auc_degree,alpha,imagination,19,7Networks_LH_DorsAttn_Post_4,-0.013862305741974,-0.336375917405296,0.311561664633655,0.935099351386763,39,0.991196555272653,node
auc_degree,alpha,total,20,7Networks_LH_DorsAttn_Post_5,-0.256724289835856,-0.536149253449979,0.0734065520647921,0.125071134558907,39,0.774924005615817,node
auc_degree,alpha,social,20,7Networks_LH_DorsAttn_Post_5,-0.182630671719996,-0.478348076161673,0.150287377162462,0.279296359349569,39,0.80685847882053,node
auc_degree,alpha,switching,20,7Networks_LH_DorsAttn_Post_5,-0.124815315486307,-0.431392916132458,0.207605437926402,0.461700728999918,39,0.936249877643599,node
auc_degree,alpha,detail,20,7Networks_LH_DorsAttn_Post_5,0.0314106437737228,-0.295622670640661,0.35185405738239,0.853581155368207,39,0.979907173163679,node
auc_degree,alpha,communication,20,7Networks_LH_DorsAttn_Post_5,-0.0866584989146793,-0.399466216304904,0.244223695550397,0.61005703986185,39,0.954564910832451,node
auc_degree,alpha,imagination,20,7Networks_LH_DorsAttn_Post_5,-0.425660191899789,-0.658817714223804,-0.117896463291076,0.00862485738461305,39,0.388118582307587,node
auc_degree,alpha,total,21,7Networks_LH_DorsAttn_Post_6,-0.113508882630196,-0.422011946629046,0.218553979133107,0.503548607310714,39,0.936249877643599,node
auc_degree,alpha,social,21,7Networks_LH_DorsAttn_Post_6,-0.0416240796872805,-0.360782644347101,0.286261310735872,0.806762137085422,39,0.979907173163679,node
auc_degree,alpha,switching,21,7Networks_LH_DorsAttn_Post_6,-0.253318990437058,-0.533548976230084,0.0770281184733757,0.130333144375129,39,0.774924005615817,node
auc_degree,alpha,detail,21,7Networks_LH_DorsAttn_Post_6,0.043362126555407,-0.284662006745291,0.362296242674277,0.798855690316283,39,0.979907173163679,node
auc_degree,alpha,communication,21,7Networks_LH_DorsAttn_Post_6,0.130274534804226,-0.202289039642917,0.435898831163032,0.442181465109194,39,0.936249877643599,node
auc_degree,alpha,imagination,21,7Networks_LH_DorsAttn_Post_6,-0.218854084385502,-0.506930117018922,0.11319775157151,0.193125375762254,39,0.774924005615817,node
auc_degree,alpha,total,22,7Networks_LH_DorsAttn_PrCv_1,0.00261151145731451,-0.321685217005694,0.326359868221048,0.987760940468221,39,0.991196555272653,node
auc_degree,alpha,social,22,7Networks_LH_DorsAttn_PrCv_1,0.0388717438376289,-0.288790204211596,0.358382296564101,0.819321053757805,39,0.979907173163679,node
auc_degree,alpha,switching,22,7Networks_LH_DorsAttn_PrCv_1,-0.0997828296905894,-0.410533932725788,0.231734138270498,0.556805780554712,39,0.936249877643599,node
auc_degree,alpha,detail,22,7Networks_LH_DorsAttn_PrCv_1,0.115945481336328,-0.216201553986477,0.42403919727965,0.494371438975696,39,0.936249877643599,node
auc_degree,alpha,communication,22,7Networks_LH_DorsAttn_PrCv_1,-0.0810065866721663,-0.394671716385983,0.249568641522063,0.633635427925309,39,0.960609003337078,node
auc_degree,alpha,imagination,22,7Networks_LH_DorsAttn_PrCv_1,0.0350084414775126,-0.292332176330099,0.355005919098613,0.837023674188252,39,0.979907173163679,node
auc_degree,alpha,total,23,7Networks_LH_DorsAttn_FEF_1,-0.358884754712186,-0.611768293827663,-0.0394474817453735,0.0291588545502159,39,0.524859381903887,node
auc_degree,alpha,social,23,7Networks_LH_DorsAttn_FEF_1,-0.137493236398395,-0.441833550795737,0.195228964794782,0.417079638848047,39,0.936249877643599,node
auc_degree,alpha,switching,23,7Networks_LH_DorsAttn_FEF_1,-0.286719110851209,-0.558826409986276,0.0411261988957318,0.0853386276129613,39,0.773626875948986,node
auc_degree,alpha,detail,23,7Networks_LH_DorsAttn_FEF_1,-0.218526212937453,-0.506674220492876,0.113537665659005,0.193809917527911,39,0.774924005615817,node
auc_degree,alpha,communication,23,7Networks_LH_DorsAttn_FEF_1,-0.216435326436592,-0.505041133949745,0.115703522894319,0.198215435432378,39,0.774924005615817,node
auc_degree,alpha,imagination,23,7Networks_LH_DorsAttn_FEF_1,-0.132160738604069,-0.437452107487056,0.200447614153248,0.435543985082117,39,0.936249877643599,node
auc_degree,alpha,total,24,7Networks_LH_SalVentAttn_ParOper_1,-0.0235286051387321,-0.344923482416721,0.30280444949222,0.890062047241441,39,0.973279734479051,node
auc_degree,alpha,social,24,7Networks_LH_SalVentAttn_ParOper_1,-0.0678839532079578,-0.383473564063457,0.261901366824568,0.689738095793925,39,0.973279734479051,node
auc_degree,alpha,switching,24,7Networks_LH_SalVentAttn_ParOper_1,-0.153220090420511,-0.454671504524854,0.179727366507862,0.365266765583681,39,0.973279734479051,node
auc_degree,alpha,detail,24,7Networks_LH_SalVentAttn_ParOper_1,0.12045863456135,-0.211834099399511,0.42778600365906,0.477601938064343,39,0.973279734479051,node
auc_degree,alpha,communication,24,7Networks_LH_SalVentAttn_ParOper_1,-0.0759270775202102,-0.390348160825443,0.254355148018518,0.655134748254946,39,0.973279734479051,node
auc_degree,alpha,imagination,24,7Networks_LH_SalVentAttn_ParOper_1,0.179314653059122,-0.153636508737803,0.475699894377257,0.288267975940293,39,0.973279734479051,node
auc_degree,alpha,total,25,7Networks_LH_SalVentAttn_FrOperIns_1,0.0897277461977166,-0.241312697174124,0.402062699756564,0.597411253015551,39,0.973279734479051,node
auc_degree,alpha,social,25,7Networks_LH_SalVentAttn_FrOperIns_1,0.22867126259693,-0.102983856609514,0.514568761178441,0.173409733084119,39,0.973279734479051,node
auc_degree,alpha,switching,25,7Networks_LH_SalVentAttn_FrOperIns_1,0.0269885878672591,-0.299656417229729,0.347970122036748,0.874016073852836,39,0.973279734479051,node
auc_degree,alpha,detail,25,7Networks_LH_SalVentAttn_FrOperIns_1,-0.145677705168066,-0.448530188492311,0.18718241459909,0.389617232425045,39,0.973279734479051,node
auc_degree,alpha,communication,25,7Networks_LH_SalVentAttn_FrOperIns_1,0.0552539715825223,-0.273670242817366,0.372607461560315,0.745325357837637,39,0.973279734479051,node
auc_degree,alpha,imagination,25,7Networks_LH_SalVentAttn_FrOperIns_1,0.0558768848460022,-0.273092099363746,0.373145427903167,0.742551138246419,39,0.973279734479051,node
auc_degree,alpha,total,26,7Networks_LH_SalVentAttn_FrOperIns_2,-0.033987278953416,-0.354112065289886,0.293266905389262,0.84171648974419,39,0.973279734479051,node
auc_degree,alpha,social,26,7Networks_LH_SalVentAttn_FrOperIns_2,0.0985720440422545,-0.23289095752801,0.409516699669198,0.561626430010219,39,0.973279734479051,node
auc_degree,alpha,switching,26,7Networks_LH_SalVentAttn_FrOperIns_2,-0.0679796648022147,-0.383555576533995,0.261811804761535,0.689322480135223,39,0.973279734479051,node
auc_degree,alpha,detail,26,7Networks_LH_SalVentAttn_FrOperIns_2,-0.0203427058226322,-0.34211218167626,0.305696826102148,0.904875272517255,39,0.973279734479051,node
auc_degree,alpha,communication,26,7Networks_LH_SalVentAttn_FrOperIns_2,-0.0865193139308908,-0.399348351260227,0.244355563027705,0.61063318954752,39,0.973279734479051,node
auc_degree,alpha,imagination,26,7Networks_LH_SalVentAttn_FrOperIns_2,-0.0530291349382228,-0.370684283706262,0.275733238049156,0.755259529297521,39,0.973279734479051,node
auc_degree,alpha,total,27,7Networks_LH_SalVentAttn_PFCl_1,-0.157744794255311,-0.45834199709881,0.17523662771301,0.351105625791493,39,0.973279734479051,node
auc_degree,alpha,social,27,7Networks_LH_SalVentAttn_PFCl_1,-0.0103010763758664,-0.333213396699959,0.314774097469868,0.951749524396052,39,0.973279734479051,node
auc_degree,alpha,switching,27,7Networks_LH_SalVentAttn_PFCl_1,-0.018070220367143,-0.340103369436491,0.307756272909569,0.915461142992826,39,0.973279734479051,node
auc_degree,alpha,detail,27,7Networks_LH_SalVentAttn_PFCl_1,-0.23206231861272,-0.517196803873006,0.0994394392419007,0.166946254659543,39,0.973279734479051,node
auc_degree,alpha,communication,27,7Networks_LH_SalVentAttn_PFCl_1,-0.101153682122046,-0.411684711917726,0.230423253874693,0.551371230978057,39,0.973279734479051,node
auc_degree,alpha,imagination,27,7Networks_LH_SalVentAttn_PFCl_1,-0.102787517511705,-0.413054963153764,0.228859317216646,0.544926884192537,39,0.973279734479051,node
auc_degree,alpha,total,28,7Networks_LH_SalVentAttn_Med_1,-0.272175483858631,-0.54788149651841,0.0568639558931674,0.103167434216915,39,0.973279734479051,node
auc_degree,alpha,social,28,7Networks_LH_SalVentAttn_Med_1,-0.0662542098264168,-0.382076320196637,0.263425526815027,0.696828706344575,39,0.973279734479051,node
auc_degree,alpha,switching,28,7Networks_LH_SalVentAttn_Med_1,-0.408735377357536,-0.647062726169562,-0.097642681435907,0.0120151957595035,39,0.865094094684251,node
auc_degree,alpha,detail,28,7Networks_LH_SalVentAttn_Med_1,0.0163359108732111,-0.309325944699783,0.338568309458883,0.923549796013196,39,0.973279734479051,node
auc_degree,alpha,communication,28,7Networks_LH_SalVentAttn_Med_1,-0.114181135985804,-0.422571569913665,0.217905334416374,0.501008081216817,39,0.973279734479051,node
auc_degree,alpha,imagination,28,7Networks_LH_SalVentAttn_Med_1,-0.200448699126664,-0.492486102608059,0.132159627955891,0.234222307249898,39,0.973279734479051,node
auc_degree,alpha,total,29,7Networks_LH_SalVentAttn_Med_2,-0.131101255381072,-0.436579854270605,0.201482234705514,0.439265477263275,39,0.973279734479051,node
auc_degree,alpha,social,29,7Networks_LH_SalVentAttn_Med_2,-0.0883765068071132,-0.400920213771716,0.242595001766806,0.602964539376817,39,0.973279734479051,node
auc_degree,alpha,switching,29,7Networks_LH_SalVentAttn_Med_2,-0.121518194923815,-0.428664119322753,0.210806817576385,0.473708554667445,39,0.973279734479051,node
auc_degree,alpha,detail,29,7Networks_LH_SalVentAttn_Med_2,-0.0115368321221136,-0.334311623340688,0.313660218123039,0.945969232879857,39,0.973279734479051,node
auc_degree,alpha,communication,29,7Networks_LH_SalVentAttn_Med_2,-0.0467814257117958,-0.365269077296628,0.28151032080047,0.78335928565747,39,0.973279734479051,node
auc_degree,alpha,imagination,29,7Networks_LH_SalVentAttn_Med_2,-0.0976347910466574,-0.40872874189366,0.233785792231159,0.565371229871571,39,0.973279734479051,node
auc_degree,alpha,total,30,7Networks_LH_SalVentAttn_Med_3,-0.234280299896973,-0.518912818895256,0.0971165896636439,0.16281347891216,39,0.973279734479051,node
auc_degree,alpha,social,30,7Networks_LH_SalVentAttn_Med_3,-0.205835253745036,-0.496730032188226,0.126635292285409,0.221627147192905,39,0.973279734479051,node
auc_degree,alpha,switching,30,7Networks_LH_SalVentAttn_Med_3,-0.17037135779395,-0.468530867150307,0.16263113260406,0.313380467804195,39,0.973279734479051,node
auc_degree,alpha,detail,30,7Networks_LH_SalVentAttn_Med_3,-0.0207024774421517,-0.342429940069206,0.305370502019137,0.903200790462365,39,0.973279734479051,node
auc_degree,alpha,communication,30,7Networks_LH_SalVentAttn_Med_3,-0.161955310528729,-0.461748431435456,0.171045234827742,0.338231330620656,39,0.973279734479051,node
auc_degree,alpha,imagination,30,7Networks_LH_SalVentAttn_Med_3,-0.0625526746644471,-0.378897473618762,0.266881153231207,0.713026756501833,39,0.973279734479051,node
auc_degree,alpha,total,31,7Networks_LH_Limbic_OFC_1,-0.0431510618404236,-0.36211252420321,0.284856320277124,0.799814797574599,39,0.861635100481125,node
auc_degree,alpha,social,31,7Networks_LH_Limbic_OFC_1,0.12609168237712,-0.206364219054844,0.43244777202326,0.457096360640969,39,0.799674845699178,node
auc_degree,alpha,switching,31,7Networks_LH_Limbic_OFC_1,-0.180118993850104,-0.476342737128799,0.152824838129033,0.286074925931188,39,0.794322755989685,node
auc_degree,alpha,detail,31,7Networks_LH_Limbic_OFC_1,-0.046010859003283,-0.364599691523382,0.282221197515671,0.786844587882851,39,0.861635100481125,node
auc_degree,alpha,communication,31,7Networks_LH_Limbic_OFC_1,-0.0854760716368686,-0.39846458034163,0.245343568461594,0.614958968218326,39,0.854794352839933,node
auc_degree,alpha,imagination,31,7Networks_LH_Limbic_OFC_1,0.0672822360805326,-0.262464293163646,0.382957856195883,0.692353023791004,39,0.861635100481125,node
auc_degree,alpha,total,32,7Networks_LH_Limbic_TempPole_1,0.188117503012275,-0.144728923165282,0.482718094678282,0.264854565214014,39,0.794322755989685,node
auc_degree,alpha,social,32,7Networks_LH_Limbic_TempPole_1,0.204546871201397,-0.127958509139362,0.495716212455962,0.224596591891017,39,0.794322755989685,node
auc_degree,alpha,switching,32,7Networks_LH_Limbic_TempPole_1,0.171315637917594,-0.161684039111656,0.46928966945415,0.310665862830754,39,0.794322755989685,node
auc_degree,alpha,detail,32,7Networks_LH_Limbic_TempPole_1,-0.13195825101987,-0.437285447545168,0.200645407365186,0.436253885977655,39,0.799674845699178,node
auc_degree,alpha,communication,32,7Networks_LH_Limbic_TempPole_1,-0.0138484123922988,-0.336363593647481,0.311574211700917,0.935164260189598,39,0.935164260189598,node
auc_degree,alpha,imagination,32,7Networks_LH_Limbic_TempPole_1,0.32880685218527,0.00535260635881524,0.589974603659904,0.046917561771022,39,0.794322755989685,node
auc_degree,alpha,total,33,7Networks_LH_Limbic_TempPole_2,0.234306304074755,-0.0970893345545931,0.518932924296269,0.162765466996827,39,0.794322755989685,node
auc_degree,alpha,social,33,7Networks_LH_Limbic_TempPole_2,-0.0421884326670725,-0.361274302091967,0.285742208530566,0.80419276044905,39,0.861635100481125,node
auc_degree,alpha,switching,33,7Networks_LH_Limbic_TempPole_2,0.267436800753153,-0.0619566392465749,0.544294861526952,0.10954930762417,39,0.794322755989685,node
auc_degree,alpha,detail,33,7Networks_LH_Limbic_TempPole_2,-0.0265554543108893,-0.347589103179704,0.300050889522188,0.876022190659701,39,0.906229852406587,node
auc_degree,alpha,communication,33,7Networks_LH_Limbic_TempPole_2,0.242145028092657,-0.0888508091680028,0.524979194488169,0.148754029259767,39,0.794322755989685,node
auc_degree,alpha,imagination,33,7Networks_LH_Limbic_TempPole_2,0.294830026011372,-0.0322780900214244,0.564889439396328,0.0764875784315374,39,0.794322755989685,node
auc_degree,alpha,total,34,7Networks_LH_Cont_Par_1,-0.0736624490372605,-0.388416083601666,0.256483942938632,0.664810096830511,39,0.983651105006738,node
auc_degree,alpha,social,34,7Networks_LH_Cont_Par_1,-0.0983012434153951,-0.409289082575081,0.233149559901051,0.562707236377724,39,0.983651105006738,node
auc_degree,alpha,switching,34,7Networks_LH_Cont_Par_1,-0.247893872315557,-0.529395399187431,0.0827798297692139,0.139052954387088,39,0.943444538436806,node
auc_degree,alpha,detail,34,7Networks_LH_Cont_Par_1,0.253536414089868,-0.0767971467008095,0.533715158806625,0.129992341412219,39,0.943444538436806,node
auc_degree,alpha,communication,34,7Networks_LH_Cont_Par_1,-0.0583554053456869,-0.37528384043206,0.270789357940281,0.731544706514332,39,0.983651105006738,node
auc_degree,alpha,imagination,34,7Networks_LH_Cont_Par_1,-0.0314620968574154,-0.35189918428803,0.295575667018098,0.853343909487838,39,0.983651105006738,node
auc_degree,alpha,total,35,7Networks_LH_Cont_PFCl_1,-0.0218067023041037,-0.34340475692729,0.304368457125078,0.898064007195559,39,0.986605529031741,node
auc_degree,alpha,social,35,7Networks_LH_Cont_PFCl_1,-0.0431724593657704,-0.362131150523118,0.284836622197458,0.799717551080545,39,0.983651105006738,node
auc_degree,alpha,switching,35,7Networks_LH_Cont_PFCl_1,0.112122880175537,-0.219890381512357,0.420857414043302,0.508806932297669,39,0.983651105006738,node
auc_degree,alpha,detail,35,7Networks_LH_Cont_PFCl_1,0.0843359069816891,-0.246422579085905,0.397498037580393,0.619701315936533,39,0.983651105006738,node
auc_degree,alpha,communication,35,7Networks_LH_Cont_PFCl_1,-0.19456327464126,-0.487833194433925,0.138172064835725,0.24852861001007,39,0.943444538436806,node
auc_degree,alpha,imagination,35,7Networks_LH_Cont_PFCl_1,-0.044978421448608,-0.363702303982989,0.283173095242001,0.791520739711876,39,0.983651105006738,node
auc_degree,alpha,total,36,7Networks_LH_Cont_pCun_1,0.0773282261329996,-0.253036436339961,0.391542171415527,0.649175998426171,39,0.983651105006738,node
auc_degree,alpha,social,36,7Networks_LH_Cont_pCun_1,-0.176159510891813,-0.473175190945051,0.156816071050246,0.296974920974857,39,0.943444538436806,node
auc_degree,alpha,switching,36,7Networks_LH_Cont_pCun_1,0.117658603562023,-0.214545300398071,0.425462669225067,0.48797077609592,39,0.983651105006738,node
auc_degree,alpha,detail,36,7Networks_LH_Cont_pCun_1,0.139559061131761,-0.193202169181452,0.443527041341417,0.410046986415483,39,0.943444538436806,node
auc_degree,alpha,communication,36,7Networks_LH_Cont_pCun_1,0.19272320478563,-0.140046825962246,0.486375041601529,0.253118860868962,39,0.943444538436806,node
auc_degree,alpha,imagination,36,7Networks_LH_Cont_pCun_1,-0.030552033601145,-0.351100793804967,0.296406797961623,0.857541988980233,39,0.983651105006738,node
auc_degree,alpha,total,37,7Networks_LH_Cont_Cing_1,-0.19115081182815,-0.485127710387796,0.141646975246332,0.257085835102705,39,0.943444538436806,node
auc_degree,alpha,social,37,7Networks_LH_Cont_Cing_1,-0.0842491322339574,-0.397424448242515,0.246504666007186,0.620062866420553,39,0.983651105006738,node
auc_degree,alpha,switching,37,7Networks_LH_Cont_Cing_1,-0.183905992174037,-0.479365120667441,0.148997284010939,0.275894821459632,39,0.943444538436806,node
auc_degree,alpha,detail,37,7Networks_LH_Cont_Cing_1,0.0496778412098013,-0.278835041920528,0.367782230422954,0.770296352553927,39,0.983651105006738,node
auc_degree,alpha,communication,37,7Networks_LH_Cont_Cing_1,-0.151282759018791,-0.453096781766335,0.181645921608212,0.371432886433976,39,0.943444538436806,node
auc_degree,alpha,imagination,37,7Networks_LH_Cont_Cing_1,-0.192838686736731,-0.486466602743998,0.139929236933762,0.252829129094366,39,0.943444538436806,node
auc_degree,alpha,total,38,7Networks_LH_Default_Temp_1,0.187821990376025,-0.145028829502607,0.482483105124862,0.265619595645987,39,0.99014523825754,node
auc_degree,alpha,social,38,7Networks_LH_Default_Temp_1,0.25759270220956,-0.072481592317782,0.536811523205352,0.123754936626225,39,0.988134849518889,node
auc_degree,alpha,switching,38,7Networks_LH_Default_Temp_1,0.0385841238473985,-0.289054210794025,0.358131215412415,0.820636083634246,39,0.99014523825754,node
auc_degree,alpha,detail,38,7Networks_LH_Default_Temp_1,-0.180643948447088,-0.476762118994357,0.152294857354959,0.284649457346593,39,0.99014523825754,node
auc_degree,alpha,communication,38,7Networks_LH_Default_Temp_1,0.172930929074142,-0.160062511974985,0.470586661753779,0.306056764255086,39,0.99014523825754,node
auc_degree,alpha,imagination,38,7Networks_LH_Default_Temp_1,0.263152814116291,-0.0665459434656149,0.541043644355604,0.11557166004475,39,0.988134849518889,node
auc_degree,alpha,total,39,7Networks_LH_Default_Temp_2,0.0894280996086903,-0.241597156784347,0.401809429562203,0.59864081221917,39,0.99014523825754,node
auc_degree,alpha,social,39,7Networks_LH_Default_Temp_2,0.0090217158753447,-0.31592633849942,0.332075494252767,0.95773633410456,39,0.99014523825754,node
auc_degree,alpha,switching,39,7Networks_LH_Default_Temp_2,0.0294927537576627,-0.297373580250828,0.350170909538133,0.862433247764906,39,0.99014523825754,node
auc_degree,alpha,detail,39,7Networks_LH_Default_Temp_2,0.0279732746850485,-0.298759207254313,0.348835936808561,0.869458263532469,39,0.99014523825754,node
auc_degree,alpha,communication,39,7Networks_LH_Default_Temp_2,0.187224705742382,-0.145634807921463,0.482008019077734,0.267170300128132,39,0.99014523825754,node
auc_degree,alpha,imagination,39,7Networks_LH_Default_Temp_2,0.00210273376326541,-0.322141273545719,0.325905202836235,0.99014523825754,39,0.99014523825754,node
auc_degree,alpha,total,40,7Networks_LH_Default_Par_1,0.0332155242878045,-0.293972922159334,0.353436137292918,0.845266716625519,39,0.99014523825754,node
auc_degree,alpha,social,40,7Networks_LH_Default_Par_1,-0.0239475682033406,-0.345292755224299,0.302423638494784,0.888116647024044,39,0.99014523825754,node
auc_degree,alpha,switching,40,7Networks_LH_Default_Par_1,0.0242119964960855,-0.302183236214305,0.345525770333001,0.886889139806512,39,0.99014523825754,node
auc_degree,alpha,detail,40,7Networks_LH_Default_Par_1,-0.0474802652512219,-0.365875869528332,0.280865303335413,0.780201997272879,39,0.99014523825754,node
auc_degree,alpha,communication,40,7Networks_LH_Default_Par_1,0.205687782852966,-0.126786810373366,0.496614028534169,0.221965665686595,39,0.99014523825754,node
auc_degree,alpha,imagination,40,7Networks_LH_Default_Par_1,-0.06812076872911,-0.383676475291625,0.261679756491817,0.688709917460519,39,0.99014523825754,node
auc_degree,alpha,total,41,7Networks_LH_Default_Par_2,0.0515011737937094,-0.277148298553313,0.369361914419758,0.762104664905146,39,0.99014523825754,node
auc_degree,alpha,social,41,7Networks_LH_Default_Par_2,-0.00823359630166629,-0.331374048199149,0.316635672365563,0.961425521571538,39,0.99014523825754,node
auc_degree,alpha,switching,41,7Networks_LH_Default_Par_2,-0.096905756257192,-0.408115514358967,0.234481444301793,0.568292003033537,39,0.99014523825754,node
auc_degree,alpha,detail,41,7Networks_LH_Default_Par_2,0.0940925269963636,-0.237162676956021,0.405746531179373,0.579626990149046,39,0.99014523825754,node
auc_degree,alpha,communication,41,7Networks_LH_Default_Par_2,-0.0197255096130753,-0.3415668886221,0.306256463963168,0.907748822274792,39,0.99014523825754,node
auc_degree,alpha,imagination,41,7Networks_LH_Default_Par_2,0.24803130097212,-0.0826343993338285,0.529500784131402,0.138826892981905,39,0.988134849518889,node
auc_degree,alpha,total,42,7Networks_LH_Default_PFC_1,-0.114111892194374,-0.422513938164854,0.217972160014062,0.50126946137157,39,0.99014523825754,node
auc_degree,alpha,social,42,7Networks_LH_Default_PFC_1,0.0895488619579225,-0.241482521873064,0.401911507235087,0.598145148204836,39,0.99014523825754,node
auc_degree,alpha,switching,42,7Networks_LH_Default_PFC_1,-0.195597837952753,-0.488652310090678,0.137116948408125,0.245972391307463,39,0.99014523825754,node
auc_degree,alpha,detail,42,7Networks_LH_Default_PFC_1,-0.103983697641281,-0.414057275434863,0.227713225481544,0.540231585211942,39,0.99014523825754,node
auc_degree,alpha,communication,42,7Networks_LH_Default_PFC_1,-0.0727929907745304,-0.387673565726225,0.257300400611786,0.668539092600063,39,0.99014523825754,node
auc_degree,alpha,imagination,42,7Networks_LH_Default_PFC_1,-0.0554599249905323,-0.372785352629694,0.273479117920644,0.744407767887218,39,0.99014523825754,node
auc_degree,alpha,total,43,7Networks_LH_Default_PFC_2,-0.258747344505462,-0.537691545420393,0.0712508846045329,0.122020964330496,39,0.988134849518889,node
auc_degree,alpha,social,43,7Networks_LH_Default_PFC_2,-0.251572305797623,-0.532213153935965,0.0788823569679135,0.133095098671885,39,0.988134849518889,node
auc_degree,alpha,switching,43,7Networks_LH_Default_PFC_2,-0.255275725928622,-0.535043781784848,0.0749481775946046,0.127289811613265,39,0.988134849518889,node
auc_degree,alpha,detail,43,7Networks_LH_Default_PFC_2,0.260009358185788,-0.0699045818686493,0.538652707151434,0.120146591181281,39,0.988134849518889,node
auc_degree,alpha,communication,43,7Networks_LH_Default_PFC_2,-0.34442422216009,-0.601338254786918,-0.0229623426312915,0.0368435818168775,39,0.988134849518889,node
auc_degree,alpha,imagination,43,7Networks_LH_Default_PFC_2,-0.112887316358526,-0.42149430899172,0.219153455854945,0.505903355004995,39,0.99014523825754,node
auc_degree,alpha,total,44,7Networks_LH_Default_PFC_3,-0.12127548253212,-0.428463021506603,0.21104220078801,0.474598931397794,39,0.99014523825754,node
auc_degree,alpha,social,44,7Networks_LH_Default_PFC_3,0.0722732257995262,-0.25778825668761,0.387229490890361,0.670772046730932,39,0.99014523825754,node
auc_degree,alpha,switching,44,7Networks_LH_Default_PFC_3,-0.181397773522367,-0.477364107900723,0.151533479747505,0.282610562921775,39,0.99014523825754,node
auc_degree,alpha,detail,44,7Networks_LH_Default_PFC_3,-0.10631174587336,-0.416005857742555,0.225480023024123,0.531149303445663,39,0.99014523825754,node
auc_degree,alpha,communication,44,7Networks_LH_Default_PFC_3,-0.215628400181951,-0.504410331203025,0.116538538465705,0.199934222219858,39,0.99014523825754,node
auc_degree,alpha,imagination,44,7Networks_LH_Default_PFC_3,0.112927304289394,-0.21911489658003,0.421527616817438,0.505751697726007,39,0.99014523825754,node
auc_degree,alpha,total,45,7Networks_LH_Default_PFC_4,-0.0181905258803207,-0.340209789801409,0.307647322156833,0.914900350690759,39,0.99014523825754,node
auc_degree,alpha,social,45,7Networks_LH_Default_PFC_4,0.0137980382166297,-0.311619703606334,0.336318909534168,0.935399608431489,39,0.99014523825754,node
auc_degree,alpha,switching,45,7Networks_LH_Default_PFC_4,0.0615284211493446,-0.267835867223563,0.378016532896171,0.717531234712434,39,0.99014523825754,node
auc_degree,alpha,detail,45,7Networks_LH_Default_PFC_4,-0.211355873995082,-0.501065201785219,0.120951980638766,0.209208352775082,39,0.99014523825754,node
auc_degree,alpha,communication,45,7Networks_LH_Default_PFC_4,-0.0951557526736498,-0.406642351975413,0.236149930674196,0.575331158530595,39,0.99014523825754,node
auc_degree,alpha,imagination,45,7Networks_LH_Default_PFC_4,0.236534033675053,-0.0947525933743318,0.520654148385611,0.158690194962599,39,0.99014523825754,node
auc_degree,alpha,total,46,7Networks_LH_Default_PFC_5,-0.074228463774091,-0.388899240973096,0.25595217811381,0.662386780848113,39,0.99014523825754,node
auc_degree,alpha,social,46,7Networks_LH_Default_PFC_5,0.0743536980438151,-0.255834494846043,0.389006119156334,0.66185106254764,39,0.99014523825754,node
auc_degree,alpha,switching,46,7Networks_LH_Default_PFC_5,0.0520016507422944,-0.276684958669348,0.36979519247456,0.759860581819611,39,0.99014523825754,node
auc_degree,alpha,detail,46,7Networks_LH_Default_PFC_5,-0.252001484142462,-0.532541508728239,0.0784269633307806,0.132412477794536,39,0.988134849518889,node
auc_degree,alpha,communication,46,7Networks_LH_Default_PFC_5,0.00353281346119196,-0.320859000115575,0.327182801800993,0.983443699616376,39,0.99014523825754,node
auc_degree,alpha,imagination,46,7Networks_LH_Default_PFC_5,-0.135471587429423,-0.440174171322269,0.197209671667808,0.424027267338812,39,0.99014523825754,node
auc_degree,alpha,total,47,7Networks_LH_Default_PFC_6,-0.266000967643371,-0.543206100202174,0.0634963568815021,0.11154073967505,39,0.988134849518889,node
auc_degree,alpha,social,47,7Networks_LH_Default_PFC_6,-0.302784260915279,-0.57080716187455,0.0235508192134046,0.0685193660815401,39,0.988134849518889,node
auc_degree,alpha,switching,47,7Networks_LH_Default_PFC_6,0.00468567928927248,-0.319824422574692,0.328211883840056,0.97804201315599,39,0.99014523825754,node
auc_degree,alpha,detail,47,7Networks_LH_Default_PFC_6,-0.0849166569246228,-0.397990438983438,0.245873080769679,0.617283864799444,39,0.99014523825754,node
auc_degree,alpha,communication,47,7Networks_LH_Default_PFC_6,-0.265751419621802,-0.543016778166932,0.0637638001408192,0.111889619214922,39,0.988134849518889,node
auc_degree,alpha,imagination,47,7Networks_LH_Default_PFC_6,-0.0576817380530231,-0.374702948903459,0.271415621098117,0.734531158533909,39,0.99014523825754,node
auc_degree,alpha,total,48,7Networks_LH_Default_PFC_7,-0.380433290445675,-0.627149296199551,-0.0643399354793091,0.0201919044531485,39,0.988134849518889,node
auc_degree,alpha,social,48,7Networks_LH_Default_PFC_7,-0.417756502567751,-0.653342405975754,-0.108406209901186,0.0100895913973942,39,0.988134849518889,node
auc_degree,alpha,switching,48,7Networks_LH_Default_PFC_7,-0.169114876188791,-0.46752050414708,0.163890406977607,0.317015662529643,39,0.99014523825754,node
auc_degree,alpha,detail,48,7Networks_LH_Default_PFC_7,-0.0228267096423396,-0.344304610764871,0.303442194791421,0.893322620836599,39,0.99014523825754,node
auc_degree,alpha,communication,48,7Networks_LH_Default_PFC_7,-0.232655575841903,-0.517656021766613,0.0988184859944213,0.165833524248585,39,0.99014523825754,node
auc_degree,alpha,imagination,48,7Networks_LH_Default_PFC_7,-0.176457639147635,-0.473413958169531,0.156515930336444,0.296145086700358,39,0.99014523825754,node
auc_degree,alpha,total,49,7Networks_LH_Default_pCunPCC_1,0.262906618019563,-0.0668092626386826,0.540856547671147,0.115925170376961,39,0.988134849518889,node
auc_degree,alpha,social,49,7Networks_LH_Default_pCunPCC_1,0.1909785899355,-0.141822131638066,0.484991019301351,0.257522825189514,39,0.99014523825754,node
auc_degree,alpha,switching,49,7Networks_LH_Default_pCunPCC_1,0.245571115299392,-0.0852357004212574,0.527612915289693,0.142914855055544,39,0.988134849518889,node
auc_degree,alpha,detail,49,7Networks_LH_Default_pCunPCC_1,0.023538319933563,-0.302795620536463,0.344932046135049,0.890016930646822,39,0.99014523825754,node
auc_degree,alpha,communication,49,7Networks_LH_Default_pCunPCC_1,0.196815386858168,-0.135874243240895,0.489615643326454,0.242986703467619,39,0.99014523825754,node
auc_degree,alpha,imagination,49,7Networks_LH_Default_pCunPCC_1,0.0362152900178515,-0.291226671146994,0.35606155558365,0.831484681532512,39,0.99014523825754,node
auc_degree,alpha,total,50,7Networks_LH_Default_pCunPCC_2,0.0124101019636978,-0.312872534424927,0.33508717744338,0.941886104723646,39,0.99014523825754,node
auc_degree,alpha,social,50,7Networks_LH_Default_pCunPCC_2,0.0125713048595991,-0.312727081526884,0.335230294524488,0.941132528585909,39,0.99014523825754,node
auc_degree,alpha,switching,50,7Networks_LH_Default_pCunPCC_2,-0.0195395384710748,-0.34140254056614,0.306425047684922,0.9086148971242,39,0.99014523825754,node
auc_degree,alpha,detail,50,7Networks_LH_Default_pCunPCC_2,0.0253847172476024,-0.301116568524426,0.34655869853638,0.881448397651791,39,0.99014523825754,node
auc_degree,alpha,communication,50,7Networks_LH_Default_pCunPCC_2,0.0567957715502771,-0.272238820518612,0.373938616383044,0.73846460653575,39,0.99014523825754,node
auc_degree,alpha,imagination,50,7Networks_LH_Default_pCunPCC_2,-0.0536266024797599,-0.371201010133973,0.275179529418767,0.752587884110576,39,0.99014523825754,node
auc_degree,alpha,total,51,7Networks_RH_Vis_1,0.287576318879897,-0.0401935037390408,0.559468563394812,0.0843674013178841,39,0.68893950191487,node
auc_degree,alpha,social,51,7Networks_RH_Vis_1,0.130566149300315,-0.202004501643211,0.436139092809278,0.441151682559113,39,0.745519116936913,node
auc_degree,alpha,switching,51,7Networks_RH_Vis_1,0.290417893117568,-0.0370976054290014,0.561594917428752,0.0812089394542925,39,0.68893950191487,node
auc_degree,alpha,detail,51,7Networks_RH_Vis_1,0.129200421526542,-0.203336603771795,0.435013491642281,0.445985821045966,39,0.745519116936913,node
auc_degree,alpha,communication,51,7Networks_RH_Vis_1,0.094979014935851,-0.236318327221687,0.406493483090669,0.576044247289945,39,0.819026254176162,node
auc_degree,alpha,imagination,51,7Networks_RH_Vis_1,0.147930940990426,-0.184959279233954,0.450367864973609,0.382245755121213,39,0.745178562424022,node
auc_degree,alpha,total,52,7Networks_RH_Vis_2,0.216099374145614,-0.116051226821538,0.504778545636883,0.198929767834317,39,0.731702701606437,node
auc_degree,alpha,social,52,7Networks_RH_Vis_2,0.054782430171741,-0.2741077357555,0.372200082532835,0.747427529374067,39,0.886483813908777,node
auc_degree,alpha,switching,52,7Networks_RH_Vis_2,0.257561027792823,-0.0725153392195014,0.536787373665823,0.123802761146489,39,0.68893950191487,node
auc_degree,alpha,detail,52,7Networks_RH_Vis_2,-0.00485565600632758,-0.32836354513797,0.319671820610633,0.977245672790673,39,0.992607099731873,node
auc_degree,alpha,communication,52,7Networks_RH_Vis_2,0.0962952192256372,-0.235063763646314,0.407601745035509,0.570743328517855,39,0.819026254176162,node
auc_degree,alpha,imagination,52,7Networks_RH_Vis_2,0.236242295571149,-0.0950588152501897,0.520428872369429,0.159219637936784,39,0.731702701606437,node
auc_degree,alpha,total,53,7Networks_RH_Vis_3,0.175939804285568,-0.157037221386667,0.472999202715394,0.297587420900413,39,0.745178562424022,node
auc_degree,alpha,social,53,7Networks_RH_Vis_3,0.125156452865636,-0.2072737994151,0.431674931887482,0.460467689872799,39,0.745519116936913,node
auc_degree,alpha,switching,53,7Networks_RH_Vis_3,0.16972031639471,-0.163283756518693,0.468007448562985,0.315260742119804,39,0.745178562424022,node
auc_degree,alpha,detail,53,7Networks_RH_Vis_3,-0.0813902000779696,-0.39499767570213,0.24920649895985,0.632023432229273,39,0.859551867831811,node
auc_degree,alpha,communication,53,7Networks_RH_Vis_3,0.0620627143276151,-0.267337929436457,0.378476139686267,0.715180328576211,39,0.877181919187103,node
auc_degree,alpha,imagination,53,7Networks_RH_Vis_3,0.247506349951132,-0.0831898397737388,0.529098187131831,0.139691863760643,39,0.68893950191487,node
auc_degree,alpha,total,54,7Networks_RH_Vis_4,-0.0144168245023844,-0.336867699609128,0.311060786745602,0.932509017965422,39,0.990790831588261,node
auc_degree,alpha,social,54,7Networks_RH_Vis_4,-0.0608696604308755,-0.377449642483742,0.268449561184296,0.720433325723268,39,0.877181919187103,node
auc_degree,alpha,switching,54,7Networks_RH_Vis_4,0.0944611020186244,-0.236811682505044,0.406057141887249,0.578136179418467,39,0.819026254176162,node
auc_degree,alpha,detail,54,7Networks_RH_Vis_4,-0.11504190510722,-0.423287781676185,0.217074365821356,0.497764641553885,39,0.773062245232254,node
auc_degree,alpha,communication,54,7Networks_RH_Vis_4,-0.0680147648212424,-0.383585651468126,0.261778958517669,0.689170085140485,39,0.869953880897684,node
auc_degree,alpha,imagination,54,7Networks_RH_Vis_4,0.155918286435958,-0.177051093936656,0.456861545743515,0.356781559358627,39,0.745178562424022,node
auc_degree,alpha,total,55,7Networks_RH_Vis_5,0.172497101098968,-0.160498191373718,0.470238447415108,0.307290375615492,39,0.745178562424022,node
auc_degree,alpha,social,55,7Networks_RH_Vis_5,0.0332432501912483,-0.293947564123831,0.353460426338575,0.845139119394226,39,0.947298793167155,node
auc_degree,alpha,switching,55,7Networks_RH_Vis_5,0.0332483540572158,-0.293942896091771,0.353464897490582,0.845115631343415,39,0.947298793167155,node
auc_degree,alpha,detail,55,7Networks_RH_Vis_5,0.00809478341372468,-0.316760570965007,0.331250464260775,0.962075388641459,39,0.992607099731873,node
auc_degree,alpha,communication,55,7Networks_RH_Vis_5,0.354758532047324,0.0347257529962138,0.608801085682952,0.0312032275802682,39,0.569978602234095,node
auc_degree,alpha,imagination,55,7Networks_RH_Vis_5,0.0855470105099072,-0.245276407379573,0.398524693828475,0.614664413619496,39,0.858846166975187,node
auc_degree,alpha,total,56,7Networks_RH_Vis_6,0.266383213555395,-0.0630866081005783,0.543496040133795,0.111007934874161,39,0.68893950191487,node
auc_degree,alpha,social,56,7Networks_RH_Vis_6,0.0676289783576234,-0.262139931658557,0.383255059265146,0.690845728948161,39,0.869953880897684,node
auc_degree,alpha,switching,56,7Networks_RH_Vis_6,0.198102678107434,-0.134559215217623,0.490633380400411,0.239856594701696,39,0.74137492907797,node
auc_degree,alpha,detail,56,7Networks_RH_Vis_6,0.326761098303453,0.00306063347191394,0.588478350096384,0.0483872733767435,39,0.61693773555348,node
auc_degree,alpha,communication,56,7Networks_RH_Vis_6,0.152484562071436,-0.180456064627582,0.454073866234254,0.367600562058708,39,0.745178562424022,node
auc_degree,alpha,imagination,56,7Networks_RH_Vis_6,-0.0436824579659991,-0.362575023545693,0.284367046977792,0.797400614908458,39,0.924259803643895,node
auc_degree,alpha,total,57,7Networks_RH_Vis_7,-0.178576494768101,-0.475109667065605,0.154380998572394,0.290290091685999,39,0.745178562424022,node
auc_degree,alpha,social,57,7Networks_RH_Vis_7,-0.220317516099207,-0.508071674830513,0.111679620051761,0.19009068289197,39,0.731702701606437,node
auc_degree,alpha,switching,57,7Networks_RH_Vis_7,-0.146413624646848,-0.449130665675088,0.186456700857654,0.387200625573267,39,0.745178562424022,node
auc_degree,alpha,detail,57,7Networks_RH_Vis_7,-0.0460728748110629,-0.364653576397413,0.282163998939183,0.786563935903367,39,0.922178407610844,node
auc_degree,alpha,communication,57,7Networks_RH_Vis_7,-0.00368032579841193,-0.327314518506585,0.320726666262886,0.98275249357782,39,0.992607099731873,node
auc_degree,alpha,imagination,57,7Networks_RH_Vis_7,-0.0296929869179658,-0.350346731819782,0.297190883046801,0.861508272293422,39,0.955150475803577,node
auc_degree,alpha,total,58,7Networks_RH_Vis_8,-0.0337614166097572,-0.353914282268296,0.293473565779637,0.842755186710123,39,0.947298793167155,node
auc_degree,alpha,social,58,7Networks_RH_Vis_8,-0.155902812852868,-0.456848996713148,0.177066455844647,0.356829878904053,39,0.745178562424022,node
auc_degree,alpha,switching,58,7Networks_RH_Vis_8,-0.132978153979366,-0.43812467829509,0.199648873579539,0.432684698353395,39,0.745519116936913,node
auc_degree,alpha,detail,58,7Networks_RH_Vis_8,0.170925613573092,-0.162075299859878,0.468976307981914,0.311785295546938,39,0.745178562424022,node
auc_degree,alpha,communication,58,7Networks_RH_Vis_8,0.157203358263684,-0.175774730171568,0.457903317314842,0.352782418927889,39,0.745178562424022,node
auc_degree,alpha,imagination,58,7Networks_RH_Vis_8,-0.11588126119298,-0.423985805693094,0.216263605132453,0.494612213859266,39,0.773062245232254,node
auc_degree,alpha,total,59,7Networks_RH_SomMot_1,-0.179247235642347,-0.475645998854174,0.153704520115813,0.288452281814596,39,0.998155071139061,node
auc_degree,alpha,social,59,7Networks_RH_SomMot_1,-0.0791717221408651,-0.393111524906847,0.251299530742628,0.641368694310284,39,0.998155071139061,node
auc_degree,alpha,switching,59,7Networks_RH_SomMot_1,0.050004541848158,-0.278532964008717,0.368065409727024,0.768826752528117,39,0.998155071139061,node
auc_degree,alpha,detail,59,7Networks_RH_SomMot_1,-0.208805753403169,-0.499064477541427,0.123579962924671,0.21488361578036,39,0.998155071139061,node
auc_degree,alpha,communication,59,7Networks_RH_SomMot_1,-0.153215315574741,-0.454667625698243,0.179732098192291,0.365281887346254,39,0.998155071139061,node
auc_degree,alpha,imagination,59,7Networks_RH_SomMot_1,-0.136774174741505,-0.441243579969268,0.195933775272799,0.419543388189709,39,0.998155071139061,node
auc_degree,alpha,total,60,7Networks_RH_SomMot_2,-0.169729445302447,-0.468014789389605,0.163274607435069,0.315234328001586,39,0.998155071139061,node
auc_degree,alpha,social,60,7Networks_RH_SomMot_2,0.0159824314092286,-0.309645650865308,0.338255229605998,0.925199344670768,39,0.998155071139061,node
auc_degree,alpha,switching,60,7Networks_RH_SomMot_2,-0.0513326385682522,-0.369215977258321,0.277304293505399,0.762860789940944,39,0.998155071139061,node
auc_degree,alpha,detail,60,7Networks_RH_SomMot_2,-0.170332753525414,-0.468499836264025,0.16266983883775,0.313491763592894,39,0.998155071139061,node
auc_degree,alpha,communication,60,7Networks_RH_SomMot_2,-0.144330752923899,-0.447430427453079,0.188509746864265,0.394062999202799,39,0.998155071139061,node
auc_degree,alpha,imagination,60,7Networks_RH_SomMot_2,-0.174137812166482,-0.471554885416432,0.158849795448711,0.302641473750815,39,0.998155071139061,node
auc_degree,alpha,total,61,7Networks_RH_SomMot_3,-0.000393647586456821,-0.324376793293187,0.323672157716882,0.998155071139061,39,0.998155071139061,node
auc_degree,alpha,social,61,7Networks_RH_SomMot_3,0.0710173845036498,-0.258966306460246,0.386155926516567,0.676178705091412,39,0.998155071139061,node
auc_degree,alpha,switching,61,7Networks_RH_SomMot_3,0.182888338366827,-0.150026817191974,0.478553624519902,0.278606921736167,39,0.998155071139061,node
auc_degree,alpha,detail,61,7Networks_RH_SomMot_3,-0.157191158921329,-0.457893431532486,0.175786852112853,0.352820255245317,39,0.998155071139061,node
auc_degree,alpha,communication,61,7Networks_RH_SomMot_3,-0.129763360108172,-0.435477568387003,0.202787674423562,0.443989753731975,39,0.998155071139061,node
auc_degree,alpha,imagination,61,7Networks_RH_SomMot_3,-0.00237298427214253,-0.326146728835679,0.321899045986727,0.988878744679872,39,0.998155071139061,node
auc_degree,alpha,total,62,7Networks_RH_SomMot_4,0.0602787533358333,-0.268999816141115,0.376940940917604,0.723039778420364,39,0.998155071139061,node
auc_degree,alpha,social,62,7Networks_RH_SomMot_4,0.13207008225809,-0.200536172119555,0.437377494239052,0.435861738195253,39,0.998155071139061,node
auc_degree,alpha,switching,62,7Networks_RH_SomMot_4,0.085516284369511,-0.245305497614614,0.398498656876669,0.61479198836482,39,0.998155071139061,node
auc_degree,alpha,detail,62,7Networks_RH_SomMot_4,0.0301039728278538,-0.296815815331856,0.35070754272321,0.859610296480473,39,0.998155071139061,node
auc_degree,alpha,communication,62,7Networks_RH_SomMot_4,-0.129822559057462,-0.435526361527044,0.20272993654561,0.443780130006593,39,0.998155071139061,node
auc_degree,alpha,imagination,62,7Networks_RH_SomMot_4,0.00932644960468571,-0.315651970576603,0.332346619110269,0.956310103531393,39,0.998155071139061,node
auc_degree,alpha,total,63,7Networks_RH_SomMot_5,0.153913565304355,-0.17903999652117,0.455234724634904,0.36307452744938,39,0.998155071139061,node
auc_degree,alpha,social,63,7Networks_RH_SomMot_5,0.135295379055431,-0.197382182915227,0.44002943994158,0.424635878038207,39,0.998155071139061,node
auc_degree,alpha,switching,63,7Networks_RH_SomMot_5,0.0373841534304292,-0.290155127018522,0.357083188665665,0.826127644345212,39,0.998155071139061,node
auc_degree,alpha,detail,63,7Networks_RH_SomMot_5,0.052263469592007,-0.276442506752003,0.370021801929373,0.758687383688041,39,0.998155071139061,node
auc_degree,alpha,communication,63,7Networks_RH_SomMot_5,0.172428541063519,-0.160567032127503,0.470183408852787,0.307485617165151,39,0.998155071139061,node
auc_degree,alpha,imagination,63,7Networks_RH_SomMot_5,0.0118195848661474,-0.313405225980876,0.33456278493995,0.944647018633599,39,0.998155071139061,node
auc_degree,alpha,total,64,7Networks_RH_SomMot_6,0.190091715323691,-0.142723787904506,0.484286886738792,0.259780951758576,39,0.998155071139061,node
auc_degree,alpha,social,64,7Networks_RH_SomMot_6,0.136536245720126,-0.196166913082898,0.44104830761202,0.420360411836768,39,0.998155071139061,node
auc_degree,alpha,switching,64,7Networks_RH_SomMot_6,0.262496425853837,-0.0672478819150355,0.540544761097686,0.116515965070401,39,0.998155071139061,node
auc_degree,alpha,detail,64,7Networks_RH_SomMot_6,0.0262481896053957,-0.300330660237294,0.347318744314361,0.877445791630978,39,0.998155071139061,node
auc_degree,alpha,communication,64,7Networks_RH_SomMot_6,-0.00868689101619207,-0.331777535434544,0.316227736411965,0.959303547784607,39,0.998155071139061,node
auc_degree,alpha,imagination,64,7Networks_RH_SomMot_6,0.0850306407403582,-0.245765205745958,0.398087061455343,0.616809855732813,39,0.998155071139061,node
auc_degree,alpha,total,65,7Networks_RH_SomMot_7,0.0865131615464602,-0.244361391674474,0.399343141040961,0.610658662380116,39,0.998155071139061,node
auc_degree,alpha,social,65,7Networks_RH_SomMot_7,0.0923591390955836,-0.238812225444468,0.404284780223468,0.58666120696727,39,0.998155071139061,node
auc_degree,alpha,switching,65,7Networks_RH_SomMot_7,0.0584403954311059,-0.270710328578678,0.375357108216322,0.73116820990986,39,0.998155071139061,node
auc_degree,alpha,detail,65,7Networks_RH_SomMot_7,-0.0779517156828998,-0.392073147762421,0.252449235016472,0.646531306269198,39,0.998155071139061,node
auc_degree,alpha,communication,65,7Networks_RH_SomMot_7,0.0817524968160107,-0.248864395058448,0.395305449594411,0.630502546362467,39,0.998155071139061,node
auc_degree,alpha,imagination,65,7Networks_RH_SomMot_7,0.0945474690118859,-0.23672942260275,0.406129915879744,0.577787092172658,39,0.998155071139061,node
auc_degree,alpha,total,66,7Networks_RH_SomMot_8,-0.0943129996632144,-0.405932339646739,0.236952730955012,0.578735015905405,39,0.998155071139061,node
auc_degree,alpha,social,66,7Networks_RH_SomMot_8,-0.0239124186262145,-0.345261778314142,0.30245559124748,0.88827983488131,39,0.998155071139061,node
auc_degree,alpha,switching,66,7Networks_RH_SomMot_8,-0.0216644705113425,-0.343279232646048,0.30449756794872,0.898725435638193,39,0.998155071139061,node
auc_degree,alpha,detail,66,7Networks_RH_SomMot_8,-0.166039379996643,-0.46504413952488,0.166968166466352,0.32602463201481,39,0.998155071139061,node
auc_degree,alpha,communication,66,7Networks_RH_SomMot_8,-0.10349066885159,-0.413644244101943,0.22818572073158,0.542164496645506,39,0.998155071139061,node
auc_degree,alpha,imagination,66,7Networks_RH_SomMot_8,0.0783499093948782,-0.252074089519313,0.392412148121097,0.644844494251745,39,0.998155071139061,node
auc_degree,alpha,total,67,7Networks_RH_DorsAttn_Post_1,0.24152551587639,-0.0895035709900325,0.524502380640619,0.149828209987937,39,0.774924005615817,node
auc_degree,alpha,social,67,7Networks_RH_DorsAttn_Post_1,0.035605809163586,-0.291785081056746,0.3555285416305,0.834280992289898,39,0.979907173163679,node
auc_degree,alpha,switching,67,7Networks_RH_DorsAttn_Post_1,0.155905013714142,-0.177064270877206,0.456850781612474,0.356823006007374,39,0.917544872590391,node
auc_degree,alpha,detail,67,7Networks_RH_DorsAttn_Post_1,0.0018784025447652,-0.3223423110578,0.325704683326788,0.991196555272653,39,0.991196555272653,node
auc_degree,alpha,communication,67,7Networks_RH_DorsAttn_Post_1,0.391037918298796,0.0767363432963611,0.634648718244726,0.0167060788209435,39,0.501182364628306,node
auc_degree,alpha,imagination,67,7Networks_RH_DorsAttn_Post_1,0.125701276502285,-0.206743987724093,0.432125209330945,0.45850208656496,39,0.936249877643599,node
auc_degree,alpha,total,68,7Networks_RH_DorsAttn_Post_2,0.112410992463014,-0.219612682296005,0.421097492404747,0.50771160823091,39,0.936249877643599,node
auc_degree,alpha,social,68,7Networks_RH_DorsAttn_Post_2,0.210216441519415,-0.122126778863925,0.500171630478373,0.211731175195623,39,0.774924005615817,node
auc_degree,alpha,switching,68,7Networks_RH_DorsAttn_Post_2,0.0159769714046987,-0.309650588614772,0.338250393072679,0.92522482677941,39,0.991196555272653,node
auc_degree,alpha,detail,68,7Networks_RH_DorsAttn_Post_2,0.0854266884587104,-0.245390319904762,0.39842273152837,0.615164053647579,39,0.954564910832451,node
auc_degree,alpha,communication,68,7Networks_RH_DorsAttn_Post_2,0.00644197205554454,-0.318246843133973,0.329778127846619,0.969814934616303,39,0.991196555272653,node
auc_degree,alpha,imagination,68,7Networks_RH_DorsAttn_Post_2,-0.0721947622390157,-0.387162440792393,0.257861888672871,0.671109375098788,39,0.979907173163679,node
auc_degree,alpha,total,69,7Networks_RH_DorsAttn_Post_3,0.103563177666193,-0.228116241543194,0.413704995849536,0.541880020241819,39,0.936249877643599,node
auc_degree,alpha,social,69,7Networks_RH_DorsAttn_Post_3,-0.00294416836851111,-0.326657063610401,0.321386949679223,0.986202057214561,39,0.991196555272653,node
auc_degree,alpha,switching,69,7Networks_RH_DorsAttn_Post_3,-0.0885939309296806,-0.401104113625086,0.242388747791748,0.602069477096054,39,0.954564910832451,node
auc_degree,alpha,detail,69,7Networks_RH_DorsAttn_Post_3,0.186992160242176,-0.145870670711263,0.481823003215306,0.267775654918586,39,0.80685847882053,node
auc_degree,alpha,communication,69,7Networks_RH_DorsAttn_Post_3,0.290248199978979,-0.0372826629709096,0.561468036297006,0.0813949413441594,39,0.773626875948986,node
auc_degree,alpha,imagination,69,7Networks_RH_DorsAttn_Post_3,-0.105553154982423,-0.415371227449104,0.226208091731138,0.5341005956197,39,0.936249877643599,node
auc_degree,alpha,total,70,7Networks_RH_DorsAttn_Post_4,-0.0260109722000722,-0.347109982788304,0.300546613041734,0.878545113134761,39,0.979907173163679,node
auc_degree,alpha,social,70,7Networks_RH_DorsAttn_Post_4,-0.0635323765783218,-0.379739560262598,0.265967360679771,0.70872714311976,39,0.979907173163679,node
auc_degree,alpha,switching,70,7Networks_RH_DorsAttn_Post_4,-0.116370225264698,-0.424392268584233,0.215791087963286,0.492780494917905,39,0.936249877643599,node
auc_degree,alpha,detail,70,7Networks_RH_DorsAttn_Post_4,0.179822151044353,-0.153124438317551,0.476105532207016,0.286883014691744,39,0.80685847882053,node
auc_degree,alpha,communication,70,7Networks_RH_DorsAttn_Post_4,0.0911784271786071,-0.239934736181747,0.403288182937328,0.591474173443542,39,0.954564910832451,node
auc_degree,alpha,imagination,70,7Networks_RH_DorsAttn_Post_4,-0.191963694937077,-0.485772695082673,0.14081995997873,0.25502989904111,39,0.80685847882053,node
auc_degree,alpha,total,71,7Networks_RH_DorsAttn_Post_5,-0.213386908226134,-0.50265645891512,0.118855596035584,0.204763227373911,39,0.774924005615817,node
auc_degree,alpha,social,71,7Networks_RH_DorsAttn_Post_5,-0.208639762683445,-0.498934140400343,0.123750860302807,0.215256668226616,39,0.774924005615817,node
auc_degree,alpha,switching,71,7Networks_RH_DorsAttn_Post_5,-0.214167313630449,-0.503267363341576,0.118049291853187,0.203072828505446,39,0.774924005615817,node
auc_degree,alpha,detail,71,7Networks_RH_DorsAttn_Post_5,0.0655476294338532,-0.264085820093248,0.381470091649831,0.699910794936873,39,0.979907173163679,node
auc_degree,alpha,communication,71,7Networks_RH_DorsAttn_Post_5,0.011689471918435,-0.313522570293674,0.334447214829561,0.945255437594725,39,0.991196555272653,node
auc_degree,alpha,imagination,71,7Networks_RH_DorsAttn_Post_5,-0.258889447173846,-0.537799808410117,0.0710993510405395,0.121808824650477,39,0.774924005615817,node
auc_degree,alpha,total,72,7Networks_RH_DorsAttn_PrCv_1,-0.227358251032909,-0.513549742577008,0.104353991239935,0.175959786955362,39,0.774924005615817,node
auc_degree,alpha,social,72,7Networks_RH_DorsAttn_PrCv_1,-0.116894511754057,-0.424827956198858,0.215284263597686,0.490820324036459,39,0.936249877643599,node
auc_degree,alpha,switching,72,7Networks_RH_DorsAttn_PrCv_1,0.0985410892708246,-0.232920520310323,0.409490683095408,0.561749926586159,39,0.936249877643599,node
auc_degree,alpha,detail,72,7Networks_RH_DorsAttn_PrCv_1,-0.315763175452613,-0.580403686080447,0.00920294434785661,0.0569338540590065,39,0.732006695044369,node
auc_degree,alpha,communication,72,7Networks_RH_DorsAttn_PrCv_1,-0.25295957991001,-0.533274221921788,0.0774098468831762,0.130897959275108,39,0.774924005615817,node
auc_degree,alpha,imagination,72,7Networks_RH_DorsAttn_PrCv_1,-0.0506518961807786,-0.368626352694208,0.277934207314052,0.765917103625879,39,0.979907173163679,node
auc_degree,alpha,total,73,7Networks_RH_DorsAttn_FEF_1,-0.00971725781082551,-0.332694247232661,0.315300025690378,0.954481219119773,39,0.991196555272653,node
auc_degree,alpha,social,73,7Networks_RH_DorsAttn_FEF_1,-0.0793996531291959,-0.393305433775682,0.251084630712274,0.640406002224718,39,0.960609003337078,node
auc_degree,alpha,switching,73,7Networks_RH_DorsAttn_FEF_1,0.107091138116319,-0.224731603736696,0.416657576219951,0.528125346945961,39,0.936249877643599,node
auc_degree,alpha,detail,73,7Networks_RH_DorsAttn_FEF_1,-0.132376144226592,-0.437629376762797,0.2002371726202,0.434789494975755,39,0.936249877643599,node
auc_degree,alpha,communication,73,7Networks_RH_DorsAttn_FEF_1,0.0127905368757466,-0.312529244638743,0.335424906378798,0.940107764380879,39,0.991196555272653,node
auc_degree,alpha,imagination,73,7Networks_RH_DorsAttn_FEF_1,0.105896149541016,-0.225878943590497,0.415658210960707,0.53276519759213,39,0.936249877643599,node
auc_degree,alpha,total,74,7Networks_RH_SalVentAttn_TempOccPar_1,0.173560742984739,-0.159429779263528,0.471092020298851,0.304271452986968,39,0.973279734479051,node
auc_degree,alpha,social,74,7Networks_RH_SalVentAttn_TempOccPar_1,0.102320225308972,-0.229306792600627,0.412663201866053,0.546766369244323,39,0.973279734479051,node
auc_degree,alpha,switching,74,7Networks_RH_SalVentAttn_TempOccPar_1,0.0505083426859991,-0.278067006117682,0.368501981255473,0.766562059355143,39,0.973279734479051,node
auc_degree,alpha,detail,74,7Networks_RH_SalVentAttn_TempOccPar_1,-0.00570224706352086,-0.329118665523433,0.31891151594161,0.973279734479051,39,0.973279734479051,node
auc_degree,alpha,communication,74,7Networks_RH_SalVentAttn_TempOccPar_1,0.109380572783139,-0.222530884519636,0.418570135651781,0.51929139540442,39,0.973279734479051,node
auc_degree,alpha,imagination,74,7Networks_RH_SalVentAttn_TempOccPar_1,0.28574998860797,-0.0421799759351681,0.558100025959539,0.0864470390044137,39,0.973279734479051,node
auc_degree,alpha,total,75,7Networks_RH_SalVentAttn_TempOccPar_2,0.0115852737179694,-0.313616535841571,0.334354655952086,0.945742699082777,39,0.973279734479051,node
auc_degree,alpha,social,75,7Networks_RH_SalVentAttn_TempOccPar_2,0.160892603947798,-0.172104253140355,0.460889503317563,0.341453022235633,39,0.973279734479051,node
auc_degree,alpha,switching,75,7Networks_RH_SalVentAttn_TempOccPar_2,0.0500944496300382,-0.278449820976352,0.368143330116909,0.768422458777669,39,0.973279734479051,node
auc_degree,alpha,detail,75,7Networks_RH_SalVentAttn_TempOccPar_2,0.0520496689823357,-0.276640495507066,0.369836756053852,0.759645374651663,39,0.973279734479051,node
auc_degree,alpha,communication,75,7Networks_RH_SalVentAttn_TempOccPar_2,-0.146926865529058,-0.449549285339923,0.185950362506089,0.385520436211717,39,0.973279734479051,node
auc_degree,alpha,imagination,75,7Networks_RH_SalVentAttn_TempOccPar_2,-0.181425140490947,-0.477385957363443,0.151505831157089,0.282536721175616,39,0.973279734479051,node
auc_degree,alpha,total,76,7Networks_RH_SalVentAttn_FrOperIns_1,-0.0339177754588302,-0.354051205555329,0.293330503220124,0.842036094813139,39,0.973279734479051,node
auc_degree,alpha,social,76,7Networks_RH_SalVentAttn_FrOperIns_1,0.163461916996057,-0.169542537410542,0.462965176993674,0.333696031045844,39,0.973279734479051,node
auc_degree,alpha,switching,76,7Networks_RH_SalVentAttn_FrOperIns_1,-0.00944573969333061,-0.332452738240055,0.315544552587352,0.955751832075088,39,0.973279734479051,node
auc_degree,alpha,detail,76,7Networks_RH_SalVentAttn_FrOperIns_1,-0.0971798355599616,-0.408346089083213,0.234219954978681,0.567193134408824,39,0.973279734479051,node
auc_degree,alpha,communication,76,7Networks_RH_SalVentAttn_FrOperIns_1,-0.159659086356186,-0.459891812617499,0.173332525151927,0.345216010642731,39,0.973279734479051,node
auc_degree,alpha,imagination,76,7Networks_RH_SalVentAttn_FrOperIns_1,-0.0451044281342786,-0.363811859822128,0.283056952889505,0.790949637788947,39,0.973279734479051,node
auc_degree,alpha,total,77,7Networks_RH_SalVentAttn_Med_1,-0.0979646705950992,-0.409006127762794,0.233470906420629,0.564051886194221,39,0.973279734479051,node
auc_degree,alpha,social,77,7Networks_RH_SalVentAttn_Med_1,-0.0134341820475582,-0.335996109947766,0.311948250501735,0.937099704267052,39,0.973279734479051,node
auc_degree,alpha,switching,77,7Networks_RH_SalVentAttn_Med_1,-0.145534185620547,-0.448413051131453,0.187323901490256,0.390089540983965,39,0.973279734479051,node
auc_degree,alpha,detail,77,7Networks_RH_SalVentAttn_Med_1,-0.0174541303996479,-0.33955825663315,0.308314080748124,0.91833361077033,39,0.973279734479051,node
auc_degree,alpha,communication,77,7Networks_RH_SalVentAttn_Med_1,-0.0441185986773124,-0.36295450023938,0.283965350645511,0.795420569501607,39,0.973279734479051,node
auc_degree,alpha,imagination,77,7Networks_RH_SalVentAttn_Med_1,-0.0551117955240535,-0.372484644199556,0.273802167138483,0.745959000557105,39,0.973279734479051,node
auc_degree,alpha,total,78,7Networks_RH_SalVentAttn_Med_2,-0.172567617112312,-0.470295053779636,0.160427383253578,0.307089645848387,39,0.973279734479051,node
auc_degree,alpha,social,78,7Networks_RH_SalVentAttn_Med_2,-0.202853215873305,-0.494382277912138,0.129696157242576,0.228541301348343,39,0.973279734479051,node
auc_degree,alpha,switching,78,7Networks_RH_SalVentAttn_Med_2,-0.0765539536830488,-0.390882493879228,0.253765306058441,0.652466169336671,39,0.973279734479051,node
auc_degree,alpha,detail,78,7Networks_RH_SalVentAttn_Med_2,0.00681807768542639,-0.31790877456486,0.330113303779362,0.968053497458387,39,0.973279734479051,node
auc_degree,alpha,communication,78,7Networks_RH_SalVentAttn_Med_2,-0.197650894397694,-0.490276289458641,0.135020866832708,0.240952016458466,39,0.973279734479051,node
auc_degree,alpha,imagination,78,7Networks_RH_SalVentAttn_Med_2,0.037026327149983,-0.290483248022425,0.356770515490039,0.827766793578101,39,0.973279734479051,node
auc_degree,alpha,total,79,7Networks_RH_Limbic_OFC_1,-0.0758783543809741,-0.390306621606428,0.254400982433364,0.655342337177282,39,0.854794352839933,node
auc_degree,alpha,social,79,7Networks_RH_Limbic_OFC_1,0.209289661250189,-0.123081638293739,0.499444370629494,0.213798611067724,39,0.794322755989685,node
auc_degree,alpha,switching,79,7Networks_RH_Limbic_OFC_1,-0.240977306762016,-0.524080297862385,0.0900809657585944,0.15078346665844,39,0.794322755989685,node
auc_degree,alpha,detail,79,7Networks_RH_Limbic_OFC_1,-0.0595344280913874,-0.376299892370374,0.269692628893057,0.726327323879511,39,0.861635100481125,node
auc_degree,alpha,communication,79,7Networks_RH_Limbic_OFC_1,-0.092582148969312,-0.404472931869309,0.238600109045779,0.585754098904312,39,0.854794352839933,node
auc_degree,alpha,imagination,79,7Networks_RH_Limbic_OFC_1,-0.0782200193816798,-0.392301576240406,0.252196472165011,0.645394537463291,39,0.854794352839933,node
auc_degree,alpha,total,80,7Networks_RH_Limbic_TempPole_1,0.13876249909967,-0.193984018508896,0.442874304772739,0.41275068642306,39,0.799674845699178,node
auc_degree,alpha,social,80,7Networks_RH_Limbic_TempPole_1,0.109096196013168,-0.222804425812549,0.418332720630077,0.520384701634417,39,0.821660055212237,node
auc_degree,alpha,switching,80,7Networks_RH_Limbic_TempPole_1,0.168869343693871,-0.164136358518801,0.467322975253172,0.317729102395874,39,0.794322755989685,node
auc_degree,alpha,detail,80,7Networks_RH_Limbic_TempPole_1,0.119861112606137,-0.212413094767963,0.42729054856215,0.479804907419507,39,0.799674845699178,node
auc_degree,alpha,communication,80,7Networks_RH_Limbic_TempPole_1,-0.148754524033467,-0.451038917542675,0.184145847107039,0.37957194851357,39,0.799674845699178,node
auc_degree,alpha,imagination,80,7Networks_RH_Limbic_TempPole_1,0.122689707301223,-0.209670139147987,0.429634340701996,0.469423307161388,39,0.799674845699178,node
auc_degree,alpha,total,81,7Networks_RH_Cont_Par_1,0.00559517721667863,-0.319007696081812,0.32902318697482,0.973781280656711,39,0.991041840888449,node
auc_degree,alpha,social,81,7Networks_RH_Cont_Par_1,-0.022169775652675,-0.343725129127347,0.304038823160116,0.896375895072862,39,0.986605529031741,node
auc_degree,alpha,switching,81,7Networks_RH_Cont_Par_1,0.00593756741918113,-0.318700105714618,0.329328487044602,0.972177461544674,39,0.991041840888449,node
auc_degree,alpha,detail,81,7Networks_RH_Cont_Par_1,0.188261197273376,-0.144583070346599,0.482832344009541,0.264483091212541,39,0.943444538436806,node
auc_degree,alpha,communication,81,7Networks_RH_Cont_Par_1,-0.0588625490096776,-0.375720977361985,0.270317716703896,0.729299035765534,39,0.983651105006738,node
auc_degree,alpha,imagination,81,7Networks_RH_Cont_Par_1,-0.139205720303737,-0.443237538732835,0.193549035874287,0.411245055216044,39,0.943444538436806,node
auc_degree,alpha,total,82,7Networks_RH_Cont_Par_2,0.0372700069622931,-0.290259805878639,0.356983453804944,0.826650454050561,39,0.983651105006738,node
auc_degree,alpha,social,82,7Networks_RH_Cont_Par_2,-0.00718036052367331,-0.330436084119584,0.317583052739492,0.966356938222609,39,0.991041840888449,node
auc_degree,alpha,switching,82,7Networks_RH_Cont_Par_2,-0.117713990401184,-0.425508665996936,0.21449172027288,0.487764552826433,39,0.983651105006738,node
auc_degree,alpha,detail,82,7Networks_RH_Cont_Par_2,0.22597083857583,-0.105800396712676,0.512472104100424,0.178683274750331,39,0.943444538436806,node
auc_degree,alpha,communication,82,7Networks_RH_Cont_Par_2,0.125972147130954,-0.206480508020177,0.432349017465812,0.457526522490549,39,0.983651105006738,node
auc_degree,alpha,imagination,82,7Networks_RH_Cont_Par_2,-0.151487174432955,-0.453263025856243,0.181443606890836,0.37077937666179,39,0.943444538436806,node
auc_degree,alpha,total,83,7Networks_RH_Cont_PFCl_1,-0.00462289210117972,-0.328155857910628,0.319880787497242,0.978336176261674,39,0.991041840888449,node
auc_degree,alpha,social,83,7Networks_RH_Cont_PFCl_1,0.102921587982455,-0.228730906495499,0.413167341908857,0.544399662046543,39,0.983651105006738,node
auc_degree,alpha,switching,83,7Networks_RH_Cont_PFCl_1,0.0577010844926265,-0.271397639900617,0.374719634472049,0.73444533951321,39,0.983651105006738,node
auc_degree,alpha,detail,83,7Networks_RH_Cont_PFCl_1,-0.220653898979391,-0.508333929297821,0.111330444755335,0.189397906300073,39,0.943444538436806,node
auc_degree,alpha,communication,83,7Networks_RH_Cont_PFCl_1,-0.0847098208171439,-0.397815089194809,0.24606881088222,0.618144395525966,39,0.983651105006738,node
auc_degree,alpha,imagination,83,7Networks_RH_Cont_PFCl_1,0.145149042039683,-0.187703522061522,0.44809865435142,0.391358654338971,39,0.943444538436806,node
auc_degree,alpha,total,84,7Networks_RH_Cont_PFCl_2,-0.161368074276542,-0.461273869698238,0.171630528128515,0.340009275891469,39,0.943444538436806,node
auc_degree,alpha,social,84,7Networks_RH_Cont_PFCl_2,0.00552255166936276,-0.319072931328574,0.328958420048547,0.974121485413422,39,0.991041840888449,node
auc_degree,alpha,switching,84,7Networks_RH_Cont_PFCl_2,0.0414958320615062,-0.286379248416191,0.360670891767546,0.807346299941504,39,0.983651105006738,node
auc_degree,alpha,detail,84,7Networks_RH_Cont_PFCl_2,-0.207016064560394,-0.497658507757147,0.125421515552395,0.218929357650739,39,0.943444538436806,node
auc_degree,alpha,communication,84,7Networks_RH_Cont_PFCl_2,-0.318234897021582,-0.582222966511197,0.00645526382504126,0.0549155169535776,39,0.943444538436806,node
auc_degree,alpha,imagination,84,7Networks_RH_Cont_PFCl_2,0.0141491456446249,-0.311302594506166,0.336630327082149,0.933759347296084,39,0.991041840888449,node
auc_degree,alpha,total,85,7Networks_RH_Cont_PFCl_3,-0.160456854467917,-0.460537148084779,0.172538267891103,0.342779447918765,39,0.943444538436806,node
auc_degree,alpha,social,85,7Networks_RH_Cont_PFCl_3,-0.0853545724809519,-0.398361615905302,0.245458589903847,0.615463598721936,39,0.983651105006738,node
auc_degree,alpha,switching,85,7Networks_RH_Cont_PFCl_3,-0.0395511488795112,-0.358975207457591,0.288166379923095,0.816216675389375,39,0.983651105006738,node
auc_degree,alpha,detail,85,7Networks_RH_Cont_PFCl_3,-0.110734320252623,-0.419699747248753,0.221228001363417,0.514102416142499,39,0.983651105006738,node
auc_degree,alpha,communication,85,7Networks_RH_Cont_PFCl_3,-0.244609900087626,-0.526874551401479,0.0862508268743522,0.144535823095369,39,0.943444538436806,node
auc_degree,alpha,imagination,85,7Networks_RH_Cont_PFCl_3,0.0587532983037957,-0.270419332703119,0.37562681967188,0.729782619283054,39,0.983651105006738,node
auc_degree,alpha,total,86,7Networks_RH_Cont_PFCl_4,-0.106407676082189,-0.416086090608877,0.225387926199237,0.530776651995966,39,0.983651105006738,node
auc_degree,alpha,social,86,7Networks_RH_Cont_PFCl_4,-0.0233114420802846,-0.344732036381378,0.303001796018386,0.891070665415996,39,0.986605529031741,node
auc_degree,alpha,switching,86,7Networks_RH_Cont_PFCl_4,0.174193749507241,-0.158793563361312,0.471599743845496,0.302483769984939,39,0.943444538436806,node
auc_degree,alpha,detail,86,7Networks_RH_Cont_PFCl_4,-0.335327735438232,-0.594732001900205,-0.0126810690538559,0.042470928012652,39,0.943444538436806,node
auc_degree,alpha,communication,86,7Networks_RH_Cont_PFCl_4,-0.0691494230591627,-0.384557506237569,0.260716745101011,0.684250226152005,39,0.983651105006738,node
auc_degree,alpha,imagination,86,7Networks_RH_Cont_PFCl_4,-0.0660210426173352,-0.381876298527742,0.263643453714256,0.697845250614105,39,0.983651105006738,node
auc_degree,alpha,total,87,7Networks_RH_Cont_Cing_1,-0.230556700566055,-0.516030624609543,0.101014188286006,0.169794304153786,39,0.943444538436806,node
auc_degree,alpha,social,87,7Networks_RH_Cont_Cing_1,-0.103235705005521,-0.413430599875588,0.22843000463618,0.543165370613733,39,0.983651105006738,node
auc_degree,alpha,switching,87,7Networks_RH_Cont_Cing_1,-0.183336066326163,-0.478910713389667,0.149573951701759,0.277411573964593,39,0.943444538436806,node
auc_degree,alpha,detail,87,7Networks_RH_Cont_Cing_1,0.00126402593378162,-0.322892743433492,0.325155370737404,0.994075870141512,39,0.994075870141512,node
auc_degree,alpha,communication,87,7Networks_RH_Cont_Cing_1,-0.167439307255928,-0.466171930111054,0.165568013232407,0.321904315245306,39,0.943444538436806,node
auc_degree,alpha,imagination,87,7Networks_RH_Cont_Cing_1,-0.223939251753255,-0.510892489154193,0.107915837006447,0.182725176139286,39,0.943444538436806,node
auc_degree,alpha,total,88,7Networks_RH_Cont_PFCmp_1,-0.281634334299292,-0.555010571329165,0.0466470273342448,0.0912785160539901,39,0.943444538436806,node
auc_degree,alpha,social,88,7Networks_RH_Cont_PFCmp_1,-0.0412464259205695,-0.360453537683204,0.286608576120105,0.808482629044358,39,0.983651105006738,node
auc_degree,alpha,switching,88,7Networks_RH_Cont_PFCmp_1,-0.320380950873572,-0.583800402005174,0.00406562759040222,0.0532097526546353,39,0.943444538436806,node
auc_degree,alpha,detail,88,7Networks_RH_Cont_PFCmp_1,0.0336465937909581,-0.29357861507564,0.353813723301229,0.843283334957115,39,0.983651105006738,node
auc_degree,alpha,communication,88,7Networks_RH_Cont_PFCmp_1,-0.313051270521722,-0.578404577749073,0.0122119887249393,0.0592157475739801,39,0.943444538436806,node
auc_degree,alpha,imagination,88,7Networks_RH_Cont_PFCmp_1,-0.176612263999269,-0.473537778112557,0.156360237495925,0.29571527645706,39,0.943444538436806,node
auc_degree,alpha,total,89,7Networks_RH_Cont_pCun_1,0.0805622426652032,-0.249988000041219,0.394294055087212,0.635504702513625,39,0.983651105006738,node
auc_degree,alpha,social,89,7Networks_RH_Cont_pCun_1,0.0543413523867904,-0.274516841564708,0.371818911228182,0.749395519441155,39,0.983651105006738,node
auc_degree,alpha,switching,89,7Networks_RH_Cont_pCun_1,-0.139864568950757,-0.443777301828044,0.192902192005752,0.409012705867141,39,0.943444538436806,node
auc_degree,alpha,detail,89,7Networks_RH_Cont_pCun_1,0.2128349399907,-0.119425617619929,0.502224201499788,0.205964711588809,39,0.943444538436806,node
auc_degree,alpha,communication,89,7Networks_RH_Cont_pCun_1,0.144995535374423,-0.187854799710922,0.4479733243469,0.391865152144735,39,0.943444538436806,node
auc_degree,alpha,imagination,89,7Networks_RH_Cont_pCun_1,-0.0614618948627626,-0.377959295090083,0.267897854486852,0.717824132108489,39,0.983651105006738,node
auc_degree,alpha,total,90,7Networks_RH_Default_Par_1,-0.0812004092918774,-0.394836418852794,0.249385678711428,0.632820750444405,39,0.99014523825754,node
auc_degree,alpha,social,90,7Networks_RH_Default_Par_1,-0.0772843930520772,-0.391504834400303,0.253077709100189,0.649362087486706,39,0.99014523825754,node
auc_degree,alpha,switching,90,7Networks_RH_Default_Par_1,-0.162912158739147,-0.462521319265548,0.170091048741784,0.335346587387464,39,0.99014523825754,node
auc_degree,alpha,detail,90,7Networks_RH_Default_Par_1,0.133405499392479,-0.199231115333602,0.438476162908603,0.431194007749329,39,0.99014523825754,node
auc_degree,alpha,communication,90,7Networks_RH_Default_Par_1,-0.139639152416656,-0.443592653686873,0.193123533814546,0.409775697917106,39,0.99014523825754,node
auc_degree,alpha,imagination,90,7Networks_RH_Default_Par_1,0.0526725887863624,-0.276063566610922,0.370375827090893,0.756855203797957,39,0.99014523825754,node
auc_degree,alpha,total,91,7Networks_RH_Default_Temp_1,0.00702282030584266,-0.317724703665069,0.330295731020098,0.967094676685943,39,0.99014523825754,node
auc_degree,alpha,social,91,7Networks_RH_Default_Temp_1,-0.0638646993925665,-0.38002508389131,0.265657260294672,0.707270685491647,39,0.99014523825754,node
auc_degree,alpha,switching,91,7Networks_RH_Default_Temp_1,0.325911890635829,0.00211021630129207,0.587856717130727,0.0490081192862979,39,0.988134849518889,node
auc_degree,alpha,detail,91,7Networks_RH_Default_Temp_1,-0.0992489101335371,-0.410085459276144,0.232244375892608,0.558929161631013,39,0.99014523825754,node
auc_degree,alpha,communication,91,7Networks_RH_Default_Temp_1,-0.125816871632209,-0.432220724969625,0.206631552598714,0.458085624294351,39,0.99014523825754,node
auc_degree,alpha,imagination,91,7Networks_RH_Default_Temp_1,-0.048094991821508,-0.366409403993287,0.280297675448464,0.777427584368311,39,0.99014523825754,node
auc_degree,alpha,total,92,7Networks_RH_Default_Temp_2,-0.00969627921299425,-0.332675588772376,0.315318920374957,0.954579387957747,39,0.99014523825754,node
auc_degree,alpha,social,92,7Networks_RH_Default_Temp_2,0.0147020302507863,-0.310803099687372,0.337120569555392,0.931176995742703,39,0.99014523825754,node
auc_degree,alpha,switching,92,7Networks_RH_Default_Temp_2,0.093959556441819,-0.237289283755181,0.405634454697268,0.580165251935016,39,0.99014523825754,node
auc_degree,alpha,detail,92,7Networks_RH_Default_Temp_2,0.030078734251008,-0.29683885108553,0.350685388127973,0.859726828618298,39,0.99014523825754,node
auc_degree,alpha,communication,92,7Networks_RH_Default_Temp_2,-0.159693955176974,-0.459920025547084,0.173297818833143,0.345109293265135,39,0.99014523825754,node
auc_degree,alpha,imagination,92,7Networks_RH_Default_Temp_2,-0.036877314076926,-0.356640284831339,0.290619867926699,0.828449612495763,39,0.99014523825754,node
auc_degree,alpha,total,93,7Networks_RH_Default_Temp_3,-0.0531523793459358,-0.37079088909994,0.275619038000266,0.7547081972945,39,0.99014523825754,node
auc_degree,alpha,social,93,7Networks_RH_Default_Temp_3,-0.0472935710505118,-0.365713792157588,0.281037648069608,0.781045126291326,39,0.99014523825754,node
auc_degree,alpha,switching,93,7Networks_RH_Default_Temp_3,0.185454707443632,-0.147429103937823,0.48059912639164,0.271800573136269,39,0.99014523825754,node
auc_degree,alpha,detail,93,7Networks_RH_Default_Temp_3,-0.159887551488571,-0.460076656444339,0.173105109709977,0.344517150259041,39,0.99014523825754,node
auc_degree,alpha,communication,93,7Networks_RH_Default_Temp_3,-0.137028460834541,-0.441452244980891,0.195684568189991,0.418671183974715,39,0.99014523825754,node
auc_degree,alpha,imagination,93,7Networks_RH_Default_Temp_3,0.00218276217313971,-0.322069547905766,0.325976729555233,0.989770192994427,39,0.99014523825754,node
auc_degree,alpha,total,94,7Networks_RH_Default_PFCv_1,-0.0520663691203819,-0.369851211044224,0.276625031450366,0.759570532484319,39,0.99014523825754,node
auc_degree,alpha,social,94,7Networks_RH_Default_PFCv_1,0.123550081189254,-0.208834775232966,0.430346432802446,0.466289271361068,39,0.99014523825754,node
auc_degree,alpha,switching,94,7Networks_RH_Default_PFCv_1,-0.107718289879462,-0.417181762083169,0.224129090515439,0.525698174212,39,0.99014523825754,node
auc_degree,alpha,detail,94,7Networks_RH_Default_PFCv_1,-0.020558806779255,-0.342303055732174,0.305500824978628,0.903869426651921,39,0.99014523825754,node
auc_degree,alpha,communication,94,7Networks_RH_Default_PFCv_1,-0.145914717673983,-0.448723609884926,0.18694872864324,0.38883797653496,39,0.99014523825754,node
auc_degree,alpha,imagination,94,7Networks_RH_Default_PFCv_1,-0.0277621635507677,-0.348650357264122,0.298951612514981,0.870435087432343,39,0.99014523825754,node
auc_degree,alpha,total,95,7Networks_RH_Default_PFCv_2,-0.108128157953932,-0.417524226720777,0.223735187569374,0.524114875832401,39,0.99014523825754,node
auc_degree,alpha,social,95,7Networks_RH_Default_PFCv_2,0.0173038702125249,-0.308450092344346,0.339425274468166,0.919034342341759,39,0.99014523825754,node
auc_degree,alpha,switching,95,7Networks_RH_Default_PFCv_2,-0.0927363247378596,-0.404602993297565,0.23845344590048,0.585127342591838,39,0.99014523825754,node
auc_degree,alpha,detail,95,7Networks_RH_Default_PFCv_2,-0.0142267598289763,-0.336699158085979,0.311232486051994,0.933396794818081,39,0.99014523825754,node
auc_degree,alpha,communication,95,7Networks_RH_Default_PFCv_2,-0.27315456273272,-0.548621284674526,0.055809596826059,0.101884830202098,39,0.988134849518889,node
auc_degree,alpha,imagination,95,7Networks_RH_Default_PFCv_2,0.06812922056528,-0.261671846679021,0.3836837165362,0.688673232403248,39,0.99014523825754,node
auc_degree,alpha,total,96,7Networks_RH_Default_PFCdPFCm_1,-0.138856128518843,-0.442951045395668,0.193892140367052,0.412432365452108,39,0.99014523825754,node
auc_degree,alpha,social,96,7Networks_RH_Default_PFCdPFCm_1,0.123758427793795,-0.208632412020947,0.430518814342153,0.465532013420205,39,0.99014523825754,node
auc_degree,alpha,switching,96,7Networks_RH_Default_PFCdPFCm_1,-0.24486578306705,-0.527071151242195,0.085980659385697,0.144102998888171,39,0.988134849518889,node
auc_degree,alpha,detail,96,7Networks_RH_Default_PFCdPFCm_1,-0.143431972169563,-0.446696079683289,0.189394759891719,0.397045787526294,39,0.99014523825754,node
auc_degree,alpha,communication,96,7Networks_RH_Default_PFCdPFCm_1,-0.125094016032619,-0.431623320297859,0.207334503426202,0.460693235665421,39,0.99014523825754,node
auc_degree,alpha,imagination,96,7Networks_RH_Default_PFCdPFCm_1,-0.0109332021554603,-0.333775281746279,0.314204426930094,0.948792411814725,39,0.99014523825754,node
auc_degree,alpha,total,97,7Networks_RH_Default_PFCdPFCm_2,-0.155230952658637,-0.456304004532398,0.177733310706409,0.358931705721385,39,0.99014523825754,node
auc_degree,alpha,social,97,7Networks_RH_Default_PFCdPFCm_2,-0.00757588746381282,-0.330788397380866,0.317227354219802,0.964504864450076,39,0.99014523825754,node
auc_degree,alpha,switching,97,7Networks_RH_Default_PFCdPFCm_2,-0.132293595029591,-0.43756144523837,0.200317823072547,0.435078550436799,39,0.99014523825754,node
auc_degree,alpha,detail,97,7Networks_RH_Default_PFCdPFCm_2,-0.029274496724265,-0.349979234971038,0.297572695576348,0.863441689858484,39,0.99014523825754,node
auc_degree,alpha,communication,97,7Networks_RH_Default_PFCdPFCm_2,-0.199356219294197,-0.491623668134903,0.133277537384701,0.236834784690774,39,0.99014523825754,node
auc_degree,alpha,imagination,97,7Networks_RH_Default_PFCdPFCm_2,-0.086405006214936,-0.399251545123703,0.244463851982197,0.611106533523628,39,0.99014523825754,node
auc_degree,alpha,total,98,7Networks_RH_Default_PFCdPFCm_3,-0.233653183555789,-0.518427861973534,0.0977737229508287,0.163974428972233,39,0.99014523825754,node
auc_degree,alpha,social,98,7Networks_RH_Default_PFCdPFCm_3,-0.141454655402874,-0.445079075716496,0.191339886025302,0.40365358174128,39,0.99014523825754,node
auc_degree,alpha,switching,98,7Networks_RH_Default_PFCdPFCm_3,0.0292570434314634,-0.297588616942364,0.349963906230448,0.863522340846785,39,0.99014523825754,node
auc_degree,alpha,detail,98,7Networks_RH_Default_PFCdPFCm_3,-0.219940624295383,-0.507777774963807,0.112070747441562,0.190869005247729,39,0.99014523825754,node
auc_degree,alpha,communication,98,7Networks_RH_Default_PFCdPFCm_3,-0.264487966605247,-0.542057814413785,0.0651171300802761,0.113668630068168,39,0.988134849518889,node
auc_degree,alpha,imagination,98,7Networks_RH_Default_PFCdPFCm_3,-0.0508679022851614,-0.368813473954026,0.277734360209599,0.764946925998412,39,0.99014523825754,node
auc_degree,alpha,total,99,7Networks_RH_Default_pCunPCC_1,0.209249662135975,-0.123122835433906,0.49941297345288,0.213888152390135,39,0.99014523825754,node
auc_degree,alpha,social,99,7Networks_RH_Default_pCunPCC_1,0.0724281919552066,-0.257642821667699,0.387361905580291,0.670106006989748,39,0.99014523825754,node
auc_degree,alpha,switching,99,7Networks_RH_Default_pCunPCC_1,0.133911785709037,-0.198736030646118,0.438892454390099,0.429431642960009,39,0.99014523825754,node
auc_degree,alpha,detail,99,7Networks_RH_Default_pCunPCC_1,0.288162867345039,-0.0395549735593508,0.559907771763729,0.0837077793235136,39,0.988134849518889,node
auc_degree,alpha,communication,99,7Networks_RH_Default_pCunPCC_1,0.0871186870486808,-0.24378761419647,0.399855840592244,0.608153758894537,39,0.99014523825754,node
auc_degree,alpha,imagination,99,7Networks_RH_Default_pCunPCC_1,-0.0363228637875719,-0.356155611291308,0.291128088259994,0.830991341591273,39,0.99014523825754,node
auc_degree,alpha,total,100,7Networks_RH_Default_pCunPCC_2,0.0906214791941886,-0.240463923217706,0.402817825650085,0.593750480545976,39,0.99014523825754,node
auc_degree,alpha,social,100,7Networks_RH_Default_pCunPCC_2,0.0499369515602608,-0.278595465494911,0.36800682830092,0.769130729459425,39,0.99014523825754,node
auc_degree,alpha,switching,100,7Networks_RH_Default_pCunPCC_2,0.00462854266470936,-0.319875715002677,0.328160900084603,0.978309702793959,39,0.99014523825754,node
auc_degree,alpha,detail,100,7Networks_RH_Default_pCunPCC_2,0.17181448674072,-0.161183456274343,0.469690355604638,0.309237788399916,39,0.99014523825754,node
auc_degree,alpha,communication,100,7Networks_RH_Default_pCunPCC_2,0.00598123528234617,-0.318660871246323,0.32936741963407,0.971972920794084,39,0.99014523825754,node
auc_degree,alpha,imagination,100,7Networks_RH_Default_pCunPCC_2,0.00746386240537461,-0.317328107955403,0.330688620873018,0.965029408956912,39,0.99014523825754,node
auc_degree,beta,total,1,7Networks_LH_Vis_1,0.159045773548948,-0.17394284450942,0.459395472141613,0.347096366848321,39,0.885095735463218,node
auc_degree,beta,social,1,7Networks_LH_Vis_1,0.13019957734937,-0.202362169064252,0.435837066558468,0.442446375831597,39,0.894015636344178,node
auc_degree,beta,switching,1,7Networks_LH_Vis_1,-0.0290884423233163,-0.349815819732911,0.297742410075522,0.864301509939311,39,0.932143999342859,node
auc_degree,beta,detail,1,7Networks_LH_Vis_1,0.331106363287065,0.00793294095206855,0.591654315351338,0.0453086419839579,39,0.271851851903748,node
auc_degree,beta,communication,1,7Networks_LH_Vis_1,0.000336317034786767,-0.323723481164225,0.324325494118806,0.99842376489005,39,0.99842376489005,node
auc_degree,beta,imagination,1,7Networks_LH_Vis_1,-0.0310620027828114,-0.35154824270059,0.295941120815172,0.855189042577217,39,0.932143999342859,node
auc_degree,beta,total,2,7Networks_LH_Vis_2,0.0435432723290521,-0.284495216136178,0.362453898841609,0.798032770205812,39,0.932143999342859,node
auc_degree,beta,social,2,7Networks_LH_Vis_2,-0.0745283963620864,-0.389155197097274,0.255670313615925,0.6611040269629,39,0.932143999342859,node
auc_degree,beta,switching,2,7Networks_LH_Vis_2,0.117476927458738,-0.214721036208052,0.425311782610766,0.488647531147419,39,0.894015636344178,node
auc_degree,beta,detail,2,7Networks_LH_Vis_2,0.282088655928023,-0.0461545593062187,0.555351982847585,0.0907352034949578,39,0.440713845546938,node
auc_degree,beta,communication,2,7Networks_LH_Vis_2,-0.111516168915607,-0.420351711886498,0.220474988856686,0.511117349316155,39,0.894015636344178,node
auc_degree,beta,imagination,2,7Networks_LH_Vis_2,-0.136080142119511,-0.440673895075043,0.196613726918282,0.421929120605672,39,0.894015636344178,node
auc_degree,beta,total,3,7Networks_LH_Vis_3,0.117887900321601,-0.214323470283172,0.425653081576411,0.487117321918703,39,0.894015636344178,node
auc_degree,beta,social,3,7Networks_LH_Vis_3,-0.029701496173472,-0.350354203192089,0.297183118481933,0.861468967870946,39,0.932143999342859,node
auc_degree,beta,switching,3,7Networks_LH_Vis_3,0.0723121435104886,-0.257751734002337,0.387262746319246,0.670604756322476,39,0.932143999342859,node
auc_degree,beta,detail,3,7Networks_LH_Vis_3,0.458925352044454,0.158465074158907,0.681594656532166,0.00427686248335563,39,0.113084835996498,node
auc_degree,beta,communication,3,7Networks_LH_Vis_3,-0.150096813827547,-0.452131878598728,0.182819123484156,0.375237782204196,39,0.891103438021275,node
auc_degree,beta,imagination,3,7Networks_LH_Vis_3,-0.0579092574724753,-0.374899162759925,0.271204142762421,0.733522104275622,39,0.932143999342859,node
auc_degree,beta,total,4,7Networks_LH_Vis_4,-0.171616970395869,-0.469531720884228,0.161381679684086,0.309802729361665,39,0.885095735463218,node
auc_degree,beta,social,4,7Networks_LH_Vis_4,-0.269035022358379,-0.545505662658061,0.0602409382707913,0.107364387820988,39,0.46019999614625,node
auc_degree,beta,switching,4,7Networks_LH_Vis_4,0.0372661424254075,-0.290263349743507,0.356980077059113,0.826668155556363,39,0.932143999342859,node
auc_degree,beta,detail,4,7Networks_LH_Vis_4,0.187435552441861,-0.145420920757273,0.482175748404873,0.266622209478569,39,0.845503619406385,node
auc_degree,beta,communication,4,7Networks_LH_Vis_4,-0.282239647050811,-0.555465428568818,0.0459908551192065,0.0905551885346716,39,0.440713845546938,node
auc_degree,beta,imagination,4,7Networks_LH_Vis_4,-0.162742207320259,-0.462384075376821,0.17026057294331,0.335857853541756,39,0.885095735463218,node
auc_degree,beta,total,5,7Networks_LH_Vis_5,0.0512606821754212,-0.277370890530148,0.3691536643702,0.763183684752975,39,0.932143999342859,node
auc_degree,beta,social,5,7Networks_LH_Vis_5,0.144552374478257,-0.188291437041349,0.447611440290226,0.393329501361191,39,0.891103438021275,node
auc_degree,beta,switching,5,7Networks_LH_Vis_5,0.0674191376889219,-0.262336236886823,0.383075206424676,0.691757770459203,39,0.932143999342859,node
auc_degree,beta,detail,5,7Networks_LH_Vis_5,0.0251936040413646,-0.301290454468282,0.34639041982133,0.882334693566973,39,0.932143999342859,node
auc_degree,beta,communication,5,7Networks_LH_Vis_5,-0.0433201148929608,-0.362259676157436,0.284700686294576,0.799046574032864,39,0.932143999342859,node
auc_degree,beta,imagination,5,7Networks_LH_Vis_5,-0.124186511997637,-0.430872931872938,0.208216532395031,0.463978149018167,39,0.894015636344178,node
auc_degree,beta,total,6,7Networks_LH_Vis_6,0.142146703178665,-0.190659401964242,0.445645241711286,0.401333768514308,39,0.891103438021275,node
auc_degree,beta,social,6,7Networks_LH_Vis_6,-0.0391700099464055,-0.358642622555996,0.288516372907111,0.817957861844884,39,0.932143999342859,node
auc_degree,beta,switching,6,7Networks_LH_Vis_6,0.0929215053086135,-0.238277268772678,0.40475919345008,0.584374939591842,39,0.932143999342859,node
auc_degree,beta,detail,6,7Networks_LH_Vis_6,0.421101805452682,0.112416168923112,0.655662888165741,0.00944565794707172,39,0.130095293334635,node
auc_degree,beta,communication,6,7Networks_LH_Vis_6,-0.0532338112471086,-0.370861322428929,0.275543576931981,0.754343978463181,39,0.932143999342859,node
auc_degree,beta,imagination,6,7Networks_LH_Vis_6,-0.0519039756461531,-0.369710643039131,0.276775397950697,0.760298394929815,39,0.932143999342859,node
auc_degree,beta,total,7,7Networks_LH_Vis_7,-0.0889716742874564,-0.40142355346485,0.242030339813604,0.600515798024784,39,0.932143999342859,node
auc_degree,beta,social,7,7Networks_LH_Vis_7,-0.160354691370905,-0.460454523393583,0.172640005566518,0.34309088857418,39,0.885095735463218,node
auc_degree,beta,switching,7,7Networks_LH_Vis_7,0.111310431494994,-0.220673176639506,0.420180183352081,0.51190200612307,39,0.894015636344178,node
auc_degree,beta,detail,7,7Networks_LH_Vis_7,0.146718974782208,-0.186155478654042,0.449379737398577,0.386200491195343,39,0.891103438021275,node
auc_degree,beta,communication,7,7Networks_LH_Vis_7,-0.26261422522513,-0.540634308076502,0.0671219318634321,0.116346069089447,39,0.46681704894871,node
auc_degree,beta,imagination,7,7Networks_LH_Vis_7,-0.105410517200569,-0.41525186427232,0.226344949038385,0.534656409970538,39,0.894015636344178,node
auc_degree,beta,total,8,7Networks_LH_Vis_8,-0.0374266362339047,-0.357120305924722,0.290116165848885,0.825933084890745,39,0.932143999342859,node
auc_degree,beta,social,8,7Networks_LH_Vis_8,-0.161134380645599,-0.461084967716539,0.171863383181895,0.340718408821179,39,0.885095735463218,node
auc_degree,beta,switching,8,7Networks_LH_Vis_8,0.11567511006211,-0.216462775500936,0.423814400510804,0.495385522951695,39,0.894015636344178,node
auc_degree,beta,detail,8,7Networks_LH_Vis_8,0.165129374501237,-0.167877599117441,0.464310512283004,0.328720494518732,39,0.885095735463218,node
auc_degree,beta,communication,8,7Networks_LH_Vis_8,-0.105781667507503,-0.415562430712524,0.225988812498414,0.533210736565306,39,0.894015636344178,node
auc_degree,beta,imagination,8,7Networks_LH_Vis_8,-0.141986477775017,-0.445514182507579,0.190816978553377,0.401870177931163,39,0.891103438021275,node
auc_degree,beta,total,9,7Networks_LH_Vis_9,0.0544488806272667,-0.274417118591712,0.371911845023711,0.748915608162741,39,0.932143999342859,node
auc_degree,beta,social,9,7Networks_LH_Vis_9,-0.128131030945767,-0.434131457008912,0.204378806174225,0.449791092495986,39,0.894015636344178,node
auc_degree,beta,switching,9,7Networks_LH_Vis_9,-0.0382085438139629,-0.357803278942848,0.289398880947223,0.822354002112417,39,0.932143999342859,node
auc_degree,beta,detail,9,7Networks_LH_Vis_9,0.372089695414406,0.0546546814068176,0.621216510994717,0.0233435163133161,39,0.194372696752284,node
auc_degree,beta,communication,9,7Networks_LH_Vis_9,0.0270238450957861,-0.299624302125686,0.348001132443555,0.873852809132779,39,0.932143999342859,node
auc_degree,beta,imagination,9,7Networks_LH_Vis_9,-0.0796662486708344,-0.39353220050523,0.250833235261541,0.639280740072574,39,0.932143999342859,node
auc_degree,beta,total,10,7Networks_LH_SomMot_1,-0.00890660704867343,-0.331973066806648,0.31602996293538,0.958275106302367,39,0.995724920200096,node
auc_degree,beta,social,10,7Networks_LH_SomMot_1,-0.0725985489003497,-0.387507456321655,0.257482925203811,0.669374104238682,39,0.988530104352152,node
auc_degree,beta,switching,10,7Networks_LH_SomMot_1,-0.0913866262086784,-0.40346397017971,0.239736864244279,0.590624227292114,39,0.988530104352152,node
auc_degree,beta,detail,10,7Networks_LH_SomMot_1,-0.0774946722344077,-0.391683940769356,0.252879701517394,0.648469558571821,39,0.988530104352152,node
auc_degree,beta,communication,10,7Networks_LH_SomMot_1,0.232950618846982,-0.0985095728595979,0.517884342231562,0.165282123985567,39,0.84429753314489,node
auc_degree,beta,imagination,10,7Networks_LH_SomMot_1,0.0302703722288802,-0.296663929747549,0.350853600272649,0.858842066647766,39,0.995724920200096,node
auc_degree,beta,total,11,7Networks_LH_SomMot_2,-0.0124792476463074,-0.335148567297488,0.312810146347795,0.941562862857519,39,0.995724920200096,node
auc_degree,beta,social,11,7Networks_LH_SomMot_2,-0.073490379928656,-0.388269168913679,0.256645560431388,0.665547453508196,39,0.988530104352152,node
auc_degree,beta,switching,11,7Networks_LH_SomMot_2,-0.0803445910043072,-0.394109027738794,0.250193367897887,0.63642113562394,39,0.988530104352152,node
auc_degree,beta,detail,11,7Networks_LH_SomMot_2,-0.0599377426182389,-0.376647283806096,0.269317268843242,0.724545356301939,39,0.988530104352152,node
auc_degree,beta,communication,11,7Networks_LH_SomMot_2,0.215666316429001,-0.116499312855375,0.504439978575551,0.199853226732705,39,0.84429753314489,node
auc_degree,beta,imagination,11,7Networks_LH_SomMot_2,-0.000669981198118936,-0.324624028902158,0.323424751633708,0.996859968933957,39,0.996859968933957,node
auc_degree,beta,total,12,7Networks_LH_SomMot_3,-0.108601851208667,-0.417919910927309,0.223279810465799,0.522287941065059,39,0.988530104352152,node
auc_degree,beta,social,12,7Networks_LH_SomMot_3,-0.14790149567867,-0.450343866708919,0.184988353180066,0.382341554933916,39,0.988530104352152,node
auc_degree,beta,switching,12,7Networks_LH_SomMot_3,-0.23656982604833,-0.520681784023028,0.0947150197173015,0.158625327246351,39,0.84429753314489,node
auc_degree,beta,detail,12,7Networks_LH_SomMot_3,-0.0400392020837365,-0.359400968204707,0.287718081617339,0.813988331655147,39,0.988530104352152,node
auc_degree,beta,communication,12,7Networks_LH_SomMot_3,0.244087618960991,-0.0868021130391841,0.526473178949059,0.145422213328959,39,0.84429753314489,node
auc_degree,beta,imagination,12,7Networks_LH_SomMot_3,-0.0776091948047324,-0.391781475940182,0.252771850682234,0.647983671083129,39,0.988530104352152,node
auc_degree,beta,total,13,7Networks_LH_SomMot_4,0.216722014419216,-0.115406742160652,0.505265173863403,0.19760727362283,39,0.84429753314489,node
auc_degree,beta,social,13,7Networks_LH_SomMot_4,0.0995865295102461,-0.231921752787416,0.410369065025904,0.557586022931499,39,0.988530104352152,node
auc_degree,beta,switching,13,7Networks_LH_SomMot_4,-0.0918388229926157,-0.403845691014189,0.23930700255057,0.58878004562632,39,0.988530104352152,node
auc_degree,beta,detail,13,7Networks_LH_SomMot_4,-0.0864289562087079,-0.399271828727305,0.244441163735452,0.611007344615786,39,0.988530104352152,node
auc_degree,beta,communication,13,7Networks_LH_SomMot_4,0.457489000617786,0.156692158095633,0.680620007814787,0.00441471360706442,39,0.185417971496706,node
auc_degree,beta,imagination,13,7Networks_LH_SomMot_4,0.33019549126806,0.00691031538906412,0.590989225938926,0.0459405569474885,39,0.482375847948629,node
auc_degree,beta,total,14,7Networks_LH_SomMot_5,-0.180646170275555,-0.476763893708222,0.152292613846613,0.284643433948901,39,0.935328646043504,node
auc_degree,beta,social,14,7Networks_LH_SomMot_5,0.0225292730879854,-0.303712358784327,0.344042272246265,0.89470485112205,39,0.995724920200096,node
auc_degree,beta,switching,14,7Networks_LH_SomMot_5,-0.0673504192544676,-0.383016303174783,0.262400516815459,0.692056538048729,39,0.988530104352152,node
auc_degree,beta,detail,14,7Networks_LH_SomMot_5,-0.332309078273607,-0.592531956136064,-0.00928425159450614,0.0444850135397096,39,0.482375847948629,node
auc_degree,beta,communication,14,7Networks_LH_SomMot_5,0.0286547515458297,-0.298137932533822,0.349434824807132,0.866306336233481,39,0.995724920200096,node
auc_degree,beta,imagination,14,7Networks_LH_SomMot_5,-0.198970439816866,-0.491318985866651,0.133672094513501,0.237761997331824,39,0.907818535266963,node
auc_degree,beta,total,15,7Networks_LH_SomMot_6,-0.0211680138873147,-0.342841003130299,0.304948132240029,0.901034660115741,39,0.995724920200096,node
auc_degree,beta,social,15,7Networks_LH_SomMot_6,-0.0163547991051802,-0.338585036923265,0.309308859077226,0.923461660904077,39,0.995724920200096,node
auc_degree,beta,switching,15,7Networks_LH_SomMot_6,-0.115416433300461,-0.423599291456429,0.216712653754884,0.496356737731994,39,0.988530104352152,node
auc_degree,beta,detail,15,7Networks_LH_SomMot_6,-0.0977263001639046,-0.408805694940671,0.233698449368262,0.565005099699144,39,0.988530104352152,node
auc_degree,beta,communication,15,7Networks_LH_SomMot_6,-0.0349091195461064,-0.354919005347954,0.292423118899486,0.837479873560587,39,0.990821258860413,node
auc_degree,beta,imagination,15,7Networks_LH_SomMot_6,0.300290838248167,-0.0262919287995851,0.568955118281056,0.0709435915634827,39,0.595926169133255,node
auc_degree,beta,total,16,7Networks_LH_DorsAttn_Post_1,-0.0374901642462716,-0.357175808515761,0.290057901997859,0.825642163294172,39,0.979014652256125,node
auc_degree,beta,social,16,7Networks_LH_DorsAttn_Post_1,0.0254973332318257,-0.301014093764258,0.346657849315708,0.880926202473175,39,0.979014652256125,node
auc_degree,beta,switching,16,7Networks_LH_DorsAttn_Post_1,0.0490575139904933,-0.279408437557346,0.367244377506768,0.773088943407395,39,0.979014652256125,node
auc_degree,beta,detail,16,7Networks_LH_DorsAttn_Post_1,0.0707911515718359,-0.259178421368898,0.38596243898201,0.677154394494973,39,0.979014652256125,node
auc_degree,beta,communication,16,7Networks_LH_DorsAttn_Post_1,-0.20376912463151,-0.495103824460793,0.128756711266109,0.226402231587909,39,0.937148992425778,node
auc_degree,beta,imagination,16,7Networks_LH_DorsAttn_Post_1,-0.0949373283420005,-0.406458367427643,0.236358043503955,0.576212499505232,39,0.965558694125018,node
auc_degree,beta,total,17,7Networks_LH_DorsAttn_Post_2,0.213437954071939,-0.118802869556437,0.502696426637056,0.204652361250619,39,0.937148992425778,node
auc_degree,beta,social,17,7Networks_LH_DorsAttn_Post_2,0.0384266878161571,-0.289198700330467,0.357993760257172,0.821356102804259,39,0.979014652256125,node
auc_degree,beta,switching,17,7Networks_LH_DorsAttn_Post_2,-0.0107518498878809,-0.333614104495369,0.31436788520064,0.949640718524247,39,0.982990102159481,node
auc_degree,beta,detail,17,7Networks_LH_DorsAttn_Post_2,-0.0188355355305558,-0.34078021456296,0.307063044522758,0.911894399143252,39,0.979014652256125,node
auc_degree,beta,communication,17,7Networks_LH_DorsAttn_Post_2,0.531088745455575,0.250103475727596,0.729565432296494,0.000719657678857623,39,0.0647691910971861,node
auc_degree,beta,imagination,17,7Networks_LH_DorsAttn_Post_2,0.108809738971639,-0.223079915285387,0.418093526143127,0.521487151478246,39,0.965558694125018,node
auc_degree,beta,total,18,7Networks_LH_DorsAttn_Post_3,-0.138257249971596,-0.442460115145896,0.194479716558299,0.414470831809874,39,0.965558694125018,node
auc_degree,beta,social,18,7Networks_LH_DorsAttn_Post_3,0.0266761739354504,-0.299940956491841,0.34769530845751,0.875462984218848,39,0.979014652256125,node
auc_degree,beta,switching,18,7Networks_LH_DorsAttn_Post_3,0.0427946763238198,-0.285184360027611,0.36180225691744,0.80143491757788,39,0.979014652256125,node
auc_degree,beta,detail,18,7Networks_LH_DorsAttn_Post_3,-0.230442894427212,-0.515942432811888,0.10113315237491,0.170010988630659,39,0.937148992425778,node
auc_degree,beta,communication,18,7Networks_LH_DorsAttn_Post_3,-0.160876946756329,-0.460876844255773,0.172119850239687,0.341500628388407,39,0.960470517342395,node
auc_degree,beta,imagination,18,7Networks_LH_DorsAttn_Post_3,-0.105173794125683,-0.415053744414477,0.226572049876066,0.535579460477429,39,0.965558694125018,node
auc_degree,beta,total,19,7Networks_LH_DorsAttn_Post_4,0.107584598718295,-0.224257550708999,0.41707003762806,0.52621512143048,39,0.965558694125018,node
auc_degree,beta,social,19,7Networks_LH_DorsAttn_Post_4,0.0794250090982429,-0.251060722346076,0.393327003259995,0.640298944173646,39,0.979014652256125,node
auc_degree,beta,switching,19,7Networks_LH_DorsAttn_Post_4,-0.0359931836640299,-0.355867339314999,0.291430192126326,0.832503475704091,39,0.979014652256125,node
auc_degree,beta,detail,19,7Networks_LH_DorsAttn_Post_4,-0.13968292997967,-0.443628515744739,0.193080550243323,0.409627455905476,39,0.965558694125018,node
auc_degree,beta,communication,19,7Networks_LH_DorsAttn_Post_4,0.388801982807043,0.0741145103623427,0.633071308662467,0.0173956225526469,39,0.323777068774195,node
auc_degree,beta,imagination,19,7Networks_LH_DorsAttn_Post_4,0.026622608842039,-0.299989736483575,0.347648184612343,0.875711105112683,39,0.979014652256125,node
auc_degree,beta,total,20,7Networks_LH_DorsAttn_Post_5,-0.103454752556966,-0.413614150494027,0.228220135089374,0.542305434694981,39,0.965558694125018,node
auc_degree,beta,social,20,7Networks_LH_DorsAttn_Post_5,-0.10639704203623,-0.416077196880786,0.225398135599536,0.530817954862618,39,0.965558694125018,node
auc_degree,beta,switching,20,7Networks_LH_DorsAttn_Post_5,-0.00829333039740548,-0.331427225546465,0.316581922412813,0.961145877667049,39,0.982990102159481,node
auc_degree,beta,detail,20,7Networks_LH_DorsAttn_Post_5,-0.0328874998419018,-0.353148741446926,0.2942728974657,0.846776609965975,39,0.979014652256125,node
auc_degree,beta,communication,20,7Networks_LH_DorsAttn_Post_5,-0.146756469912174,-0.449410318640198,0.186118486094674,0.386077784881716,39,0.965558694125018,node
auc_degree,beta,imagination,20,7Networks_LH_DorsAttn_Post_5,0.029603374407175,-0.297272650460646,0.350268046967068,0.861922214183258,39,0.979014652256125,node
auc_degree,beta,total,21,7Networks_LH_DorsAttn_Post_6,-0.28431500447183,-0.557023698336245,0.0437389700281651,0.0881086472971019,39,0.935635270227407,node
auc_degree,beta,social,21,7Networks_LH_DorsAttn_Post_6,-0.0926070238079841,-0.404493916935078,0.238576447321657,0.585652957391776,39,0.965558694125018,node
auc_degree,beta,switching,21,7Networks_LH_DorsAttn_Post_6,-0.124054409556816,-0.430763664872023,0.208344881450562,0.464457360923358,39,0.965558694125018,node
auc_degree,beta,detail,21,7Networks_LH_DorsAttn_Post_6,-0.164020015391011,-0.463415614702663,0.168985493750497,0.332025571201134,39,0.960470517342395,node
auc_degree,beta,communication,21,7Networks_LH_DorsAttn_Post_6,-0.208184138683691,-0.498576313559541,0.12421985115475,0.21628294385832,39,0.937148992425778,node
auc_degree,beta,imagination,21,7Networks_LH_DorsAttn_Post_6,-0.250291764760374,-0.531232938473776,0.0802402974947021,0.135147316810626,39,0.935635270227407,node
auc_degree,beta,total,22,7Networks_LH_DorsAttn_PrCv_1,-0.115725586824809,-0.423856371657542,0.216414010555981,0.495196118680779,39,0.965558694125018,node
auc_degree,beta,social,22,7Networks_LH_DorsAttn_PrCv_1,0.0942872138385096,-0.236977287210121,0.405910609373546,0.578839306690515,39,0.965558694125018,node
auc_degree,beta,switching,22,7Networks_LH_DorsAttn_PrCv_1,-0.279427714653056,-0.55335103996101,0.049036654689386,0.093953006135575,39,0.935635270227407,node
auc_degree,beta,detail,22,7Networks_LH_DorsAttn_PrCv_1,-0.386940895565755,-0.631756798512325,-0.0719355326590508,0.0179876149318997,39,0.323777068774195,node
auc_degree,beta,communication,22,7Networks_LH_DorsAttn_PrCv_1,0.206476972877048,-0.125975781102145,0.497234700742428,0.220158204571777,39,0.937148992425778,node
auc_degree,beta,imagination,22,7Networks_LH_DorsAttn_PrCv_1,0.0917990669712584,-0.239344800131553,0.403812135419201,0.588942079521126,39,0.965558694125018,node
auc_degree,beta,total,23,7Networks_LH_DorsAttn_FEF_1,-0.164529810488815,-0.463826931957596,0.168476476117661,0.330504214033916,39,0.960470517342395,node
auc_degree,beta,social,23,7Networks_LH_DorsAttn_FEF_1,-0.0470002652998213,-0.365459121645559,0.281308367340906,0.782370220337649,39,0.979014652256125,node
auc_degree,beta,switching,23,7Networks_LH_DorsAttn_FEF_1,-0.19298885127284,-0.486585652712633,0.139776318464395,0.252452713062304,39,0.946697673983641,node
auc_degree,beta,detail,23,7Networks_LH_DorsAttn_FEF_1,-0.251928061546978,-0.532485340722502,0.0785048805419191,0.132529074363859,39,0.935635270227407,node
auc_degree,beta,communication,23,7Networks_LH_DorsAttn_FEF_1,0.0814069099999082,-0.249190722190656,0.395011872459281,0.631953252801295,39,0.979014652256125,node
auc_degree,beta,imagination,23,7Networks_LH_DorsAttn_FEF_1,-0.0161055102202551,-0.338364249681497,0.309534340009354,0.924624949353007,39,0.979014652256125,node
auc_degree,beta,total,24,7Networks_LH_SalVentAttn_ParOper_1,0.0776246812531512,-0.252757265796771,0.391794664705668,0.64791797737919,39,0.844311483129562,node
auc_degree,beta,social,24,7Networks_LH_SalVentAttn_ParOper_1,0.0249382853793855,-0.301522724403644,0.346165574754649,0.883518964821598,39,0.978667161033155,node
auc_degree,beta,switching,24,7Networks_LH_SalVentAttn_ParOper_1,-0.017418749065628,-0.339526944864338,0.30834610820633,0.918498604576574,39,0.992331401212623,node
auc_degree,beta,detail,24,7Networks_LH_SalVentAttn_ParOper_1,-0.00338471628132186,-0.32705055022515,0.320991845892937,0.984137658039123,39,0.992331401212623,node
auc_degree,beta,communication,24,7Networks_LH_SalVentAttn_ParOper_1,0.344050134476698,0.0225381863719461,0.60106726733309,0.037062368334357,39,0.388089970776083,node
auc_degree,beta,imagination,24,7Networks_LH_SalVentAttn_ParOper_1,-0.158794790067858,-0.459192302667745,0.17419252925354,0.347867651122646,39,0.770230018584269,node
auc_degree,beta,total,25,7Networks_LH_SalVentAttn_FrOperIns_1,-0.140376859980459,-0.44419684496084,0.192399035394956,0.407281708425989,39,0.770230018584269,node
auc_degree,beta,social,25,7Networks_LH_SalVentAttn_FrOperIns_1,-0.119211492592992,-0.426751685059862,0.213042308261936,0.482205954266987,39,0.773772847622686,node
auc_degree,beta,switching,25,7Networks_LH_SalVentAttn_FrOperIns_1,-0.167656642686329,-0.466346929936209,0.165350522267112,0.321267573843174,39,0.770230018584269,node
auc_degree,beta,detail,25,7Networks_LH_SalVentAttn_FrOperIns_1,-0.0282524715106036,-0.349081329183934,0.298504708355162,0.868166695836932,39,0.976687532816548,node
auc_degree,beta,communication,25,7Networks_LH_SalVentAttn_FrOperIns_1,0.0673941615145831,-0.262359600195083,0.383053797941728,0.691866354231169,39,0.844311483129562,node
auc_degree,beta,imagination,25,7Networks_LH_SalVentAttn_FrOperIns_1,-0.137455735765064,-0.441802789035901,0.195265730694059,0.417207926733145,39,0.770230018584269,node
auc_degree,beta,total,26,7Networks_LH_SalVentAttn_FrOperIns_2,-0.334340853276926,-0.594013173584376,-0.0115697359503981,0.0431211078640092,39,0.388089970776083,node
auc_degree,beta,social,26,7Networks_LH_SalVentAttn_FrOperIns_2,-0.233245257846553,-0.518112309550324,0.0982010189601446,0.164732796859621,39,0.63471770841026,node
auc_degree,beta,switching,26,7Networks_LH_SalVentAttn_FrOperIns_2,-0.301867457356513,-0.570126503099777,0.024559265184149,0.069403041252219,39,0.499701897015977,node
auc_degree,beta,detail,26,7Networks_LH_SalVentAttn_FrOperIns_2,-0.22531479190892,-0.511962221555692,0.106483850071368,0.179981482023902,39,0.63471770841026,node
auc_degree,beta,communication,26,7Networks_LH_SalVentAttn_FrOperIns_2,0.0304030264442356,-0.2965428341505,0.35097002671618,0.858229722515783,39,0.976687532816548,node
auc_degree,beta,imagination,26,7Networks_LH_SalVentAttn_FrOperIns_2,-0.165836573446065,-0.464880676715277,0.16717089443234,0.326624246344985,39,0.770230018584269,node
auc_degree,beta,total,27,7Networks_LH_SalVentAttn_PFCl_1,-0.353081704801914,-0.607593227799517,-0.0328109962772366,0.0320669518108745,39,0.388089970776083,node
auc_degree,beta,social,27,7Networks_LH_SalVentAttn_PFCl_1,-0.26929792424144,-0.545704724752266,0.0599585249729684,0.107008160239708,39,0.592660579789154,node
auc_degree,beta,switching,27,7Networks_LH_SalVentAttn_PFCl_1,-0.246422978092081,-0.528266923385161,0.0843354852011695,0.141489482149504,39,0.63471770841026,node
auc_degree,beta,detail,27,7Networks_LH_SalVentAttn_PFCl_1,-0.158990267473506,-0.459350543045874,0.173998067051101,0.347266849980375,39,0.770230018584269,node
auc_degree,beta,communication,27,7Networks_LH_SalVentAttn_PFCl_1,-0.0748454126537091,-0.389425679291446,0.255372333509107,0.659749243418862,39,0.844311483129562,node
auc_degree,beta,imagination,27,7Networks_LH_SalVentAttn_PFCl_1,-0.217000325428135,-0.505482630167655,0.11511857657486,0.197018132465288,39,0.644786615340941,node
auc_degree,beta,total,28,7Networks_LH_SalVentAttn_Med_1,-0.368149448424744,-0.618404801197752,-0.0501015094059852,0.024967985970056,39,0.388089970776083,node
auc_degree,beta,social,28,7Networks_LH_SalVentAttn_Med_1,-0.253827943560409,-0.533937948441188,0.0764873957730938,0.129536419156828,39,0.63471770841026,node
auc_degree,beta,switching,28,7Networks_LH_SalVentAttn_Med_1,-0.277661343943252,-0.552021037404011,0.0509468147465759,0.0961368743429309,39,0.576821246057585,node
auc_degree,beta,detail,28,7Networks_LH_SalVentAttn_Med_1,-0.285731147399452,-0.558085899812958,0.0422004557339649,0.0864686978408905,39,0.565976931322192,node
auc_degree,beta,communication,28,7Networks_LH_SalVentAttn_Med_1,0.00163625131941478,-0.322559285396116,0.325488202621669,0.992331401212623,39,0.992331401212623,node
auc_degree,beta,imagination,28,7Networks_LH_SalVentAttn_Med_1,-0.174722828858949,-0.472023957981446,0.15826158929845,0.300994726382136,39,0.770230018584269,node
auc_degree,beta,total,29,7Networks_LH_SalVentAttn_Med_2,0.0797458942606833,-0.250758122059117,0.393599939802706,0.638944721108801,39,0.844311483129562,node
auc_degree,beta,social,29,7Networks_LH_SalVentAttn_Med_2,0.110278016177786,-0.221667293175981,0.419319098960272,0.515848565081791,39,0.773772847622686,node
auc_degree,beta,switching,29,7Networks_LH_SalVentAttn_Med_2,0.139304960110299,-0.193451622802896,0.443318855251991,0.410908363390284,39,0.770230018584269,node
auc_degree,beta,detail,29,7Networks_LH_SalVentAttn_Med_2,-0.154979711302924,-0.45610014728296,0.177982601791746,0.359719589441541,39,0.770230018584269,node
auc_degree,beta,communication,29,7Networks_LH_SalVentAttn_Med_2,0.0156383604995749,-0.309956776723629,0.337950414459367,0.926805282851863,39,0.992331401212623,node
auc_degree,beta,imagination,29,7Networks_LH_SalVentAttn_Med_2,0.112620977583976,-0.219410252639428,0.42127244167277,0.506914048724142,39,0.773772847622686,node
auc_degree,beta,total,30,7Networks_LH_SalVentAttn_Med_3,-0.0451333408743966,-0.363836996605753,0.283030302202665,0.790818611286562,39,0.933425246108729,node
auc_degree,beta,social,30,7Networks_LH_SalVentAttn_Med_3,0.0627421616877319,-0.266704460124228,0.379060384940561,0.712194470321997,39,0.854633364386396,node
auc_degree,beta,switching,30,7Networks_LH_SalVentAttn_Med_3,-0.0982382839494645,-0.40923615746613,0.23320967663272,0.56295865464017,39,0.827204553756985,node
auc_degree,beta,detail,30,7Networks_LH_SalVentAttn_Med_3,-0.179419577889391,-0.475783770034928,0.153530653222509,0.287981283312406,39,0.770230018584269,node
auc_degree,beta,communication,30,7Networks_LH_SalVentAttn_Med_3,0.00233093615549163,-0.321936736818078,0.326109152725047,0.989075795982231,39,0.992331401212623,node
auc_degree,beta,imagination,30,7Networks_LH_SalVentAttn_Med_3,0.117864179428381,-0.214346420336661,0.425633384563414,0.487205576515076,39,0.773772847622686,node
auc_degree,beta,total,31,7Networks_LH_Limbic_OFC_1,-0.263875284841885,-0.541592527113543,0.06577295928588,0.114538950866993,39,0.813288714600552,node
auc_degree,beta,social,31,7Networks_LH_Limbic_OFC_1,0.000159494995850404,-0.323881763751164,0.324167262381556,0.999252485876302,39,0.999252485876302,node
auc_degree,beta,switching,31,7Networks_LH_Limbic_OFC_1,-0.42806211233036,-0.660476773411549,-0.120791720006576,0.0082174380386145,39,0.246523141158435,node
auc_degree,beta,detail,31,7Networks_LH_Limbic_OFC_1,-0.0417178896871907,-0.360864382821125,0.286175035916508,0.806334901508582,39,0.989878360948096,node
auc_degree,beta,communication,31,7Networks_LH_Limbic_OFC_1,-0.0754257859597439,-0.389920720373346,0.254826647842977,0.657271757451614,39,0.989878360948096,node
auc_degree,beta,imagination,31,7Networks_LH_Limbic_OFC_1,-0.219140830666685,-0.507153874632762,0.112900409439844,0.192528090486572,39,0.913832375537012,node
auc_degree,beta,total,32,7Networks_LH_Limbic_TempPole_1,0.0769627064324025,-0.253380568989246,0.391230790096752,0.650728416381445,39,0.989878360948096,node
auc_degree,beta,social,32,7Networks_LH_Limbic_TempPole_1,0.0558972840062939,-0.273073162305581,0.373163041615164,0.742460341964515,39,0.989878360948096,node
auc_degree,beta,switching,32,7Networks_LH_Limbic_TempPole_1,-0.0554419437529762,-0.372769822368644,0.273495805555735,0.744487866392027,39,0.989878360948096,node
auc_degree,beta,detail,32,7Networks_LH_Limbic_TempPole_1,0.174375282973479,-0.158611058470877,0.471745312314074,0.301972334107587,39,0.913832375537012,node
auc_degree,beta,communication,32,7Networks_LH_Limbic_TempPole_1,-0.0195879579551843,-0.341445332154311,0.30638115716185,0.908389395657594,39,0.989878360948096,node
auc_degree,beta,imagination,32,7Networks_LH_Limbic_TempPole_1,0.0638894880317112,-0.26563412653888,0.38004637926894,0.707162086313204,39,0.989878360948096,node
auc_degree,beta,total,33,7Networks_LH_Limbic_TempPole_2,0.0205567296316543,-0.305502709059535,0.342301221190206,0.903879094073807,39,0.989878360948096,node
auc_degree,beta,social,33,7Networks_LH_Limbic_TempPole_2,0.110665861921215,-0.221293915971795,0.419642646322711,0.514364199553585,39,0.989878360948096,node
auc_degree,beta,switching,33,7Networks_LH_Limbic_TempPole_2,-0.0111845335914144,-0.33399862194273,0.313977862448257,0.947616857366957,39,0.989878360948096,node
auc_degree,beta,detail,33,7Networks_LH_Limbic_TempPole_2,-0.0708374110494731,-0.386002005027756,0.259135051293912,0.676954846044502,39,0.989878360948096,node
auc_degree,beta,communication,33,7Networks_LH_Limbic_TempPole_2,-0.00920416390170272,-0.332237826625536,0.315762077402636,0.956882415583159,39,0.989878360948096,node
auc_degree,beta,imagination,33,7Networks_LH_Limbic_TempPole_2,0.0224324901674872,-0.303800256170988,0.34395689905512,0.895154681364758,39,0.989878360948096,node
auc_degree,beta,total,34,7Networks_LH_Cont_Par_1,-0.101958704085124,-0.412360036440789,0.229652886368947,0.548191503732767,39,0.890811193565746,node
auc_degree,beta,social,34,7Networks_LH_Cont_Par_1,0.0674022412209348,-0.262352042287654,0.383060723549312,0.691831227091914,39,0.9112828088205,node
auc_degree,beta,switching,34,7Networks_LH_Cont_Par_1,-0.176631647426698,-0.473553299077383,0.156340719020537,0.295661424589,39,0.862041948317517,node
auc_degree,beta,detail,34,7Networks_LH_Cont_Par_1,-0.202584879080279,-0.494170807932844,0.129971276778347,0.229170589670742,39,0.862041948317517,node
auc_degree,beta,communication,34,7Networks_LH_Cont_Par_1,0.131706192275673,-0.20089158462364,0.437077958134305,0.437138468751669,39,0.874276937503337,node
auc_degree,beta,imagination,34,7Networks_LH_Cont_Par_1,-0.125994825791718,-0.432367754103834,0.206458445977482,0.457444893920726,39,0.887306404527338,node
auc_degree,beta,total,35,7Networks_LH_Cont_PFCl_1,-0.388709605687953,-0.633006094711074,-0.0740062834825007,0.0174246165029576,39,0.453040029076896,node
auc_degree,beta,social,35,7Networks_LH_Cont_PFCl_1,-0.22702126409637,-0.513288079253113,0.104705435988308,0.176618553100698,39,0.862041948317517,node
auc_degree,beta,switching,35,7Networks_LH_Cont_PFCl_1,-0.460462275430359,-0.682636674932645,-0.160364276272107,0.00413350648768827,39,0.322413506039685,node
auc_degree,beta,detail,35,7Networks_LH_Cont_PFCl_1,-0.149896358074243,-0.451968714855726,0.183017331653563,0.375883176419782,39,0.862041948317517,node
auc_degree,beta,communication,35,7Networks_LH_Cont_PFCl_1,-0.0780647636140779,-0.392169399264036,0.252342740611874,0.646052240105017,39,0.9112828088205,node
auc_degree,beta,imagination,35,7Networks_LH_Cont_PFCl_1,-0.114761634415501,-0.423054621868595,0.217344986172144,0.498819546512013,39,0.887306404527338,node
auc_degree,beta,total,36,7Networks_LH_Cont_pCun_1,0.157600916092895,-0.175379639452377,0.458225439081528,0.351550735381809,39,0.862041948317517,node
auc_degree,beta,social,36,7Networks_LH_Cont_pCun_1,0.00738954634528104,-0.31739494271178,0.330622426365309,0.965377393397052,39,0.977914762142469,node
auc_degree,beta,switching,36,7Networks_LH_Cont_pCun_1,0.0127855441822201,-0.312533750403097,0.335420474680405,0.940131100861066,39,0.977914762142469,node
auc_degree,beta,detail,36,7Networks_LH_Cont_pCun_1,0.352282599668753,0.0318993303828152,0.607017199200708,0.0324854060158939,39,0.506772333847944,node
auc_degree,beta,communication,36,7Networks_LH_Cont_pCun_1,-0.0430704975537814,-0.36204239155717,0.28493048345901,0.800180969077138,39,0.93155396400025,node
auc_degree,beta,imagination,36,7Networks_LH_Cont_pCun_1,0.132370865562494,-0.200242330002701,0.437625032939923,0.434807975647883,39,0.874276937503337,node
auc_degree,beta,total,37,7Networks_LH_Cont_Cing_1,0.166104077357365,-0.166903488250395,0.465096281541365,0.325833492992374,39,0.862041948317517,node
auc_degree,beta,social,37,7Networks_LH_Cont_Cing_1,0.182084927923717,-0.15083909641018,0.477912613061795,0.280760264143917,39,0.862041948317517,node
auc_degree,beta,switching,37,7Networks_LH_Cont_Cing_1,0.076452827806589,-0.253860474304235,0.39079631112266,0.652896370287524,39,0.9112828088205,node
auc_degree,beta,detail,37,7Networks_LH_Cont_Cing_1,-0.163249275697277,-0.462793514829876,0.169754720879616,0.334333855272072,39,0.862041948317517,node
auc_degree,beta,communication,37,7Networks_LH_Cont_Cing_1,0.153834508711171,-0.179118373571034,0.455170529347585,0.363324045503048,39,0.862041948317517,node
auc_degree,beta,imagination,37,7Networks_LH_Cont_Cing_1,0.249856958052127,-0.0807011062837465,0.530899935942438,0.135849435583611,39,0.815096613501667,node
auc_degree,beta,total,38,7Networks_LH_Default_Temp_1,-0.120671738214117,-0.427962660936334,0.21162754672887,0.47681754067016,39,0.747627262668732,node
auc_degree,beta,social,38,7Networks_LH_Default_Temp_1,-0.11984422760526,-0.427276545121949,0.212429452848672,0.47986723666536,39,0.747627262668732,node
auc_degree,beta,switching,38,7Networks_LH_Default_Temp_1,-0.154362020261801,-0.455598818347089,0.17859531633334,0.361661058142225,39,0.699696949953625,node
auc_degree,beta,detail,38,7Networks_LH_Default_Temp_1,0.138440522083159,-0.194299928608079,0.442610371688241,0.413846404845074,39,0.735726941946798,node
auc_degree,beta,communication,38,7Networks_LH_Default_Temp_1,0.0150995803778309,-0.310443828185009,0.337472969001155,0.929320589741422,39,0.962749387933559,node
auc_degree,beta,imagination,38,7Networks_LH_Default_Temp_1,-0.24759009732529,-0.529162423417431,0.083101242082933,0.139553606535704,39,0.609244359505432,node
auc_degree,beta,total,39,7Networks_LH_Default_Temp_2,0.088024126541423,-0.242929214993844,0.400622112939145,0.604416385623677,39,0.821093957828391,node
auc_degree,beta,social,39,7Networks_LH_Default_Temp_2,0.141995625930966,-0.190807982094589,0.445521665753787,0.401839540276981,39,0.731566279818371,node
auc_degree,beta,switching,39,7Networks_LH_Default_Temp_2,0.0696107412224689,-0.260284652353154,0.384952433544188,0.682253603413999,39,0.839696742663383,node
auc_degree,beta,detail,39,7Networks_LH_Default_Temp_2,-0.253619587277808,-0.533778724524794,0.0767087814421613,0.129862145803178,39,0.60323061276315,node
auc_degree,beta,communication,39,7Networks_LH_Default_Temp_2,0.290455590659683,-0.0370564916159042,0.561623102499007,0.0811676637221662,39,0.480421309606842,node
auc_degree,beta,imagination,39,7Networks_LH_Default_Temp_2,-0.0218533625251843,-0.343445933619503,0.304326098726781,0.897847035298351,39,0.953182748268889,node
auc_degree,beta,total,40,7Networks_LH_Default_Par_1,0.00426961307894367,-0.320197888120632,0.327840579414161,0.97999136877267,39,0.986844455267583,node
auc_degree,beta,social,40,7Networks_LH_Default_Par_1,0.166552482246568,-0.166455137269601,0.465457610762173,0.324510661045415,39,0.699696949953625,node
auc_degree,beta,switching,40,7Networks_LH_Default_Par_1,-0.0540355254013519,-0.371554558313819,0.274800430494146,0.750760968386859,39,0.885454072674009,node
auc_degree,beta,detail,40,7Networks_LH_Default_Par_1,-0.0507407401967356,-0.368703319399176,0.277852012990984,0.76551802379667,39,0.888988672796133,node
auc_degree,beta,communication,40,7Networks_LH_Default_Par_1,0.112971292358571,-0.219072478882442,0.421564255584454,0.505584896056664,39,0.760542545118394,node
auc_degree,beta,imagination,40,7Networks_LH_Default_Par_1,-0.255901289509266,-0.535521298244038,0.0742826188613084,0.126328109058609,39,0.60323061276315,node
auc_degree,beta,total,41,7Networks_LH_Default_Par_2,-0.000777225158232289,-0.324719968122168,0.323328722393867,0.996357346943853,39,0.996357346943853,node
auc_degree,beta,social,41,7Networks_LH_Default_Par_2,0.0173055148179955,-0.308448603762525,0.339426730034496,0.919026672472208,39,0.962749387933559,node
auc_degree,beta,switching,41,7Networks_LH_Default_Par_2,0.0368012895582728,-0.290689564469095,0.356573838066844,0.82879802556763,39,0.918053197551836,node
auc_degree,beta,detail,41,7Networks_LH_Default_Par_2,-0.0777959905436092,-0.391940548681638,0.252595919473196,0.647191456277172,39,0.824739554901883,node
auc_degree,beta,communication,41,7Networks_LH_Default_Par_2,0.104785795791244,-0.226944198992854,0.414728954681278,0.537094034887546,39,0.778956769070693,node
auc_degree,beta,imagination,41,7Networks_LH_Default_Par_2,-0.112590870104626,-0.421247359013323,0.219439278578755,0.507028363412263,39,0.760542545118394,node
auc_degree,beta,total,42,7Networks_LH_Default_PFC_1,-0.30927867978318,-0.575618263047895,0.0163881618815345,0.0625101846131288,39,0.480421309606842,node
auc_degree,beta,social,42,7Networks_LH_Default_PFC_1,-0.158140126226695,-0.458662208669398,0.174843604036472,0.349884364298086,39,0.699696949953625,node
auc_degree,beta,switching,42,7Networks_LH_Default_PFC_1,-0.384551468154149,-0.630067047962142,-0.069142370966037,0.0187723166559642,39,0.45053559974314,node
auc_degree,beta,detail,42,7Networks_LH_Default_PFC_1,-0.0722864479485885,-0.387240789391845,0.257775848345501,0.670715208679208,39,0.832611983187982,node
auc_degree,beta,communication,42,7Networks_LH_Default_PFC_1,-0.0159792244808259,-0.338252388874873,0.309648551049829,0.925214311553846,39,0.962749387933559,node
auc_degree,beta,imagination,42,7Networks_LH_Default_PFC_1,-0.227629505256095,-0.513760327161434,0.104071039153985,0.175430794097668,39,0.616147179269859,node
auc_degree,beta,total,43,7Networks_LH_Default_PFC_2,-0.306759640938288,-0.57375433168989,0.0191703690535821,0.0647894850464129,39,0.480421309606842,node
auc_degree,beta,social,43,7Networks_LH_Default_PFC_2,-0.182378640886812,-0.478146992307868,0.150542193300044,0.279971789601522,39,0.699696949953625,node
auc_degree,beta,switching,43,7Networks_LH_Default_PFC_2,-0.368661984602196,-0.618770903317378,-0.0506930260908048,0.0247515281449122,39,0.474602422850802,node
auc_degree,beta,detail,43,7Networks_LH_Default_PFC_2,-0.13129981330087,-0.436743367125594,0.201288392796359,0.438566705211771,39,0.747627262668732,node
auc_degree,beta,communication,43,7Networks_LH_Default_PFC_2,0.00519412085802793,-0.31936790295855,0.328665489880649,0.975660031405512,39,0.986844455267583,node
auc_degree,beta,imagination,43,7Networks_LH_Default_PFC_2,-0.145500874720814,-0.448385862051947,0.187356738635574,0.390199211419059,39,0.720367774927494,node
auc_degree,beta,total,44,7Networks_LH_Default_PFC_3,-0.14063065229518,-0.444404640018349,0.192149703501235,0.406425711010206,39,0.731566279818371,node
auc_degree,beta,social,44,7Networks_LH_Default_PFC_3,0.0322139481813469,-0.294888652189506,0.352558425313587,0.849878643171052,39,0.927140338004784,node
auc_degree,beta,switching,44,7Networks_LH_Default_PFC_3,-0.20336379327251,-0.4947845567975,0.129172532549837,0.227347176166082,39,0.641921438586584,node
auc_degree,beta,detail,44,7Networks_LH_Default_PFC_3,-0.206977558447474,-0.497628240771707,0.125461112383842,0.219016974879385,39,0.64144834230647,node
auc_degree,beta,communication,44,7Networks_LH_Default_PFC_3,0.0842043027288644,-0.246547071831778,0.397386428995843,0.620249684784445,39,0.824739554901883,node
auc_degree,beta,imagination,44,7Networks_LH_Default_PFC_3,-0.108116908566498,-0.41751482848541,0.223746000219213,0.524158300390735,39,0.778131909858411,node
auc_degree,beta,total,45,7Networks_LH_Default_PFC_4,-0.13271427075177,-0.437907592048692,0.199906776415407,0.433606613667054,39,0.747627262668732,node
auc_degree,beta,social,45,7Networks_LH_Default_PFC_4,0.0606439586163084,-0.268659760950635,0.377255362295405,0.721428516868854,39,0.872989129656428,node
auc_degree,beta,switching,45,7Networks_LH_Default_PFC_4,-0.136528768475289,-0.441042170443879,0.196174239147803,0.420386102398328,39,0.738239009089746,node
auc_degree,beta,detail,45,7Networks_LH_Default_PFC_4,-0.310570187824419,-0.576572826256101,0.0149597694687237,0.061366438091381,39,0.480421309606842,node
auc_degree,beta,communication,45,7Networks_LH_Default_PFC_4,0.155079653336466,-0.177883440680771,0.456181244039658,0.359406050525174,39,0.699696949953625,node
auc_degree,beta,imagination,45,7Networks_LH_Default_PFC_4,-0.170366790015073,-0.468527195516293,0.162635712501237,0.313393635375606,39,0.699696949953625,node
auc_degree,beta,total,46,7Networks_LH_Default_PFC_5,-0.241463940143006,-0.524454978554137,0.0895684359975032,0.149935285330556,39,0.609244359505432,node
auc_degree,beta,social,46,7Networks_LH_Default_PFC_5,-0.223414304248939,-0.510484012661816,0.108461963506004,0.183780028711732,39,0.618559743672364,node
auc_degree,beta,switching,46,7Networks_LH_Default_PFC_5,-0.0458246415657218,-0.364437876353804,0.282392936030181,0.787687472244287,39,0.906140767706936,node
auc_degree,beta,detail,46,7Networks_LH_Default_PFC_5,-0.23772506001334,-0.521573431724807,0.093501785994392,0.156541953484035,39,0.609244359505432,node
auc_degree,beta,communication,46,7Networks_LH_Default_PFC_5,-0.055315605641769,-0.372660700069472,0.27361304909375,0.745050721597396,39,0.885454072674009,node
auc_degree,beta,imagination,46,7Networks_LH_Default_PFC_5,-0.0782701292340223,-0.392344234487701,0.252149259808207,0.645182316052367,39,0.824739554901883,node
auc_degree,beta,total,47,7Networks_LH_Default_PFC_6,-0.238558282576471,-0.522216155769733,0.0926261195622456,0.155051669454027,39,0.609244359505432,node
auc_degree,beta,social,47,7Networks_LH_Default_PFC_6,-0.0733297865702777,-0.388132037923287,0.256796382565442,0.666235913070682,39,0.832611983187982,node
auc_degree,beta,switching,47,7Networks_LH_Default_PFC_6,-0.289337313589368,-0.560786740076963,0.0382756392984786,0.082399026673502,39,0.480421309606842,node
auc_degree,beta,detail,47,7Networks_LH_Default_PFC_6,-0.238719634274925,-0.522340580623142,0.0924564894744668,0.154764274044583,39,0.609244359505432,node
auc_degree,beta,communication,47,7Networks_LH_Default_PFC_6,0.0123244830407867,-0.312949781923583,0.335011158297692,0.942286368285913,39,0.969208835951224,node
auc_degree,beta,imagination,47,7Networks_LH_Default_PFC_6,-0.0419103717983765,-0.361032080871593,0.285997998062366,0.805458460183943,39,0.906140767706936,node
auc_degree,beta,total,48,7Networks_LH_Default_PFC_7,-0.472301532215676,-0.690633397732869,-0.175069112051344,0.00316211994238805,39,0.351714275236075,node
auc_degree,beta,social,48,7Networks_LH_Default_PFC_7,-0.386351681307012,-0.631340335150938,-0.071246301395464,0.0181785176618445,39,0.45053559974314,node
auc_degree,beta,switching,48,7Networks_LH_Default_PFC_7,-0.338406221519938,-0.596971657345016,-0.0161528971608163,0.0404935277814229,39,0.480421309606842,node
auc_degree,beta,detail,48,7Networks_LH_Default_PFC_7,-0.173532602511987,-0.471069444736078,0.159458055990078,0.304351080348062,39,0.699696949953625,node
auc_degree,beta,communication,48,7Networks_LH_Default_PFC_7,-0.162920193363279,-0.462527807252889,0.170083033826816,0.335322428639373,39,0.699696949953625,node
auc_degree,beta,imagination,48,7Networks_LH_Default_PFC_7,-0.207494565756342,-0.498034565330263,0.124929372029371,0.217842578850741,39,0.64144834230647,node
auc_degree,beta,total,49,7Networks_LH_Default_pCunPCC_1,0.313021577441788,-0.0122449026606155,0.578382671538874,0.0592411281013716,39,0.480421309606842,node
auc_degree,beta,social,49,7Networks_LH_Default_pCunPCC_1,0.12733865885046,-0.205150547107457,0.433477528919229,0.452621946841199,39,0.747627262668732,node
auc_degree,beta,switching,49,7Networks_LH_Default_pCunPCC_1,0.197120443877315,-0.135562719223401,0.489856894649969,0.242242472644651,39,0.658168227562825,node
auc_degree,beta,detail,49,7Networks_LH_Default_pCunPCC_1,0.433686090515876,0.127591332874299,0.664352521096387,0.0073273807340849,39,0.351714275236075,node
auc_degree,beta,communication,49,7Networks_LH_Default_pCunPCC_1,-0.0753010977337072,-0.389814380373301,0.254943901470319,0.657803721475163,39,0.830909963968627,node
auc_degree,beta,imagination,49,7Networks_LH_Default_pCunPCC_1,0.181151819877872,-0.15178194101765,0.477167725005241,0.283274758194588,39,0.699696949953625,node
auc_degree,beta,total,50,7Networks_LH_Default_pCunPCC_2,0.339671091455737,0.0175816369642827,0.597890706904646,0.0397030076593577,39,0.480421309606842,node
auc_degree,beta,social,50,7Networks_LH_Default_pCunPCC_2,0.172197070734888,-0.160799426278684,0.46999757220468,0.308145365830538,39,0.699696949953625,node
auc_degree,beta,switching,50,7Networks_LH_Default_pCunPCC_2,0.295692541065129,-0.0313341560654804,0.565532471443061,0.0755901474793607,39,0.480421309606842,node
auc_degree,beta,detail,50,7Networks_LH_Default_pCunPCC_2,0.294703305831742,-0.0324167230702625,0.564794937882005,0.0766201254122856,39,0.480421309606842,node
auc_degree,beta,communication,50,7Networks_LH_Default_pCunPCC_2,-0.082039849285609,-0.39554950769397,0.248592999682743,0.629297332540313,39,0.824739554901883,node
auc_degree,beta,imagination,50,7Networks_LH_Default_pCunPCC_2,0.266385573546715,-0.063084077961131,0.543497830021411,0.111004651308943,39,0.570881063874562,node
auc_degree,beta,total,51,7Networks_RH_Vis_1,0.379106773116034,0.0627961213314814,0.626207974617706,0.0206678108225956,39,0.191646973082251,node
auc_degree,beta,social,51,7Networks_RH_Vis_1,0.184792889020325,-0.148099445177162,0.480071936984285,0.273545288631477,39,0.845503619406385,node
auc_degree,beta,switching,51,7Networks_RH_Vis_1,0.273952867906704,-0.054949367593127,0.549224161864488,0.100848054671389,39,0.46019999614625,node
auc_degree,beta,detail,51,7Networks_RH_Vis_1,0.417183506286817,0.107720377108478,0.652944500370274,0.0102035524184027,39,0.130095293334635,node
auc_degree,beta,communication,51,7Networks_RH_Vis_1,-0.00176493935240087,-0.325603252626923,0.322443981525032,0.991728300515069,39,0.99842376489005,node
auc_degree,beta,imagination,51,7Networks_RH_Vis_1,0.152481221645293,-0.180459373200523,0.454071151421123,0.367611181291237,39,0.891103438021275,node
auc_degree,beta,total,52,7Networks_RH_Vis_2,0.461079282013619,0.161127347293931,0.683054745101217,0.00407713883709601,39,0.113084835996498,node
auc_degree,beta,social,52,7Networks_RH_Vis_2,0.386133351952318,0.0709909877998749,0.631185981582713,0.0182496847063725,39,0.186146784004999,node
auc_degree,beta,switching,52,7Networks_RH_Vis_2,0.338733032532525,0.0165219220432737,0.597209181989846,0.0402880648614271,39,0.256836413491598,node
auc_degree,beta,detail,52,7Networks_RH_Vis_2,0.323569868803278,-0.000507902455783415,0.586140716904012,0.0507535238594452,39,0.28760330187019,node
auc_degree,beta,communication,52,7Networks_RH_Vis_2,0.0724534033469859,-0.257619159478622,0.387383446852843,0.66999767264711,39,0.932143999342859,node
auc_degree,beta,imagination,52,7Networks_RH_Vis_2,0.0702850184933999,-0.259652854071865,0.38552946416005,0.679339102474556,39,0.932143999342859,node
auc_degree,beta,total,53,7Networks_RH_Vis_3,0.36385849985204,0.0451580746841141,0.615335529933422,0.0268423723195019,39,0.195565855470657,node
auc_degree,beta,social,53,7Networks_RH_Vis_3,0.249928403608706,-0.0806253978782449,0.530954659436942,0.135733881914092,39,0.512772442786568,node
auc_degree,beta,switching,53,7Networks_RH_Vis_3,0.403118861825063,0.0909779123031789,0.643136622084183,0.0133647693377192,39,0.151467385827485,node
auc_degree,beta,detail,53,7Networks_RH_Vis_3,0.268360580771977,-0.0609651929263284,0.544994851295935,0.108282352034412,39,0.46019999614625,node
auc_degree,beta,communication,53,7Networks_RH_Vis_3,-0.0910492879433509,-0.403179136126258,0.240057456026652,0.592001637943932,39,0.932143999342859,node
auc_degree,beta,imagination,53,7Networks_RH_Vis_3,0.118630242566653,-0.213605065961035,0.426269349672328,0.484359584009687,39,0.894015636344178,node
auc_degree,beta,total,54,7Networks_RH_Vis_4,0.1001086399712,-0.231422689619761,0.4108075279388,0.555511893440503,39,0.913906663402118,node
auc_degree,beta,social,54,7Networks_RH_Vis_4,0.0548591969670018,-0.274036521316594,0.372266412047432,0.747085173587451,39,0.932143999342859,node
auc_degree,beta,switching,54,7Networks_RH_Vis_4,0.0243064655660559,-0.302097340557551,0.345609007192757,0.886450666041738,39,0.932143999342859,node
auc_degree,beta,detail,54,7Networks_RH_Vis_4,0.349343438787621,0.028550743774489,0.60489622301879,0.0340631575804512,39,0.231629471547068,node
auc_degree,beta,communication,54,7Networks_RH_Vis_4,-0.0582307782702329,-0.375176395447802,0.270905236355153,0.732096902362273,39,0.932143999342859,node
auc_degree,beta,imagination,54,7Networks_RH_Vis_4,-0.160385796386169,-0.460479680212501,0.172609030829234,0.342996047710705,39,0.885095735463218,node
auc_degree,beta,total,55,7Networks_RH_Vis_5,0.207590777711956,-0.12483039726261,0.498110165813132,0.217624509518581,39,0.742533193780674,node
auc_degree,beta,social,55,7Networks_RH_Vis_5,0.122930908755333,-0.209435998046941,0.429834010626534,0.468543574269368,39,0.894015636344178,node
auc_degree,beta,switching,55,7Networks_RH_Vis_5,0.0410180789987286,-0.286818507035992,0.360254506021899,0.809523348373508,39,0.932143999342859,node
auc_degree,beta,detail,55,7Networks_RH_Vis_5,0.455891682865063,0.154722832173563,0.679535205699834,0.00457251815443137,39,0.113084835996498,node
auc_degree,beta,communication,55,7Networks_RH_Vis_5,-0.0211881785672788,-0.342858805516224,0.304929834422175,0.900940850135971,39,0.937713946059888,node
auc_degree,beta,imagination,55,7Networks_RH_Vis_5,-0.0848520195677212,-0.397935643721858,0.245934250343518,0.617552731208905,39,0.932143999342859,node
auc_degree,beta,total,56,7Networks_RH_Vis_6,0.446999023761867,0.14380268998407,0.673477915892745,0.00554337431355383,39,0.113084835996498,node
auc_degree,beta,social,56,7Networks_RH_Vis_6,0.260793700104348,-0.0690672482550239,0.539249704254798,0.118992581104573,39,0.46681704894871,node
auc_degree,beta,switching,56,7Networks_RH_Vis_6,0.308538247486389,-0.017206472067612,0.575070676458613,0.0631734672159477,39,0.339141771369825,node
auc_degree,beta,detail,56,7Networks_RH_Vis_6,0.448112534324015,0.145166043401405,0.674238059942787,0.00541281292666065,39,0.113084835996498,node
auc_degree,beta,communication,56,7Networks_RH_Vis_6,0.0429436553543425,-0.285047239659332,0.361931965845215,0.800757562719966,39,0.932143999342859,node
auc_degree,beta,imagination,56,7Networks_RH_Vis_6,0.133092957283283,-0.199536657677538,0.438219111302169,0.43228395493083,39,0.894015636344178,node
auc_degree,beta,total,57,7Networks_RH_Vis_7,0.20725240392412,-0.125178458472482,0.497844262240775,0.218392115817845,39,0.742533193780674,node
auc_degree,beta,social,57,7Networks_RH_Vis_7,0.0257256152994355,-0.300806345672347,0.346858814263623,0.87986782107454,39,0.932143999342859,node
auc_degree,beta,switching,57,7Networks_RH_Vis_7,0.203888991813995,-0.128633719529087,0.495198225264898,0.226123300708605,39,0.744018602331539,node
auc_degree,beta,detail,57,7Networks_RH_Vis_7,0.433207258350832,0.12701128301753,0.664023017766914,0.00739979519104352,39,0.12579651824774,node
auc_degree,beta,communication,57,7Networks_RH_Vis_7,-0.0621179780715549,-0.378523669463217,0.267286416012302,0.714937313388873,39,0.932143999342859,node
auc_degree,beta,imagination,57,7Networks_RH_Vis_7,-0.0810355167524697,-0.394696301254699,0.249541333881818,0.633513801672765,39,0.932143999342859,node
auc_degree,beta,total,58,7Networks_RH_Vis_8,0.0010990633552036,-0.323040499394212,0.325007840876672,0.994848991761525,39,0.99842376489005,node
auc_degree,beta,social,58,7Networks_RH_Vis_8,-0.0686466491114172,-0.384126957746445,0.26118751686979,0.686428678919915,39,0.932143999342859,node
auc_degree,beta,switching,58,7Networks_RH_Vis_8,-0.109152903715908,-0.418380067042164,0.222749882988772,0.520166594404638,39,0.894015636344178,node
auc_degree,beta,detail,58,7Networks_RH_Vis_8,0.368610999298483,0.0506341740891764,0.618734489626248,0.024772990762546,39,0.194372696752284,node
auc_degree,beta,communication,58,7Networks_RH_Vis_8,-0.0153412211053396,-0.337687121892417,0.3102254086912,0.928192399698789,39,0.956319442113904,node
auc_degree,beta,imagination,58,7Networks_RH_Vis_8,-0.218161546048408,-0.506389546275674,0.113915635385273,0.194573281201646,39,0.708802667234566,node
auc_degree,beta,total,59,7Networks_RH_SomMot_1,0.159250814059303,-0.173738833219405,0.45956142776136,0.346467040613112,39,0.988530104352152,node
auc_degree,beta,social,59,7Networks_RH_SomMot_1,0.0521420347213258,-0.276554964199342,0.369916702319777,0.75923146182401,39,0.988530104352152,node
auc_degree,beta,switching,59,7Networks_RH_SomMot_1,0.280662892458254,-0.0476994996208693,0.554280247562756,0.0924486283599101,39,0.705971343839313,node
auc_degree,beta,detail,59,7Networks_RH_SomMot_1,0.243459707684153,-0.0874646273884296,0.525990463154526,0.146493135665832,39,0.84429753314489,node
auc_degree,beta,communication,59,7Networks_RH_SomMot_1,-0.21959312524922,-0.507506736161956,0.112431280749266,0.191588613584139,39,0.84429753314489,node
auc_degree,beta,imagination,59,7Networks_RH_SomMot_1,0.0478461076981096,-0.280527518416785,0.366193417303648,0.778550535023397,39,0.988530104352152,node
auc_degree,beta,total,60,7Networks_RH_SomMot_2,0.037897993685471,-0.289683808946886,0.357532063567795,0.823775086960127,39,0.988530104352152,node
auc_degree,beta,social,60,7Networks_RH_SomMot_2,0.0042473832429143,-0.320217839025003,0.327820738324171,0.980095523433306,39,0.995724920200096,node
auc_degree,beta,switching,60,7Networks_RH_SomMot_2,0.0701353616166993,-0.259793107063279,0.385401412615235,0.679985586539121,39,0.988530104352152,node
auc_degree,beta,detail,60,7Networks_RH_SomMot_2,0.145683257129343,-0.18717694099234,0.448534719666673,0.389598968158343,39,0.988530104352152,node
auc_degree,beta,communication,60,7Networks_RH_SomMot_2,-0.202052783661599,-0.493751373846416,0.130516670555387,0.230421915168352,39,0.907818535266963,node
auc_degree,beta,imagination,60,7Networks_RH_SomMot_2,0.0903745020524078,-0.24069852686605,0.40260919414161,0.594761128549075,39,0.988530104352152,node
auc_degree,beta,total,61,7Networks_RH_SomMot_3,0.0608393205634454,-0.268477819020325,0.377423528075874,0.720567077548749,39,0.988530104352152,node
auc_degree,beta,social,61,7Networks_RH_SomMot_3,0.00344161217146879,-0.320940810787803,0.327101360059962,0.983871052102476,39,0.995724920200096,node
auc_degree,beta,switching,61,7Networks_RH_SomMot_3,0.121199723493662,-0.211115664241051,0.428400245602127,0.474877029047818,39,0.988530104352152,node
auc_degree,beta,detail,61,7Networks_RH_SomMot_3,0.178862150024182,-0.154092937953343,0.475338107093161,0.289506485680132,39,0.935328646043504,node
auc_degree,beta,communication,61,7Networks_RH_SomMot_3,-0.166463183131719,-0.465385660571567,0.166544436630531,0.32477383388214,39,0.988530104352152,node
auc_degree,beta,imagination,61,7Networks_RH_SomMot_3,0.011021222275418,-0.314125084790775,0.333853503029539,0.948380702378346,39,0.995724920200096,node
auc_degree,beta,total,62,7Networks_RH_SomMot_4,0.0531346880077427,-0.275635431620343,0.370775586753203,0.754787331889316,39,0.988530104352152,node
auc_degree,beta,social,62,7Networks_RH_SomMot_4,0.102050650414851,-0.229564871682776,0.412437147556883,0.547828880394648,39,0.988530104352152,node
auc_degree,beta,switching,62,7Networks_RH_SomMot_4,0.107357661145724,-0.22447558243925,0.416880366601533,0.527093195424168,39,0.988530104352152,node
auc_degree,beta,detail,62,7Networks_RH_SomMot_4,0.185172249558226,-0.147715236693231,0.480374152997318,0.27254430785161,39,0.935328646043504,node
auc_degree,beta,communication,62,7Networks_RH_SomMot_4,-0.215119647218943,-0.504012462546597,0.117064760000215,0.201023222177355,39,0.84429753314489,node
auc_degree,beta,imagination,62,7Networks_RH_SomMot_4,-0.10828689492264,-0.4176568355421,0.22358260457372,0.523502312081637,39,0.988530104352152,node
auc_degree,beta,total,63,7Networks_RH_SomMot_5,0.0437883980603452,-0.284269484132745,0.362667209477498,0.796919539830949,39,0.988530104352152,node
auc_degree,beta,social,63,7Networks_RH_SomMot_5,0.0818160446716752,-0.248804380577151,0.395359426734649,0.630235932796209,39,0.988530104352152,node
auc_degree,beta,switching,63,7Networks_RH_SomMot_5,0.179801507457279,-0.153145271387594,0.476089034463509,0.28693926703921,39,0.935328646043504,node
auc_degree,beta,detail,63,7Networks_RH_SomMot_5,-0.354226285709888,-0.608417823746367,-0.0341177301813247,0.0314752918977676,39,0.482375847948629,node
auc_degree,beta,communication,63,7Networks_RH_SomMot_5,0.104637228557001,-0.227086671808201,0.414604569542782,0.537674520486669,39,0.988530104352152,node
auc_degree,beta,imagination,63,7Networks_RH_SomMot_5,0.127447931892823,-0.205044143802267,0.433567728840842,0.452230983243744,39,0.988530104352152,node
auc_degree,beta,total,64,7Networks_RH_SomMot_6,0.0406366746910751,-0.287169081172975,0.359922001709503,0.811262363493249,39,0.988530104352152,node
auc_degree,beta,social,64,7Networks_RH_SomMot_6,-0.00513916217823751,-0.328616465698493,0.319417256531832,0.975917495933209,39,0.995724920200096,node
auc_degree,beta,switching,64,7Networks_RH_SomMot_6,0.107920023099936,-0.223935228730261,0.417350330948059,0.524918597375416,39,0.988530104352152,node
auc_degree,beta,detail,64,7Networks_RH_SomMot_6,-0.342025957206226,-0.599599936543362,-0.0202450953389242,0.038264634062687,39,0.482375847948629,node
auc_degree,beta,communication,64,7Networks_RH_SomMot_6,0.10769112413964,-0.224155194268107,0.417159060685232,0.525803196600526,39,0.988530104352152,node
auc_degree,beta,imagination,64,7Networks_RH_SomMot_6,0.345995237336966,0.0247448897663068,0.602475646239207,0.0359362216443134,39,0.482375847948629,node
auc_degree,beta,total,65,7Networks_RH_SomMot_7,-0.0529826747911471,-0.37064409389062,0.27577628628408,0.755467399031836,39,0.988530104352152,node
auc_degree,beta,social,65,7Networks_RH_SomMot_7,-0.312473801679554,-0.577978478713723,0.0128519701196876,0.0597108966711318,39,0.557301702263897,node
auc_degree,beta,switching,65,7Networks_RH_SomMot_7,0.129882348717189,-0.202671620189279,0.435575639720988,0.443568469453623,39,0.988530104352152,node
auc_degree,beta,detail,65,7Networks_RH_SomMot_7,-0.156728204037706,-0.457518219355963,0.176246795076098,0.354257926029157,39,0.988530104352152,node
auc_degree,beta,communication,65,7Networks_RH_SomMot_7,-0.0175123260464905,-0.339609757057044,0.308261399990439,0.918062234277889,39,0.995724920200096,node
auc_degree,beta,imagination,65,7Networks_RH_SomMot_7,0.368443082175823,0.0504403640677882,0.618614555660212,0.0248437856327215,39,0.482375847948629,node
auc_degree,beta,total,66,7Networks_RH_SomMot_8,0.105252915117702,-0.226496148979705,0.415119966153931,0.535270859843135,39,0.988530104352152,node
auc_degree,beta,social,66,7Networks_RH_SomMot_8,0.0460513756706597,-0.282183828344936,0.364634896265226,0.78666122706832,39,0.988530104352152,node
auc_degree,beta,switching,66,7Networks_RH_SomMot_8,0.0451984048137529,-0.282970326833617,0.363893561603586,0.790523775778354,39,0.988530104352152,node
auc_degree,beta,detail,66,7Networks_RH_SomMot_8,-0.250117203547374,-0.531099258863108,0.0804253147011666,0.135428872544581,39,0.84429753314489,node
auc_degree,beta,communication,66,7Networks_RH_SomMot_8,0.117866642327597,-0.214344037489463,0.425635429683692,0.48719641280915,39,0.988530104352152,node
auc_degree,beta,imagination,66,7Networks_RH_SomMot_8,0.458795203490214,0.158304349442551,0.681506375642409,0.00428919759884391,39,0.185417971496706,node
auc_degree,beta,total,67,7Networks_RH_DorsAttn_Post_1,0.326955618342376,0.00327841897289104,0.588620698188987,0.0482459549860026,39,0.723689324790039,node
auc_degree,beta,social,67,7Networks_RH_DorsAttn_Post_1,0.0699570066853975,-0.25996023665241,0.385248790172781,0.680756333664557,39,0.979014652256125,node
auc_degree,beta,switching,67,7Networks_RH_DorsAttn_Post_1,0.502211328714969,0.2128185050053,0.710600666169476,0.00153869359932668,39,0.0692412119697005,node
auc_degree,beta,detail,67,7Networks_RH_DorsAttn_Post_1,0.264478980232017,-0.0651267513670031,0.542050991145579,0.113681359210406,39,0.935635270227407,node
auc_degree,beta,communication,67,7Networks_RH_DorsAttn_Post_1,-0.155781657836202,-0.456750736210142,0.177186730859925,0.357208347423502,39,0.965558694125018,node
auc_degree,beta,imagination,67,7Networks_RH_DorsAttn_Post_1,0.219435516614055,-0.112594772278864,0.507383787383995,0.191915621175412,39,0.937148992425778,node
auc_degree,beta,total,68,7Networks_RH_DorsAttn_Post_2,-0.031929510094822,-0.352309060657037,0.295148601307661,0.851189289566865,39,0.979014652256125,node
auc_degree,beta,social,68,7Networks_RH_DorsAttn_Post_2,0.101903771657199,-0.229705467287177,0.412313965042483,0.548408203577655,39,0.965558694125018,node
auc_degree,beta,switching,68,7Networks_RH_DorsAttn_Post_2,0.0915240157699117,-0.239606274414381,0.403579958739022,0.590063646409733,39,0.965558694125018,node
auc_degree,beta,detail,68,7Networks_RH_DorsAttn_Post_2,-0.19419659659351,-0.487542753023361,0.138545846285915,0.249438854557661,39,0.946697673983641,node
auc_degree,beta,communication,68,7Networks_RH_DorsAttn_Post_2,-0.162153378803468,-0.461908457149505,0.170847768869973,0.337632939501629,39,0.960470517342395,node
auc_degree,beta,imagination,68,7Networks_RH_DorsAttn_Post_2,0.0549878888082397,-0.273917129352514,0.372377599560261,0.746511355492578,39,0.979014652256125,node
auc_degree,beta,total,69,7Networks_RH_DorsAttn_Post_3,-0.0181995488736781,-0.340217771066916,0.307639150433589,0.914858292525629,39,0.979014652256125,node
auc_degree,beta,social,69,7Networks_RH_DorsAttn_Post_3,-0.0700858934109703,-0.385359083255325,0.259839463808993,0.680199327581269,39,0.979014652256125,node
auc_degree,beta,switching,69,7Networks_RH_DorsAttn_Post_3,0.106328932725125,-0.225463523397265,0.416020232613712,0.53108252989812,39,0.965558694125018,node
auc_degree,beta,detail,69,7Networks_RH_DorsAttn_Post_3,-0.203901611818459,-0.495208163686499,0.128620769966208,0.226093947615768,39,0.937148992425778,node
auc_degree,beta,communication,69,7Networks_RH_DorsAttn_Post_3,-0.043995916344156,-0.362847767657676,0.284078355737126,0.795977411099057,39,0.979014652256125,node
auc_degree,beta,imagination,69,7Networks_RH_DorsAttn_Post_3,0.233152078582184,-0.0982986056868754,0.51804021950838,0.164906378634571,39,0.937148992425778,node
auc_degree,beta,total,70,7Networks_RH_DorsAttn_Post_4,0.0448872956184156,-0.28325708136246,0.363623069622815,0.791933817340689,39,0.979014652256125,node
auc_degree,beta,social,70,7Networks_RH_DorsAttn_Post_4,-0.202623108248547,-0.494200937558249,0.129932084420091,0.22908086481519,39,0.937148992425778,node
auc_degree,beta,switching,70,7Networks_RH_DorsAttn_Post_4,0.128831858354027,-0.20369588171763,0.434709566561347,0.447295315167933,39,0.965558694125018,node
auc_degree,beta,detail,70,7Networks_RH_DorsAttn_Post_4,0.111122316850694,-0.220854364333022,0.420023328056277,0.512619977562226,39,0.965558694125018,node
auc_degree,beta,communication,70,7Networks_RH_DorsAttn_Post_4,-0.0098345503702878,-0.332798563109233,0.315194379662792,0.953932363651846,39,0.982990102159481,node
auc_degree,beta,imagination,70,7Networks_RH_DorsAttn_Post_4,0.174844793914764,-0.15813892952113,0.472121729650618,0.300652130810389,39,0.960470517342395,node
auc_degree,beta,total,71,7Networks_RH_DorsAttn_Post_5,-0.0798474965122137,-0.39368634849337,0.25066229590474,0.638516171461904,39,0.979014652256125,node
auc_degree,beta,social,71,7Networks_RH_DorsAttn_Post_5,-0.310092193194517,-0.576219621490305,0.0154885807186123,0.061787798014861,39,0.794414545905355,node
auc_degree,beta,switching,71,7Networks_RH_DorsAttn_Post_5,0.144514105437376,-0.18832913657059,0.447580185232275,0.393456103354882,39,0.965558694125018,node
auc_degree,beta,detail,71,7Networks_RH_DorsAttn_Post_5,-0.130158274488323,-0.435803031957145,0.202402463062219,0.442592383340122,39,0.965558694125018,node
auc_degree,beta,communication,71,7Networks_RH_DorsAttn_Post_5,-0.00380980809599706,-0.327430125466264,0.320610496785626,0.982145781999061,39,0.993181127864219,node
auc_degree,beta,imagination,71,7Networks_RH_DorsAttn_Post_5,0.184700589520512,-0.148192909000283,0.4799983963642,0.273789193151453,39,0.960470517342395,node
auc_degree,beta,total,72,7Networks_RH_DorsAttn_PrCv_1,-0.0580879947650636,-0.375053286756175,0.271037984917675,0.732729708559624,39,0.979014652256125,node
auc_degree,beta,social,72,7Networks_RH_DorsAttn_PrCv_1,0.0938665161540435,-0.237377864594425,0.405556028542771,0.580542010090794,39,0.965558694125018,node
auc_degree,beta,switching,72,7Networks_RH_DorsAttn_PrCv_1,-0.0361136654821072,-0.355972695556961,0.291319795641982,0.831950796263497,39,0.979014652256125,node
auc_degree,beta,detail,72,7Networks_RH_DorsAttn_PrCv_1,-0.177950033065107,-0.474608542316717,0.155012537269377,0.29201336869794,39,0.960470517342395,node
auc_degree,beta,communication,72,7Networks_RH_DorsAttn_PrCv_1,-0.0421816537715252,-0.361268397449679,0.285748445024964,0.804223611344905,39,0.979014652256125,node
auc_degree,beta,imagination,72,7Networks_RH_DorsAttn_PrCv_1,-0.0203878346678072,-0.3421520445252,0.30565589703263,0.904665207368581,39,0.979014652256125,node
auc_degree,beta,total,73,7Networks_RH_DorsAttn_FEF_1,-0.0013216868163339,-0.325206934484005,0.322841093210699,0.993805635072529,39,0.993805635072529,node
auc_degree,beta,social,73,7Networks_RH_DorsAttn_FEF_1,0.0339532644816216,-0.293298030036871,0.354082281346057,0.841872898875569,39,0.979014652256125,node
auc_degree,beta,switching,73,7Networks_RH_DorsAttn_FEF_1,0.0211862483655025,-0.304931585934755,0.342857101447756,0.900949829749607,39,0.979014652256125,node
auc_degree,beta,detail,73,7Networks_RH_DorsAttn_FEF_1,-0.420669545486078,-0.655363298447647,-0.111897459819663,0.00952683906044506,39,0.285805171813352,node
auc_degree,beta,communication,73,7Networks_RH_DorsAttn_FEF_1,0.252619775933876,-0.077770662200448,0.53301440160091,0.131433630010903,39,0.935635270227407,node
auc_degree,beta,imagination,73,7Networks_RH_DorsAttn_FEF_1,0.172014059346169,-0.160983141951666,0.469850622270536,0.308667627824886,39,0.960470517342395,node
auc_degree,beta,total,74,7Networks_RH_SalVentAttn_TempOccPar_1,0.222747571814506,-0.109155306576118,0.5099650224654,0.185125998286326,39,0.63471770841026,node
auc_degree,beta,social,74,7Networks_RH_SalVentAttn_TempOccPar_1,0.120590348482952,-0.21170643797626,0.427895193778644,0.477117042423669,39,0.773772847622686,node
auc_degree,beta,switching,74,7Networks_RH_SalVentAttn_TempOccPar_1,0.337333792646528,0.0149425600705192,0.596191902721042,0.0411737278431584,39,0.388089970776083,node
auc_degree,beta,detail,74,7Networks_RH_SalVentAttn_TempOccPar_1,0.17111573113104,-0.161884592695352,0.469129065559636,0.311239310235972,39,0.770230018584269,node
auc_degree,beta,communication,74,7Networks_RH_SalVentAttn_TempOccPar_1,-0.230604908405747,-0.516067980488703,0.100963792699566,0.169702577172337,39,0.63471770841026,node
auc_degree,beta,imagination,74,7Networks_RH_SalVentAttn_TempOccPar_1,0.208867135622818,-0.123516761262733,0.499112671988529,0.214745776500867,39,0.672247648176627,node
auc_degree,beta,total,75,7Networks_RH_SalVentAttn_TempOccPar_2,0.116913880409408,-0.215265536615395,0.424844049024327,0.4907479865116,39,0.773772847622686,node
auc_degree,beta,social,75,7Networks_RH_SalVentAttn_TempOccPar_2,0.0685007522443121,-0.261324097856934,0.384001993848625,0.687061298293187,39,0.844311483129562,node
auc_degree,beta,switching,75,7Networks_RH_SalVentAttn_TempOccPar_2,0.196074515700882,-0.136630546551178,0.489029545999558,0.244800560440389,39,0.713133302419641,node
auc_degree,beta,detail,75,7Networks_RH_SalVentAttn_TempOccPar_2,0.322976641133612,-0.00117036026346392,0.585705684544626,0.0512034402997197,39,0.409627522397757,node
auc_degree,beta,communication,75,7Networks_RH_SalVentAttn_TempOccPar_2,-0.371292508169105,-0.620648165515381,-0.0537324212464862,0.0236648984721397,39,0.388089970776083,node
auc_degree,beta,imagination,75,7Networks_RH_SalVentAttn_TempOccPar_2,0.0683871731869619,-0.261430415465157,0.383904702868692,0.687553930463784,39,0.844311483129562,node
auc_degree,beta,total,76,7Networks_RH_SalVentAttn_FrOperIns_1,-0.0903311713527218,-0.402572587614505,0.240739682719929,0.59493851831211,39,0.842886320979346,node
auc_degree,beta,social,76,7Networks_RH_SalVentAttn_FrOperIns_1,-0.143526042819964,-0.446772959149165,0.189302155567646,0.39673298592162,39,0.770230018584269,node
auc_degree,beta,switching,76,7Networks_RH_SalVentAttn_FrOperIns_1,-0.115516443767419,-0.423682461753452,0.216616050156101,0.495981128336956,39,0.773772847622686,node
auc_degree,beta,detail,76,7Networks_RH_SalVentAttn_FrOperIns_1,0.115116099577876,-0.217002717483697,0.42334949791537,0.497485572795712,39,0.773772847622686,node
auc_degree,beta,communication,76,7Networks_RH_SalVentAttn_FrOperIns_1,-0.0829028159106446,-0.396282188174862,0.247777642650581,0.625683560055833,39,0.844311483129562,node
auc_degree,beta,imagination,76,7Networks_RH_SalVentAttn_FrOperIns_1,0.0100895341132918,-0.314964686664601,0.333025309415306,0.952739272393611,39,0.992331401212623,node
auc_degree,beta,total,77,7Networks_RH_SalVentAttn_Med_1,0.194931917690941,-0.137796184745199,0.488125126860904,0.24761573000682,39,0.713133302419641,node
auc_degree,beta,social,77,7Networks_RH_SalVentAttn_Med_1,0.0679856107097752,-0.261806240694943,0.38356067124437,0.689296663729656,39,0.844311483129562,node
auc_degree,beta,switching,77,7Networks_RH_SalVentAttn_Med_1,0.233335395404228,-0.098106611749575,0.518182042462596,0.164565006652324,39,0.63471770841026,node
auc_degree,beta,detail,77,7Networks_RH_SalVentAttn_Med_1,-0.242428779167888,-0.525197527111663,0.0885517340310352,0.148263911404507,39,0.63471770841026,node
auc_degree,beta,communication,77,7Networks_RH_SalVentAttn_Med_1,0.145480627774533,-0.187376697262148,0.448369335780969,0.390265879781004,39,0.770230018584269,node
auc_degree,beta,imagination,77,7Networks_RH_SalVentAttn_Med_1,0.439827182973179,0.135049166393349,0.668570515443678,0.00645118345232172,39,0.388089970776083,node
auc_degree,beta,total,78,7Networks_RH_SalVentAttn_Med_2,0.0131238247882075,-0.312228428637205,0.335720712697461,0.938550046760788,39,0.992331401212623,node
auc_degree,beta,social,78,7Networks_RH_SalVentAttn_Med_2,0.121654409837804,-0.210674699055504,0.428776965996083,0.473209243025609,39,0.773772847622686,node
auc_degree,beta,switching,78,7Networks_RH_SalVentAttn_Med_2,0.0327624937462579,-0.294387197417094,0.353039202504377,0.847352153724318,39,0.976687532816548,node
auc_degree,beta,detail,78,7Networks_RH_SalVentAttn_Med_2,-0.345255664104969,-0.601940336036628,-0.0239054809117175,0.036361075487852,39,0.388089970776083,node
auc_degree,beta,communication,78,7Networks_RH_SalVentAttn_Med_2,0.150586113209996,-0.182335196629168,0.45253006575158,0.373665169377523,39,0.770230018584269,node
auc_degree,beta,imagination,78,7Networks_RH_SalVentAttn_Med_2,0.0898171822063775,-0.241227783023137,0.402138284465892,0.59704447736037,39,0.842886320979346,node
auc_degree,beta,total,79,7Networks_RH_Limbic_OFC_1,-0.250043352911438,-0.531042699566964,0.0805035820398961,0.135548119100092,39,0.813288714600552,node
auc_degree,beta,social,79,7Networks_RH_Limbic_OFC_1,-0.130344496206661,-0.435956476445656,0.202220781085789,0.441934289512202,39,0.989878360948096,node
auc_degree,beta,switching,79,7Networks_RH_Limbic_OFC_1,-0.288612096312433,-0.56024405184592,0.0390657514870894,0.0832052902262631,39,0.813288714600552,node
auc_degree,beta,detail,79,7Networks_RH_Limbic_OFC_1,0.0835602996790374,-0.247156117486909,0.396840140751015,0.622936026165042,39,0.989878360948096,node
auc_degree,beta,communication,79,7Networks_RH_Limbic_OFC_1,-0.173440852412522,-0.470995835940238,0.159550246541012,0.304610791845671,39,0.913832375537012,node
auc_degree,beta,imagination,79,7Networks_RH_Limbic_OFC_1,-0.205107163234463,-0.496157200096523,0.127383213777383,0.223301915909261,39,0.913832375537012,node
auc_degree,beta,total,80,7Networks_RH_Limbic_TempPole_1,0.193163331987974,-0.139598617932218,0.486723966776975,0.252015813287326,39,0.913832375537012,node
auc_degree,beta,social,80,7Networks_RH_Limbic_TempPole_1,0.0666585981405826,-0.263047490386766,0.382423153138,0.695066920408383,39,0.989878360948096,node
auc_degree,beta,switching,80,7Networks_RH_Limbic_TempPole_1,-0.0176002986605179,-0.339687605037022,0.308181760275601,0.917652019914148,39,0.989878360948096,node
auc_degree,beta,detail,80,7Networks_RH_Limbic_TempPole_1,0.256085940180314,-0.0740861063824357,0.535662214951447,0.126045275541861,39,0.813288714600552,node
auc_degree,beta,communication,80,7Networks_RH_Limbic_TempPole_1,0.139308247270842,-0.193448396037785,0.443321548646567,0.410897213689108,39,0.989878360948096,node
auc_degree,beta,imagination,80,7Networks_RH_Limbic_TempPole_1,0.114283146630551,-0.217806880605761,0.422656469038188,0.500623139234105,39,0.989878360948096,node
auc_degree,beta,total,81,7Networks_RH_Cont_Par_1,-0.0521568866075652,-0.369929556786112,0.276541210764827,0.759164913144875,39,0.9112828088205,node
auc_degree,beta,social,81,7Networks_RH_Cont_Par_1,0.109375016661102,-0.222536229439895,0.418565497467942,0.519312745433707,39,0.887306404527338,node
auc_degree,beta,switching,81,7Networks_RH_Cont_Par_1,-0.0697402735243299,-0.385063303372865,0.260163302413147,0.68169335861382,39,0.9112828088205,node
auc_degree,beta,detail,81,7Networks_RH_Cont_Par_1,0.0552229262890828,-0.27369905061716,0.372580644343972,0.745463704809366,39,0.9112828088205,node
auc_degree,beta,communication,81,7Networks_RH_Cont_Par_1,-0.266513984973869,-0.54359521726872,0.0629464020795328,0.110826097056642,39,0.785857779128915,node
auc_degree,beta,imagination,81,7Networks_RH_Cont_Par_1,-0.0114669135456305,-0.334249509493228,0.313723264876834,0.946296209665627,39,0.977914762142469,node
auc_degree,beta,total,82,7Networks_RH_Cont_Par_2,0.157393516730862,-0.175585765146112,0.458057403320905,0.352192958977546,39,0.862041948317517,node
auc_degree,beta,social,82,7Networks_RH_Cont_Par_2,0.173583922821995,-0.159406486781044,0.471110615922212,0.304205872368677,39,0.862041948317517,node
auc_degree,beta,switching,82,7Networks_RH_Cont_Par_2,0.269827878341808,-0.0593890797595822,0.546105896660939,0.10629280432093,39,0.785857779128915,node
auc_degree,beta,detail,82,7Networks_RH_Cont_Par_2,-0.269143162094415,-0.545587546876488,0.0601247792637949,0.107217751732505,39,0.785857779128915,node
auc_degree,beta,communication,82,7Networks_RH_Cont_Par_2,0.0652239063961525,-0.264388233304226,0.381192254464361,0.701324452075559,39,0.9112828088205,node
auc_degree,beta,imagination,82,7Networks_RH_Cont_Par_2,0.207197170432568,-0.125235265495508,0.497800853033177,0.218517590271477,39,0.862041948317517,node
auc_degree,beta,total,83,7Networks_RH_Cont_PFCl_1,-0.0535501095446244,-0.371134865348094,0.275250432139847,0.752929773669392,39,0.9112828088205,node
auc_degree,beta,social,83,7Networks_RH_Cont_PFCl_1,0.0165718082703521,-0.309112545222645,0.338777206158755,0.922449130786992,39,0.977914762142469,node
auc_degree,beta,switching,83,7Networks_RH_Cont_PFCl_1,0.0499743571454384,-0.278560876480781,0.368039248544753,0.768962499391915,39,0.9112828088205,node
auc_degree,beta,detail,83,7Networks_RH_Cont_PFCl_1,-0.0495024918770692,-0.367630215867699,0.278997148744777,0.771085453617346,39,0.9112828088205,node
auc_degree,beta,communication,83,7Networks_RH_Cont_PFCl_1,0.122516713181706,-0.20983804598287,0.429491115273539,0.470054805231144,39,0.887306404527338,node
auc_degree,beta,imagination,83,7Networks_RH_Cont_PFCl_1,-0.395861998080263,-0.638045113616433,-0.082407849611328,0.0152962349564092,39,0.453040029076896,node
auc_degree,beta,total,84,7Networks_RH_Cont_PFCl_2,-0.1342180311382,-0.439144199683695,0.198436478494589,0.42836755961276,39,0.874276937503337,node
auc_degree,beta,social,84,7Networks_RH_Cont_PFCl_2,0.0837457165308139,-0.24698079210651,0.396997446993696,0.622162099377754,39,0.9112828088205,node
auc_degree,beta,switching,84,7Networks_RH_Cont_PFCl_2,-0.0890042588626803,-0.401451105150802,0.241999418897765,0.600381857137473,39,0.9112828088205,node
auc_degree,beta,detail,84,7Networks_RH_Cont_PFCl_2,-0.057665889954901,-0.374689280368373,0.271430350654384,0.734601461597404,39,0.9112828088205,node
auc_degree,beta,communication,84,7Networks_RH_Cont_PFCl_2,-0.144026822805775,-0.447182147433341,0.188809081819899,0.395070198951357,39,0.862041948317517,node
auc_degree,beta,imagination,84,7Networks_RH_Cont_PFCl_2,-0.254111332280261,-0.534154479560662,0.0761862332928282,0.129094367354943,39,0.815096613501667,node
auc_degree,beta,total,85,7Networks_RH_Cont_PFCl_3,-0.180886238448006,-0.476955637006086,0.152050182951098,0.283993092754356,39,0.862041948317517,node
auc_degree,beta,social,85,7Networks_RH_Cont_PFCl_3,-0.0598330351095825,-0.376557103470833,0.269414728495783,0.72500784955236,39,0.9112828088205,node
auc_degree,beta,switching,85,7Networks_RH_Cont_PFCl_3,-0.104182946081483,-0.414224158167084,0.2275222309611,0.539451371486274,39,0.890811193565746,node
auc_degree,beta,detail,85,7Networks_RH_Cont_PFCl_3,-0.051637052473531,-0.369479562377382,0.277022517640579,0.761495209923839,39,0.9112828088205,node
auc_degree,beta,communication,85,7Networks_RH_Cont_PFCl_3,-0.161405766161817,-0.461304334699804,0.171592968010586,0.339894986336491,39,0.862041948317517,node
auc_degree,beta,imagination,85,7Networks_RH_Cont_PFCl_3,-0.156929791055277,-0.457681613246116,0.176046537425677,0.353631478605641,39,0.862041948317517,node
auc_degree,beta,total,86,7Networks_RH_Cont_PFCl_4,-0.14318565348181,-0.446494753923423,0.189637211041456,0.397865514608085,39,0.862041948317517,node
auc_degree,beta,social,86,7Networks_RH_Cont_PFCl_4,0.0361772888046296,-0.291261494603601,0.356028328174651,0.83165897262985,39,0.941012058393622,node
auc_degree,beta,switching,86,7Networks_RH_Cont_PFCl_4,-0.0514929062510479,-0.369354755797123,0.277155951333489,0.762141751771473,39,0.9112828088205,node
auc_degree,beta,detail,86,7Networks_RH_Cont_PFCl_4,-0.319370628916903,-0.58305802258239,0.00519108536257095,0.0540074448065683,39,0.602175725682789,node
auc_degree,beta,communication,86,7Networks_RH_Cont_PFCl_4,-0.0810123093298178,-0.394676579553195,0.249563239840908,0.633611368291407,39,0.9112828088205,node
auc_degree,beta,imagination,86,7Networks_RH_Cont_PFCl_4,0.0219330482099719,-0.304253756653168,0.343516251750426,0.897476510569171,39,0.977914762142469,node
auc_degree,beta,total,87,7Networks_RH_Cont_Cing_1,0.186788763786149,-0.146076937624111,0.481661157112036,0.26830586839124,39,0.862041948317517,node
auc_degree,beta,social,87,7Networks_RH_Cont_Cing_1,0.176266695951859,-0.156708169538626,0.473261039155159,0.296676402378595,39,0.862041948317517,node
auc_degree,beta,switching,87,7Networks_RH_Cont_Cing_1,0.113354547492675,-0.21870285282151,0.421883435779537,0.504132775035593,39,0.887306404527338,node
auc_degree,beta,detail,87,7Networks_RH_Cont_Cing_1,-0.16341648970753,-0.462928506105086,0.169587869484678,0.333832228520571,39,0.862041948317517,node
auc_degree,beta,communication,87,7Networks_RH_Cont_Cing_1,0.145216768013332,-0.187636774492057,0.448153945210911,0.391135312252978,39,0.862041948317517,node
auc_degree,beta,imagination,87,7Networks_RH_Cont_Cing_1,0.295386510079992,-0.0316691422646473,0.56530435328354,0.0759076216116875,39,0.740099310713953,node
auc_degree,beta,total,88,7Networks_RH_Cont_PFCmp_1,-0.108343680102243,-0.417704270665522,0.223528016912288,0.52328326420843,39,0.887306404527338,node
auc_degree,beta,social,88,7Networks_RH_Cont_PFCmp_1,0.0188846299506299,-0.30701856261041,0.340823622305341,0.911665652270323,39,0.977914762142469,node
auc_degree,beta,switching,88,7Networks_RH_Cont_PFCmp_1,-0.0738498088057069,-0.388576035444819,0.256307942555313,0.664007568679033,39,0.9112828088205,node
auc_degree,beta,detail,88,7Networks_RH_Cont_PFCmp_1,-0.355080497492731,-0.609032870217814,-0.0350936720432831,0.0310395896256654,39,0.506772333847944,node
auc_degree,beta,communication,88,7Networks_RH_Cont_PFCmp_1,0.109232446805556,-0.222673373042526,0.418446476350525,0.519860734464101,39,0.887306404527338,node
auc_degree,beta,imagination,88,7Networks_RH_Cont_PFCmp_1,0.0215201479690954,-0.304628564399282,0.343151851464504,0.899396655591313,39,0.977914762142469,node
auc_degree,beta,total,89,7Networks_RH_Cont_pCun_1,0.181759511496901,-0.151167977207804,0.477652885653492,0.281635529086873,39,0.862041948317517,node
auc_degree,beta,social,89,7Networks_RH_Cont_pCun_1,0.0025516155856193,-0.321738914093199,0.32630635050162,0.988041626973107,39,0.988041626973107,node
auc_degree,beta,switching,89,7Networks_RH_Cont_pCun_1,0.00766517853953726,-0.317147041851572,0.330867920410138,0.964086779725057,39,0.977914762142469,node
auc_degree,beta,detail,89,7Networks_RH_Cont_pCun_1,0.319327873576506,-0.00523869495417173,0.583026596461443,0.0540414112792247,39,0.602175725682789,node
auc_degree,beta,communication,89,7Networks_RH_Cont_pCun_1,0.0360083839404191,-0.291416264720676,0.355880631760482,0.832433743963588,39,0.941012058393622,node
auc_degree,beta,imagination,89,7Networks_RH_Cont_pCun_1,0.184640993384319,-0.148253253760005,0.479950910296004,0.27394675343544,39,0.862041948317517,node
auc_degree,beta,total,90,7Networks_RH_Default_Par_1,0.0971799212974279,-0.234219873172109,0.408346161205368,0.567192790813215,39,0.792968561913621,node
auc_degree,beta,social,90,7Networks_RH_Default_Par_1,0.078249373898442,-0.252168815201531,0.39232656574626,0.645270214109021,39,0.824739554901883,node
auc_degree,beta,switching,90,7Networks_RH_Default_Par_1,0.208128070332673,-0.124277554148048,0.498532273128854,0.216409468031762,39,0.64144834230647,node
auc_degree,beta,detail,90,7Networks_RH_Default_Par_1,0.151754454369223,-0.181179031162916,0.453480363853683,0.369925921570304,39,0.699696949953625,node
auc_degree,beta,communication,90,7Networks_RH_Default_Par_1,-0.31001355658194,-0.576161504982637,0.01557555991268,0.0618573362505002,39,0.480421309606842,node
auc_degree,beta,imagination,90,7Networks_RH_Default_Par_1,0.120315888505895,-0.211972440723038,0.427667657832015,0.478127738701359,39,0.747627262668732,node
auc_degree,beta,total,91,7Networks_RH_Default_Temp_1,0.298136030695224,-0.0286568372082002,0.567352390121099,0.0730923153357296,39,0.480421309606842,node
auc_degree,beta,social,91,7Networks_RH_Default_Temp_1,0.233063915026294,-0.0983909335889592,0.517972006245255,0.165070737955933,39,0.615432726199777,node
auc_degree,beta,switching,91,7Networks_RH_Default_Temp_1,0.238154732932688,-0.0930502897718417,0.521904909354907,0.155772157858896,39,0.609244359505432,node
auc_degree,beta,detail,91,7Networks_RH_Default_Temp_1,0.284375451930919,-0.0436733309750472,0.557069056191248,0.0880381603508066,39,0.487595965019852,node
auc_degree,beta,communication,91,7Networks_RH_Default_Temp_1,-0.0527909567067567,-0.37047823778387,0.275953911143897,0.756325353742383,39,0.885454072674009,node
auc_degree,beta,imagination,91,7Networks_RH_Default_Temp_1,0.0679055641298332,-0.261881144914736,0.383492082266465,0.689644245231872,39,0.841599756893132,node
auc_degree,beta,total,92,7Networks_RH_Default_Temp_2,0.199536231934366,-0.133093392825971,0.49176581466758,0.236402965717473,39,0.654654366602233,node
auc_degree,beta,social,92,7Networks_RH_Default_Temp_2,0.162681709690496,-0.170320913739633,0.462335217185661,0.33603996476774,39,0.699696949953625,node
auc_degree,beta,switching,92,7Networks_RH_Default_Temp_2,0.193003123787449,-0.139761783373812,0.486596967349604,0.252416955733384,39,0.660873484101951,node
auc_degree,beta,detail,92,7Networks_RH_Default_Temp_2,-0.0285084870808404,-0.349306308366284,0.298271299234422,0.866982660499047,39,0.938687993322277,node
auc_degree,beta,communication,92,7Networks_RH_Default_Temp_2,0.13019488077273,-0.20236675097912,0.43583319650467,0.4424629771175,39,0.747627262668732,node
auc_degree,beta,imagination,92,7Networks_RH_Default_Temp_2,0.0781608876590496,-0.252252182698363,0.39225123598573,0.645645003135501,39,0.824739554901883,node
auc_degree,beta,total,93,7Networks_RH_Default_Temp_3,0.28843198198095,-0.0392619195633156,0.560109234110591,0.083406477362299,39,0.480421309606842,node
auc_degree,beta,social,93,7Networks_RH_Default_Temp_3,0.154906779465816,-0.178054959489756,0.456040964467582,0.359948495425613,39,0.699696949953625,node
auc_degree,beta,switching,93,7Networks_RH_Default_Temp_3,0.364923163642542,0.0463831781827549,0.616097784895449,0.026366801269489,39,0.474602422850802,node
auc_degree,beta,detail,93,7Networks_RH_Default_Temp_3,0.29552406020803,-0.0315185868797682,0.565406889454215,0.0757647997347143,39,0.480421309606842,node
auc_degree,beta,communication,93,7Networks_RH_Default_Temp_3,-0.15126954296129,-0.453086032874646,0.181659000879556,0.371475161267428,39,0.699696949953625,node
auc_degree,beta,imagination,93,7Networks_RH_Default_Temp_3,0.0845467308667307,-0.246223124752632,0.397676810027043,0.618823276189425,39,0.824739554901883,node
auc_degree,beta,total,94,7Networks_RH_Default_PFCv_1,-0.215467232781887,-0.504284304013188,0.116705259903172,0.200278758731005,39,0.626959592549233,node
auc_degree,beta,social,94,7Networks_RH_Default_PFCv_1,-0.155014120030183,-0.456128068393861,0.177948462689131,0.359611623576652,39,0.699696949953625,node
auc_degree,beta,switching,94,7Networks_RH_Default_PFCv_1,-0.230457008719602,-0.515953370730057,0.101118398906112,0.169984104555717,39,0.615432726199777,node
auc_degree,beta,detail,94,7Networks_RH_Default_PFCv_1,0.0446603303921933,-0.283466241983997,0.363425702185454,0.792962903935509,39,0.906140767706936,node
auc_degree,beta,communication,94,7Networks_RH_Default_PFCv_1,-0.0540256929904005,-0.371546058449868,0.2748095469971,0.750804880313157,39,0.885454072674009,node
auc_degree,beta,imagination,94,7Networks_RH_Default_PFCv_1,-0.217654307161024,-0.505993469897203,0.114441218251602,0.195638597724146,39,0.626043512717266,node
auc_degree,beta,total,95,7Networks_RH_Default_PFCv_2,-0.0214786610923604,-0.343115232352428,0.304666218282158,0.899589616857953,39,0.953182748268889,node
auc_degree,beta,social,95,7Networks_RH_Default_PFCv_2,0.125099480614544,-0.207329190606134,0.431627837515498,0.46067349314046,39,0.747627262668732,node
auc_degree,beta,switching,95,7Networks_RH_Default_PFCv_2,-0.0213413842330584,-0.342994055578641,0.304790804794688,0.90022815114284,39,0.953182748268889,node
auc_degree,beta,detail,95,7Networks_RH_Default_PFCv_2,-0.18392811344488,-0.479382754973022,0.148974896494187,0.275836059059118,39,0.699696949953625,node
auc_degree,beta,communication,95,7Networks_RH_Default_PFCv_2,0.119039524197653,-0.213208828491156,0.42660899973125,0.482842607140223,39,0.747627262668732,node
auc_degree,beta,imagination,95,7Networks_RH_Default_PFCv_2,-0.154371945804558,-0.455606875603382,0.178585472797859,0.361629811537963,39,0.699696949953625,node
auc_degree,beta,total,96,7Networks_RH_Default_PFCdPFCm_1,-0.256954641734274,-0.536324958237452,0.0731612559491214,0.124720992222828,39,0.60323061276315,node
auc_degree,beta,social,96,7Networks_RH_Default_PFCdPFCm_1,-0.103802342728741,-0.413905361501441,0.227887045533227,0.540942200743537,39,0.778956769070693,node
auc_degree,beta,switching,96,7Networks_RH_Default_PFCdPFCm_1,-0.222953858881678,-0.510125620415669,0.108940820673891,0.184708812346609,39,0.618559743672364,node
auc_degree,beta,detail,96,7Networks_RH_Default_PFCdPFCm_1,-0.0882820414540857,-0.400840306026572,0.242684604646734,0.603353599967405,39,0.821093957828391,node
auc_degree,beta,communication,96,7Networks_RH_Default_PFCdPFCm_1,-0.0973570921325717,-0.408495188597874,0.234050815244203,0.566482976900753,39,0.792968561913621,node
auc_degree,beta,imagination,96,7Networks_RH_Default_PFCdPFCm_1,-0.22994906003141,-0.515559675572777,0.101649258635073,0.170953535055494,39,0.615432726199777,node
auc_degree,beta,total,97,7Networks_RH_Default_PFCdPFCm_2,-0.194009467550606,-0.487394505263181,0.138736563925008,0.249904242825594,39,0.660873484101951,node
auc_degree,beta,social,97,7Networks_RH_Default_PFCdPFCm_2,-0.106301524919622,-0.415997308989331,0.225489835197638,0.531189015345109,39,0.778956769070693,node
auc_degree,beta,switching,97,7Networks_RH_Default_PFCdPFCm_2,-0.124270969697536,-0.430942785367043,0.208134468365652,0.463671910162741,39,0.747627262668732,node
auc_degree,beta,detail,97,7Networks_RH_Default_PFCdPFCm_2,-0.175169992543237,-0.472382385074198,0.157811828299898,0.299739874393144,39,0.699696949953625,node
auc_degree,beta,communication,97,7Networks_RH_Default_PFCdPFCm_2,-0.0330599249450349,-0.353299817779653,0.294115224347852,0.845982871462931,39,0.927140338004784,node
auc_degree,beta,imagination,97,7Networks_RH_Default_PFCdPFCm_2,-0.0921081683822517,-0.404073006663824,0.239050899076164,0.587682791584875,39,0.813714634502135,node
auc_degree,beta,total,98,7Networks_RH_Default_PFCdPFCm_3,-0.164786951886909,-0.464034352042737,0.168219659471285,0.329738478942893,39,0.699696949953625,node
auc_degree,beta,social,98,7Networks_RH_Default_PFCdPFCm_3,0.00522063555513221,-0.319344091803403,0.328689140868774,0.975535819062492,39,0.986844455267583,node
auc_degree,beta,switching,98,7Networks_RH_Default_PFCdPFCm_3,-0.115034973254107,-0.423282015495194,0.217081059611163,0.497790718505311,39,0.760542545118394,node
auc_degree,beta,detail,98,7Networks_RH_Default_PFCdPFCm_3,-0.390495918163966,-0.634266533852025,-0.0761004006372672,0.0168710837556425,39,0.45053559974314,node
auc_degree,beta,communication,98,7Networks_RH_Default_PFCdPFCm_3,0.178410846265005,-0.154548015994278,0.474977178763782,0.290745121333458,39,0.699696949953625,node
auc_degree,beta,imagination,98,7Networks_RH_Default_PFCdPFCm_3,-0.150437155293309,-0.452408857971846,0.182482536060852,0.374143507961313,39,0.699696949953625,node
auc_degree,beta,total,99,7Networks_RH_Default_pCunPCC_1,0.322678816561225,-0.0015028339630657,0.585487223404095,0.0514305175417693,39,0.480421309606842,node
auc_degree,beta,social,99,7Networks_RH_Default_pCunPCC_1,0.124618742514731,-0.207796502685988,0.431230383492292,0.462412040885929,39,0.747627262668732,node
auc_degree,beta,switching,99,7Networks_RH_Default_pCunPCC_1,0.205357497148493,-0.127126104171483,0.496354181256758,0.222725118856413,39,0.64144834230647,node
auc_degree,beta,detail,99,7Networks_RH_Default_pCunPCC_1,0.439274683447625,0.134376786148759,0.668191634054549,0.00652613805864224,39,0.351714275236075,node
auc_degree,beta,communication,99,7Networks_RH_Default_pCunPCC_1,-0.0393884507440462,-0.358833245676841,0.288315793387671,0.816959836228693,39,0.911955166022727,node
auc_degree,beta,imagination,99,7Networks_RH_Default_pCunPCC_1,0.156113173546177,-0.17685759946436,0.457019588362122,0.356173320591966,39,0.699696949953625,node
auc_degree,beta,total,100,7Networks_RH_Default_pCunPCC_2,0.301078189560958,-0.0254268952844647,0.56954023504984,0.0701709355214652,39,0.480421309606842,node
auc_degree,beta,social,100,7Networks_RH_Default_pCunPCC_2,0.0976340658828322,-0.233786484358149,0.40872813206172,0.565374131704844,39,0.792968561913621,node
auc_degree,beta,switching,100,7Networks_RH_Default_pCunPCC_2,0.218657650985732,-0.113401409257387,0.506776811125014,0.193535292170525,39,0.626043512717266,node
auc_degree,beta,detail,100,7Networks_RH_Default_pCunPCC_2,0.322929882771609,-0.00122256326996009,0.585671388741798,0.0512390381436146,39,0.480421309606842,node
auc_degree,beta,communication,100,7Networks_RH_Default_pCunPCC_2,-0.0432353564747028,-0.362185900317611,0.284778718932319,0.799431716379517,39,0.906140767706936,node
auc_degree,beta,imagination,100,7Networks_RH_Default_pCunPCC_2,0.267332488718235,-0.0620685512405744,0.5442157953632,0.109693071703444,39,0.570881063874562,node
auc_degree,gamma,total,1,7Networks_LH_Vis_1,0.0142448206163586,-0.3112161713367,0.336715174536763,0.933312430904561,39,0.995578950326246,node
auc_degree,gamma,social,1,7Networks_LH_Vis_1,0.150842117051289,-0.182081939433293,0.452738351259295,0.372843927494133,39,0.745687854988267,node
auc_degree,gamma,switching,1,7Networks_LH_Vis_1,0.166446053428922,-0.166561565756127,0.465371858355147,0.324824331899006,39,0.736268485637746,node
auc_degree,gamma,detail,1,7Networks_LH_Vis_1,-0.315696088204765,-0.580354270481042,0.00927745330838176,0.0569894470201862,39,0.528447599641727,node
auc_degree,gamma,communication,1,7Networks_LH_Vis_1,0.141122974919592,-0.191665910952784,0.444807641019892,0.404768123969909,39,0.750660884453286,node
auc_degree,gamma,imagination,1,7Networks_LH_Vis_1,-0.182439764214164,-0.478195762658423,0.150480398534699,0.279807884670952,39,0.699974085614579,node
auc_degree,gamma,total,2,7Networks_LH_Vis_2,0.200797497624288,-0.131802532210175,0.492761333269265,0.233392344112551,39,0.676613771254199,node
auc_degree,gamma,social,2,7Networks_LH_Vis_2,0.393311808902512,0.0794071473559538,0.636250825221939,0.0160285087571463,39,0.445440290855406,node
auc_degree,gamma,switching,2,7Networks_LH_Vis_2,-0.000943311476483057,-0.324868533887723,0.323179990886267,0.995578950326246,39,0.995578950326246,node
auc_degree,gamma,detail,2,7Networks_LH_Vis_2,-0.167953842385376,-0.466586199123107,0.165053057439774,0.320398123470993,39,0.736268485637746,node
auc_degree,gamma,communication,2,7Networks_LH_Vis_2,0.0894977030178652,-0.241531086154961,0.401868264691996,0.598355106180614,39,0.850491476333778,node
auc_degree,gamma,imagination,2,7Networks_LH_Vis_2,0.235353564765745,-0.0959912821433095,0.519742363179237,0.160840371606512,39,0.657943737584948,node
auc_degree,gamma,total,3,7Networks_LH_Vis_3,0.126132887918931,-0.206324130376526,0.432481812455322,0.456948127953503,39,0.764077197561595,node
auc_degree,gamma,social,3,7Networks_LH_Vis_3,0.323483915447941,-0.00060390425979823,0.586077694004362,0.0508185158453331,39,0.528447599641727,node
auc_degree,gamma,switching,3,7Networks_LH_Vis_3,0.00235422567910617,-0.321915860825593,0.326129965429653,0.988966653536219,39,0.995578950326246,node
auc_degree,gamma,detail,3,7Networks_LH_Vis_3,-0.220337223687103,-0.508087040945328,0.111659165257958,0.190050046190687,39,0.65866136519551,node
auc_degree,gamma,communication,3,7Networks_LH_Vis_3,0.091060672456319,-0.240046637852492,0.403188749709942,0.591955130016041,39,0.850491476333778,node
auc_degree,gamma,imagination,3,7Networks_LH_Vis_3,0.132565180596477,-0.200052467363778,0.43778492576542,0.434127962127,39,0.764077197561595,node
auc_degree,gamma,total,4,7Networks_LH_Vis_4,0.260282291543543,-0.0696132613224326,0.538860480471655,0.119744074866846,39,0.581614077924681,node
auc_degree,gamma,social,4,7Networks_LH_Vis_4,0.432036727036317,0.125594200703766,0.663217151308596,0.00757940475457345,39,0.445440290855406,node
auc_degree,gamma,switching,4,7Networks_LH_Vis_4,-0.00134095541196503,-0.325224165164195,0.32282383277291,0.993715330495353,39,0.995578950326246,node
auc_degree,gamma,detail,4,7Networks_LH_Vis_4,-0.0479055494364422,-0.366245005167724,0.280472627757121,0.778282297074334,39,0.900665429114284,node
auc_degree,gamma,communication,4,7Networks_LH_Vis_4,0.0646565551152352,-0.264918081056408,0.380705184211005,0.70380438691943,39,0.875463993485145,node
auc_degree,gamma,imagination,4,7Networks_LH_Vis_4,0.262437899172434,-0.0673104542204745,0.540500268810436,0.116600444361886,39,0.581614077924681,node
auc_degree,gamma,total,5,7Networks_LH_Vis_5,0.205955330029101,-0.126511909163854,0.496824479000816,0.221351774255431,39,0.676613771254199,node
auc_degree,gamma,social,5,7Networks_LH_Vis_5,0.26757339270231,-0.061810082965614,0.544398387698855,0.109361270402227,39,0.581614077924681,node
auc_degree,gamma,switching,5,7Networks_LH_Vis_5,0.226823393254374,-0.10491175751836,0.513134411869206,0.177006183225402,39,0.65866136519551,node
auc_degree,gamma,detail,5,7Networks_LH_Vis_5,-0.0521754105375807,-0.369945589275092,0.276524056683729,0.759081913076717,39,0.900665429114284,node
auc_degree,gamma,communication,5,7Networks_LH_Vis_5,-0.173179202300594,-0.47078589787977,0.159813120823639,0.305352201582484,39,0.724323827009612,node
auc_degree,gamma,imagination,5,7Networks_LH_Vis_5,0.303506507022922,-0.022755910446413,0.571343116863562,0.0678294652163043,39,0.576550454338587,node
auc_degree,gamma,total,6,7Networks_LH_Vis_6,0.0756298340662224,-0.254634745255872,0.390094724129236,0.656401574382603,39,0.863825034997417,node
auc_degree,gamma,social,6,7Networks_LH_Vis_6,0.220851804525403,-0.111124974687493,0.508488197637044,0.188991154605265,39,0.65866136519551,node
auc_degree,gamma,switching,6,7Networks_LH_Vis_6,-0.0805070185112433,-0.394247111017829,0.250040110275401,0.635737176079834,39,0.863825034997417,node
auc_degree,gamma,detail,6,7Networks_LH_Vis_6,-0.0970731149192829,-0.408256312918654,0.234321779050286,0.567620894678708,39,0.850491476333778,node
auc_degree,gamma,communication,6,7Networks_LH_Vis_6,-0.0924489756310194,-0.404360577765014,0.238726781000368,0.586295715769574,39,0.850491476333778,node
auc_degree,gamma,imagination,6,7Networks_LH_Vis_6,0.297268459373158,-0.0296079677323404,0.566706521269248,0.0739716782145437,39,0.580393167529497,node
auc_degree,gamma,total,7,7Networks_LH_Vis_7,0.0725433075192325,-0.257534776561523,0.387460260529628,0.669611404338165,39,0.863825034997417,node
auc_degree,gamma,social,7,7Networks_LH_Vis_7,0.129619317648004,-0.202928152157961,0.435358837764109,0.44450003444441,39,0.764077197561595,node
auc_degree,gamma,switching,7,7Networks_LH_Vis_7,0.0225166432356612,-0.303723829418822,0.344031131627625,0.89476355065273,39,0.981353571683639,node
auc_degree,gamma,detail,7,7Networks_LH_Vis_7,-0.157416819644822,-0.458076284502975,0.175562606794363,0.352120764817136,39,0.745687854988267,node
auc_degree,gamma,communication,7,7Networks_LH_Vis_7,-0.00144138526855682,-0.32531396971913,0.322733866145909,0.993244655236754,39,0.995578950326246,node
auc_degree,gamma,imagination,7,7Networks_LH_Vis_7,0.251742867301152,-0.0787013936516854,0.532343656853642,0.132823504324707,39,0.615818065505458,node
auc_degree,gamma,total,8,7Networks_LH_Vis_8,0.212616076310477,-0.119651579093471,0.502052764904117,0.206442471323029,39,0.670129024375459,node
auc_degree,gamma,social,8,7Networks_LH_Vis_8,0.374051263028892,0.0569263131293182,0.622613873100146,0.0225681142111175,39,0.445440290855406,node
auc_degree,gamma,switching,8,7Networks_LH_Vis_8,-0.0969493976331768,-0.408152231201856,0.234439810825542,0.568116966110676,39,0.850491476333778,node
auc_degree,gamma,detail,8,7Networks_LH_Vis_8,-0.0288161572294052,-0.34957663119301,0.297990744973925,0.86556010791256,39,0.959642728337838,node
auc_degree,gamma,communication,8,7Networks_LH_Vis_8,0.0366068384536604,-0.290867814432156,0.356403869666074,0.829689322731857,39,0.940314565762771,node
auc_degree,gamma,imagination,8,7Networks_LH_Vis_8,0.327936614679299,0.00437721492364624,0.589338335701955,0.0475383069425922,39,0.528447599641727,node
auc_degree,gamma,total,9,7Networks_LH_Vis_9,0.0872059267063075,-0.243704929464721,0.399929690444808,0.607793232100048,39,0.850491476333778,node
auc_degree,gamma,social,9,7Networks_LH_Vis_9,0.0510349778207843,-0.277579763762528,0.368958190082638,0.764196758685039,39,0.900665429114284,node
auc_degree,gamma,switching,9,7Networks_LH_Vis_9,0.126548152347415,-0.205920059251246,0.432824819039195,0.455455699702661,39,0.764077197561595,node
auc_degree,gamma,detail,9,7Networks_LH_Vis_9,0.0189104476696579,-0.30699516994051,0.34084644896991,0.911545361926931,39,0.989123690601564,node
auc_degree,gamma,communication,9,7Networks_LH_Vis_9,-0.260323735374344,-0.538892027049448,0.069569020549902,0.119683042825927,39,0.581614077924681,node
auc_degree,gamma,imagination,9,7Networks_LH_Vis_9,0.371301067180504,0.0537423202285685,0.620654268955968,0.023661428557557,39,0.445440290855406,node
auc_degree,gamma,total,10,7Networks_LH_SomMot_1,0.110486448472191,-0.221466648521651,0.41949298640184,0.515050587660777,39,0.973186556313649,node
auc_degree,gamma,social,10,7Networks_LH_SomMot_1,-0.00819611280833693,-0.33134067805531,0.316669399708974,0.96160100207182,39,0.973186556313649,node
auc_degree,gamma,switching,10,7Networks_LH_SomMot_1,0.277122594911322,-0.0515289419287375,0.551615104107387,0.0968106326440376,39,0.903565904677684,node
auc_degree,gamma,detail,10,7Networks_LH_SomMot_1,-0.0829639156970166,-0.396334048312244,0.247719895957184,0.625428022082754,39,0.973186556313649,node
auc_degree,gamma,communication,10,7Networks_LH_SomMot_1,-0.0137180711960658,-0.336247972281004,0.3116919171515,0.93577322558038,39,0.973186556313649,node
auc_degree,gamma,imagination,10,7Networks_LH_SomMot_1,0.159909524731182,-0.173083235552252,0.460094432920134,0.344449981041754,39,0.973186556313649,node
auc_degree,gamma,total,11,7Networks_LH_SomMot_2,-0.177170844707894,-0.473984978644312,0.155797660794723,0.294165920690555,39,0.973186556313649,node
auc_degree,gamma,social,11,7Networks_LH_SomMot_2,-0.220934669714659,-0.508552785972648,0.111038933720788,0.18882102634623,39,0.973186556313649,node
auc_degree,gamma,switching,11,7Networks_LH_SomMot_2,-0.133392294623548,-0.438465303599141,0.199244025674122,0.431240026687036,39,0.973186556313649,node
auc_degree,gamma,detail,11,7Networks_LH_SomMot_2,-0.0228791429840258,-0.344350851675982,0.303394563729799,0.893078987594135,39,0.973186556313649,node
auc_degree,gamma,communication,11,7Networks_LH_SomMot_2,-0.0322392501731494,-0.352580605169613,0.294865526251561,0.849762074695833,39,0.973186556313649,node
auc_degree,gamma,imagination,11,7Networks_LH_SomMot_2,-0.03830293606936,-0.357885704647071,0.28931226507648,0.821922171096368,39,0.973186556313649,node
auc_degree,gamma,total,12,7Networks_LH_SomMot_3,0.163908994041755,-0.169096322236513,0.463326022394883,0.332357459834688,39,0.973186556313649,node
auc_degree,gamma,social,12,7Networks_LH_SomMot_3,0.0417735420697711,-0.286123851234931,0.360912871505397,0.806081471935912,39,0.973186556313649,node
auc_degree,gamma,switching,12,7Networks_LH_SomMot_3,0.355742373355445,0.0358502888939695,0.609509221763264,0.0307054047964265,39,0.705395917004782,node
auc_degree,gamma,detail,12,7Networks_LH_SomMot_3,-0.0449607702990803,-0.363686956581297,0.283189363816814,0.7916007488258,39,0.973186556313649,node
auc_degree,gamma,communication,12,7Networks_LH_SomMot_3,-0.0319200951065379,-0.352300805832221,0.295157204875714,0.85123267910907,39,0.973186556313649,node
auc_degree,gamma,imagination,12,7Networks_LH_SomMot_3,0.134556349517112,-0.19810548211161,0.439422254493741,0.427193742945219,39,0.973186556313649,node
auc_degree,gamma,total,13,7Networks_LH_SomMot_4,0.225602822846477,-0.106183825094479,0.512186105426372,0.179410693818271,39,0.973186556313649,node
auc_degree,gamma,social,13,7Networks_LH_SomMot_4,0.1319449892968,-0.200658360688957,0.437274531586144,0.436300402473874,39,0.973186556313649,node
auc_degree,gamma,switching,13,7Networks_LH_SomMot_4,0.350212452453319,0.0295400621014298,0.605523704028434,0.0335902817621325,39,0.705395917004782,node
auc_degree,gamma,detail,13,7Networks_LH_SomMot_4,-0.0993829968662684,-0.410198101501875,0.23211625371364,0.558395549471186,39,0.973186556313649,node
auc_degree,gamma,communication,13,7Networks_LH_SomMot_4,0.0712031233678327,-0.258792134798797,0.386314760446947,0.675378045568333,39,0.973186556313649,node
auc_degree,gamma,imagination,13,7Networks_LH_SomMot_4,0.171899271266754,-0.16109835999613,0.469758444168249,0.308995485537752,39,0.973186556313649,node
auc_degree,gamma,total,14,7Networks_LH_SomMot_5,-0.0352802749050272,-0.355243764387846,0.292083246034105,0.835775374068922,39,0.973186556313649,node
auc_degree,gamma,social,14,7Networks_LH_SomMot_5,-0.086636131964669,-0.399447276154703,0.244244887406447,0.610149611226424,39,0.973186556313649,node
auc_degree,gamma,switching,14,7Networks_LH_SomMot_5,0.184660398931275,-0.148233604720274,0.479966372782464,0.273895442539414,39,0.973186556313649,node
auc_degree,gamma,detail,14,7Networks_LH_SomMot_5,-0.160980649858873,-0.460960687414349,0.172016542039184,0.341185391702163,39,0.973186556313649,node
auc_degree,gamma,communication,14,7Networks_LH_SomMot_5,0.00846314673092047,-0.316429106829544,0.33157839067574,0.960350911180899,39,0.973186556313649,node
auc_degree,gamma,imagination,14,7Networks_LH_SomMot_5,-0.049300628116251,-0.36745519426348,0.279183744428295,0.771994154571968,39,0.973186556313649,node
auc_degree,gamma,total,15,7Networks_LH_SomMot_6,-0.2220063718706,-0.509387820579764,0.109925710413843,0.186630468148878,39,0.973186556313649,node
auc_degree,gamma,social,15,7Networks_LH_SomMot_6,-0.0983914887692752,-0.409364941150728,0.233063384870281,0.562346946836168,39,0.973186556313649,node
auc_degree,gamma,switching,15,7Networks_LH_SomMot_6,-0.114109230620678,-0.422511722881866,0.217974728575752,0.501279509608136,39,0.973186556313649,node
auc_degree,gamma,detail,15,7Networks_LH_SomMot_6,-0.172453661865013,-0.470203575575579,0.160541808845199,0.307414070395419,39,0.973186556313649,node
auc_degree,gamma,communication,15,7Networks_LH_SomMot_6,0.0180972810814048,-0.307731767003674,0.340127307637765,0.91533499862057,39,0.973186556313649,node
auc_degree,gamma,imagination,15,7Networks_LH_SomMot_6,-0.297663928727317,-0.567000971957779,0.0291744825734408,0.0735698138149678,39,0.844982888902583,node
auc_degree,gamma,total,16,7Networks_LH_DorsAttn_Post_1,0.185868974871731,-0.147009345942559,0.480929013816235,0.270712179297281,39,0.738008633361132,node
auc_degree,gamma,social,16,7Networks_LH_DorsAttn_Post_1,0.214144991743372,-0.118072360608856,0.503249893694077,0.203121043435983,39,0.736756148478832,node
auc_degree,gamma,switching,16,7Networks_LH_DorsAttn_Post_1,0.228219744386806,-0.103455160315717,0.514218432304578,0.174283647774161,39,0.736756148478832,node
auc_degree,gamma,detail,16,7Networks_LH_DorsAttn_Post_1,-0.347976935061443,-0.603908881456413,-0.0269963338554821,0.0348177372092475,39,0.543352586189665,node
auc_degree,gamma,communication,16,7Networks_LH_DorsAttn_Post_1,0.167951092974478,-0.165055809581052,0.466583985830878,0.320406160056918,39,0.779366335273585,node
auc_degree,gamma,imagination,16,7Networks_LH_DorsAttn_Post_1,0.288456255389652,-0.0392354841174972,0.5601274038869,0.0833793420969916,39,0.625345065727437,node
auc_degree,gamma,total,17,7Networks_LH_DorsAttn_Post_2,0.0602776483087013,-0.269000844945302,0.376939989440116,0.723044655513553,39,0.9959737454384,node
auc_degree,gamma,social,17,7Networks_LH_DorsAttn_Post_2,-0.0924525664636226,-0.404363607359624,0.238723365616313,0.586281108915912,39,0.9959737454384,node
auc_degree,gamma,switching,17,7Networks_LH_DorsAttn_Post_2,0.35259818966711,0.0322593102349955,0.607244721735212,0.0323196150196319,39,0.543352586189665,node
auc_degree,gamma,detail,17,7Networks_LH_DorsAttn_Post_2,-0.0809155961925391,-0.394594389476587,0.249654525698943,0.634018026806116,39,0.9959737454384,node
auc_degree,gamma,communication,17,7Networks_LH_DorsAttn_Post_2,-0.0341943508332475,-0.354293368729458,0.293077411092767,0.840764437861992,39,0.9959737454384,node
auc_degree,gamma,imagination,17,7Networks_LH_DorsAttn_Post_2,0.0195935236776456,-0.306376111945549,0.341450250875937,0.908363475168975,39,0.9959737454384,node
auc_degree,gamma,total,18,7Networks_LH_DorsAttn_Post_3,-0.0534941495768436,-0.37108647373869,0.275302300207011,0.753179919314768,39,0.9959737454384,node
auc_degree,gamma,social,18,7Networks_LH_DorsAttn_Post_3,0.0648577907532829,-0.264730170437973,0.380877964787771,0.702924424502808,39,0.9959737454384,node
auc_degree,gamma,switching,18,7Networks_LH_DorsAttn_Post_3,-0.254610896858667,-0.534536096465933,0.075655189896936,0.12831783799276,39,0.710659430608248,node
auc_degree,gamma,detail,18,7Networks_LH_DorsAttn_Post_3,-0.135667114060398,-0.440334751512204,0.197018223373099,0.423352504238216,39,0.828298377857379,node
auc_degree,gamma,communication,18,7Networks_LH_DorsAttn_Post_3,-0.0310300907582521,-0.351520247263163,0.295970265764327,0.855336245544532,39,0.9959737454384,node
auc_degree,gamma,imagination,18,7Networks_LH_DorsAttn_Post_3,0.296117480213044,-0.0308688893085075,0.565849156326419,0.0751510384638713,39,0.625345065727437,node
auc_degree,gamma,total,19,7Networks_LH_DorsAttn_Post_4,-0.0711577650633565,-0.38627597417846,0.258834670318319,0.675573538015841,39,0.9959737454384,node
auc_degree,gamma,social,19,7Networks_LH_DorsAttn_Post_4,-0.250858825201677,-0.53166709890962,0.0796391136506343,0.134235670226002,39,0.710659430608248,node
auc_degree,gamma,switching,19,7Networks_LH_DorsAttn_Post_4,0.226950708202072,-0.104779008466782,0.513233287334545,0.176756703042438,39,0.736756148478832,node
auc_degree,gamma,detail,19,7Networks_LH_DorsAttn_Post_4,-0.136240626301561,-0.440805647602233,0.196456527179103,0.421376782311733,39,0.828298377857379,node
auc_degree,gamma,communication,19,7Networks_LH_DorsAttn_Post_4,-0.0277320278657118,-0.348623864109225,0.298979075808184,0.870574542512827,39,0.9959737454384,node
auc_degree,gamma,imagination,19,7Networks_LH_DorsAttn_Post_4,0.0363141406798985,-0.291136082560208,0.35614798459854,0.831031343930371,39,0.9959737454384,node
auc_degree,gamma,total,20,7Networks_LH_DorsAttn_Post_5,-0.318387511681149,-0.582335210077757,0.00628544941962598,0.0547927910247313,39,0.625345065727437,node
auc_degree,gamma,social,20,7Networks_LH_DorsAttn_Post_5,-0.189457637406119,-0.483783227922759,0.143368095604207,0.261403429995406,39,0.738008633361132,node
auc_degree,gamma,switching,20,7Networks_LH_DorsAttn_Post_5,-0.394070193456073,-0.636784691964214,-0.0802989131985377,0.0158077275011432,39,0.543352586189665,node
auc_degree,gamma,detail,20,7Networks_LH_DorsAttn_Post_5,-0.0266197603270089,-0.347645678588263,0.299992330485914,0.875724300154243,39,0.9959737454384,node
auc_degree,gamma,communication,20,7Networks_LH_DorsAttn_Post_5,-0.0998208717781291,-0.410565880990628,0.23169777657216,0.556654631994973,39,0.9959737454384,node
auc_degree,gamma,imagination,20,7Networks_LH_DorsAttn_Post_5,-0.151944718994861,-0.453635055187197,0.180990662173856,0.369319097005413,39,0.81070045684115,node
auc_degree,gamma,total,21,7Networks_LH_DorsAttn_Post_6,-0.139090233272922,-0.44314290303274,0.193662388843128,0.411637066258556,39,0.828298377857379,node
auc_degree,gamma,social,21,7Networks_LH_DorsAttn_Post_6,-0.00877567105033309,-0.331856546584071,0.316147826044285,0.958887980459511,39,0.9959737454384,node
auc_degree,gamma,switching,21,7Networks_LH_DorsAttn_Post_6,-0.243918347345409,-0.526343066890436,0.0869807417316835,0.145710345245431,39,0.728551726227155,node
auc_degree,gamma,detail,21,7Networks_LH_DorsAttn_Post_6,-0.137555184690622,-0.441884365396227,0.195168228180847,0.416867765414039,39,0.828298377857379,node
auc_degree,gamma,communication,21,7Networks_LH_DorsAttn_Post_6,0.0172344556809999,-0.308512920067492,0.339363837381827,0.919358074204532,39,0.9959737454384,node
auc_degree,gamma,imagination,21,7Networks_LH_DorsAttn_Post_6,0.0153146089140232,-0.310249465183778,0.337663538605559,0.928316641934553,39,0.9959737454384,node
auc_degree,gamma,total,22,7Networks_LH_DorsAttn_PrCv_1,0.292899014475519,-0.0343892699324209,0.56344861952474,0.0785268721763443,39,0.625345065727437,node
auc_degree,gamma,social,22,7Networks_LH_DorsAttn_PrCv_1,0.257918877523932,-0.0721340310953151,0.53706018258254,0.123263253339652,39,0.710659430608248,node
auc_degree,gamma,switching,22,7Networks_LH_DorsAttn_PrCv_1,0.304685330402648,-0.0214576030152583,0.572217392339031,0.0667151827816397,39,0.625345065727437,node
auc_degree,gamma,detail,22,7Networks_LH_DorsAttn_PrCv_1,-0.0598719008224248,-0.376590577635309,0.26937855385551,0.724836168422083,39,0.9959737454384,node
auc_degree,gamma,communication,22,7Networks_LH_DorsAttn_PrCv_1,0.187188791964952,-0.145671236483947,0.481979447381632,0.267263730879581,39,0.738008633361132,node
auc_degree,gamma,imagination,22,7Networks_LH_DorsAttn_PrCv_1,0.0815532930441296,-0.249052506292988,0.395136233155995,0.631338599308608,39,0.9959737454384,node
auc_degree,gamma,total,23,7Networks_LH_DorsAttn_FEF_1,0.00548705316003482,-0.319104816427202,0.328926761633181,0.974287775120459,39,0.9959737454384,node
auc_degree,gamma,social,23,7Networks_LH_DorsAttn_FEF_1,-0.062388505080711,-0.378756313092286,0.2670342203946,0.713748104905134,39,0.9959737454384,node
auc_degree,gamma,switching,23,7Networks_LH_DorsAttn_FEF_1,-0.0107874674475768,-0.333645761174248,0.314335783540711,0.949474106869509,39,0.9959737454384,node
auc_degree,gamma,detail,23,7Networks_LH_DorsAttn_FEF_1,-0.0545245742367551,-0.371977261178756,0.274346915192707,0.748577834373985,39,0.9959737454384,node
auc_degree,gamma,communication,23,7Networks_LH_DorsAttn_FEF_1,0.158729000451315,-0.174257971353599,0.459139041207782,0.348069998040866,39,0.803238457017382,node
auc_degree,gamma,imagination,23,7Networks_LH_DorsAttn_FEF_1,0.0124105430996895,-0.312872136410039,0.335087569107381,0.941884042474407,39,0.9959737454384,node
auc_degree,gamma,total,24,7Networks_LH_SalVentAttn_ParOper_1,0.111538498602582,-0.22045347691957,0.420370327388212,0.511032222843383,39,0.93327187644835,node
auc_degree,gamma,social,24,7Networks_LH_SalVentAttn_ParOper_1,-0.0393572318083297,-0.358806003996035,0.288344461401942,0.817102453858008,39,0.964017041908177,node
auc_degree,gamma,switching,24,7Networks_LH_SalVentAttn_ParOper_1,0.344145467425033,0.0226462678668438,0.601136331708638,0.0370065123454822,39,0.66611722221868,node
auc_degree,gamma,detail,24,7Networks_LH_SalVentAttn_ParOper_1,-0.0885205128017178,-0.401042018534761,0.242458397414819,0.602371650882283,39,0.93327187644835,node
auc_degree,gamma,communication,24,7Networks_LH_SalVentAttn_ParOper_1,-0.0476835273289326,-0.366052308237536,0.280677640063281,0.779284327181836,39,0.964017041908177,node
auc_degree,gamma,imagination,24,7Networks_LH_SalVentAttn_ParOper_1,0.168142996550419,-0.164863702977884,0.466738460378989,0.31984552444804,39,0.852921398528107,node
auc_degree,gamma,total,25,7Networks_LH_SalVentAttn_FrOperIns_1,-0.0901082216943642,-0.402384220083589,0.240951423313257,0.595851607783311,39,0.93327187644835,node
auc_degree,gamma,social,25,7Networks_LH_SalVentAttn_FrOperIns_1,-0.253220008419569,-0.533473314520693,0.0771332565222532,0.13048851419738,39,0.852921398528107,node
auc_degree,gamma,switching,25,7Networks_LH_SalVentAttn_FrOperIns_1,0.216759741469159,-0.115367682527444,0.50529465376955,0.197527339171737,39,0.852921398528107,node
auc_degree,gamma,detail,25,7Networks_LH_SalVentAttn_FrOperIns_1,0.0563023988771428,-0.272697031074338,0.373512791818307,0.740657894562513,39,0.964017041908177,node
auc_degree,gamma,communication,25,7Networks_LH_SalVentAttn_FrOperIns_1,-0.230772730119833,-0.516198015757058,0.100788341702123,0.169383533227234,39,0.852921398528107,node
auc_degree,gamma,imagination,25,7Networks_LH_SalVentAttn_FrOperIns_1,-0.0254574471949487,-0.346622733170943,0.301050388871167,0.881111146554192,39,0.964017041908177,node
auc_degree,gamma,total,26,7Networks_LH_SalVentAttn_FrOperIns_2,0.148156451805452,-0.184736593249291,0.450551644370085,0.381512526415388,39,0.93327187644835,node
auc_degree,gamma,social,26,7Networks_LH_SalVentAttn_FrOperIns_2,0.169397264889196,-0.163607485131167,0.467747646719228,0.316196373624509,39,0.852921398528107,node
auc_degree,gamma,switching,26,7Networks_LH_SalVentAttn_FrOperIns_2,0.253582339368825,-0.0767483551865017,0.533750257928944,0.129920440049627,39,0.852921398528107,node
auc_degree,gamma,detail,26,7Networks_LH_SalVentAttn_FrOperIns_2,-0.0145864008516825,-0.337018055489473,0.310907578102868,0.931717008173987,39,0.975539745126601,node
auc_degree,gamma,communication,26,7Networks_LH_SalVentAttn_FrOperIns_2,-0.115948207611932,-0.424041463813623,0.216198919729847,0.494361218919191,39,0.93327187644835,node
auc_degree,gamma,imagination,26,7Networks_LH_SalVentAttn_FrOperIns_2,0.0790941222957575,-0.251372686722125,0.393045501630471,0.641696577702387,39,0.93327187644835,node
auc_degree,gamma,total,27,7Networks_LH_SalVentAttn_PFCl_1,-0.0220201742371364,-0.343593131438431,0.304174655612459,0.897071413997887,39,0.964017041908177,node
auc_degree,gamma,social,27,7Networks_LH_SalVentAttn_PFCl_1,-0.114278727999949,-0.422652791711851,0.217811145310755,0.500639810037361,39,0.93327187644835,node
auc_degree,gamma,switching,27,7Networks_LH_SalVentAttn_PFCl_1,0.0337435926227765,-0.293489873137389,0.3538986729494,0.842837166921088,39,0.964017041908177,node
auc_degree,gamma,detail,27,7Networks_LH_SalVentAttn_PFCl_1,-0.0834648872650004,-0.396759186414883,0.247246328560608,0.623334431326189,39,0.93327187644835,node
auc_degree,gamma,communication,27,7Networks_LH_SalVentAttn_PFCl_1,0.0739846327155614,-0.256181279301719,0.388691124903171,0.663430298055139,39,0.93327187644835,node
auc_degree,gamma,imagination,27,7Networks_LH_SalVentAttn_PFCl_1,0.0778235398807271,-0.252569970629026,0.391964007737642,0.647074649779416,39,0.93327187644835,node
auc_degree,gamma,total,28,7Networks_LH_SalVentAttn_Med_1,-0.17213543876747,-0.469948086343549,0.160861298001965,0.308321183308213,39,0.852921398528107,node
auc_degree,gamma,social,28,7Networks_LH_SalVentAttn_Med_1,-0.116817438849254,-0.424763916742909,0.215358780698597,0.49110822809811,39,0.93327187644835,node
auc_degree,gamma,switching,28,7Networks_LH_SalVentAttn_Med_1,-0.0773681119255631,-0.391576145231715,0.25299887925926,0.649006685387726,39,0.93327187644835,node
auc_degree,gamma,detail,28,7Networks_LH_SalVentAttn_Med_1,-0.0764040988163756,-0.390754780726677,0.253906330239283,0.653103708370108,39,0.93327187644835,node
auc_degree,gamma,communication,28,7Networks_LH_SalVentAttn_Med_1,-0.0405608595532423,-0.359855897195156,0.287238757461052,0.811608149476593,39,0.964017041908177,node
auc_degree,gamma,imagination,28,7Networks_LH_SalVentAttn_Med_1,-0.189725805775582,-0.483996262387631,0.143095635212792,0.26071642531931,39,0.852921398528107,node
auc_degree,gamma,total,29,7Networks_LH_SalVentAttn_Med_2,-0.210279819506567,-0.500221349297572,0.122061458197993,0.211590299940357,39,0.852921398528107,node
auc_degree,gamma,social,29,7Networks_LH_SalVentAttn_Med_2,0.0481133666508994,-0.280280704912949,0.366425348683168,0.777344695803879,39,0.964017041908177,node
auc_degree,gamma,switching,29,7Networks_LH_SalVentAttn_Med_2,-0.2162994968295,-0.504934972726946,0.115844113634194,0.198504032369883,39,0.852921398528107,node
auc_degree,gamma,detail,29,7Networks_LH_SalVentAttn_Med_2,-0.21881810421331,-0.50690203775809,0.113235057084001,0.193200413369486,39,0.852921398528107,node
auc_degree,gamma,communication,29,7Networks_LH_SalVentAttn_Med_2,0.0799955539511959,-0.250522643947578,0.393812255552161,0.6378918845217,39,0.93327187644835,node
auc_degree,gamma,imagination,29,7Networks_LH_SalVentAttn_Med_2,-0.360126862147658,-0.612660114396648,-0.040871652079706,0.0285654871065263,39,0.66611722221868,node
auc_degree,gamma,total,30,7Networks_LH_SalVentAttn_Med_3,-0.000415948020814851,-0.324396747127988,0.323652193410402,0.998050554713271,39,0.998050554713271,node
auc_degree,gamma,social,30,7Networks_LH_SalVentAttn_Med_3,0.0715161027429559,-0.258498598193132,0.386582361377803,0.67402968854603,39,0.93327187644835,node
auc_degree,gamma,switching,30,7Networks_LH_SalVentAttn_Med_3,-0.15681416935028,-0.457587899972275,0.176161400033102,0.35399070015475,39,0.910261800397928,node
auc_degree,gamma,detail,30,7Networks_LH_SalVentAttn_Med_3,0.0798460874761203,-0.250663624881295,0.393685150201904,0.638522113867011,39,0.93327187644835,node
auc_degree,gamma,communication,30,7Networks_LH_SalVentAttn_Med_3,0.172399356050172,-0.160596335655535,0.47015997903178,0.307568752488631,39,0.852921398528107,node
auc_degree,gamma,imagination,30,7Networks_LH_SalVentAttn_Med_3,-0.223440142996228,-0.510504121553561,0.108435086981673,0.183728006496816,39,0.852921398528107,node
auc_degree,gamma,total,31,7Networks_LH_Limbic_OFC_1,0.0278095295561801,-0.298908445769109,0.34869199705709,0.870215905576807,39,0.932374184546578,node
auc_degree,gamma,social,31,7Networks_LH_Limbic_OFC_1,-0.0841211017678055,-0.397315864629801,0.246625771225943,0.620596470944062,39,0.751909514151006,node
auc_degree,gamma,switching,31,7Networks_LH_Limbic_OFC_1,0.148933517625126,-0.183968999323736,0.451184715694661,0.378992294894619,39,0.672112402390085,node
auc_degree,gamma,detail,31,7Networks_LH_Limbic_OFC_1,0.002548874762435,-0.321741371211339,0.326303901491753,0.988054471165908,39,0.988054471165908,node
auc_degree,gamma,communication,31,7Networks_LH_Limbic_OFC_1,-0.0767447238940419,-0.3910450594454,0.253585757283119,0.651654912264205,39,0.751909514151006,node
auc_degree,gamma,imagination,31,7Networks_LH_Limbic_OFC_1,0.121359699707374,-0.210960531082881,0.428532802562135,0.474289885892833,39,0.677556979846905,node
auc_degree,gamma,total,32,7Networks_LH_Limbic_TempPole_1,-0.195210538086928,-0.488345725850345,0.137512030988923,0.246927266677965,39,0.672112402390085,node
auc_degree,gamma,social,32,7Networks_LH_Limbic_TempPole_1,-0.338597962723071,-0.597111019409318,-0.0163693947506697,0.0403728792170563,39,0.302796594127922,node
auc_degree,gamma,switching,32,7Networks_LH_Limbic_TempPole_1,0.134995954214934,-0.197675278110703,0.439783466560595,0.425671188180387,39,0.672112402390085,node
auc_degree,gamma,detail,32,7Networks_LH_Limbic_TempPole_1,0.103675552391272,-0.228008555481437,0.413799143923563,0.541439277289604,39,0.706225144290788,node
auc_degree,gamma,communication,32,7Networks_LH_Limbic_TempPole_1,-0.288036489256801,-0.55981315256779,0.0396925742847885,0.0838495632854185,39,0.503097379712511,node
auc_degree,gamma,imagination,32,7Networks_LH_Limbic_TempPole_1,-0.156875799194223,-0.457637852795544,0.176100175939459,0.353799196837859,39,0.672112402390085,node
auc_degree,gamma,total,33,7Networks_LH_Limbic_TempPole_2,0.192748758653324,-0.140020806648781,0.486395302823894,0.253054729920446,39,0.672112402390085,node
auc_degree,gamma,social,33,7Networks_LH_Limbic_TempPole_2,0.0819230222292741,-0.248703345428433,0.395450287893707,0.629787214936886,39,0.751909514151006,node
auc_degree,gamma,switching,33,7Networks_LH_Limbic_TempPole_2,0.365026251483359,0.0465018517703729,0.616171566525704,0.02632112530534,39,0.302796594127922,node
auc_degree,gamma,detail,33,7Networks_LH_Limbic_TempPole_2,-0.220848215634199,-0.508485400243212,0.111128701009177,0.188998525300822,39,0.672112402390085,node
auc_degree,gamma,communication,33,7Networks_LH_Limbic_TempPole_2,0.141702197954005,-0.191096516510933,0.445281618776934,0.402822913775134,39,0.672112402390085,node
auc_degree,gamma,imagination,33,7Networks_LH_Limbic_TempPole_2,0.187175026945583,-0.145685198570678,0.481968496266287,0.267299546678346,39,0.672112402390085,node
auc_degree,gamma,total,34,7Networks_LH_Cont_Par_1,0.0825956000097584,-0.248067963256143,0.396021399854318,0.626969082178592,39,0.950304940981376,node
auc_degree,gamma,social,34,7Networks_LH_Cont_Par_1,-0.00845138274404275,-0.331567919281516,0.316439693637057,0.960405981091878,39,0.972878786041123,node
auc_degree,gamma,switching,34,7Networks_LH_Cont_Par_1,-0.0153208690047157,-0.337669086231516,0.310243806317681,0.928287415793114,39,0.972878786041123,node
auc_degree,gamma,detail,34,7Networks_LH_Cont_Par_1,0.0451669906595575,-0.282999284446047,0.363866251199599,0.790666124604267,39,0.950304940981376,node
auc_degree,gamma,communication,34,7Networks_LH_Cont_Par_1,0.0715865978309741,-0.258432473960187,0.38664262816148,0.673726124226225,39,0.950304940981376,node
auc_degree,gamma,imagination,34,7Networks_LH_Cont_Par_1,0.197055217396946,-0.135629333989474,0.489805314701744,0.242401473065909,39,0.950304940981376,node
auc_degree,gamma,total,35,7Networks_LH_Cont_PFCl_1,-0.0795921082430397,-0.393469140334912,0.250903153007433,0.639593596800228,39,0.950304940981376,node
auc_degree,gamma,social,35,7Networks_LH_Cont_PFCl_1,-0.0550021028234832,-0.372389879663545,0.273903941887106,0.746447985514152,39,0.950304940981376,node
auc_degree,gamma,switching,35,7Networks_LH_Cont_PFCl_1,0.0440685680955533,-0.284011435891459,0.362910975070911,0.795647640784209,39,0.950304940981376,node
auc_degree,gamma,detail,35,7Networks_LH_Cont_PFCl_1,-0.0111050953181648,-0.333928034772225,0.314049476638531,0.947988402938324,39,0.972878786041123,node
auc_degree,gamma,communication,35,7Networks_LH_Cont_PFCl_1,-0.188779368015155,-0.483244251179105,0.144056995561736,0.263146385773213,39,0.950304940981376,node
auc_degree,gamma,imagination,35,7Networks_LH_Cont_PFCl_1,-0.0187191926185972,-0.34067734233778,0.307168451126873,0.912436506463841,39,0.972878786041123,node
auc_degree,gamma,total,36,7Networks_LH_Cont_pCun_1,-0.11242046842441,-0.42110538780431,0.21960354790465,0.507675603337007,39,0.950304940981376,node
auc_degree,gamma,social,36,7Networks_LH_Cont_pCun_1,-0.0599262127816446,-0.376637353919038,0.269328000914714,0.724596278903826,39,0.950304940981376,node
auc_degree,gamma,switching,36,7Networks_LH_Cont_pCun_1,-0.136738873520413,-0.44121460948376,0.195968368004438,0.419664552488327,39,0.950304940981376,node
auc_degree,gamma,detail,36,7Networks_LH_Cont_pCun_1,-0.0489797987873936,-0.367176979762622,0.279480256615713,0.773439000864721,39,0.950304940981376,node
auc_degree,gamma,communication,36,7Networks_LH_Cont_pCun_1,-0.246163640534719,-0.528067855289604,0.0846096001477226,0.141922306138123,39,0.950304940981376,node
auc_degree,gamma,imagination,36,7Networks_LH_Cont_pCun_1,0.2597967702452,-0.0701314526214319,0.538490848916321,0.120460812570622,39,0.950304940981376,node
auc_degree,gamma,total,37,7Networks_LH_Cont_Cing_1,-0.102485516398039,-0.412801789204928,0.229148527158285,0.546115368666709,39,0.950304940981376,node
auc_degree,gamma,social,37,7Networks_LH_Cont_Cing_1,0.105220798435128,-0.226526959051357,0.415093085913851,0.535396116245191,39,0.950304940981376,node
auc_degree,gamma,switching,37,7Networks_LH_Cont_Cing_1,-0.178858932463398,-0.475335534215271,0.154096182922838,0.289515304459796,39,0.950304940981376,node
auc_degree,gamma,detail,37,7Networks_LH_Cont_Cing_1,-0.0530200301946419,-0.370676407846311,0.275741674267987,0.755300263964457,39,0.950304940981376,node
auc_degree,gamma,communication,37,7Networks_LH_Cont_Cing_1,0.0419135973490682,-0.285995031130633,0.361034890923484,0.805443775062135,39,0.950304940981376,node
auc_degree,gamma,imagination,37,7Networks_LH_Cont_Cing_1,-0.282072488916324,-0.555339835316729,0.0461720864938357,0.0907544944651828,39,0.950304940981376,node
auc_degree,gamma,total,38,7Networks_LH_Default_Temp_1,-0.102678221496701,-0.412963343519636,0.228963990790189,0.545356861979142,39,0.916703254973054,node
auc_degree,gamma,social,38,7Networks_LH_Default_Temp_1,-0.317603383681465,-0.581758400137614,0.00715775000658465,0.0554256834704445,39,0.613946032288001,node
auc_degree,gamma,switching,38,7Networks_LH_Default_Temp_1,0.187300235025843,-0.145558193062403,0.482068105385024,0.266973878564069,39,0.85074960569883,node
auc_degree,gamma,detail,38,7Networks_LH_Default_Temp_1,0.111821080343404,-0.220181215879338,0.420605883727974,0.509955561434592,39,0.916703254973054,node
auc_degree,gamma,communication,38,7Networks_LH_Default_Temp_1,-0.226480025680105,-0.512867707501802,0.105269721907462,0.177680280085481,39,0.775395548243543,node
auc_degree,gamma,imagination,38,7Networks_LH_Default_Temp_1,-0.00619677714878287,-0.329559572375011,0.318467196044028,0.970963346399815,39,0.984430286531113,node
auc_degree,gamma,total,39,7Networks_LH_Default_Temp_2,0.227585484445233,-0.104116962016444,0.513726154537764,0.175516565112273,39,0.775395548243543,node
auc_degree,gamma,social,39,7Networks_LH_Default_Temp_2,0.0651501437407948,-0.264457131293849,0.381128939250028,0.701646702746758,39,0.977403686145671,node
auc_degree,gamma,switching,39,7Networks_LH_Default_Temp_2,0.403254779587968,0.0911388679785677,0.643231781691354,0.0133306588390664,39,0.479903718206392,node
auc_degree,gamma,detail,39,7Networks_LH_Default_Temp_2,-0.0963313992535841,-0.407632196166525,0.235029262409202,0.570597930412362,39,0.916703254973054,node
auc_degree,gamma,communication,39,7Networks_LH_Default_Temp_2,0.0157908246039756,-0.309818919776649,0.338085491961301,0.926093626747422,39,0.983064111656887,node
auc_degree,gamma,imagination,39,7Networks_LH_Default_Temp_2,0.279516277063407,-0.0489408196636113,0.553417686965043,0.0938445212945004,39,0.775395548243543,node
auc_degree,gamma,total,40,7Networks_LH_Default_Par_1,0.0889060397143137,-0.242092621264058,0.40136805484091,0.600785632157902,39,0.916703254973054,node
auc_degree,gamma,social,40,7Networks_LH_Default_Par_1,-0.0238380580534548,-0.345196242905772,0.302523186371485,0.888625081335651,39,0.977403686145671,node
auc_degree,gamma,switching,40,7Networks_LH_Default_Par_1,0.235501325404723,-0.0958362902268949,0.519856527855465,0.160570085115113,39,0.775395548243543,node
auc_degree,gamma,detail,40,7Networks_LH_Default_Par_1,-0.218303225010056,-0.506500154258882,0.113768799474931,0.194276451922147,39,0.775395548243543,node
auc_degree,gamma,communication,40,7Networks_LH_Default_Par_1,0.129531638301225,-0.203013654937176,0.43528656064806,0.444810801423293,39,0.916703254973054,node
auc_degree,gamma,imagination,40,7Networks_LH_Default_Par_1,0.170237129477298,-0.16276571104348,0.46842296856555,0.313767554056649,39,0.868894765079951,node
auc_degree,gamma,total,41,7Networks_LH_Default_Par_2,0.0977180648327531,-0.233706309977834,0.408798769759124,0.565038044991211,39,0.916703254973054,node
auc_degree,gamma,social,41,7Networks_LH_Default_Par_2,0.00685531972804882,-0.317875294464852,0.330146488521169,0.967879087631692,39,0.984430286531113,node
auc_degree,gamma,switching,41,7Networks_LH_Default_Par_2,0.106565518031115,-0.225236378729559,0.416218093922018,0.530163773890704,39,0.916703254973054,node
auc_degree,gamma,detail,41,7Networks_LH_Default_Par_2,-0.106485935317289,-0.416151540483843,0.225312789821494,0.530472739407185,39,0.916703254973054,node
auc_degree,gamma,communication,41,7Networks_LH_Default_Par_2,0.181866407846727,-0.151059950972005,0.477738209460338,0.281347817429203,39,0.85074960569883,node
auc_degree,gamma,imagination,41,7Networks_LH_Default_Par_2,0.119191201095417,-0.213061957904867,0.426734849629202,0.482281053722978,39,0.916703254973054,node
auc_degree,gamma,total,42,7Networks_LH_Default_PFC_1,-0.128931821730502,-0.434792005387837,0.203598445573156,0.446939941733028,39,0.916703254973054,node
auc_degree,gamma,social,42,7Networks_LH_Default_PFC_1,-0.252871789635769,-0.533207100942415,0.0775030738474208,0.131036197446488,39,0.775395548243543,node
auc_degree,gamma,switching,42,7Networks_LH_Default_PFC_1,0.134541997725277,-0.19811952483845,0.439410460327074,0.427243500945819,39,0.916703254973054,node
auc_degree,gamma,detail,42,7Networks_LH_Default_PFC_1,0.117663741921425,-0.214540329735654,0.425466936514112,0.487951642414814,39,0.916703254973054,node
auc_degree,gamma,communication,42,7Networks_LH_Default_PFC_1,-0.318499462869039,-0.582417540465952,0.00616086937119785,0.054702903983157,39,0.613946032288001,node
auc_degree,gamma,imagination,42,7Networks_LH_Default_PFC_1,-0.0255105750670057,-0.346669507387009,0.301002043879042,0.880864803936845,39,0.977403686145671,node
auc_degree,gamma,total,43,7Networks_LH_Default_PFC_2,-0.0553121391230174,-0.372657705801767,0.273616265933965,0.745066167294316,39,0.977403686145671,node
auc_degree,gamma,social,43,7Networks_LH_Default_PFC_2,-0.0994188241213608,-0.410228197294493,0.232082018207779,0.558253011271565,39,0.916703254973054,node
auc_degree,gamma,switching,43,7Networks_LH_Default_PFC_2,0.0918653720811854,-0.239281760750413,0.403868098987781,0.58867185028345,39,0.916703254973054,node
auc_degree,gamma,detail,43,7Networks_LH_Default_PFC_2,0.0378485080838963,-0.289729206346082,0.357488840907363,0.824001585438442,39,0.977403686145671,node
auc_degree,gamma,communication,43,7Networks_LH_Default_PFC_2,-0.214911450949013,-0.503849607945852,0.11728005113843,0.201470063209539,39,0.775395548243543,node
auc_degree,gamma,imagination,43,7Networks_LH_Default_PFC_2,0.0422979217221941,-0.285641476197963,0.361369667136901,0.803694513893774,39,0.977403686145671,node
auc_degree,gamma,total,44,7Networks_LH_Default_PFC_3,0.244274532909902,-0.0866048420505756,0.526616836570857,0.145104535826752,39,0.775395548243543,node
auc_degree,gamma,social,44,7Networks_LH_Default_PFC_3,0.0934742855166509,-0.237751234949118,0.405225356357833,0.582131515872161,39,0.916703254973054,node
auc_degree,gamma,switching,44,7Networks_LH_Default_PFC_3,0.264696770640076,-0.0648935561746322,0.542216347038217,0.113373162584842,39,0.775395548243543,node
auc_degree,gamma,detail,44,7Networks_LH_Default_PFC_3,-0.11215123117809,-0.420881040300628,0.219863057569999,0.508699097030698,39,0.916703254973054,node
auc_degree,gamma,communication,44,7Networks_LH_Default_PFC_3,0.23401791763887,-0.0973915660172378,0.518709937698077,0.163298490959437,39,0.775395548243543,node
auc_degree,gamma,imagination,44,7Networks_LH_Default_PFC_3,0.241853877691099,-0.0891576212082025,0.524755129744353,0.149258156407293,39,0.775395548243543,node
auc_degree,gamma,total,45,7Networks_LH_Default_PFC_4,-0.0152861647537257,-0.337638331410416,0.310275177251421,0.92844943878706,39,0.983064111656887,node
auc_degree,gamma,social,45,7Networks_LH_Default_PFC_4,-0.0364834272065963,-0.356295985745694,0.290980931595858,0.830255106388223,39,0.977403686145671,node
auc_degree,gamma,switching,45,7Networks_LH_Default_PFC_4,-0.0422244716771595,-0.361305692832389,0.285709052650751,0.804028751056417,39,0.977403686145671,node
auc_degree,gamma,detail,45,7Networks_LH_Default_PFC_4,0.0188120112971782,-0.307084358108141,0.340759414689113,0.912004008674431,39,0.983064111656887,node
auc_degree,gamma,communication,45,7Networks_LH_Default_PFC_4,-0.00791877502149987,-0.331093749536085,0.31691892047948,0.962899424957602,39,0.984430286531113,node
auc_degree,gamma,imagination,45,7Networks_LH_Default_PFC_4,0.0487519948307546,-0.279690756226784,0.366979399772303,0.774465366238772,39,0.977403686145671,node
auc_degree,gamma,total,46,7Networks_LH_Default_PFC_5,-0.203094843486351,-0.494572669485966,0.129448378194411,0.227975657679938,39,0.8006949928271,node
auc_degree,gamma,social,46,7Networks_LH_Default_PFC_5,-0.215989759539464,-0.504692856689184,0.116164658143084,0.199163229254269,39,0.775395548243543,node
auc_degree,gamma,switching,46,7Networks_LH_Default_PFC_5,-0.118120474615095,-0.425846187815217,0.214098434348293,0.486252456912326,39,0.916703254973054,node
auc_degree,gamma,detail,46,7Networks_LH_Default_PFC_5,-0.111221149175273,-0.420105739537014,0.220759174170741,0.512242704659731,39,0.916703254973054,node
auc_degree,gamma,communication,46,7Networks_LH_Default_PFC_5,0.0218028011075693,-0.304371998593726,0.343401314145011,0.898082148246124,39,0.979725979904863,node
auc_degree,gamma,imagination,46,7Networks_LH_Default_PFC_5,-0.114138378002578,-0.422535982651554,0.217946599534726,0.501169475085981,39,0.916703254973054,node
auc_degree,gamma,total,47,7Networks_LH_Default_PFC_6,0.191179961725241,-0.141617326600242,0.485150844997569,0.257011919858494,39,0.85074960569883,node
auc_degree,gamma,social,47,7Networks_LH_Default_PFC_6,0.220397653844882,-0.111596442159182,0.508134157530206,0.189925478414715,39,0.775395548243543,node
auc_degree,gamma,switching,47,7Networks_LH_Default_PFC_6,0.0867447096805296,-0.24414201108855,0.399539216377667,0.609700290298088,39,0.916703254973054,node
auc_degree,gamma,detail,47,7Networks_LH_Default_PFC_6,-0.132425638805656,-0.437670105254322,0.200188814322586,0.434616234907567,39,0.916703254973054,node
auc_degree,gamma,communication,47,7Networks_LH_Default_PFC_6,0.261375289006457,-0.0684460658274598,0.53969219649988,0.118142262416867,39,0.775395548243543,node
auc_degree,gamma,imagination,47,7Networks_LH_Default_PFC_6,0.0842066081838922,-0.246544891050695,0.39738838424471,0.620240076671015,39,0.916703254973054,node
auc_degree,gamma,total,48,7Networks_LH_Default_PFC_7,-0.0944328546520436,-0.40603333941778,0.236838585567301,0.578250373196828,39,0.916703254973054,node
auc_degree,gamma,social,48,7Networks_LH_Default_PFC_7,-0.109889831026293,-0.418995189829546,0.222040899688167,0.517336354778168,39,0.916703254973054,node
auc_degree,gamma,switching,48,7Networks_LH_Default_PFC_7,-0.104688065027745,-0.414647132730807,0.227037922312841,0.537475857052194,39,0.916703254973054,node
auc_degree,gamma,detail,48,7Networks_LH_Default_PFC_7,-0.112160293744302,-0.420888592485645,0.219854323199796,0.508664629264359,39,0.916703254973054,node
auc_degree,gamma,communication,48,7Networks_LH_Default_PFC_7,0.0664911744896114,-0.263204016190151,0.382279569184857,0.695796139400257,39,0.977403686145671,node
auc_degree,gamma,imagination,48,7Networks_LH_Default_PFC_7,0.0487580691193977,-0.279685143760361,0.366984668525288,0.77443799377293,39,0.977403686145671,node
auc_degree,gamma,total,49,7Networks_LH_Default_pCunPCC_1,-0.113875308868782,-0.422317010562111,0.218200457672301,0.502163032579876,39,0.916703254973054,node
auc_degree,gamma,social,49,7Networks_LH_Default_pCunPCC_1,0.0474508252193232,-0.280892481989186,0.365850312636382,0.7803349349057,39,0.977403686145671,node
auc_degree,gamma,switching,49,7Networks_LH_Default_pCunPCC_1,-0.175962175152914,-0.473017123193832,0.157014705043362,0.297525018315253,39,0.868894765079951,node
auc_degree,gamma,detail,49,7Networks_LH_Default_pCunPCC_1,-0.0945755203444688,-0.406153551460379,0.23670270419976,0.577673731745292,39,0.916703254973054,node
auc_degree,gamma,communication,49,7Networks_LH_Default_pCunPCC_1,-0.137640351044116,-0.441954221990886,0.195084723473395,0.41657658148293,39,0.916703254973054,node
auc_degree,gamma,imagination,49,7Networks_LH_Default_pCunPCC_1,0.0571589407667214,-0.271901438587983,0.374251978354162,0.736851436542343,39,0.977403686145671,node
auc_degree,gamma,total,50,7Networks_LH_Default_pCunPCC_2,-0.333544094849349,-0.593432525495705,-0.0106730835505113,0.0436518776316333,39,0.613946032288001,node
auc_degree,gamma,social,50,7Networks_LH_Default_pCunPCC_2,-0.17025989236202,-0.468441266993016,0.162742889656187,0.313701889506688,39,0.868894765079951,node
auc_degree,gamma,switching,50,7Networks_LH_Default_pCunPCC_2,-0.359960997020967,-0.61254106210619,-0.0406814000614585,0.0286441425337555,39,0.587511904188582,node
auc_degree,gamma,detail,50,7Networks_LH_Default_pCunPCC_2,-0.00616672076547184,-0.329532779111546,0.3184942048418,0.971104124558487,39,0.984430286531113,node
auc_degree,gamma,communication,50,7Networks_LH_Default_pCunPCC_2,-0.206806824310267,-0.497494029977416,0.12563666995283,0.21940575529149,39,0.8006949928271,node
auc_degree,gamma,imagination,50,7Networks_LH_Default_pCunPCC_2,-0.183015625111434,-0.478655152990504,0.149898084084544,0.278266750111469,39,0.85074960569883,node
auc_degree,gamma,total,51,7Networks_RH_Vis_1,-0.288675697308338,-0.560291654515582,0.0389964756452136,0.083134337996989,39,0.581614077924681,node
auc_degree,gamma,social,51,7Networks_RH_Vis_1,-0.210890344054551,-0.500700196239423,0.121432072211638,0.210236556666811,39,0.670129024375459,node
auc_degree,gamma,switching,51,7Networks_RH_Vis_1,-0.36803279404468,-0.618321460358809,-0.0499669100497329,0.0250174705559242,39,0.445440290855406,node
auc_degree,gamma,detail,51,7Networks_RH_Vis_1,0.31955938680781,-0.0049808791514583,0.583196754376314,0.0538576919355276,39,0.528447599641727,node
auc_degree,gamma,communication,51,7Networks_RH_Vis_1,-0.365294968152711,-0.61636387066193,-0.0468112377134672,0.026202370050318,39,0.445440290855406,node
auc_degree,gamma,imagination,51,7Networks_RH_Vis_1,-0.184733198821304,-0.480024378649782,0.148159889024804,0.27370300574844,39,0.699974085614579,node
auc_degree,gamma,total,52,7Networks_RH_Vis_2,-0.0528871121636751,-0.370561424799227,0.2758648268954,0.75589501392185,39,0.900665429114284,node
auc_degree,gamma,social,52,7Networks_RH_Vis_2,-0.0869952427103088,-0.39975133592409,0.24390460508426,0.608664060911916,39,0.850491476333778,node
auc_degree,gamma,switching,52,7Networks_RH_Vis_2,-0.148331629843186,-0.450694387527979,0.184563585962328,0.380943520425172,39,0.747235366987838,node
auc_degree,gamma,detail,52,7Networks_RH_Vis_2,0.00803642596058825,-0.316813075436252,0.331198505803851,0.962348602388141,39,0.995578950326246,node
auc_degree,gamma,communication,52,7Networks_RH_Vis_2,0.0304611477186319,-0.296489773870303,0.351021034812999,0.857961455013446,39,0.959642728337838,node
auc_degree,gamma,imagination,52,7Networks_RH_Vis_2,0.112008291618353,-0.220000813609015,0.420761917605983,0.509242895594745,39,0.811605864854125,node
auc_degree,gamma,total,53,7Networks_RH_Vis_3,-0.141505220267397,-0.445120451178534,0.191290176901401,0.403483823715812,39,0.750660884453286,node
auc_degree,gamma,social,53,7Networks_RH_Vis_3,-0.176280984632389,-0.473272483025926,0.156693784748539,0.296636621815171,39,0.720403224408271,node
auc_degree,gamma,switching,53,7Networks_RH_Vis_3,-0.142458637688064,-0.445900356748454,0.190352575088445,0.400290640932882,39,0.750660884453286,node
auc_degree,gamma,detail,53,7Networks_RH_Vis_3,0.182885642537586,-0.150029543531931,0.478551474144359,0.278614129218056,39,0.699974085614579,node
auc_degree,gamma,communication,53,7Networks_RH_Vis_3,-0.075861748589914,-0.390292463942248,0.254416603352105,0.655413093330459,39,0.863825034997417,node
auc_degree,gamma,imagination,53,7Networks_RH_Vis_3,-0.195814894725904,-0.488824099284995,0.136895483624542,0.245438328788288,39,0.676613771254199,node
auc_degree,gamma,total,54,7Networks_RH_Vis_4,0.26037182722698,-0.0695176814703489,0.538928633047272,0.11961224982176,39,0.581614077924681,node
auc_degree,gamma,social,54,7Networks_RH_Vis_4,0.235124124097057,-0.096231919598165,0.519565069722121,0.161260719996311,39,0.657943737584948,node
auc_degree,gamma,switching,54,7Networks_RH_Vis_4,0.227971643610101,-0.103714069460977,0.514025892531174,0.174765184199918,39,0.65866136519551,node
auc_degree,gamma,detail,54,7Networks_RH_Vis_4,-0.159457429186721,-0.459728636633799,0.173533226300932,0.345833584860379,39,0.745687854988267,node
auc_degree,gamma,communication,54,7Networks_RH_Vis_4,0.197533192609012,-0.135141115764492,0.490183241544696,0.241237955584535,39,0.676613771254199,node
auc_degree,gamma,imagination,54,7Networks_RH_Vis_4,0.235649367302004,-0.0956809871733873,0.519970899655531,0.160299613481466,39,0.657943737584948,node
auc_degree,gamma,total,55,7Networks_RH_Vis_5,0.114875050212344,-0.217235481682093,0.423148978447935,0.498392526341818,39,0.806921233124848,node
auc_degree,gamma,social,55,7Networks_RH_Vis_5,0.126354795173472,-0.206108218657966,0.432665117899666,0.456150283756331,39,0.764077197561595,node
auc_degree,gamma,switching,55,7Networks_RH_Vis_5,0.1355427050099,-0.197140040409039,0.440232580325262,0.423781770738301,39,0.764077197561595,node
auc_degree,gamma,detail,55,7Networks_RH_Vis_5,-0.0715139929668138,-0.386580557672758,0.258500577110716,0.674038774397963,39,0.863825034997417,node
auc_degree,gamma,communication,55,7Networks_RH_Vis_5,-0.11702463612399,-0.424936068833999,0.215158445484549,0.490334444379069,39,0.806679247204274,node
auc_degree,gamma,imagination,55,7Networks_RH_Vis_5,0.280175852057553,-0.04822689104036,0.553913935065985,0.0930395918884593,39,0.581614077924681,node
auc_degree,gamma,total,56,7Networks_RH_Vis_6,-0.218567352783743,-0.50670633203298,0.113495019020693,0.193723930939856,39,0.65866136519551,node
auc_degree,gamma,social,56,7Networks_RH_Vis_6,-0.155222928402486,-0.456297494139069,0.177741273334673,0.358956853445492,39,0.745687854988267,node
auc_degree,gamma,switching,56,7Networks_RH_Vis_6,-0.321435692098442,-0.584574950808493,0.00288981095894072,0.05238705905524,39,0.528447599641727,node
auc_degree,gamma,detail,56,7Networks_RH_Vis_6,0.0687504533104173,-0.261090332787004,0.384215861304885,0.685978704262655,39,0.863825034997417,node
auc_degree,gamma,communication,56,7Networks_RH_Vis_6,-0.158563469342204,-0.459005022231324,0.174422615077766,0.348579432981099,39,0.745687854988267,node
auc_degree,gamma,imagination,56,7Networks_RH_Vis_6,0.00729445252015139,-0.317480458856267,0.330537720130182,0.965822678768518,39,0.995578950326246,node
auc_degree,gamma,total,57,7Networks_RH_Vis_7,0.105725727614491,-0.226042495188491,0.41551562666178,0.533428507874926,39,0.837072427742192,node
auc_degree,gamma,social,57,7Networks_RH_Vis_7,-0.05779800449952,-0.374803221201811,0.271307555899173,0.734015459074427,39,0.900665429114284,node
auc_degree,gamma,switching,57,7Networks_RH_Vis_7,0.0462251922839246,-0.282023503197855,0.364785914369477,0.785874737168346,39,0.900665429114284,node
auc_degree,gamma,detail,57,7Networks_RH_Vis_7,0.181861087568174,-0.151065327673521,0.47773396298877,0.281362132452919,39,0.699974085614579,node
auc_degree,gamma,communication,57,7Networks_RH_Vis_7,0.0694050190855706,-0.260477357912505,0.384776332286516,0.683143723835017,39,0.863825034997417,node
auc_degree,gamma,imagination,57,7Networks_RH_Vis_7,0.0869901599636578,-0.243909421907522,0.399747032832723,0.608685076199665,39,0.850491476333778,node
auc_degree,gamma,total,58,7Networks_RH_Vis_8,0.0755108008305468,-0.254746696458468,0.389993220255911,0.65690914914942,39,0.863825034997417,node
auc_degree,gamma,social,58,7Networks_RH_Vis_8,-0.00674283083816205,-0.330046252193595,0.317976418006731,0.968405893687108,39,0.995578950326246,node
auc_degree,gamma,switching,58,7Networks_RH_Vis_8,0.152185073340727,-0.180752667591394,0.453830445108389,0.368553364485308,39,0.745687854988267,node
auc_degree,gamma,detail,58,7Networks_RH_Vis_8,0.0463292422354529,-0.281927520723466,0.364876308678104,0.785404029194142,39,0.900665429114284,node
auc_degree,gamma,communication,58,7Networks_RH_Vis_8,-0.197095804606745,-0.489837410591001,0.135587883271716,0.242302526726997,39,0.676613771254199,node
auc_degree,gamma,imagination,58,7Networks_RH_Vis_8,0.264362580471147,-0.0652513695731341,0.541962606600528,0.11384633577802,39,0.581614077924681,node
auc_degree,gamma,total,59,7Networks_RH_SomMot_1,0.110057767352618,-0.22187928232164,0.419135328775175,0.516692447838656,39,0.973186556313649,node
auc_degree,gamma,social,59,7Networks_RH_SomMot_1,0.0256513884928695,-0.30087389917666,0.346793472960259,0.880211935493037,39,0.973186556313649,node
auc_degree,gamma,switching,59,7Networks_RH_SomMot_1,-0.05972532622609,-0.376464331909372,0.26951497473151,0.725483700016267,39,0.973186556313649,node
auc_degree,gamma,detail,59,7Networks_RH_SomMot_1,0.438598919306858,0.133554776994783,0.667728061393333,0.00661883224772819,39,0.277990954404584,node
auc_degree,gamma,communication,59,7Networks_RH_SomMot_1,-0.0151794175197171,-0.337543727961946,0.310371667049201,0.928947825071082,39,0.973186556313649,node
auc_degree,gamma,imagination,59,7Networks_RH_SomMot_1,-0.130107294488193,-0.435761021943324,0.202452196272993,0.442772636314336,39,0.973186556313649,node
auc_degree,gamma,total,60,7Networks_RH_SomMot_2,0.0846161099794688,-0.246157481068687,0.397735636272806,0.618534439596684,39,0.973186556313649,node
auc_degree,gamma,social,60,7Networks_RH_SomMot_2,0.112779306320725,-0.219257601814817,0.421404338196125,0.506313105690457,39,0.973186556313649,node
auc_degree,gamma,switching,60,7Networks_RH_SomMot_2,-0.0771405578351662,-0.391382308304148,0.253213134355467,0.649972872809299,39,0.973186556313649,node
auc_degree,gamma,detail,60,7Networks_RH_SomMot_2,0.24815379025422,-0.0825047662462614,0.529594705735604,0.138625634141138,39,0.973186556313649,node
auc_degree,gamma,communication,60,7Networks_RH_SomMot_2,-0.010307760136203,-0.333219338972303,0.314768075302659,0.951718254074157,39,0.973186556313649,node
auc_degree,gamma,imagination,60,7Networks_RH_SomMot_2,-0.0852645561660059,-0.398285326508828,0.245543801002811,0.615837581672716,39,0.973186556313649,node
auc_degree,gamma,total,61,7Networks_RH_SomMot_3,0.0784727199792001,-0.251958367404637,0.392516685126036,0.644324601100448,39,0.973186556313649,node
auc_degree,gamma,social,61,7Networks_RH_SomMot_3,-0.0289087798241579,-0.349658000101698,0.297906274426394,0.865131936773532,39,0.973186556313649,node
auc_degree,gamma,switching,61,7Networks_RH_SomMot_3,0.0038160487659388,-0.320604897508346,0.32743569714056,0.982116540513332,39,0.982116540513332,node
auc_degree,gamma,detail,61,7Networks_RH_SomMot_3,0.440443461271294,0.135799495373487,0.668992993622736,0.00636845094032216,39,0.277990954404584,node
auc_degree,gamma,communication,61,7Networks_RH_SomMot_3,-0.0947401528332151,-0.406292259621346,0.236545884537271,0.577008624471256,39,0.973186556313649,node
auc_degree,gamma,imagination,61,7Networks_RH_SomMot_3,-0.154129493148494,-0.455410045725031,0.17882590318156,0.362393539848523,39,0.973186556313649,node
auc_degree,gamma,total,62,7Networks_RH_SomMot_4,0.204309402206192,-0.128202269510361,0.495529263017676,0.225146860079109,39,0.973186556313649,node
auc_degree,gamma,social,62,7Networks_RH_SomMot_4,0.0416358423612928,-0.286250493176675,0.36079289366216,0.806708563727135,39,0.973186556313649,node
auc_degree,gamma,switching,62,7Networks_RH_SomMot_4,-0.0116319567194775,-0.334396125060202,0.313574438072749,0.945524393201406,39,0.973186556313649,node
auc_degree,gamma,detail,62,7Networks_RH_SomMot_4,0.291090842743953,-0.0363635041662821,0.562097962555659,0.0804745608478651,39,0.844982888902583,node
auc_degree,gamma,communication,62,7Networks_RH_SomMot_4,0.095586878474326,-0.235739068490315,0.407005426417779,0.573593358948208,39,0.973186556313649,node
auc_degree,gamma,imagination,62,7Networks_RH_SomMot_4,0.197155480566217,-0.135526935568947,0.489884600198442,0.242157093845534,39,0.973186556313649,node
auc_degree,gamma,total,63,7Networks_RH_SomMot_5,0.174410789271482,-0.158575359510366,0.471773782289818,0.301872366283285,39,0.973186556313649,node
auc_degree,gamma,social,63,7Networks_RH_SomMot_5,0.146512843000035,-0.186358830669154,0.449211602472391,0.386875483301541,39,0.973186556313649,node
auc_degree,gamma,switching,63,7Networks_RH_SomMot_5,0.0157888871826529,-0.309820671664961,0.338083775561666,0.92610266968776,39,0.973186556313649,node
auc_degree,gamma,detail,63,7Networks_RH_SomMot_5,-0.070185902587469,-0.385444658557247,0.259745743456988,0.679767235716529,39,0.973186556313649,node
auc_degree,gamma,communication,63,7Networks_RH_SomMot_5,0.309486484714587,-0.0161584218172903,0.575771902236884,0.0623250252198477,39,0.844982888902583,node
auc_degree,gamma,imagination,63,7Networks_RH_SomMot_5,0.0986856368747553,-0.232782467543941,0.409612166766649,0.561173349778937,39,0.973186556313649,node
auc_degree,gamma,total,64,7Networks_RH_SomMot_6,-0.0712733073009271,-0.386374773123572,0.258726316102562,0.675075596943723,39,0.973186556313649,node
auc_degree,gamma,social,64,7Networks_RH_SomMot_6,0.0959816581689917,-0.235362740171534,0.407337805542396,0.572004155058506,39,0.973186556313649,node
auc_degree,gamma,switching,64,7Networks_RH_SomMot_6,-0.0740551021970316,-0.388751275714746,0.256115070702957,0.66312864744454,39,0.973186556313649,node
auc_degree,gamma,detail,64,7Networks_RH_SomMot_6,-0.246791795416232,-0.528549975041481,0.0839455659470601,0.140875612462346,39,0.973186556313649,node
auc_degree,gamma,communication,64,7Networks_RH_SomMot_6,0.161128835431009,-0.17186890804633,0.461080485013295,0.340735246524386,39,0.973186556313649,node
auc_degree,gamma,imagination,64,7Networks_RH_SomMot_6,-0.184284344596427,-0.479666697170221,0.148614330831677,0.274890899836134,39,0.973186556313649,node
auc_degree,gamma,total,65,7Networks_RH_SomMot_7,-0.0595044552485695,-0.376274071968685,0.269720520269224,0.72645980980769,39,0.973186556313649,node
auc_degree,gamma,social,65,7Networks_RH_SomMot_7,0.0346916626795096,-0.292622209200322,0.354728695815883,0.838478865316685,39,0.973186556313649,node
auc_degree,gamma,switching,65,7Networks_RH_SomMot_7,0.052610930364671,-0.276120683283786,0.370322477806386,0.757131248574292,39,0.973186556313649,node
auc_degree,gamma,detail,65,7Networks_RH_SomMot_7,-0.241207818625699,-0.524257792863754,0.0898382089749266,0.150381259386719,39,0.973186556313649,node
auc_degree,gamma,communication,65,7Networks_RH_SomMot_7,0.0411727337456697,-0.286676328517961,0.3603893093128,0.808818454919593,39,0.973186556313649,node
auc_degree,gamma,imagination,65,7Networks_RH_SomMot_7,-0.0777323564547721,-0.391886360856015,0.252655854890183,0.647461290365418,39,0.973186556313649,node
auc_degree,gamma,total,66,7Networks_RH_SomMot_8,-0.152582421533346,-0.454153395563629,0.18035913497758,0.367289547407281,39,0.973186556313649,node
auc_degree,gamma,social,66,7Networks_RH_SomMot_8,0.0268513750886636,-0.299781394558425,0.347849430195673,0.874651510230646,39,0.973186556313649,node
auc_degree,gamma,switching,66,7Networks_RH_SomMot_8,-0.0982851719417775,-0.409275572740528,0.233164905959255,0.562771410234786,39,0.973186556313649,node
auc_degree,gamma,detail,66,7Networks_RH_SomMot_8,-0.170774965267627,-0.46885525089374,0.162226397703933,0.312218360411725,39,0.973186556313649,node
auc_degree,gamma,communication,66,7Networks_RH_SomMot_8,0.0628673458336661,-0.266587716098699,0.379168001158569,0.711644802198291,39,0.973186556313649,node
auc_degree,gamma,imagination,66,7Networks_RH_SomMot_8,-0.324346739805081,-0.586710191784059,-0.000360060373257092,0.0501691229066544,39,0.842841264831793,node
auc_degree,gamma,total,67,7Networks_RH_DorsAttn_Post_1,-0.174342127526355,-0.471718726758657,0.158644393038386,0.302065702143395,39,0.768752783331793,node
auc_degree,gamma,social,67,7Networks_RH_DorsAttn_Post_1,-0.204918507483213,-0.496008732056233,0.127576946279806,0.223737274371213,39,0.737571281170251,node
auc_degree,gamma,switching,67,7Networks_RH_DorsAttn_Post_1,-0.162395053607335,-0.462103687546651,0.170606792750864,0.336903688908704,39,0.797929789520615,node
auc_degree,gamma,detail,67,7Networks_RH_DorsAttn_Post_1,0.0814703368931542,-0.249130835726354,0.395065758612875,0.631686897236856,39,0.9959737454384,node
auc_degree,gamma,communication,67,7Networks_RH_DorsAttn_Post_1,-0.0468353957085869,-0.36531594830719,0.281460517945221,0.78311533220179,39,0.9959737454384,node
auc_degree,gamma,imagination,67,7Networks_RH_DorsAttn_Post_1,-0.139078246636285,-0.44313308021042,0.193674153472193,0.411677766034008,39,0.828298377857379,node
auc_degree,gamma,total,68,7Networks_RH_DorsAttn_Post_2,0.202458820967675,-0.130100503582662,0.494071452555234,0.229466620808523,39,0.737571281170251,node
auc_degree,gamma,social,68,7Networks_RH_DorsAttn_Post_2,0.371498083194977,0.0539701976776509,0.620794752943001,0.0235816727584994,39,0.543352586189665,node
auc_degree,gamma,switching,68,7Networks_RH_DorsAttn_Post_2,-0.0763379815033755,-0.390698428688721,0.253968546909698,0.653385073390695,39,0.9959737454384,node
auc_degree,gamma,detail,68,7Networks_RH_DorsAttn_Post_2,-0.226121459207267,-0.512589138652099,0.105643439569265,0.178386164287069,39,0.736756148478832,node
auc_degree,gamma,communication,68,7Networks_RH_DorsAttn_Post_2,0.312912438350118,-0.0123658741874089,0.578302150369,0.05933449027573,39,0.625345065727437,node
auc_degree,gamma,imagination,68,7Networks_RH_DorsAttn_Post_2,0.182814917217261,-0.150101067494882,0.478495057583302,0.278803261491983,39,0.738008633361132,node
auc_degree,gamma,total,69,7Networks_RH_DorsAttn_Post_3,0.00403489122164855,-0.320408532520768,0.327631065600183,0.98109113999897,39,0.9959737454384,node
auc_degree,gamma,social,69,7Networks_RH_DorsAttn_Post_3,0.153353143061137,-0.179595510375874,0.45477958469976,0.364845543083103,39,0.81070045684115,node
auc_degree,gamma,switching,69,7Networks_RH_DorsAttn_Post_3,-0.0450096970105773,-0.3637294971758,0.283144268960479,0.79137897903256,39,0.9959737454384,node
auc_degree,gamma,detail,69,7Networks_RH_DorsAttn_Post_3,-0.345494366881617,-0.602113136614463,-0.0241763568676485,0.0362235057459776,39,0.543352586189665,node
auc_degree,gamma,communication,69,7Networks_RH_DorsAttn_Post_3,0.212610568820524,-0.11965726474846,0.502048450576829,0.20645450359601,39,0.736756148478832,node
auc_degree,gamma,imagination,69,7Networks_RH_DorsAttn_Post_3,0.0377089140789246,-0.289857259992128,0.357366906662258,0.824640590821426,39,0.9959737454384,node
auc_degree,gamma,total,70,7Networks_RH_DorsAttn_Post_4,-0.270272356753458,-0.546442266331069,0.0589113144401732,0.10569562791612,39,0.679471893746488,node
auc_degree,gamma,social,70,7Networks_RH_DorsAttn_Post_4,-0.274058360499082,-0.549303808061981,0.0548356554683941,0.1007116527949,39,0.679471893746488,node
auc_degree,gamma,switching,70,7Networks_RH_DorsAttn_Post_4,-0.214168548753445,-0.503268329971739,0.11804801539371,0.203070160891641,39,0.736756148478832,node
auc_degree,gamma,detail,70,7Networks_RH_DorsAttn_Post_4,-0.036761268016046,-0.356538857236244,0.290726253382285,0.828981453400852,39,0.9959737454384,node
auc_degree,gamma,communication,70,7Networks_RH_DorsAttn_Post_4,0.000859074030813408,-0.323255428133544,0.324793184702294,0.9959737454384,39,0.9959737454384,node
auc_degree,gamma,imagination,70,7Networks_RH_DorsAttn_Post_4,-0.209718311666578,-0.499780790558331,0.122640077305184,0.212840665116107,39,0.736756148478832,node
auc_degree,gamma,total,71,7Networks_RH_DorsAttn_Post_5,-0.118735695233639,-0.426356869847485,0.213502984615046,0.483968494122491,39,0.926748180234557,node
auc_degree,gamma,social,71,7Networks_RH_DorsAttn_Post_5,-0.0289155559032612,-0.34966395269426,0.297900094533433,0.865100614135897,39,0.9959737454384,node
auc_degree,gamma,switching,71,7Networks_RH_DorsAttn_Post_5,-0.222631370491863,-0.509874548964943,0.109276112688803,0.185361292043354,39,0.736756148478832,node
auc_degree,gamma,detail,71,7Networks_RH_DorsAttn_Post_5,0.019062640262665,-0.306857264740104,0.34098100191452,0.910836303167233,39,0.9959737454384,node
auc_degree,gamma,communication,71,7Networks_RH_DorsAttn_Post_5,-0.00260792180259341,-0.326356660877591,0.321688435216197,0.987777762415779,39,0.9959737454384,node
auc_degree,gamma,imagination,71,7Networks_RH_DorsAttn_Post_5,-0.0994869759131726,-0.410285444639877,0.232016892026875,0.557981917095543,39,0.9959737454384,node
auc_degree,gamma,total,72,7Networks_RH_DorsAttn_PrCv_1,0.043050842002562,-0.284948576714394,0.362025280501852,0.800270311599039,39,0.9959737454384,node
auc_degree,gamma,social,72,7Networks_RH_DorsAttn_PrCv_1,-0.0421654108858463,-0.361254249254772,0.285763388152308,0.804297534244889,39,0.9959737454384,node
auc_degree,gamma,switching,72,7Networks_RH_DorsAttn_PrCv_1,-0.0057235600682444,-0.329137670409708,0.318892369811537,0.973179899391089,39,0.9959737454384,node
auc_degree,gamma,detail,72,7Networks_RH_DorsAttn_PrCv_1,0.184372263113157,-0.148525328929022,0.479736765120667,0.274657958522098,39,0.738008633361132,node
auc_degree,gamma,communication,72,7Networks_RH_DorsAttn_PrCv_1,0.00158541332254271,-0.322604833350649,0.325442749662812,0.992569656329505,39,0.9959737454384,node
auc_degree,gamma,imagination,72,7Networks_RH_DorsAttn_PrCv_1,-0.0178057551622838,-0.339869398676092,0.307995747138009,0.916694062607412,39,0.9959737454384,node
auc_degree,gamma,total,73,7Networks_RH_DorsAttn_FEF_1,-0.187364111644608,-0.482118919407346,0.14549339523473,0.266807835088995,39,0.738008633361132,node
auc_degree,gamma,social,73,7Networks_RH_DorsAttn_FEF_1,-0.0382751572564922,-0.35786144800242,0.28933775592465,0.822049249824596,39,0.9959737454384,node
auc_degree,gamma,switching,73,7Networks_RH_DorsAttn_FEF_1,-0.073503399018098,-0.388280285329394,0.256633332777469,0.665491652814014,39,0.9959737454384,node
auc_degree,gamma,detail,73,7Networks_RH_DorsAttn_FEF_1,-0.172423100688404,-0.470179041334265,0.160572494639442,0.307501113332717,39,0.768752783331793,node
auc_degree,gamma,communication,73,7Networks_RH_DorsAttn_FEF_1,0.0596009189949673,-0.269630753483963,0.376357169860007,0.726033448810712,39,0.9959737454384,node
auc_degree,gamma,imagination,73,7Networks_RH_DorsAttn_FEF_1,-0.379248240758207,-0.62630839703944,-0.0629606907125296,0.0206166161080282,39,0.543352586189665,node
auc_degree,gamma,total,74,7Networks_RH_SalVentAttn_TempOccPar_1,0.0265929214055088,-0.300016771132664,0.347622066416895,0.875848626443765,39,0.964017041908177,node
auc_degree,gamma,social,74,7Networks_RH_SalVentAttn_TempOccPar_1,0.108009859427253,-0.22384888927763,0.417425391591824,0.524571616588703,39,0.93327187644835,node
auc_degree,gamma,switching,74,7Networks_RH_SalVentAttn_TempOccPar_1,-0.0502637073857929,-0.36829000863866,0.278293284978057,0.767661510728806,39,0.964017041908177,node
auc_degree,gamma,detail,74,7Networks_RH_SalVentAttn_TempOccPar_1,0.022299162979939,-0.303921333641519,0.34383928109092,0.895774415807656,39,0.964017041908177,node
auc_degree,gamma,communication,74,7Networks_RH_SalVentAttn_TempOccPar_1,0.0850484551999076,-0.245748345285293,0.398102161893673,0.6167357869435,39,0.93327187644835,node
auc_degree,gamma,imagination,74,7Networks_RH_SalVentAttn_TempOccPar_1,-0.145028648172981,-0.448000360188076,0.187822169067335,0.391755863750936,39,0.93327187644835,node
auc_degree,gamma,total,75,7Networks_RH_SalVentAttn_TempOccPar_2,0.238086461678698,-0.0931220376601765,0.521852246196091,0.155894287694942,39,0.852921398528107,node
auc_degree,gamma,social,75,7Networks_RH_SalVentAttn_TempOccPar_2,0.261991128579331,-0.0677880221198815,0.540160580227492,0.117246844170847,39,0.852921398528107,node
auc_degree,gamma,switching,75,7Networks_RH_SalVentAttn_TempOccPar_2,-0.092387897017229,-0.404309044534599,0.238784874050235,0.586544197174181,39,0.93327187644835,node
auc_degree,gamma,detail,75,7Networks_RH_SalVentAttn_TempOccPar_2,0.0749687290499898,-0.255256405062276,0.389530879699625,0.659222533060848,39,0.93327187644835,node
auc_degree,gamma,communication,75,7Networks_RH_SalVentAttn_TempOccPar_2,0.309263220790972,-0.0164052512946453,0.575606832793657,0.0625239763276946,39,0.852921398528107,node
auc_degree,gamma,imagination,75,7Networks_RH_SalVentAttn_TempOccPar_2,0.106702268209735,-0.225105068943039,0.416332447623631,0.529633070278292,39,0.93327187644835,node
auc_degree,gamma,total,76,7Networks_RH_SalVentAttn_FrOperIns_1,0.0369134567711255,-0.290586732386677,0.356671873046289,0.828283985313318,39,0.964017041908177,node
auc_degree,gamma,social,76,7Networks_RH_SalVentAttn_FrOperIns_1,-0.0316493604463157,-0.35206341116577,0.29540458388147,0.852480559942835,39,0.964017041908177,node
auc_degree,gamma,switching,76,7Networks_RH_SalVentAttn_FrOperIns_1,-0.0135033011226875,-0.336057435637098,0.311885844855758,0.93677672825899,39,0.975539745126601,node
auc_degree,gamma,detail,76,7Networks_RH_SalVentAttn_FrOperIns_1,0.392503152710857,0.0784568214946059,0.635681313199868,0.0162667744318719,39,0.66611722221868,node
auc_degree,gamma,communication,76,7Networks_RH_SalVentAttn_FrOperIns_1,-0.130179632519087,-0.435820631623398,0.20238162686299,0.442516878431304,39,0.93327187644835,node
auc_degree,gamma,imagination,76,7Networks_RH_SalVentAttn_FrOperIns_1,-0.169717140224719,-0.468004894500438,0.163286939694937,0.315269932562826,39,0.852921398528107,node
auc_degree,gamma,total,77,7Networks_RH_SalVentAttn_Med_1,-0.18805759626441,-0.482670460684929,0.144789725553147,0.265009535810529,39,0.852921398528107,node
auc_degree,gamma,social,77,7Networks_RH_SalVentAttn_Med_1,0.0873417994884854,-0.243576141242707,0.400044700977387,0.607231905600172,39,0.93327187644835,node
auc_degree,gamma,switching,77,7Networks_RH_SalVentAttn_Med_1,-0.188118330005076,-0.482718752237577,0.144728083790878,0.264852426314299,39,0.852921398528107,node
auc_degree,gamma,detail,77,7Networks_RH_SalVentAttn_Med_1,-0.288056236128715,-0.559827937505702,0.0396710746688992,0.0838273969625445,39,0.852921398528107,node
auc_degree,gamma,communication,77,7Networks_RH_SalVentAttn_Med_1,0.00163331094708935,-0.322561919843437,0.325485573750403,0.992345181414424,39,0.998050554713271,node
auc_degree,gamma,imagination,77,7Networks_RH_SalVentAttn_Med_1,-0.183409172732469,-0.478969010677003,0.149499993155795,0.277216711664974,39,0.852921398528107,node
auc_degree,gamma,total,78,7Networks_RH_SalVentAttn_Med_2,-0.207326504429699,-0.497902497159915,0.125102243514514,0.218223858763238,39,0.852921398528107,node
auc_degree,gamma,social,78,7Networks_RH_SalVentAttn_Med_2,-0.0372977134528296,-0.357007662871523,0.290234398157597,0.826523546977235,39,0.964017041908177,node
auc_degree,gamma,switching,78,7Networks_RH_SalVentAttn_Med_2,-0.203188333733465,-0.494646328045275,0.129352496697975,0.227757055711251,39,0.852921398528107,node
auc_degree,gamma,detail,78,7Networks_RH_SalVentAttn_Med_2,-0.0575582059727459,-0.37459640233885,0.271530430333753,0.735079210167995,39,0.964017041908177,node
auc_degree,gamma,communication,78,7Networks_RH_SalVentAttn_Med_2,0.0110082414073781,-0.314136786149202,0.333841967535658,0.948441418873084,39,0.975539745126601,node
auc_degree,gamma,imagination,78,7Networks_RH_SalVentAttn_Med_2,-0.363547600015059,-0.615112849832835,-0.0448005044854714,0.0269825753575719,39,0.66611722221868,node
auc_degree,gamma,total,79,7Networks_RH_Limbic_OFC_1,0.122703738789561,-0.209656519427916,0.429645956985857,0.469372106266688,39,0.677556979846905,node
auc_degree,gamma,social,79,7Networks_RH_Limbic_OFC_1,-0.0497389349072996,-0.367835190025803,0.278778557665278,0.770021474158697,39,0.855579415731886,node
auc_degree,gamma,switching,79,7Networks_RH_Limbic_OFC_1,0.135785856655969,-0.196901945151626,0.440432261752124,0.422943016647413,39,0.672112402390085,node
auc_degree,gamma,detail,79,7Networks_RH_Limbic_OFC_1,0.150208650894311,-0.182708528613408,0.452222901147692,0.374877992498056,39,0.672112402390085,node
auc_degree,gamma,communication,79,7Networks_RH_Limbic_OFC_1,0.104480438095155,-0.227237015125489,0.414473287097782,0.538287462713648,39,0.706225144290788,node
auc_degree,gamma,imagination,79,7Networks_RH_Limbic_OFC_1,0.00475158028528541,-0.319765259873259,0.328270685817727,0.977733264678427,39,0.988054471165908,node
auc_degree,gamma,total,80,7Networks_RH_Limbic_TempPole_1,-0.14641652633314,-0.449133032779411,0.186453838692835,0.387191114376481,39,0.672112402390085,node
auc_degree,gamma,social,80,7Networks_RH_Limbic_TempPole_1,-0.195225709350424,-0.488357736693058,0.137496556853967,0.246889815752766,39,0.672112402390085,node
auc_degree,gamma,switching,80,7Networks_RH_Limbic_TempPole_1,-0.165774070477047,-0.464830294987288,0.167233367506384,0.326809179571863,39,0.672112402390085,node
auc_degree,gamma,detail,80,7Networks_RH_Limbic_TempPole_1,0.430688762970178,0.123963860372377,0.662288464550915,0.00779085668040595,39,0.233725700412178,node
auc_degree,gamma,communication,80,7Networks_RH_Limbic_TempPole_1,-0.353364497513484,-0.607797012563368,-0.0331337504745338,0.0319199288392731,39,0.302796594127922,node
auc_degree,gamma,imagination,80,7Networks_RH_Limbic_TempPole_1,-0.138077985668242,-0.442313127899434,0.194655551266707,0.415082118953783,39,0.672112402390085,node
auc_degree,gamma,total,81,7Networks_RH_Cont_Par_1,0.116528987851893,-0.215637632085505,0.424524217029867,0.492186499658204,39,0.950304940981376,node
auc_degree,gamma,social,81,7Networks_RH_Cont_Par_1,0.282610644772561,-0.0455885454525891,0.555744130931372,0.0901140437014274,39,0.950304940981376,node
auc_degree,gamma,switching,81,7Networks_RH_Cont_Par_1,-0.13083589902221,-0.43636130125164,0.20174124783851,0.440200282618609,39,0.950304940981376,node
auc_degree,gamma,detail,81,7Networks_RH_Cont_Par_1,-0.153507358541508,-0.454904844582396,0.179442666745985,0.36435768586104,39,0.950304940981376,node
auc_degree,gamma,communication,81,7Networks_RH_Cont_Par_1,0.180428983804035,-0.152511903328977,0.476590401824099,0.285232618491749,39,0.950304940981376,node
auc_degree,gamma,imagination,81,7Networks_RH_Cont_Par_1,0.152018215097941,-0.180917891783134,0.453694805044016,0.369084849213717,39,0.950304940981376,node
auc_degree,gamma,total,82,7Networks_RH_Cont_Par_2,-0.105548633907774,-0.415367444254545,0.226212429787757,0.534118208535431,39,0.950304940981376,node
auc_degree,gamma,social,82,7Networks_RH_Cont_Par_2,-0.0430243699990547,-0.362002235073695,0.284972944255888,0.800390641635188,39,0.950304940981376,node
auc_degree,gamma,switching,82,7Networks_RH_Cont_Par_2,-0.0895105405921325,-0.401879115895258,0.241518899827365,0.598302417346488,39,0.950304940981376,node
auc_degree,gamma,detail,82,7Networks_RH_Cont_Par_2,-0.1322396812709,-0.437517076555959,0.20037049430755,0.435267392882198,39,0.950304940981376,node
auc_degree,gamma,communication,82,7Networks_RH_Cont_Par_2,0.179513027987181,-0.153436367786404,0.475858468390508,0.287726098700825,39,0.950304940981376,node
auc_degree,gamma,imagination,82,7Networks_RH_Cont_Par_2,-0.245856784932223,-0.527832272210781,0.0849338761247578,0.142435691045971,39,0.950304940981376,node
auc_degree,gamma,total,83,7Networks_RH_Cont_PFCl_1,0.081634507248127,-0.248975817462812,0.395205224270404,0.630997690904897,39,0.950304940981376,node
auc_degree,gamma,social,83,7Networks_RH_Cont_PFCl_1,-0.0833256803662514,-0.396641065136945,0.247377936410048,0.62391589436836,39,0.950304940981376,node
auc_degree,gamma,switching,83,7Networks_RH_Cont_PFCl_1,0.0926401723815858,-0.238544914751057,0.404521881430006,0.585518186786912,39,0.950304940981376,node
auc_degree,gamma,detail,83,7Networks_RH_Cont_PFCl_1,0.144235016574486,-0.188604042434821,0.447352225625041,0.394380101218595,39,0.950304940981376,node
auc_degree,gamma,communication,83,7Networks_RH_Cont_PFCl_1,0.156541335443214,-0.176432406749794,0.457366737159206,0.354839233168013,39,0.950304940981376,node
auc_degree,gamma,imagination,83,7Networks_RH_Cont_PFCl_1,-0.0914629050482417,-0.403528368397283,0.239664362102751,0.5903129632093,39,0.950304940981376,node
auc_degree,gamma,total,84,7Networks_RH_Cont_PFCl_2,0.0696861699190611,-0.260213989641979,0.385016995895955,0.681927343663649,39,0.950304940981376,node
auc_degree,gamma,social,84,7Networks_RH_Cont_PFCl_2,-0.0385432533451478,-0.358095533290491,0.289091721811958,0.820822987239438,39,0.950304940981376,node
auc_degree,gamma,switching,84,7Networks_RH_Cont_PFCl_2,0.0631942276043235,-0.266282827646085,0.379448969089211,0.710210180989781,39,0.950304940981376,node
auc_degree,gamma,detail,84,7Networks_RH_Cont_PFCl_2,0.210655543374541,-0.121674158410142,0.500516058231429,0.210756479474575,39,0.950304940981376,node
auc_degree,gamma,communication,84,7Networks_RH_Cont_PFCl_2,0.0766018729000262,-0.253720207673878,0.390923330267902,0.652262354143853,39,0.950304940981376,node
auc_degree,gamma,imagination,84,7Networks_RH_Cont_PFCl_2,-0.158218914838875,-0.458726016659233,0.174765262777718,0.349641278589764,39,0.950304940981376,node
auc_degree,gamma,total,85,7Networks_RH_Cont_PFCl_3,0.0424320371211599,-0.285518077213439,0.361486472649281,0.803084305384484,39,0.950304940981376,node
auc_degree,gamma,social,85,7Networks_RH_Cont_PFCl_3,-0.123802387432272,-0.430555182751239,0.208589711198836,0.465372320972508,39,0.950304940981376,node
auc_degree,gamma,switching,85,7Networks_RH_Cont_PFCl_3,0.145132096903066,-0.187720221919204,0.448084820135868,0.391414546430009,39,0.950304940981376,node
auc_degree,gamma,detail,85,7Networks_RH_Cont_PFCl_3,0.150140870127603,-0.182775557531755,0.452167736126396,0.375096024852031,39,0.950304940981376,node
auc_degree,gamma,communication,85,7Networks_RH_Cont_PFCl_3,0.099042911667432,-0.232441188559854,0.409912387692263,0.559749415176674,39,0.950304940981376,node
auc_degree,gamma,imagination,85,7Networks_RH_Cont_PFCl_3,-0.186007385202242,-0.481039213441812,0.146869074440076,0.270349175116379,39,0.950304940981376,node
auc_degree,gamma,total,86,7Networks_RH_Cont_PFCl_4,0.0131466018549877,-0.31220786833547,0.335740925930457,0.938443599684635,39,0.972878786041123,node
auc_degree,gamma,social,86,7Networks_RH_Cont_PFCl_4,-0.0368726527047374,-0.356636210803276,0.290624141404958,0.828470974188892,39,0.950304940981376,node
auc_degree,gamma,switching,86,7Networks_RH_Cont_PFCl_4,0.0629689407449824,-0.266492963775832,0.379255332287522,0.711198816820049,39,0.950304940981376,node
auc_degree,gamma,detail,86,7Networks_RH_Cont_PFCl_4,-0.0021320390110855,-0.325931395317833,0.322115009084301,0.990007901853206,39,0.990007901853206,node
auc_degree,gamma,communication,86,7Networks_RH_Cont_PFCl_4,0.0804805923527381,-0.250065045666913,0.394224646510612,0.635848432724779,39,0.950304940981376,node
auc_degree,gamma,imagination,86,7Networks_RH_Cont_PFCl_4,-0.082806380625339,-0.396200331984268,0.247868780886651,0.62608696939229,39,0.950304940981376,node
auc_degree,gamma,total,87,7Networks_RH_Cont_Cing_1,-0.171955300808741,-0.469803438300224,0.161042121716592,0.308835426467171,39,0.950304940981376,node
auc_degree,gamma,social,87,7Networks_RH_Cont_Cing_1,0.0383751022896888,-0.289246040558593,0.357948718656247,0.821592055795356,39,0.950304940981376,node
auc_degree,gamma,switching,87,7Networks_RH_Cont_Cing_1,-0.219893006102588,-0.507740637574858,0.112120156903,0.190967501345448,39,0.950304940981376,node
auc_degree,gamma,detail,87,7Networks_RH_Cont_Cing_1,-0.0509216126184209,-0.368859998014832,0.277684663427037,0.764705744154528,39,0.950304940981376,node
auc_degree,gamma,communication,87,7Networks_RH_Cont_Cing_1,-0.0288999396150955,-0.349650234190806,0.297914336797843,0.865172801221117,39,0.950471528102072,node
auc_degree,gamma,imagination,87,7Networks_RH_Cont_Cing_1,-0.287119764108673,-0.559126588784865,0.0406903345684887,0.0848836127455033,39,0.950304940981376,node
auc_degree,gamma,total,88,7Networks_RH_Cont_PFCmp_1,-0.160592801689155,-0.460647087717902,0.172402875754842,0.342365285625874,39,0.950304940981376,node
auc_degree,gamma,social,88,7Networks_RH_Cont_PFCmp_1,-0.180604911344694,-0.476730937216434,0.152334274808948,0.284755300749041,39,0.950304940981376,node
auc_degree,gamma,switching,88,7Networks_RH_Cont_PFCmp_1,-0.0193109106937699,-0.341200468638655,0.306632271831166,0.909679767865405,39,0.972878786041123,node
auc_degree,gamma,detail,88,7Networks_RH_Cont_PFCmp_1,-0.033607615697845,-0.353779585574489,0.293614273623137,0.843462637058456,39,0.950471528102072,node
auc_degree,gamma,communication,88,7Networks_RH_Cont_PFCmp_1,-0.0309673796783955,-0.351465231092007,0.296027537424559,0.855625531626645,39,0.950471528102072,node
auc_degree,gamma,imagination,88,7Networks_RH_Cont_PFCmp_1,-0.198004789736749,-0.490556017531713,0.134659253932437,0.240093655287472,39,0.950304940981376,node
auc_degree,gamma,total,89,7Networks_RH_Cont_pCun_1,-0.262228958316355,-0.540341418198404,0.067533816838563,0.116902411637752,39,0.950304940981376,node
auc_degree,gamma,social,89,7Networks_RH_Cont_pCun_1,-0.29605194016993,-0.565800317956239,0.0309406584814894,0.0752186337792422,39,0.950304940981376,node
auc_degree,gamma,switching,89,7Networks_RH_Cont_pCun_1,-0.2471115176505,-0.528795297612929,0.0836074687883294,0.140345044370415,39,0.950304940981376,node
auc_degree,gamma,detail,89,7Networks_RH_Cont_pCun_1,0.091412772143383,-0.239712013256298,0.403486044167279,0.590517527831751,39,0.950304940981376,node
auc_degree,gamma,communication,89,7Networks_RH_Cont_pCun_1,-0.171141296187822,-0.469149605469814,0.161858946456921,0.311165937769472,39,0.950304940981376,node
auc_degree,gamma,imagination,89,7Networks_RH_Cont_pCun_1,-0.0511285592288626,-0.369039240931092,0.277493164634579,0.763776671607829,39,0.950304940981376,node
auc_degree,gamma,total,90,7Networks_RH_Default_Par_1,-0.144053948282769,-0.447204308090252,0.188782368970293,0.394980246877061,39,0.916703254973054,node
auc_degree,gamma,social,90,7Networks_RH_Default_Par_1,0.0879600447899197,-0.242989984554946,0.400567895005536,0.604680570795763,39,0.916703254973054,node
auc_degree,gamma,switching,90,7Networks_RH_Default_Par_1,-0.23939899387041,-0.522864329984433,0.0917420634010572,0.153558460218885,39,0.775395548243543,node
auc_degree,gamma,detail,90,7Networks_RH_Default_Par_1,-0.158300769591773,-0.458792304521044,0.17468386832187,0.349388841557078,39,0.898428449718199,node
auc_degree,gamma,communication,90,7Networks_RH_Default_Par_1,-0.00343279270462417,-0.327093484118846,0.32094872189414,0.983912378740204,39,0.984430286531113,node
auc_degree,gamma,imagination,90,7Networks_RH_Default_Par_1,-0.115777348133863,-0.423899409523178,0.216364002906327,0.495001932826208,39,0.916703254973054,node
auc_degree,gamma,total,91,7Networks_RH_Default_Temp_1,0.0271634085642952,-0.299497169289461,0.348123878248978,0.873206586730195,39,0.977403686145671,node
auc_degree,gamma,social,91,7Networks_RH_Default_Temp_1,-0.0560689957524402,-0.37331129753793,0.272913747827817,0.74169619213817,39,0.977403686145671,node
auc_degree,gamma,switching,91,7Networks_RH_Default_Temp_1,-0.0353297482366959,-0.355287047466664,0.292037936271322,0.835548227518129,39,0.977403686145671,node
auc_degree,gamma,detail,91,7Networks_RH_Default_Temp_1,0.503141626683023,0.2140066600252,0.711216381004793,0.0015030217930287,39,0.213173529249736,node
auc_degree,gamma,communication,91,7Networks_RH_Default_Temp_1,-0.231395287654817,-0.516680284395636,0.100137302102734,0.168203754122768,39,0.775395548243543,node
auc_degree,gamma,imagination,91,7Networks_RH_Default_Temp_1,-0.158673175193492,-0.459093844924097,0.174313499422217,0.348241754027239,39,0.898428449718199,node
auc_degree,gamma,total,92,7Networks_RH_Default_Temp_2,0.027815365028078,-0.298903127551706,0.348697126974385,0.870188903123981,39,0.977403686145671,node
auc_degree,gamma,social,92,7Networks_RH_Default_Temp_2,-0.083620614118348,-0.396891313080778,0.24709908808899,0.622684230947401,39,0.916703254973054,node
auc_degree,gamma,switching,92,7Networks_RH_Default_Temp_2,-0.0621875212024052,-0.378583477905997,0.267221589556571,0.714631545709908,39,0.977403686145671,node
auc_degree,gamma,detail,92,7Networks_RH_Default_Temp_2,0.475147302933553,0.178623553499359,0.692547622840479,0.00296074346180189,39,0.213173529249736,node
auc_degree,gamma,communication,92,7Networks_RH_Default_Temp_2,-0.19267232489999,-0.486334698874539,0.140098631220804,0.253246583181492,39,0.85074960569883,node
auc_degree,gamma,imagination,92,7Networks_RH_Default_Temp_2,-0.0810580063086143,-0.39471541263646,0.249520105208745,0.63341925886076,39,0.92133710379747,node
auc_degree,gamma,total,93,7Networks_RH_Default_Temp_3,0.122404295478063,-0.209947147281391,0.429398034040231,0.470465415519187,39,0.916703254973054,node
auc_degree,gamma,social,93,7Networks_RH_Default_Temp_3,0.0684332073054887,-0.261387325410113,0.383944136198232,0.687354249059494,39,0.977403686145671,node
auc_degree,gamma,switching,93,7Networks_RH_Default_Temp_3,-0.0392419520101007,-0.358705405990501,0.288450316516034,0.817629137316811,39,0.977403686145671,node
auc_degree,gamma,detail,93,7Networks_RH_Default_Temp_3,0.40555620397111,0.09386672426608,0.644841944815482,0.0127641572798999,39,0.479903718206392,node
auc_degree,gamma,communication,93,7Networks_RH_Default_Temp_3,-0.024838363887869,-0.346077569359028,0.301613614999111,0.883982509062834,39,0.977403686145671,node
auc_degree,gamma,imagination,93,7Networks_RH_Default_Temp_3,-0.125562476428734,-0.432010510486929,0.206878981842942,0.459002418974676,39,0.916703254973054,node
auc_degree,gamma,total,94,7Networks_RH_Default_PFCv_1,0.0599646651944526,-0.269292208758384,0.376670470160172,0.724426454764001,39,0.977403686145671,node
auc_degree,gamma,social,94,7Networks_RH_Default_PFCv_1,-0.0833372659998994,-0.396650896294508,0.247366983680406,0.623867492967773,39,0.916703254973054,node
auc_degree,gamma,switching,94,7Networks_RH_Default_PFCv_1,0.0311087041848067,-0.295898467770448,0.351589211370677,0.854973628238717,39,0.977403686145671,node
auc_degree,gamma,detail,94,7Networks_RH_Default_PFCv_1,0.372549080817077,0.0551863871546504,0.621543905547873,0.023159968275989,39,0.587511904188582,node
auc_degree,gamma,communication,94,7Networks_RH_Default_PFCv_1,-0.110071713715554,-0.419146966027362,0.221865859899884,0.516638992106725,39,0.916703254973054,node
auc_degree,gamma,imagination,94,7Networks_RH_Default_PFCv_1,-0.0594077351956807,-0.376190748167328,0.269810519822412,0.726887385035609,39,0.977403686145671,node
auc_degree,gamma,total,95,7Networks_RH_Default_PFCv_2,0.0153245467583477,-0.310240481767972,0.337672345407324,0.928270245709959,39,0.983064111656887,node
auc_degree,gamma,social,95,7Networks_RH_Default_PFCv_2,-0.0111085358055674,-0.333931091991621,0.314046375090371,0.947972311001115,39,0.984430286531113,node
auc_degree,gamma,switching,95,7Networks_RH_Default_PFCv_2,-0.0764133247600499,-0.390762643846317,0.253897648370043,0.653064450726752,39,0.940412809046523,node
auc_degree,gamma,detail,95,7Networks_RH_Default_PFCv_2,0.308942786256849,-0.0167594384082601,0.575369882641755,0.062810393739927,39,0.646049764182107,node
auc_degree,gamma,communication,95,7Networks_RH_Default_PFCv_2,-0.048694762844632,-0.366929756545776,0.279743635818897,0.774723282946132,39,0.977403686145671,node
auc_degree,gamma,imagination,95,7Networks_RH_Default_PFCv_2,-0.181090923490253,-0.47711909741896,0.151843451777947,0.28343936432253,39,0.85074960569883,node
auc_degree,gamma,total,96,7Networks_RH_Default_PFCdPFCm_1,0.21906939331673,-0.112974492106121,0.507098133335483,0.19267677109174,39,0.775395548243543,node
auc_degree,gamma,social,96,7Networks_RH_Default_PFCdPFCm_1,0.0237215931352282,-0.302629048520688,0.345093593826667,0.889165853368631,39,0.977403686145671,node
auc_degree,gamma,switching,96,7Networks_RH_Default_PFCdPFCm_1,0.213453654647245,-0.118786651678611,0.502708719577343,0.204618269675379,39,0.775395548243543,node
auc_degree,gamma,detail,96,7Networks_RH_Default_PFCdPFCm_1,-0.0468600284867006,-0.36533734045664,0.281437786529941,0.783003994681587,39,0.977403686145671,node
auc_degree,gamma,communication,96,7Networks_RH_Default_PFCdPFCm_1,0.303717160390841,-0.0225239862456686,0.571499392753566,0.0676292783701272,39,0.649241072353221,node
auc_degree,gamma,imagination,96,7Networks_RH_Default_PFCdPFCm_1,0.155621027685021,-0.177346178951684,0.45662044881608,0.357710502419228,39,0.903689690322259,node
auc_degree,gamma,total,97,7Networks_RH_Default_PFCdPFCm_2,-0.143116069232787,-0.446437874470377,0.189705695371488,0.398097261490294,39,0.916703254973054,node
auc_degree,gamma,social,97,7Networks_RH_Default_PFCdPFCm_2,-0.236491342566839,-0.520621185389673,0.0947974078622778,0.158767590594606,39,0.775395548243543,node
auc_degree,gamma,switching,97,7Networks_RH_Default_PFCdPFCm_2,-0.0255250620865149,-0.346682261601141,0.300988860774028,0.880797632627667,39,0.977403686145671,node
auc_degree,gamma,detail,97,7Networks_RH_Default_PFCdPFCm_2,0.00332226738077271,-0.321047859830278,0.326994779221594,0.984430286531113,39,0.984430286531113,node
auc_degree,gamma,communication,97,7Networks_RH_Default_PFCdPFCm_2,0.0384884880724865,-0.289141983897042,0.358047718831692,0.821073447834707,39,0.977403686145671,node
auc_degree,gamma,imagination,97,7Networks_RH_Default_PFCdPFCm_2,-0.170488367474906,-0.468624917387369,0.162513807604919,0.313043281821163,39,0.868894765079951,node
auc_degree,gamma,total,98,7Networks_RH_Default_PFCdPFCm_3,-0.256505103487051,-0.535982042889286,0.0736399211789838,0.125404984790772,39,0.775395548243543,node
auc_degree,gamma,social,98,7Networks_RH_Default_PFCdPFCm_3,-0.148889040305522,-0.451148488468281,0.18401294545345,0.379136281774767,39,0.916703254973054,node
auc_degree,gamma,switching,98,7Networks_RH_Default_PFCdPFCm_3,-0.162984476982807,-0.462579715347146,0.170018906310415,0.335129177330842,39,0.898428449718199,node
auc_degree,gamma,detail,98,7Networks_RH_Default_PFCdPFCm_3,-0.0133057473361228,-0.335882149377306,0.312064203092749,0.937699873533002,39,0.984430286531113,node
auc_degree,gamma,communication,98,7Networks_RH_Default_PFCdPFCm_3,-0.0939825983105216,-0.405653876597564,0.237267345439004,0.580071962926136,39,0.916703254973054,node
auc_degree,gamma,imagination,98,7Networks_RH_Default_PFCdPFCm_3,-0.351990360981088,-0.606806474393074,-0.0315660604645228,0.032639550232699,39,0.587511904188582,node
auc_degree,gamma,total,99,7Networks_RH_Default_pCunPCC_1,-0.283640986039587,-0.556517826061984,0.0444706854354768,0.0888975616533379,39,0.775395548243543,node
auc_degree,gamma,social,99,7Networks_RH_Default_pCunPCC_1,-0.203272467865957,-0.494712611583318,0.12926620530611,0.227560452673696,39,0.8006949928271,node
auc_degree,gamma,switching,99,7Networks_RH_Default_pCunPCC_1,-0.357759943776593,-0.610960135917952,-0.038158919542305,0.0297049028507761,39,0.587511904188582,node
auc_degree,gamma,detail,99,7Networks_RH_Default_pCunPCC_1,0.113777650209045,-0.218294685514474,0.422235712801649,0.502532122536055,39,0.916703254973054,node
auc_degree,gamma,communication,99,7Networks_RH_Default_pCunPCC_1,-0.250648507212187,-0.531506089639437,0.079862115778326,0.134573260275236,39,0.775395548243543,node
auc_degree,gamma,imagination,99,7Networks_RH_Default_pCunPCC_1,-0.052140889497301,-0.369915711111086,0.276556024716527,0.759236593441424,39,0.977403686145671,node
auc_degree,gamma,total,100,7Networks_RH_Default_pCunPCC_2,-0.318554921853299,-0.582458323733036,0.00609915050071591,0.0546584188310086,39,0.613946032288001,node
auc_degree,gamma,social,100,7Networks_RH_Default_pCunPCC_2,-0.235031835906081,-0.519493749857466,0.0963287005635037,0.161430020785833,39,0.775395548243543,node
auc_degree,gamma,switching,100,7Networks_RH_Default_pCunPCC_2,-0.320088799854557,-0.583585776186632,0.0043911564984814,0.0534394448694993,39,0.613946032288001,node
auc_degree,gamma,detail,100,7Networks_RH_Default_pCunPCC_2,0.029947921535266,-0.296958240370164,0.350570554081687,0.860330866867506,39,0.977403686145671,node
auc_degree,gamma,communication,100,7Networks_RH_Default_pCunPCC_2,-0.181037729224704,-0.477076618724147,0.151897180600737,0.28358320189961,39,0.85074960569883,node
auc_degree,gamma,imagination,100,7Networks_RH_Default_pCunPCC_2,-0.160972149291187,-0.460953814972435,0.172025010512259,0.341211225021445,39,0.898428449718199,node
auc_cc,theta,total,1,7Networks_LH_Vis_1,-0.149818574936581,-0.451905396747325,0.183094235370185,0.376133786080522,39,0.987393770589126,node
auc_cc,theta,social,1,7Networks_LH_Vis_1,-0.27934972557959,-0.553292346941077,0.0491210431036182,0.0940486187357823,39,0.987393770589126,node
auc_cc,theta,switching,1,7Networks_LH_Vis_1,-0.0846782114731458,-0.397788289673872,0.246098720596894,0.618275948718436,39,0.987393770589126,node
auc_cc,theta,detail,1,7Networks_LH_Vis_1,0.340612467246789,0.0186458268890398,0.598574266507323,0.0391228313413422,39,0.718489930539554,node
auc_cc,theta,communication,1,7Networks_LH_Vis_1,-0.405402693650071,-0.644734609286786,-0.0936846241656894,0.0128012994860418,39,0.479697348855197,node
auc_cc,theta,imagination,1,7Networks_LH_Vis_1,0.0628499920502562,-0.266603900438783,0.379153083258418,0.711720991967841,39,0.987393770589126,node
auc_cc,theta,total,2,7Networks_LH_Vis_2,0.0647327391072507,-0.264846944608147,0.380770598253059,0.703471205159694,39,0.987393770589126,node
auc_cc,theta,social,2,7Networks_LH_Vis_2,-0.0346352075585272,-0.354679284220779,0.292673891441062,0.838738259600192,39,0.987393770589126,node
auc_cc,theta,switching,2,7Networks_LH_Vis_2,0.134058700753023,-0.198592334322464,0.439013230072939,0.428920987311303,39,0.987393770589126,node
auc_cc,theta,detail,2,7Networks_LH_Vis_2,0.0500052054324475,-0.278532350371197,0.368065984852078,0.768823768328173,39,0.987393770589126,node
auc_cc,theta,communication,2,7Networks_LH_Vis_2,0.116158931656061,-0.215995293543425,0.424216641029515,0.493571599595413,39,0.987393770589126,node
auc_cc,theta,imagination,2,7Networks_LH_Vis_2,-0.114034426290059,-0.422449460178952,0.218046916894351,0.501561960052759,39,0.987393770589126,node
auc_cc,theta,total,3,7Networks_LH_Vis_3,-0.194828564613585,-0.488043287056422,0.137901576474542,0.247871439046662,39,0.987393770589126,node
auc_cc,theta,social,3,7Networks_LH_Vis_3,-0.0898165955391376,-0.402137788671938,0.241228340045174,0.597046882954182,39,0.987393770589126,node
auc_cc,theta,switching,3,7Networks_LH_Vis_3,-0.0175648772703959,-0.33965626077141,0.308213827047169,0.917817186561438,39,0.987393770589126,node
auc_cc,theta,detail,3,7Networks_LH_Vis_3,-0.160252199827505,-0.460371627845067,0.172742063181697,0.3434035041832,39,0.987393770589126,node
auc_cc,theta,communication,3,7Networks_LH_Vis_3,0.0426977738789578,-0.285273541876947,0.361717881955985,0.80187557532662,39,0.987393770589126,node
auc_cc,theta,imagination,3,7Networks_LH_Vis_3,-0.40022490667906,-0.641108727016051,-0.0875547168680832,0.0141087455545646,39,0.479697348855197,node
auc_cc,theta,total,4,7Networks_LH_Vis_4,0.0643214472354987,-0.265230943892644,0.38041741217301,0.705270587012182,39,0.987393770589126,node
auc_cc,theta,social,4,7Networks_LH_Vis_4,0.0553765670592056,-0.273556477264226,0.37271335550656,0.744779113079278,39,0.987393770589126,node
auc_cc,theta,switching,4,7Networks_LH_Vis_4,0.0194950957194487,-0.306465332222956,0.341363262312264,0.908821884167563,39,0.987393770589126,node
auc_cc,theta,detail,4,7Networks_LH_Vis_4,-0.0170699916763019,-0.339218263385403,0.308661766588831,0.920125143766461,39,0.987393770589126,node
auc_cc,theta,communication,4,7Networks_LH_Vis_4,0.145741009579235,-0.187120002373826,0.44858185279343,0.389409009673221,39,0.987393770589126,node
auc_cc,theta,imagination,4,7Networks_LH_Vis_4,-0.0394522495999712,-0.358888914942788,0.288257205754547,0.816668401607797,39,0.987393770589126,node
auc_cc,theta,total,5,7Networks_LH_Vis_5,-0.0216494166618233,-0.343265946451472,0.304511232370139,0.898795445340281,39,0.987393770589126,node
auc_cc,theta,social,5,7Networks_LH_Vis_5,0.0570587547301122,-0.271994518869732,0.374165539675352,0.73729634485396,39,0.987393770589126,node
auc_cc,theta,switching,5,7Networks_LH_Vis_5,-0.0978799534769288,-0.408934897150907,0.233551779597156,0.56439057448397,39,0.987393770589126,node
auc_cc,theta,detail,5,7Networks_LH_Vis_5,0.0640329553889799,-0.265500229572325,0.380169622354298,0.706533666948882,39,0.987393770589126,node
auc_cc,theta,communication,5,7Networks_LH_Vis_5,-0.120554717837254,-0.42786565705355,0.211740973477576,0.477248188732996,39,0.987393770589126,node
auc_cc,theta,imagination,5,7Networks_LH_Vis_5,0.0331537773407707,-0.294029394093283,0.353382042845207,0.845550895864128,39,0.987393770589126,node
auc_cc,theta,total,6,7Networks_LH_Vis_6,-0.105712615567871,-0.415504655776089,0.226055077865884,0.533479558660449,39,0.987393770589126,node
auc_cc,theta,social,6,7Networks_LH_Vis_6,0.0392394686998289,-0.288452596715482,0.358703238867752,0.817640483783802,39,0.987393770589126,node
auc_cc,theta,switching,6,7Networks_LH_Vis_6,0.0357217096004053,-0.291678909583107,0.355629916951111,0.833749083235654,39,0.987393770589126,node
auc_cc,theta,detail,6,7Networks_LH_Vis_6,-0.101755976353866,-0.412190002393249,0.229846926260801,0.54899143375561,39,0.987393770589126,node
auc_cc,theta,communication,6,7Networks_LH_Vis_6,-0.0497807306912888,-0.367871419875821,0.278739914010951,0.769833438630616,39,0.987393770589126,node
auc_cc,theta,imagination,6,7Networks_LH_Vis_6,-0.315822504331077,-0.580447385341378,0.00913704904105336,0.0568847261535691,39,0.725280258458006,node
auc_cc,theta,total,7,7Networks_LH_Vis_7,0.00521318440159869,-0.319350783249656,0.328682494515006,0.975570725126792,39,0.987393770589126,node
auc_cc,theta,social,7,7Networks_LH_Vis_7,0.0864932891086311,-0.244380218263892,0.399326311694727,0.61074094368656,39,0.987393770589126,node
auc_cc,theta,switching,7,7Networks_LH_Vis_7,-0.0239573165435952,-0.345301346198235,0.302414776627934,0.888071389508593,39,0.987393770589126,node
auc_cc,theta,detail,7,7Networks_LH_Vis_7,-0.0105049052054534,-0.333394601477923,0.314590432899061,0.950795932743515,39,0.987393770589126,node
auc_cc,theta,communication,7,7Networks_LH_Vis_7,0.218123410217701,-0.113955156837692,0.50635977222301,0.194653233282369,39,0.987393770589126,node
auc_cc,theta,imagination,7,7Networks_LH_Vis_7,-0.356153747837036,-0.609805195351637,-0.0363207324382352,0.0304991921605987,39,0.718489930539554,node
auc_cc,theta,total,8,7Networks_LH_Vis_8,-0.0439097384327387,-0.362772788608254,0.284157730443719,0.796368622588622,39,0.987393770589126,node
auc_cc,theta,social,8,7Networks_LH_Vis_8,0.0639711949620496,-0.265557871655842,0.380116569532464,0.706804168116185,39,0.987393770589126,node
auc_cc,theta,switching,8,7Networks_LH_Vis_8,0.0241471639626626,-0.302242181891683,0.345468643350767,0.887190076144826,39,0.987393770589126,node
auc_cc,theta,detail,8,7Networks_LH_Vis_8,-0.205512455936102,-0.496476099230221,0.126966928782079,0.222368588141612,39,0.987393770589126,node
auc_cc,theta,communication,8,7Networks_LH_Vis_8,-0.0365621792301418,-0.356364830350579,0.290908749559797,0.829894054939926,39,0.987393770589126,node
auc_cc,theta,imagination,8,7Networks_LH_Vis_8,0.0258087924958856,-0.300730642562435,0.346932030824879,0.879482238559056,39,0.987393770589126,node
auc_cc,theta,total,9,7Networks_LH_Vis_9,0.0114052403491554,-0.313778874253078,0.334194718299685,0.94658463381323,39,0.987393770589126,node
auc_cc,theta,social,9,7Networks_LH_Vis_9,-0.00402944634057666,-0.327626205096467,0.3204134184924,0.981116651986494,39,0.987393770589126,node
auc_cc,theta,switching,9,7Networks_LH_Vis_9,-0.00841235417527917,-0.331533178488144,0.316474816179308,0.960588684034159,39,0.987393770589126,node
auc_cc,theta,detail,9,7Networks_LH_Vis_9,-0.0958908842104121,-0.407261387006135,0.2354492802966,0.572369392579446,39,0.987393770589126,node
auc_cc,theta,communication,9,7Networks_LH_Vis_9,0.184180482612272,-0.148719465718599,0.479583917985698,0.275166249745315,39,0.987393770589126,node
auc_cc,theta,imagination,9,7Networks_LH_Vis_9,-0.0404740689367832,-0.359780219037896,0.287318516270633,0.812004036771868,39,0.987393770589126,node
auc_cc,theta,total,10,7Networks_LH_SomMot_1,-0.185906666138543,-0.480959023796897,0.146971149176444,0.270613296022913,39,0.72542949635013,node
auc_cc,theta,social,10,7Networks_LH_SomMot_1,-0.295125260100949,-0.565109582604564,0.0319550523664926,0.0761794625018353,39,0.426221216828605,node
auc_cc,theta,switching,10,7Networks_LH_SomMot_1,-0.0811487156344121,-0.394792493686265,0.24943447830051,0.633037988218518,39,0.897614434395812,node
auc_cc,theta,detail,10,7Networks_LH_SomMot_1,0.208666709184245,-0.123723118608437,0.498955299885016,0.215196077542965,39,0.60763238291866,node
auc_cc,theta,communication,10,7Networks_LH_SomMot_1,-0.488396536834836,-0.701419672999075,-0.195274719957105,0.00216331355935695,39,0.159872895529449,node
auc_cc,theta,imagination,10,7Networks_LH_SomMot_1,0.238763752987506,-0.0924101038386409,0.522374600253355,0.154685758358519,39,0.545581737034934,node
auc_cc,theta,total,11,7Networks_LH_SomMot_2,-0.327682243799537,-0.589152292977228,-0.00409222373000501,0.0477209926728929,39,0.341205645964483,node
auc_cc,theta,social,11,7Networks_LH_SomMot_2,-0.420725782903663,-0.655402279523611,-0.111964934828939,0.00951624378151482,39,0.159872895529449,node
auc_cc,theta,switching,11,7Networks_LH_SomMot_2,-0.162891951605493,-0.462505001791978,0.170111206112018,0.335407351539583,39,0.775836025541265,node
auc_cc,theta,detail,11,7Networks_LH_SomMot_2,0.219437602898009,-0.112592608239754,0.507385414947932,0.191911289975712,39,0.60763238291866,node
auc_cc,theta,communication,11,7Networks_LH_SomMot_2,-0.433657976463055,-0.664333177183286,-0.127557270159876,0.00733161560256556,39,0.159872895529449,node
auc_cc,theta,imagination,11,7Networks_LH_SomMot_2,-0.0595256743397509,-0.376292351415374,0.269700774796765,0.726366016394044,39,0.897614434395812,node
auc_cc,theta,total,12,7Networks_LH_SomMot_3,-0.347949798808579,-0.603889266710539,-0.0269654818412247,0.0348328588424066,39,0.341205645964483,node
auc_cc,theta,social,12,7Networks_LH_SomMot_3,-0.373955357406048,-0.62254558964,-0.0568151713493978,0.0226055212608631,39,0.279492001928698,node
auc_cc,theta,switching,12,7Networks_LH_SomMot_3,-0.214089481197368,-0.503206448776629,0.118129726928996,0.203240979919113,39,0.60763238291866,node
auc_cc,theta,detail,12,7Networks_LH_SomMot_3,0.0927990863440457,-0.238393738193185,0.404655934866622,0.584872289098489,39,0.893259496077693,node
auc_cc,theta,communication,12,7Networks_LH_SomMot_3,-0.242808586069815,-0.525489711760571,0.0881513221215265,0.147609725708115,39,0.545581737034934,node
auc_cc,theta,imagination,12,7Networks_LH_SomMot_3,-0.207861563592993,-0.498322917569871,0.124551800008482,0.217011565328093,39,0.60763238291866,node
auc_cc,theta,total,13,7Networks_LH_SomMot_4,-0.425459032179152,-0.658678665791079,-0.117654224108615,0.00865974846091224,39,0.159872895529449,node
auc_cc,theta,social,13,7Networks_LH_SomMot_4,-0.280467445225314,-0.554133260654063,0.0479111615406804,0.0926854322667095,39,0.426221216828605,node
auc_cc,theta,switching,13,7Networks_LH_SomMot_4,-0.372220826138976,-0.621309974042448,-0.0548064374847412,0.0232910001607248,39,0.279492001928698,node
auc_cc,theta,detail,13,7Networks_LH_SomMot_4,0.148427687824551,-0.184468709542153,0.450772653445334,0.380631720581663,39,0.77768639427956,node
auc_cc,theta,communication,13,7Networks_LH_SomMot_4,-0.288270908611665,-0.559988656573393,0.0394373281475098,0.0835867147427677,39,0.426221216828605,node
auc_cc,theta,imagination,13,7Networks_LH_SomMot_4,-0.445315016087917,-0.672327408215942,-0.141743018874533,0.00574598641631228,39,0.159872895529449,node
auc_cc,theta,total,14,7Networks_LH_SomMot_5,-0.0708152302989069,-0.385983033825684,0.259155846783748,0.677050523935324,39,0.897614434395812,node
auc_cc,theta,social,14,7Networks_LH_SomMot_5,-0.326272557181243,-0.58812076834042,-0.00251379603033079,0.0487436637092119,39,0.341205645964483,node
auc_cc,theta,switching,14,7Networks_LH_SomMot_5,0.0594636349088816,-0.269758504948448,0.376238906092209,0.726640256415657,39,0.897614434395812,node
auc_cc,theta,detail,14,7Networks_LH_SomMot_5,0.113242946445252,-0.218810495019049,0.42179050076978,0.504555404594385,39,0.874190360474117,node
auc_cc,theta,communication,14,7Networks_LH_SomMot_5,-0.0736192662303861,-0.38837921510229,0.256524504522403,0.664995116217086,39,0.897614434395812,node
auc_cc,theta,imagination,14,7Networks_LH_SomMot_5,0.120355459760458,-0.211934091857481,0.427700466048805,0.477981948910475,39,0.874190360474117,node
auc_cc,theta,total,15,7Networks_LH_SomMot_6,0.00163512709425071,-0.322560292654173,0.325487197496751,0.992336669949761,39,0.992336669949761,node
auc_cc,theta,social,15,7Networks_LH_SomMot_6,0.152802808391732,-0.18014081844259,0.454332483988751,0.366589693521434,39,0.77768639427956,node
auc_cc,theta,switching,15,7Networks_LH_SomMot_6,-0.00354285890230989,-0.327191771974637,0.320849988715788,0.983396628800751,39,0.992336669949761,node
auc_cc,theta,detail,15,7Networks_LH_SomMot_6,-0.339076460669441,-0.597458735038416,-0.016909805080841,0.040073066624223,39,0.341205645964483,node
auc_cc,theta,communication,15,7Networks_LH_SomMot_6,0.238094169202829,-0.0931139378115721,0.521858191743282,0.155880496295695,39,0.545581737034934,node
auc_cc,theta,imagination,15,7Networks_LH_SomMot_6,-0.0741554037226002,-0.388836885712587,0.256020828488693,0.662699388318361,39,0.897614434395812,node
auc_cc,theta,total,16,7Networks_LH_DorsAttn_Post_1,0.194274407362993,-0.138466536064669,0.487604391454743,0.249245510484459,39,0.702664396649684,node
auc_cc,theta,social,16,7Networks_LH_DorsAttn_Post_1,-0.0226061214909964,-0.34411005721219,0.303642561793368,0.894347696120176,39,0.990749414371421,node
auc_cc,theta,switching,16,7Networks_LH_DorsAttn_Post_1,0.202935029274715,-0.129612265658968,0.494446746285204,0.22834967148586,39,0.702664396649684,node
auc_cc,theta,detail,16,7Networks_LH_DorsAttn_Post_1,0.124753259377727,-0.207665757887681,0.431341608363423,0.461925219858134,39,0.769875366430224,node
auc_cc,theta,communication,16,7Networks_LH_DorsAttn_Post_1,0.151444372381488,-0.181485971415304,0.453228218144059,0.370916156962948,39,0.719462375952785,node
auc_cc,theta,imagination,16,7Networks_LH_DorsAttn_Post_1,0.109021795865746,-0.222875982501122,0.418270599887924,0.520670925293219,39,0.775101869051044,node
auc_cc,theta,total,17,7Networks_LH_DorsAttn_Post_2,-0.166569019080583,-0.465470934406508,0.166438599790554,0.324461940025376,39,0.702664396649684,node
auc_cc,theta,social,17,7Networks_LH_DorsAttn_Post_2,-0.186413038532868,-0.481362133076622,0.146457889248885,0.269287120832691,39,0.702664396649684,node
auc_cc,theta,switching,17,7Networks_LH_DorsAttn_Post_2,0.00197381357515033,-0.322256810722505,0.325789970483088,0.990749414371421,39,0.990749414371421,node
auc_cc,theta,detail,17,7Networks_LH_DorsAttn_Post_2,0.0175307846649178,-0.30824469017883,0.339626091667052,0.917976160413351,39,0.990749414371421,node
auc_cc,theta,communication,17,7Networks_LH_DorsAttn_Post_2,-0.0439451565978044,-0.362803604665061,0.284125108864624,0.796207833078733,39,0.966403408467174,node
auc_cc,theta,imagination,17,7Networks_LH_DorsAttn_Post_2,-0.298001509388421,-0.567252266592366,0.0288043535642709,0.0732281266349553,39,0.702664396649684,node
auc_cc,theta,total,18,7Networks_LH_DorsAttn_Post_3,0.133499113350902,-0.199139585386367,0.438553146400165,0.430867838954342,39,0.765691687461227,node
auc_cc,theta,social,18,7Networks_LH_DorsAttn_Post_3,0.022571341261135,-0.303674151112445,0.344079379349013,0.894509335632229,39,0.990749414371421,node
auc_cc,theta,switching,18,7Networks_LH_DorsAttn_Post_3,0.149947256275282,-0.182967006705377,0.452010146067649,0.375719240775343,39,0.719462375952785,node
auc_cc,theta,detail,18,7Networks_LH_DorsAttn_Post_3,0.0973616649387488,-0.234046451568066,0.408499034797934,0.566464661891869,39,0.809235231274098,node
auc_cc,theta,communication,18,7Networks_LH_DorsAttn_Post_3,0.176476535349882,-0.15649690450627,0.473429090433167,0.296092539548558,39,0.702664396649684,node
auc_cc,theta,imagination,18,7Networks_LH_DorsAttn_Post_3,-0.114288017198639,-0.422660522469654,0.217802179692098,0.500604763667425,39,0.775101869051044,node
auc_cc,theta,total,19,7Networks_LH_DorsAttn_Post_4,-0.0281595938609,-0.34899970181045,0.298589375147942,0.868596311719648,39,0.990749414371421,node
auc_cc,theta,social,19,7Networks_LH_DorsAttn_Post_4,-0.125752366258761,-0.432167425371755,0.206694295682433,0.458317997065123,39,0.769875366430224,node
auc_cc,theta,switching,19,7Networks_LH_DorsAttn_Post_4,0.0784968867503997,-0.251935594395723,0.392537255051374,0.644222315664264,39,0.878484975905815,node
auc_cc,theta,detail,19,7Networks_LH_DorsAttn_Post_4,0.0225399236175302,-0.303702685729029,0.344051666861212,0.894655351281768,39,0.990749414371421,node
auc_cc,theta,communication,19,7Networks_LH_DorsAttn_Post_4,-0.170916063530996,-0.468968634147137,0.162084878863155,0.311812737562613,39,0.702664396649684,node
auc_cc,theta,imagination,19,7Networks_LH_DorsAttn_Post_4,0.174694061416472,-0.158290519104477,0.472000895876789,0.301075569354555,39,0.702664396649684,node
auc_cc,theta,total,20,7Networks_LH_DorsAttn_Post_5,-0.293426083304224,-0.563842054105036,0.0338133139008666,0.077966096525139,39,0.702664396649684,node
auc_cc,theta,social,20,7Networks_LH_DorsAttn_Post_5,-0.107809192021964,-0.417257722813169,0.224041738537339,0.525346822356819,39,0.775101869051044,node
auc_cc,theta,switching,20,7Networks_LH_DorsAttn_Post_5,-0.212035613853443,-0.501597976679929,0.120250699398241,0.207713294032077,39,0.702664396649684,node
auc_cc,theta,detail,20,7Networks_LH_DorsAttn_Post_5,-0.201421089286489,-0.493253252765643,0.131163891297784,0.231913487506521,39,0.702664396649684,node
auc_cc,theta,communication,20,7Networks_LH_DorsAttn_Post_5,0.0553545194008691,-0.273576937621537,0.372694312072941,0.744877341083035,39,0.931096676353794,node
auc_cc,theta,imagination,20,7Networks_LH_DorsAttn_Post_5,-0.417580558051679,-0.653220238733182,-0.108195586417843,0.0101244684751554,39,0.548922396545312,node
auc_cc,theta,total,21,7Networks_LH_DorsAttn_Post_6,-0.204737434292558,-0.495866215319234,0.127762868314548,0.224155680284341,39,0.702664396649684,node
auc_cc,theta,social,21,7Networks_LH_DorsAttn_Post_6,0.00567199980941227,-0.318938687528912,0.329091693483681,0.973421420363129,39,0.990749414371421,node
auc_cc,theta,switching,21,7Networks_LH_DorsAttn_Post_6,-0.268162444474042,-0.544844746968977,0.0611778973401059,0.108553155503175,39,0.702664396649684,node
auc_cc,theta,detail,21,7Networks_LH_DorsAttn_Post_6,-0.310834062981265,-0.576767769050262,0.0146677631515583,0.0611348044827779,39,0.702664396649684,node
auc_cc,theta,communication,21,7Networks_LH_DorsAttn_Post_6,0.169708281402388,-0.163295818022139,0.467997770804284,0.31529556699908,39,0.702664396649684,node
auc_cc,theta,imagination,21,7Networks_LH_DorsAttn_Post_6,-0.177692635140474,-0.474402586549817,0.155271942353392,0.292723322635067,39,0.702664396649684,node
auc_cc,theta,total,22,7Networks_LH_DorsAttn_PrCv_1,-0.302256210116861,-0.57041516822461,0.0241317343457998,0.0690272494615024,39,0.702664396649684,node
auc_cc,theta,social,22,7Networks_LH_DorsAttn_PrCv_1,-0.30572321230273,-0.572986635382643,0.0203136114013876,0.0657461025758268,39,0.702664396649684,node
auc_cc,theta,switching,22,7Networks_LH_DorsAttn_PrCv_1,-0.223048740815663,-0.510199480874054,0.108842157300718,0.184517150833095,39,0.702664396649684,node
auc_cc,theta,detail,22,7Networks_LH_DorsAttn_PrCv_1,0.222776252806515,-0.109125487513933,0.509987352298389,0.18506795524081,39,0.702664396649684,node
auc_cc,theta,communication,22,7Networks_LH_DorsAttn_PrCv_1,-0.171925773887588,-0.4697797271055,0.161071758909543,0.308919769212971,39,0.702664396649684,node
auc_cc,theta,imagination,22,7Networks_LH_DorsAttn_PrCv_1,-0.407943068341569,-0.646509644308988,-0.0967008041657536,0.0121982754787847,39,0.548922396545312,node
auc_cc,theta,total,23,7Networks_LH_DorsAttn_FEF_1,-0.1786589442639,-0.475175606469756,0.154297860620662,0.290063777235265,39,0.702664396649684,node
auc_cc,theta,social,23,7Networks_LH_DorsAttn_FEF_1,-0.0419372321570882,-0.361055481040651,0.285973291127967,0.805336173722645,39,0.966403408467174,node
auc_cc,theta,switching,23,7Networks_LH_DorsAttn_FEF_1,-0.15400272354992,-0.455307118875816,0.178951599578353,0.362793249712162,39,0.719462375952785,node
auc_cc,theta,detail,23,7Networks_LH_DorsAttn_FEF_1,-0.132632658996878,-0.437840446094244,0.199986529270934,0.433891956228029,39,0.765691687461227,node
auc_cc,theta,communication,23,7Networks_LH_DorsAttn_FEF_1,-0.063295362173204,-0.379535886474617,0.266188484275095,0.709766519433731,39,0.908624052961679,node
auc_cc,theta,imagination,23,7Networks_LH_DorsAttn_FEF_1,-0.117218813659394,-0.425097383119583,0.214970673434257,0.489609852794679,39,0.775101869051044,node
auc_cc,theta,total,24,7Networks_LH_SalVentAttn_ParOper_1,-0.369589540507923,-0.619433175929765,-0.0517640834533609,0.0243637475753604,39,0.750082253537254,node
auc_cc,theta,social,24,7Networks_LH_SalVentAttn_ParOper_1,-0.263539302156791,-0.541337300405182,0.0661324823107884,0.115018341713857,39,0.750082253537254,node
auc_cc,theta,switching,24,7Networks_LH_SalVentAttn_ParOper_1,-0.00621594779911659,-0.329576661460657,0.318449968938283,0.970873555314503,39,0.978288816854861,node
auc_cc,theta,detail,24,7Networks_LH_SalVentAttn_ParOper_1,-0.0842344928835974,-0.397412032942116,0.246518514029051,0.620123870527282,39,0.858633051499314,node
auc_cc,theta,communication,24,7Networks_LH_SalVentAttn_ParOper_1,-0.480979998625529,-0.696461476196139,-0.185933010151987,0.00258266371675991,39,0.185951787606713,node
auc_cc,theta,imagination,24,7Networks_LH_SalVentAttn_ParOper_1,-0.226216790224796,-0.512663206821662,0.105544089494676,0.17819829848552,39,0.750082253537254,node
auc_cc,theta,total,25,7Networks_LH_SalVentAttn_FrOperIns_1,0.00910120574773592,-0.315854774794418,0.332146222388723,0.957364288837102,39,0.978288816854861,node
auc_cc,theta,social,25,7Networks_LH_SalVentAttn_FrOperIns_1,-0.137211569894993,-0.441602482334103,0.195505089861289,0.41804375038607,39,0.858633051499314,node
auc_cc,theta,switching,25,7Networks_LH_SalVentAttn_FrOperIns_1,0.0127781488440649,-0.312540424459207,0.335413910280036,0.94016566769608,39,0.978288816854861,node
auc_cc,theta,detail,25,7Networks_LH_SalVentAttn_FrOperIns_1,0.221578689095131,-0.110370062857254,0.509054649293812,0.187502488123082,39,0.750082253537254,node
auc_cc,theta,communication,25,7Networks_LH_SalVentAttn_FrOperIns_1,0.10307104718839,-0.228587743064918,0.413292608466164,0.543812210809117,39,0.858633051499314,node
auc_cc,theta,imagination,25,7Networks_LH_SalVentAttn_FrOperIns_1,-0.200539883140988,-0.492558059923833,0.132066283182588,0.234005142846888,39,0.842418514248795,node
auc_cc,theta,total,26,7Networks_LH_SalVentAttn_FrOperIns_2,0.0319058670339867,-0.295170206617104,0.352288330921641,0.851298250858155,39,0.978288816854861,node
auc_cc,theta,social,26,7Networks_LH_SalVentAttn_FrOperIns_2,-0.210551337763269,-0.50043432854129,0.121781584701814,0.210987508318963,39,0.79953161047186,node
auc_cc,theta,switching,26,7Networks_LH_SalVentAttn_FrOperIns_2,-0.0198856161410185,-0.341708363608605,0.30611131025575,0.907003283917023,39,0.978288816854861,node
auc_cc,theta,detail,26,7Networks_LH_SalVentAttn_FrOperIns_2,0.320537722744338,-0.00389091637448658,0.583915557712354,0.0530868224715403,39,0.750082253537254,node
auc_cc,theta,communication,26,7Networks_LH_SalVentAttn_FrOperIns_2,0.120886808027075,-0.211419058239142,0.428140924305307,0.47602659075451,39,0.858633051499314,node
auc_cc,theta,imagination,26,7Networks_LH_SalVentAttn_FrOperIns_2,-0.104707326351478,-0.414663259053539,0.227019451284569,0.537400595094025,39,0.858633051499314,node
auc_cc,theta,total,27,7Networks_LH_SalVentAttn_PFCl_1,-0.164404724153104,-0.463726020671262,0.168601388134883,0.330877103148533,39,0.858633051499314,node
auc_cc,theta,social,27,7Networks_LH_SalVentAttn_PFCl_1,-0.130455877641731,-0.436048244936691,0.202112103983351,0.441540931889297,39,0.858633051499314,node
auc_cc,theta,switching,27,7Networks_LH_SalVentAttn_PFCl_1,0.00696754003423265,-0.317774405008267,0.330246478255317,0.9673535527613,39,0.978288816854861,node
auc_cc,theta,detail,27,7Networks_LH_SalVentAttn_PFCl_1,-0.0623877285796429,-0.378755645386129,0.267034944343151,0.71375151737267,39,0.915562867719117,node
auc_cc,theta,communication,27,7Networks_LH_SalVentAttn_PFCl_1,-0.161039601851773,-0.461008347258506,0.171957811270241,0.34100626889571,39,0.858633051499314,node
auc_cc,theta,imagination,27,7Networks_LH_SalVentAttn_PFCl_1,-0.126432173778644,-0.432729030178093,0.206032923070905,0.455872253410816,39,0.858633051499314,node
auc_cc,theta,total,28,7Networks_LH_SalVentAttn_Med_1,-0.149604082515981,-0.451730776881304,0.183306281619116,0.376825370503578,39,0.858633051499314,node
auc_cc,theta,social,28,7Networks_LH_SalVentAttn_Med_1,-0.117579546633264,-0.425397012542552,0.214621775032976,0.488265208742221,39,0.858633051499314,node
auc_cc,theta,switching,28,7Networks_LH_SalVentAttn_Med_1,-0.0861651474391985,-0.399048388289598,0.244691054402215,0.612100284928468,39,0.858633051499314,node
auc_cc,theta,detail,28,7Networks_LH_SalVentAttn_Med_1,0.164893572963762,-0.16811315978964,0.464120347057626,0.329421297194017,39,0.858633051499314,node
auc_cc,theta,communication,28,7Networks_LH_SalVentAttn_Med_1,-0.246380569192289,-0.528234372336769,0.0843803140390308,0.141560194485982,39,0.750082253537254,node
auc_cc,theta,imagination,28,7Networks_LH_SalVentAttn_Med_1,-0.162343331642622,-0.46206190781164,0.170658368537255,0.337059677741281,39,0.858633051499314,node
auc_cc,theta,total,29,7Networks_LH_SalVentAttn_Med_2,-0.265755517511594,-0.543019887298558,0.0637594087710976,0.111883883538173,39,0.750082253537254,node
auc_cc,theta,social,29,7Networks_LH_SalVentAttn_Med_2,-0.26863981670695,-0.54520636507875,0.0606653751765162,0.107901573736056,39,0.750082253537254,node
auc_cc,theta,switching,29,7Networks_LH_SalVentAttn_Med_2,-0.0339204171671907,-0.354053518778798,0.293328086028841,0.842023946718431,39,0.978288816854861,node
auc_cc,theta,detail,29,7Networks_LH_SalVentAttn_Med_2,-0.0661403950333244,-0.381978688273986,0.263531906632631,0.697324842317657,39,0.915562867719117,node
auc_cc,theta,communication,29,7Networks_LH_SalVentAttn_Med_2,-0.154697514026239,-0.455871134709092,0.178262557549161,0.360605787468959,39,0.858633051499314,node
auc_cc,theta,imagination,29,7Networks_LH_SalVentAttn_Med_2,-0.226479726261917,-0.512867474910174,0.105270034016631,0.177680868697736,39,0.750082253537254,node
auc_cc,theta,total,30,7Networks_LH_SalVentAttn_Med_3,-0.162768861906413,-0.462405601177699,0.170233986663674,0.335777636635697,39,0.858633051499314,node
auc_cc,theta,social,30,7Networks_LH_SalVentAttn_Med_3,-0.106474961016475,-0.416142362634381,0.225323326441612,0.530515352007189,39,0.858633051499314,node
auc_cc,theta,switching,30,7Networks_LH_SalVentAttn_Med_3,-0.148635402963249,-0.450941879250379,0.184263528187817,0.379957999494558,39,0.858633051499314,node
auc_cc,theta,detail,30,7Networks_LH_SalVentAttn_Med_3,-0.0853447554119936,-0.398353296087635,0.245467883170203,0.615504380205533,39,0.858633051499314,node
auc_cc,theta,communication,30,7Networks_LH_SalVentAttn_Med_3,0.0129836106082608,-0.312354989839293,0.335596274771767,0.939205351280499,39,0.978288816854861,node
auc_cc,theta,imagination,30,7Networks_LH_SalVentAttn_Med_3,-0.12196079238422,-0.429030752312407,0.210377485984748,0.472087174828159,39,0.858633051499314,node
auc_cc,theta,total,31,7Networks_LH_Limbic_OFC_1,-0.122578493762934,-0.429542266474088,0.209778084450047,0.469829229766667,39,0.904984700624632,node
auc_cc,theta,social,31,7Networks_LH_Limbic_OFC_1,-0.242638006964776,-0.5253584938627,0.0883311685921066,0.147903272509146,39,0.887419635054874,node
auc_cc,theta,switching,31,7Networks_LH_Limbic_OFC_1,-0.122759164542527,-0.429691841451444,0.209602718938972,0.469169886595402,39,0.904984700624632,node
auc_cc,theta,detail,31,7Networks_LH_Limbic_OFC_1,0.304841634661358,-0.0212853733182848,0.572333269898765,0.0665685249256402,39,0.887419635054874,node
auc_cc,theta,communication,31,7Networks_LH_Limbic_OFC_1,-0.249468805150063,-0.530602590510582,0.0811123519593287,0.136478490866062,39,0.887419635054874,node
auc_cc,theta,imagination,31,7Networks_LH_Limbic_OFC_1,0.0110986759749678,-0.314055263562276,0.333922330521429,0.948018427711618,39,0.989208163618786,node
auc_cc,theta,total,32,7Networks_LH_Limbic_TempPole_1,0.0434805815990247,-0.284552941093852,0.362399339433791,0.798317541254265,39,0.980323375712065,node
auc_cc,theta,social,32,7Networks_LH_Limbic_TempPole_1,-0.141373696376503,-0.445012827074168,0.191419471377093,0.403925465193531,39,0.904984700624632,node
auc_cc,theta,switching,32,7Networks_LH_Limbic_TempPole_1,0.081309648827836,-0.249282549425678,0.394929237222588,0.632361781136028,39,0.91002326673726,node
auc_cc,theta,detail,32,7Networks_LH_Limbic_TempPole_1,0.188542271827391,-0.144297731703102,0.483055793535112,0.263757459377704,39,0.904984700624632,node
auc_cc,theta,communication,32,7Networks_LH_Limbic_TempPole_1,-0.00695251157785655,-0.330233088128418,0.31778791647251,0.967423931201948,39,0.989208163618786,node
auc_cc,theta,imagination,32,7Networks_LH_Limbic_TempPole_1,0.0252030168075715,-0.301281890692859,0.346398708420192,0.882291038140858,39,0.980323375712065,node
auc_cc,theta,total,33,7Networks_LH_Limbic_TempPole_2,-0.00230269074590052,-0.326083910767109,0.321962054686939,0.989208163618786,39,0.989208163618786,node
auc_cc,theta,social,33,7Networks_LH_Limbic_TempPole_2,-0.0802033110998848,-0.393988910992564,0.250326658342638,0.637016286716082,39,0.91002326673726,node
auc_cc,theta,switching,33,7Networks_LH_Limbic_TempPole_2,0.111068711408332,-0.220905991665769,0.419978626947349,0.512824663687292,39,0.904984700624632,node
auc_cc,theta,detail,33,7Networks_LH_Limbic_TempPole_2,0.178775111640879,-0.154180715240239,0.475268506269391,0.289745103853263,39,0.904984700624632,node
auc_cc,theta,communication,33,7Networks_LH_Limbic_TempPole_2,-0.194968348757904,-0.48815397345604,0.137759033274915,0.247525636891077,39,0.904984700624632,node
auc_cc,theta,imagination,33,7Networks_LH_Limbic_TempPole_2,-0.0393369416522098,-0.358788298489648,0.288363093319981,0.817195148591288,39,0.980323375712065,node
auc_cc,theta,total,34,7Networks_LH_Cont_Par_1,0.0534820430352818,-0.275313521243086,0.371076004330741,0.753234039810053,39,0.905758573400715,node
auc_cc,theta,social,34,7Networks_LH_Cont_Par_1,-0.170031546474674,-0.468257694721247,0.162971806272803,0.314360995218392,39,0.725873178763452,node
auc_cc,theta,switching,34,7Networks_LH_Cont_Par_1,0.102849657961422,-0.228799801444639,0.41310705086444,0.544682491351191,39,0.801608194818734,node
auc_cc,theta,detail,34,7Networks_LH_Cont_Par_1,0.0645971568909343,-0.264973541383444,0.380654180777914,0.704064195829383,39,0.905758573400715,node
auc_cc,theta,communication,34,7Networks_LH_Cont_Par_1,0.219923785357198,-0.112088220003046,0.507764642412187,0.190903831748923,39,0.647412994626783,node
auc_cc,theta,imagination,34,7Networks_LH_Cont_Par_1,-0.0398270397692603,-0.359215901469157,0.287912979671564,0.814956842377704,39,0.905758573400715,node
auc_cc,theta,total,35,7Networks_LH_Cont_PFCl_1,-0.0263029171971107,-0.347366902432884,0.300280833773205,0.87719220305426,39,0.92460799781395,node
auc_cc,theta,social,35,7Networks_LH_Cont_PFCl_1,-0.108552555589724,-0.417878738910376,0.223327206740587,0.522477917809783,39,0.801608194818734,node
auc_cc,theta,switching,35,7Networks_LH_Cont_PFCl_1,-0.124049515078779,-0.430759616288548,0.208349636643392,0.464475121083061,39,0.801608194818734,node
auc_cc,theta,detail,35,7Networks_LH_Cont_PFCl_1,0.438911117362518,0.133934487014364,0.667942250636791,0.00657586852810552,39,0.184555930527912,node
auc_cc,theta,communication,35,7Networks_LH_Cont_PFCl_1,-0.137465629794981,-0.441810905175591,0.195256030604502,0.417174077566491,39,0.801608194818734,node
auc_cc,theta,imagination,35,7Networks_LH_Cont_PFCl_1,-0.175378499672314,-0.472549481783649,0.157602062834097,0.299155894202302,39,0.725873178763452,node
auc_cc,theta,total,36,7Networks_LH_Cont_pCun_1,-0.317658972734053,-0.581799300578571,0.00709592642298067,0.0553806249626902,39,0.431968874708984,node
auc_cc,theta,social,36,7Networks_LH_Cont_pCun_1,-0.171040710929776,-0.469068789699785,0.161959848525965,0.311454683420208,39,0.725873178763452,node
auc_cc,theta,switching,36,7Networks_LH_Cont_pCun_1,-0.249597625390041,-0.530701281226398,0.0809758801643703,0.136269482031159,39,0.625236446966495,node
auc_cc,theta,detail,36,7Networks_LH_Cont_pCun_1,-0.221472050606206,-0.508971562894536,0.110480837098479,0.187720365003149,39,0.647412994626783,node
auc_cc,theta,communication,36,7Networks_LH_Cont_pCun_1,-0.0359948415237259,-0.355868789098191,0.291428673102501,0.832495870159936,39,0.905758573400715,node
auc_cc,theta,imagination,36,7Networks_LH_Cont_pCun_1,-0.202765606466703,-0.494313238772374,0.129785986780063,0.228746628470887,39,0.660823593360342,node
auc_cc,theta,total,37,7Networks_LH_Cont_Cing_1,0.00181923197304171,-0.322395332706876,0.325651788578672,0.991473857700219,39,0.991473857700219,node
auc_cc,theta,social,37,7Networks_LH_Cont_Cing_1,-0.128700844296837,-0.434601512777106,0.203823573559161,0.447761307487386,39,0.801608194818734,node
auc_cc,theta,switching,37,7Networks_LH_Cont_Cing_1,0.121295404672431,-0.211022881687876,0.428479529016407,0.474525815051842,39,0.801608194818734,node
auc_cc,theta,detail,37,7Networks_LH_Cont_Cing_1,0.169324879414173,-0.16368001249031,0.467689426392612,0.31640625740971,39,0.725873178763452,node
auc_cc,theta,communication,37,7Networks_LH_Cont_Cing_1,-0.126870397017106,-0.433090930617178,0.205606422426774,0.454299387935458,39,0.801608194818734,node
auc_cc,theta,imagination,37,7Networks_LH_Cont_Cing_1,-0.0326843353377373,-0.352970710267507,0.294458657195589,0.84771204443432,39,0.905774513231192,node
auc_cc,theta,total,38,7Networks_LH_Default_Temp_1,0.0930050798507117,-0.238197750469152,0.404829682770909,0.584035510817707,39,0.915640987207264,node
auc_cc,theta,social,38,7Networks_LH_Default_Temp_1,-0.0608400039649963,-0.377424116305044,0.268477182522499,0.720564064716309,39,0.915640987207264,node
auc_cc,theta,switching,38,7Networks_LH_Default_Temp_1,0.0788852532065623,-0.251569575868541,0.392867776150106,0.642579446233898,39,0.915640987207264,node
auc_cc,theta,detail,38,7Networks_LH_Default_Temp_1,0.133147958604887,-0.199482892867588,0.438264350995274,0.432092034903936,39,0.876355676424884,node
auc_cc,theta,communication,38,7Networks_LH_Default_Temp_1,0.0550003467069035,-0.273905571181956,0.372388362484403,0.746455814674736,39,0.915640987207264,node
auc_cc,theta,imagination,38,7Networks_LH_Default_Temp_1,0.0820297405183641,-0.248602547976775,0.39554092272989,0.629339714737202,39,0.915640987207264,node
auc_cc,theta,total,39,7Networks_LH_Default_Temp_2,-0.115027981154388,-0.423276199173469,0.217087811546861,0.497817022803061,39,0.915640987207264,node
auc_cc,theta,social,39,7Networks_LH_Default_Temp_2,0.0315263591096053,-0.295516959689913,0.351955543377698,0.853047619418073,39,0.967690112292192,node
auc_cc,theta,switching,39,7Networks_LH_Default_Temp_2,-0.225509043870032,-0.512113216142715,0.106281515801018,0.179596393256298,39,0.736459281227593,node
auc_cc,theta,detail,39,7Networks_LH_Default_Temp_2,-0.019047953218591,-0.340968017724688,0.306870573604351,0.910904726523463,39,0.9862427114239,node
auc_cc,theta,communication,39,7Networks_LH_Default_Temp_2,-0.163667233844251,-0.463130904920518,0.169337633322309,0.333080889618377,39,0.835723249886032,node
auc_cc,theta,imagination,39,7Networks_LH_Default_Temp_2,0.0802570600767417,-0.250275950377897,0.394034609853339,0.636789839119608,39,0.915640987207264,node
auc_cc,theta,total,40,7Networks_LH_Default_Par_1,-0.143310279143961,-0.446596619120125,0.189514547244072,0.397450649441102,39,0.869909737228605,node
auc_cc,theta,social,40,7Networks_LH_Default_Par_1,-0.101976260297795,-0.412374760364468,0.229636081282387,0.548122255749948,39,0.915640987207264,node
auc_cc,theta,switching,40,7Networks_LH_Default_Par_1,0.101574622411684,-0.230020485993434,0.412037876879912,0.549707492819428,39,0.915640987207264,node
auc_cc,theta,detail,40,7Networks_LH_Default_Par_1,-0.141128462620023,-0.444812132399185,0.191660517421773,0.404749669404976,39,0.869909737228605,node
auc_cc,theta,communication,40,7Networks_LH_Default_Par_1,-0.173942795933738,-0.471398481927733,0.15904582237311,0.303191690600412,39,0.835723249886032,node
auc_cc,theta,imagination,40,7Networks_LH_Default_Par_1,-0.10608785678612,-0.415818585525769,0.225694942406293,0.532019518691039,39,0.915640987207264,node
auc_cc,theta,total,41,7Networks_LH_Default_Par_2,-0.000962624147180477,-0.324885808214875,0.323162695209725,0.995488437895264,39,0.997736547096692,node
auc_cc,theta,social,41,7Networks_LH_Default_Par_2,0.0687731091195125,-0.261069120963929,0.384235264193526,0.685880509090354,39,0.915640987207264,node
auc_cc,theta,switching,41,7Networks_LH_Default_Par_2,0.0811417755436558,-0.249441029722591,0.394786596438895,0.633067155607995,39,0.915640987207264,node
auc_cc,theta,detail,41,7Networks_LH_Default_Par_2,-0.141941360024199,-0.445477275297509,0.190861347331842,0.402021299250593,39,0.869909737228605,node
auc_cc,theta,communication,41,7Networks_LH_Default_Par_2,0.0750071573744607,-0.255220277058212,0.389563660973612,0.659058430585399,39,0.915640987207264,node
auc_cc,theta,imagination,41,7Networks_LH_Default_Par_2,-0.136156699826971,-0.440736748211184,0.196538738161713,0.421665581379085,39,0.871893591678485,node
auc_cc,theta,total,42,7Networks_LH_Default_PFC_1,0.0574508034690786,-0.271630241323148,0.374503760748008,0.735555807605081,39,0.915640987207264,node
auc_cc,theta,social,42,7Networks_LH_Default_PFC_1,-0.18763263399528,-0.482332507972372,0.145220969099901,0.266110570385738,39,0.801952989412765,node
auc_cc,theta,switching,42,7Networks_LH_Default_PFC_1,0.0118631699336625,-0.313365915913349,0.334601496296016,0.944443218122241,39,0.997736547096692,node
auc_cc,theta,detail,42,7Networks_LH_Default_PFC_1,0.30762991820309,-0.0182097427862967,0.574398595331699,0.0639947356937339,39,0.584772779044083,node
auc_cc,theta,communication,42,7Networks_LH_Default_PFC_1,0.115840973723273,-0.216302530547103,0.423952310250411,0.494763290692038,39,0.915640987207264,node
auc_cc,theta,imagination,42,7Networks_LH_Default_PFC_1,-0.0675161995999089,-0.383158400425014,0.26224543919325,0.691335851932281,39,0.915640987207264,node
auc_cc,theta,total,43,7Networks_LH_Default_PFC_2,-0.108701608858634,-0.418003225268917,0.223183891644152,0.521903596336221,39,0.915640987207264,node
auc_cc,theta,social,43,7Networks_LH_Default_PFC_2,-0.250438148525051,-0.531345028909367,0.0800851279698603,0.134911543062823,39,0.710797698140962,node
auc_cc,theta,switching,43,7Networks_LH_Default_PFC_2,-0.0412443599742393,-0.3604517370941,0.286610475590578,0.808492043400482,39,0.959721703349684,node
auc_cc,theta,detail,43,7Networks_LH_Default_PFC_2,0.313984188346061,-0.0111775167339797,0.579092647435332,0.0584227095174117,39,0.584772779044083,node
auc_cc,theta,communication,43,7Networks_LH_Default_PFC_2,-0.12898414849502,-0.434835156718724,0.203547439085271,0.446753979453734,39,0.893507958907468,node
auc_cc,theta,imagination,43,7Networks_LH_Default_PFC_2,-0.21256430160746,-0.502012206292311,0.119705027826268,0.206555603307103,39,0.74360017190557,node
auc_cc,theta,total,44,7Networks_LH_Default_PFC_3,-0.0387752263368667,-0.35829804566328,0.288878803246123,0.819762288277855,39,0.959721703349684,node
auc_cc,theta,social,44,7Networks_LH_Default_PFC_3,-0.10296261898192,-0.413201732475585,0.228691605302204,0.54423835916744,39,0.915640987207264,node
auc_cc,theta,switching,44,7Networks_LH_Default_PFC_3,-0.0219883525907894,-0.343565052633594,0.304203546758487,0.897219367273874,39,0.979645490054052,node
auc_cc,theta,detail,44,7Networks_LH_Default_PFC_3,0.145833398600392,-0.1870289106218,0.448657250134388,0.389105237186801,39,0.869909737228605,node
auc_cc,theta,communication,44,7Networks_LH_Default_PFC_3,-0.0939953850778012,-0.405664654391871,0.237255170927203,0.580020196378911,39,0.915640987207264,node
auc_cc,theta,imagination,44,7Networks_LH_Default_PFC_3,-0.0278144600345254,-0.348696331402954,0.298903952328229,0.870193090787088,39,0.975132359402461,node
auc_cc,theta,total,45,7Networks_LH_Default_PFC_4,-0.163709849809908,-0.463165301108141,0.169295099421792,0.332953297449473,39,0.835723249886032,node
auc_cc,theta,social,45,7Networks_LH_Default_PFC_4,-0.0872429760415022,-0.399961052108252,0.243669813080885,0.607640149523094,39,0.915640987207264,node
auc_cc,theta,switching,45,7Networks_LH_Default_PFC_4,-0.246478360481088,-0.528309431017633,0.0842769405643768,0.141397176981187,39,0.710797698140962,node
auc_cc,theta,detail,45,7Networks_LH_Default_PFC_4,0.197056031667719,-0.135628502406236,0.489805958625317,0.242399487712555,39,0.78756595818755,node
auc_cc,theta,communication,45,7Networks_LH_Default_PFC_4,-0.256474926621522,-0.535959020164299,0.0736720478502912,0.125451000169973,39,0.710797698140962,node
auc_cc,theta,imagination,45,7Networks_LH_Default_PFC_4,-0.0611008416651665,-0.377648610373261,0.268234225827855,0.719414443467137,39,0.915640987207264,node
auc_cc,theta,total,46,7Networks_LH_Default_PFC_5,0.032454317122166,-0.294668940289251,0.352769119431383,0.848771369632665,39,0.967690112292192,node
auc_cc,theta,social,46,7Networks_LH_Default_PFC_5,-0.031439322523435,-0.351879210251631,0.295596472112208,0.853448918479919,39,0.967690112292192,node
auc_cc,theta,switching,46,7Networks_LH_Default_PFC_5,-0.0218186679251353,-0.343415316461364,0.304357594793282,0.898008365882881,39,0.979645490054052,node
auc_cc,theta,detail,46,7Networks_LH_Default_PFC_5,0.163365354411941,-0.169638895916205,0.462887226237624,0.333985580430327,39,0.835723249886032,node
auc_cc,theta,communication,46,7Networks_LH_Default_PFC_5,0.113444083721455,-0.218616486889007,0.421957991775237,0.503793833417188,39,0.915640987207264,node
auc_cc,theta,imagination,46,7Networks_LH_Default_PFC_5,-0.167567593734073,-0.466275229999248,0.165439638863662,0.321528371010301,39,0.835723249886032,node
auc_cc,theta,total,47,7Networks_LH_Default_PFC_6,-0.304405387945857,-0.572009827793055,0.0217660197134486,0.0669784841885577,39,0.584772779044083,node
auc_cc,theta,social,47,7Networks_LH_Default_PFC_6,-0.167993218387989,-0.46661789663057,0.165013641764738,0.320283040412929,39,0.835723249886032,node
auc_cc,theta,switching,47,7Networks_LH_Default_PFC_6,-0.269269863665162,-0.545683479540649,0.059988670594063,0.107046139097615,39,0.671309889702965,node
auc_cc,theta,detail,47,7Networks_LH_Default_PFC_6,-0.0145290047165676,-0.336967166705502,0.310959436190076,0.931985070789872,39,0.99411740884253,node
auc_cc,theta,communication,47,7Networks_LH_Default_PFC_6,-0.0886566028532031,-0.401157117590799,0.242329290078112,0.601811584171669,39,0.915640987207264,node
auc_cc,theta,imagination,47,7Networks_LH_Default_PFC_6,-0.350968404031406,-0.606069289241299,-0.0304011775085152,0.0331833079115012,39,0.434399667205107,node
auc_cc,theta,total,48,7Networks_LH_Default_PFC_7,-0.0958493285744904,-0.407226401719792,0.235488895962198,0.572536630913079,39,0.915640987207264,node
auc_cc,theta,social,48,7Networks_LH_Default_PFC_7,0.162492223440663,-0.170509892607646,0.46218217535829,0.336610753426318,39,0.835723249886032,node
auc_cc,theta,switching,48,7Networks_LH_Default_PFC_7,-0.215851617556151,-0.504584858952714,0.116307597809016,0.19945772199914,39,0.736459281227593,node
auc_cc,theta,detail,48,7Networks_LH_Default_PFC_7,-0.0078663335828954,-0.331047053169439,0.316966096980384,0.963144952719291,39,0.997736547096692,node
auc_cc,theta,communication,48,7Networks_LH_Default_PFC_7,-0.0922378759317358,-0.404182460380893,0.238927551942916,0.587154714427128,39,0.915640987207264,node
auc_cc,theta,imagination,48,7Networks_LH_Default_PFC_7,-0.187168064742352,-0.48196295727129,0.145692260398034,0.267317663137588,39,0.801952989412765,node
auc_cc,theta,total,49,7Networks_LH_Default_pCunPCC_1,-0.510783790998634,-0.716262269521828,-0.223799543670996,0.0012364878543693,39,0.0995339988387377,node
auc_cc,theta,social,49,7Networks_LH_Default_pCunPCC_1,-0.270435733802279,-0.546565883430761,0.0587356642031082,0.10547676448026,39,0.671309889702965,node
auc_cc,theta,switching,49,7Networks_LH_Default_pCunPCC_1,-0.385221606375861,-0.630541189696727,-0.0699252417536275,0.0185494045276539,39,0.296790472442462,node
auc_cc,theta,detail,49,7Networks_LH_Default_pCunPCC_1,0.0399249526838303,-0.28782303758701,0.359301312894632,0.814509840951219,39,0.959721703349684,node
auc_cc,theta,communication,49,7Networks_LH_Default_pCunPCC_1,-0.451145403709959,-0.676306037866175,-0.148885253105987,0.0050705748485746,39,0.146032555638948,node
auc_cc,theta,imagination,49,7Networks_LH_Default_pCunPCC_1,-0.406132848506424,-0.645245054554933,-0.0945509495039517,0.0126254501311019,39,0.259723545554095,node
auc_cc,theta,total,50,7Networks_LH_Default_pCunPCC_2,-0.389046650503014,-0.633244015929424,-0.0744011931533664,0.0173190252718368,39,0.296790472442462,node
auc_cc,theta,social,50,7Networks_LH_Default_pCunPCC_2,-0.197864523050354,-0.490445154309676,0.134802590080855,0.240433620494922,39,0.78756595818755,node
auc_cc,theta,switching,50,7Networks_LH_Default_pCunPCC_2,-0.225755243241793,-0.512304564680051,0.10602503323865,0.179109165016803,39,0.736459281227593,node
auc_cc,theta,detail,50,7Networks_LH_Default_pCunPCC_2,-0.196971721033334,-0.489739284261692,0.135714603106998,0.242605111795176,39,0.78756595818755,node
auc_cc,theta,communication,50,7Networks_LH_Default_pCunPCC_2,-0.0940962994450529,-0.405749710714873,0.23715908488646,0.579611722631538,39,0.915640987207264,node
auc_cc,theta,imagination,50,7Networks_LH_Default_pCunPCC_2,-0.426218653939141,-0.65920365867194,-0.118569162678804,0.00852862137989633,39,0.204686913117512,node
auc_cc,theta,total,51,7Networks_RH_Vis_1,-0.102508926038383,-0.412821415718296,0.22912611111988,0.546023199283267,39,0.987393770589126,node
auc_cc,theta,social,51,7Networks_RH_Vis_1,-0.145053837500229,-0.448020926325422,0.187797346029452,0.391672738526076,39,0.987393770589126,node
auc_cc,theta,switching,51,7Networks_RH_Vis_1,0.00268986253904794,-0.321614971537991,0.326429872770931,0.987393770589126,39,0.987393770589126,node
auc_cc,theta,detail,51,7Networks_RH_Vis_1,0.216185356741891,-0.115962244298443,0.504845756769294,0.198746772705022,39,0.987393770589126,node
auc_cc,theta,communication,51,7Networks_RH_Vis_1,-0.105033192142464,-0.414936056949499,0.226706919646127,0.536128070775451,39,0.987393770589126,node
auc_cc,theta,imagination,51,7Networks_RH_Vis_1,-0.323162925531145,-0.585842309011257,0.000962366967632644,0.0510618157006946,39,0.725280258458006,node
auc_cc,theta,total,52,7Networks_RH_Vis_2,0.103412710627031,-0.228260417869633,0.413578923467079,0.542470432358096,39,0.987393770589126,node
auc_cc,theta,social,52,7Networks_RH_Vis_2,0.114555629965115,-0.217543864883173,0.422883218804608,0.499595646298433,39,0.987393770589126,node
auc_cc,theta,switching,52,7Networks_RH_Vis_2,0.103432622254922,-0.228241339540425,0.413595607580297,0.542392284244961,39,0.987393770589126,node
auc_cc,theta,detail,52,7Networks_RH_Vis_2,0.119449551444683,-0.212811759542398,0.426949181586426,0.481325345463462,39,0.987393770589126,node
auc_cc,theta,communication,52,7Networks_RH_Vis_2,-0.0123288908231481,-0.335015071972617,0.312945805218963,0.942265761814568,39,0.987393770589126,node
auc_cc,theta,imagination,52,7Networks_RH_Vis_2,-0.100619952698046,-0.411236783782342,0.230933778373503,0.553484158174484,39,0.987393770589126,node
auc_cc,theta,total,53,7Networks_RH_Vis_3,0.0348907757973325,-0.292439914417767,0.354902952658573,0.837564134658597,39,0.987393770589126,node
auc_cc,theta,social,53,7Networks_RH_Vis_3,0.0665201925442617,-0.263176888206108,0.382304456408902,0.695669731051333,39,0.987393770589126,node
auc_cc,theta,switching,53,7Networks_RH_Vis_3,-0.0153205537953758,-0.337668806896879,0.310244091254591,0.928288887391427,39,0.987393770589126,node
auc_cc,theta,detail,53,7Networks_RH_Vis_3,0.25606347090029,-0.0741100204409266,0.535645068285813,0.126079667007612,39,0.987393770589126,node
auc_cc,theta,communication,53,7Networks_RH_Vis_3,-0.190116882436247,-0.484306873379579,0.142698208941536,0.259716692052376,39,0.987393770589126,node
auc_cc,theta,imagination,53,7Networks_RH_Vis_3,-0.0688771728268533,-0.384324382857098,0.260971685747914,0.685429539680981,39,0.987393770589126,node
auc_cc,theta,total,54,7Networks_RH_Vis_4,0.0782945450806278,-0.25212625518599,0.392365019076854,0.645078921939882,39,0.987393770589126,node
auc_cc,theta,social,54,7Networks_RH_Vis_4,0.240800877052144,-0.0902667409409784,0.52394442970598,0.15109183829316,39,0.987393770589126,node
auc_cc,theta,switching,54,7Networks_RH_Vis_4,0.075332921472942,-0.254913976160693,0.389841521956294,0.657667934394308,39,0.987393770589126,node
auc_cc,theta,detail,54,7Networks_RH_Vis_4,-0.12937764065978,-0.435159605528489,0.20316381743937,0.445356910945089,39,0.987393770589126,node
auc_cc,theta,communication,54,7Networks_RH_Vis_4,0.0193070093497685,-0.306635807671793,0.341197020190086,0.909697940356299,39,0.987393770589126,node
auc_cc,theta,imagination,54,7Networks_RH_Vis_4,-0.0563656205495168,-0.373567365222079,0.272638323475735,0.740376729588857,39,0.987393770589126,node
auc_cc,theta,total,55,7Networks_RH_Vis_5,0.0637816807770915,-0.2657347338446,0.379953761973916,0.70763443202714,39,0.987393770589126,node
auc_cc,theta,social,55,7Networks_RH_Vis_5,0.185027267076962,-0.147862083805454,0.480258661575016,0.272926575291427,39,0.987393770589126,node
auc_cc,theta,switching,55,7Networks_RH_Vis_5,0.172152745117216,-0.160843924592682,0.469961982237297,0.308271807087922,39,0.987393770589126,node
auc_cc,theta,detail,55,7Networks_RH_Vis_5,-0.182985660985188,-0.478631253240738,0.149928389709879,0.278346804380115,39,0.987393770589126,node
auc_cc,theta,communication,55,7Networks_RH_Vis_5,0.0805138102220956,-0.250033701631452,0.394252884495536,0.635708583599911,39,0.987393770589126,node
auc_cc,theta,imagination,55,7Networks_RH_Vis_5,-0.166495704062278,-0.465411863832383,0.166511916242779,0.324677976283786,39,0.987393770589126,node
auc_cc,theta,total,56,7Networks_RH_Vis_6,-0.0546612808359441,-0.372095398170629,0.274220115316,0.747967914277012,39,0.987393770589126,node
auc_cc,theta,social,56,7Networks_RH_Vis_6,0.0173792065184672,-0.30838190155307,0.339491949660804,0.918683007343484,39,0.987393770589126,node
auc_cc,theta,switching,56,7Networks_RH_Vis_6,0.181033892781031,-0.151901055521345,0.477073555048713,0.283593577491141,39,0.987393770589126,node
auc_cc,theta,detail,56,7Networks_RH_Vis_6,0.0293149329336014,-0.297535807873356,0.350014748306727,0.86325484093598,39,0.987393770589126,node
auc_cc,theta,communication,56,7Networks_RH_Vis_6,-0.10745220124928,-0.416959385080785,0.224384756464791,0.526727311000818,39,0.987393770589126,node
auc_cc,theta,imagination,56,7Networks_RH_Vis_6,-0.409433108256001,-0.647549578901665,-0.0984725883086269,0.0118559037770006,39,0.479697348855197,node
auc_cc,theta,total,57,7Networks_RH_Vis_7,-0.0214768000661073,-0.34311358966238,0.304667907343349,0.899598272884485,39,0.987393770589126,node
auc_cc,theta,social,57,7Networks_RH_Vis_7,0.0537443932206376,-0.275070340000026,0.371302859556221,0.752061502423286,39,0.987393770589126,node
auc_cc,theta,switching,57,7Networks_RH_Vis_7,-0.0154109634211662,-0.33774892446721,0.310162362092461,0.927866807207823,39,0.987393770589126,node
auc_cc,theta,detail,57,7Networks_RH_Vis_7,-0.22726918900145,-0.513480592942566,0.104446882370738,0.176133721176995,39,0.987393770589126,node
auc_cc,theta,communication,57,7Networks_RH_Vis_7,0.135347533834441,-0.197331124571431,0.440072279698152,0.424455688437341,39,0.987393770589126,node
auc_cc,theta,imagination,57,7Networks_RH_Vis_7,-0.00429139345952412,-0.327860019068889,0.320178340315833,0.979889320286503,39,0.987393770589126,node
auc_cc,theta,total,58,7Networks_RH_Vis_8,0.0190366026042449,-0.306880859030219,0.340957983046068,0.910957606700253,39,0.987393770589126,node
auc_cc,theta,social,58,7Networks_RH_Vis_8,0.112403924931028,-0.219619495034178,0.421091603685361,0.507738462883115,39,0.987393770589126,node
auc_cc,theta,switching,58,7Networks_RH_Vis_8,0.108288824662999,-0.223580749546165,0.4176584475656,0.523494867402316,39,0.987393770589126,node
auc_cc,theta,detail,58,7Networks_RH_Vis_8,-0.335644211456558,-0.59496242989012,-0.0130376232090532,0.0422641135611502,39,0.718489930539554,node
auc_cc,theta,communication,58,7Networks_RH_Vis_8,0.160144521597507,-0.17284927782261,0.460284531646478,0.343732127398162,39,0.987393770589126,node
auc_cc,theta,imagination,58,7Networks_RH_Vis_8,-0.0101614056824428,-0.333089215028773,0.314899936848891,0.952402997218738,39,0.987393770589126,node
auc_cc,theta,total,59,7Networks_RH_SomMot_1,0.0948662454594681,-0.236425764109951,0.406398487000681,0.57649944989504,39,0.893259496077693,node
auc_cc,theta,social,59,7Networks_RH_SomMot_1,-0.0307643184271503,-0.351287071105762,0.296212969463396,0.856562379905849,39,0.963870708336137,node
auc_cc,theta,switching,59,7Networks_RH_SomMot_1,0.113526387450164,-0.218537092779161,0.422026521653947,0.503482372111155,39,0.874190360474117,node
auc_cc,theta,detail,59,7Networks_RH_SomMot_1,-0.0298898922682866,-0.350519609956482,0.29701119886554,0.860598846728694,39,0.963870708336137,node
auc_cc,theta,communication,59,7Networks_RH_SomMot_1,-0.0164717412128448,-0.338688596605633,0.309203072726993,0.92291601286235,39,0.989448285039142,node
auc_cc,theta,imagination,59,7Networks_RH_SomMot_1,0.309514170107424,-0.0161278114592156,0.575792369827768,0.062300389625135,39,0.402556363731641,node
auc_cc,theta,total,60,7Networks_RH_SomMot_2,0.0602055400867404,-0.269067977637036,0.376877899610518,0.723362932052143,39,0.897614434395812,node
auc_cc,theta,social,60,7Networks_RH_SomMot_2,-0.101102802539818,-0.411642018105465,0.230471929240259,0.551572489346764,39,0.874190360474117,node
auc_cc,theta,switching,60,7Networks_RH_SomMot_2,0.219088596284061,-0.112954578418066,0.507113117307134,0.192636796552376,39,0.60763238291866,node
auc_cc,theta,detail,60,7Networks_RH_SomMot_2,-0.214551269425139,-0.503567819425359,0.117652433132283,0.20224473739467,39,0.60763238291866,node
auc_cc,theta,communication,60,7Networks_RH_SomMot_2,0.0791125263249889,-0.251355336967376,0.393061160386372,0.641618808928012,39,0.897614434395812,node
auc_cc,theta,imagination,60,7Networks_RH_SomMot_2,0.27346458225372,-0.0554755872684499,0.548855444326744,0.101481242102049,39,0.426221216828605,node
auc_cc,theta,total,61,7Networks_RH_SomMot_3,0.0600241291000355,-0.269236856958195,0.376721680464186,0.724163859416931,39,0.897614434395812,node
auc_cc,theta,social,61,7Networks_RH_SomMot_3,-0.0541358704753711,-0.371641300981215,0.274707388267797,0.750312867591939,39,0.900375441110327,node
auc_cc,theta,switching,61,7Networks_RH_SomMot_3,0.0427873647108675,-0.285191089293946,0.361795890727218,0.801468164570583,39,0.935046191999013,node
auc_cc,theta,detail,61,7Networks_RH_SomMot_3,-0.0326091062622288,-0.352904781838685,0.294527435246904,0.848058475331027,39,0.963870708336137,node
auc_cc,theta,communication,61,7Networks_RH_SomMot_3,0.00979640744579055,-0.315228736080175,0.332764641001128,0.954110846287744,39,0.989448285039142,node
auc_cc,theta,imagination,61,7Networks_RH_SomMot_3,0.28989455851758,-0.0376682517581611,0.561203574311661,0.0817836325805074,39,0.426221216828605,node
auc_cc,theta,total,62,7Networks_RH_SomMot_4,-0.133736463796931,-0.438748311611059,0.198907492764018,0.430041478754966,39,0.820988277623117,node
auc_cc,theta,social,62,7Networks_RH_SomMot_4,-0.154776020487462,-0.455934849344892,0.178184680083815,0.360359118311732,39,0.77768639427956,node
auc_cc,theta,switching,62,7Networks_RH_SomMot_4,-0.102914258187737,-0.413161198270626,0.228737927163117,0.544428479651769,39,0.874190360474117,node
auc_cc,theta,detail,62,7Networks_RH_SomMot_4,0.0151336861927276,-0.3104130019601,0.337503197132421,0.929161345712934,39,0.989448285039142,node
auc_cc,theta,communication,62,7Networks_RH_SomMot_4,-0.160799128631216,-0.460813925384552,0.172197367222657,0.341737296964605,39,0.775836025541265,node
auc_cc,theta,imagination,62,7Networks_RH_SomMot_4,0.0853703395878933,-0.245443663944343,0.3983749781825,0.615398102322019,39,0.897614434395812,node
auc_cc,theta,total,63,7Networks_RH_SomMot_5,-0.176523957653661,-0.473467065906091,0.156449155797251,0.295960692402283,39,0.731197004758582,node
auc_cc,theta,social,63,7Networks_RH_SomMot_5,-0.329627788189425,-0.590574528005361,-0.0062733035240096,0.0463379767131191,39,0.341205645964483,node
auc_cc,theta,switching,63,7Networks_RH_SomMot_5,-0.0542154053300779,-0.371710050447416,0.27463363737312,0.749957754101056,39,0.900375441110327,node
auc_cc,theta,detail,63,7Networks_RH_SomMot_5,0.146180114555555,-0.186687011979589,0.448940161561946,0.387966475579191,39,0.77768639427956,node
auc_cc,theta,communication,63,7Networks_RH_SomMot_5,-0.109939396313991,-0.419036552437395,0.22199320129648,0.517146268618324,39,0.874190360474117,node
auc_cc,theta,imagination,63,7Networks_RH_SomMot_5,-0.109548257499318,-0.418710109247297,0.222369564521027,0.51864725182111,39,0.874190360474117,node
auc_cc,theta,total,64,7Networks_RH_SomMot_6,0.0109599391678984,-0.31418032642339,0.333799042731915,0.948667349471442,39,0.989448285039142,node
auc_cc,theta,social,64,7Networks_RH_SomMot_6,-0.00609696873415419,-0.329470597815341,0.318556882291754,0.971430832597334,39,0.992336669949761,node
auc_cc,theta,switching,64,7Networks_RH_SomMot_6,-0.0117756343491777,-0.334523747896238,0.313444864524462,0.944852531468066,39,0.989448285039142,node
auc_cc,theta,detail,64,7Networks_RH_SomMot_6,0.101130888259028,-0.230445060462041,0.411665585417652,0.55146138970728,39,0.874190360474117,node
auc_cc,theta,communication,64,7Networks_RH_SomMot_6,-0.0188725130016628,-0.340812909007684,0.307029541282909,0.911722108427029,39,0.989448285039142,node
auc_cc,theta,imagination,64,7Networks_RH_SomMot_6,-0.0482709543265613,-0.366562087126091,0.280135152424084,0.776633919915527,39,0.918834496801468,node
auc_cc,theta,total,65,7Networks_RH_SomMot_7,-0.182485907314583,-0.478232579066001,0.15043374683034,0.279684191209278,39,0.72542949635013,node
auc_cc,theta,social,65,7Networks_RH_SomMot_7,-0.275223671082744,-0.550183277097643,0.053578980988757,0.0992142452539353,39,0.426221216828605,node
auc_cc,theta,switching,65,7Networks_RH_SomMot_7,-0.142860078644829,-0.446228601927619,0.189957611644702,0.398950494599624,39,0.779345152241125,node
auc_cc,theta,detail,65,7Networks_RH_SomMot_7,-0.0670025633160242,-0.382718092768974,0.262725859933583,0.693569616136262,39,0.897614434395812,node
auc_cc,theta,communication,65,7Networks_RH_SomMot_7,0.163996159646013,-0.169009308764304,0.463396364045531,0.332096868586521,39,0.775836025541265,node
auc_cc,theta,imagination,65,7Networks_RH_SomMot_7,-0.14591312889537,-0.448722313407397,0.186950295248238,0.38884319713978,39,0.77768639427956,node
auc_cc,theta,total,66,7Networks_RH_SomMot_8,-0.101119805656909,-0.411656285824906,0.230455662920619,0.551505228278773,39,0.874190360474117,node
auc_cc,theta,social,66,7Networks_RH_SomMot_8,-0.0608376432075094,-0.377422084312061,0.268479381253499,0.720574472329153,39,0.897614434395812,node
auc_cc,theta,switching,66,7Networks_RH_SomMot_8,-0.0901497167611346,-0.402419280777799,0.24091201684819,0.595681618624019,39,0.893522427936029,node
auc_cc,theta,detail,66,7Networks_RH_SomMot_8,-0.241702004543177,-0.524638235012457,0.0893176390298821,0.149521619195392,39,0.545581737034934,node
auc_cc,theta,communication,66,7Networks_RH_SomMot_8,0.284872880576767,-0.0431330725732546,0.557442249091355,0.0874597656671811,39,0.426221216828605,node
auc_cc,theta,imagination,66,7Networks_RH_SomMot_8,-0.180518324468687,-0.476661771310119,0.15242170154998,0.284990159280408,39,0.72542949635013,node
auc_cc,theta,total,67,7Networks_RH_DorsAttn_Post_1,-0.16540245601309,-0.464530707963292,0.167604749021497,0.327910051769852,39,0.702664396649684,node
auc_cc,theta,social,67,7Networks_RH_DorsAttn_Post_1,-0.340451522358569,-0.59845742648613,-0.0184638330322406,0.0392215319256728,39,0.702664396649684,node
auc_cc,theta,switching,67,7Networks_RH_DorsAttn_Post_1,-0.0656652831442594,-0.38157105449255,0.263975895153182,0.69939726222596,39,0.908624052961679,node
auc_cc,theta,detail,67,7Networks_RH_DorsAttn_Post_1,0.239781749917984,-0.0913394004546211,0.523159319882551,0.152882112125328,39,0.702664396649684,node
auc_cc,theta,communication,67,7Networks_RH_DorsAttn_Post_1,-0.151863991457543,-0.453569423292056,0.181070588393446,0.369576494777788,39,0.719462375952785,node
auc_cc,theta,imagination,67,7Networks_RH_DorsAttn_Post_1,-0.109375195757892,-0.41856564697604,0.222536057151323,0.519312057227212,39,0.775101869051044,node
auc_cc,theta,total,68,7Networks_RH_DorsAttn_Post_2,-0.271649398212953,-0.547483810083672,0.0574301886559348,0.103861663196416,39,0.702664396649684,node
auc_cc,theta,social,68,7Networks_RH_DorsAttn_Post_2,-0.179411201495386,-0.475777074243451,0.153539104195961,0.288004163896562,39,0.702664396649684,node
auc_cc,theta,switching,68,7Networks_RH_DorsAttn_Post_2,-0.285643595467779,-0.558020255911001,0.0422956183040841,0.0865693978007502,39,0.702664396649684,node
auc_cc,theta,detail,68,7Networks_RH_DorsAttn_Post_2,-0.219921920974201,-0.50776318838675,0.112090154527278,0.19090768796402,39,0.702664396649684,node
auc_cc,theta,communication,68,7Networks_RH_DorsAttn_Post_2,0.173588970598526,-0.159401414425073,0.471114665378527,0.304191592341205,39,0.702664396649684,node
auc_cc,theta,imagination,68,7Networks_RH_DorsAttn_Post_2,-0.232411290573663,-0.517466949700848,0.0990742069067678,0.16629106478681,39,0.702664396649684,node
auc_cc,theta,total,69,7Networks_RH_DorsAttn_Post_3,-0.190890197139831,-0.484920857093931,0.14191202247176,0.257747301387109,39,0.702664396649684,node
auc_cc,theta,social,69,7Networks_RH_DorsAttn_Post_3,-0.136599898100269,-0.441100551018008,0.196104546165159,0.420141748626455,39,0.765691687461227,node
auc_cc,theta,switching,69,7Networks_RH_DorsAttn_Post_3,-0.171609025773931,-0.4695253397801,0.161389652183961,0.309825466388676,39,0.702664396649684,node
auc_cc,theta,detail,69,7Networks_RH_DorsAttn_Post_3,-0.0130846552039627,-0.335685951427923,0.312263785351258,0.938733105610024,39,0.990749414371421,node
auc_cc,theta,communication,69,7Networks_RH_DorsAttn_Post_3,-0.138947302941543,-0.443025769570307,0.193802665692498,0.412122524766241,39,0.765691687461227,node
auc_cc,theta,imagination,69,7Networks_RH_DorsAttn_Post_3,-0.0504365344664262,-0.368439763997763,0.278133429921296,0.766884736701698,39,0.945474332919902,node
auc_cc,theta,total,70,7Networks_RH_DorsAttn_Post_4,-0.027144381064326,-0.348107144246802,0.299514502731946,0.873294685237747,39,0.990749414371421,node
auc_cc,theta,social,70,7Networks_RH_DorsAttn_Post_4,0.0384985784166602,-0.289132723387993,0.358056528634334,0.821027299877552,39,0.972269170907627,node
auc_cc,theta,switching,70,7Networks_RH_DorsAttn_Post_4,0.0884562325310808,-0.242519375419749,0.400987649641808,0.602636268779917,39,0.834419449079885,node
auc_cc,theta,detail,70,7Networks_RH_DorsAttn_Post_4,-0.288234022457866,-0.559961042433815,0.0394774942548552,0.0836280319075738,39,0.702664396649684,node
auc_cc,theta,communication,70,7Networks_RH_DorsAttn_Post_4,0.0906226149806142,-0.240462844244537,0.40281878501955,0.593745834563993,39,0.834419449079885,node
auc_cc,theta,imagination,70,7Networks_RH_DorsAttn_Post_4,-0.0111484219138242,-0.333966534318183,0.314010417851112,0.947785756140952,39,0.990749414371421,node
auc_cc,theta,total,71,7Networks_RH_DorsAttn_Post_5,-0.289591432256673,-0.560976844762282,0.0379986842748449,0.0821179466699151,39,0.702664396649684,node
auc_cc,theta,social,71,7Networks_RH_DorsAttn_Post_5,-0.167541837782451,-0.466254491234557,0.165465413366408,0.321603826963095,39,0.702664396649684,node
auc_cc,theta,switching,71,7Networks_RH_DorsAttn_Post_5,-0.184213109726856,-0.479609922734111,0.148686439546147,0.275079732172459,39,0.702664396649684,node
auc_cc,theta,detail,71,7Networks_RH_DorsAttn_Post_5,-0.249198560387991,-0.530395528017513,0.0813986082178704,0.136917727421815,39,0.702664396649684,node
auc_cc,theta,communication,71,7Networks_RH_DorsAttn_Post_5,-0.0206245780161402,-0.342361143784868,0.305441165725613,0.903563322435049,39,0.990749414371421,node
auc_cc,theta,imagination,71,7Networks_RH_DorsAttn_Post_5,-0.17904123420461,-0.475481301281002,0.1539123169231,0.289015919601709,39,0.702664396649684,node
auc_cc,theta,total,72,7Networks_RH_DorsAttn_PrCv_1,-0.00440387395486233,-0.32796040698433,0.320077385121362,0.979362315979245,39,0.990749414371421,node
auc_cc,theta,social,72,7Networks_RH_DorsAttn_PrCv_1,0.0977031566263916,-0.23372053972524,0.408786233191478,0.565097687245792,39,0.809235231274098,node
auc_cc,theta,switching,72,7Networks_RH_DorsAttn_PrCv_1,0.110174022723998,-0.22176739062074,0.419232332544373,0.516246930470469,39,0.775101869051044,node
auc_cc,theta,detail,72,7Networks_RH_DorsAttn_PrCv_1,-0.17811962756977,-0.474744224830022,0.154841595190493,0.291546198974439,39,0.702664396649684,node
auc_cc,theta,communication,72,7Networks_RH_DorsAttn_PrCv_1,-0.127455077385891,-0.433573626906385,0.205037185690922,0.45220542403305,39,0.769875366430224,node
auc_cc,theta,imagination,72,7Networks_RH_DorsAttn_PrCv_1,0.0722165861538632,-0.257841409000935,0.387181090492462,0.671015543961474,39,0.901364163530338,node
auc_cc,theta,total,73,7Networks_RH_DorsAttn_FEF_1,0.00412302901048474,-0.320329439551415,0.327709741529292,0.98067817302425,39,0.990749414371421,node
auc_cc,theta,social,73,7Networks_RH_DorsAttn_FEF_1,0.0118430730585472,-0.313384041744021,0.334583646802269,0.944537189173774,39,0.990749414371421,node
auc_cc,theta,switching,73,7Networks_RH_DorsAttn_FEF_1,-0.0669753155788728,-0.382694731013485,0.26275134106363,0.693688185790273,39,0.908624052961679,node
auc_cc,theta,detail,73,7Networks_RH_DorsAttn_FEF_1,-0.121231242838495,-0.428426363709117,0.211085100424421,0.474761316874106,39,0.775101869051044,node
auc_cc,theta,communication,73,7Networks_RH_DorsAttn_FEF_1,0.157982885473083,-0.174999939391169,0.458534855920104,0.350369804103937,39,0.719462375952785,node
auc_cc,theta,imagination,73,7Networks_RH_DorsAttn_FEF_1,0.0616937701377433,-0.267681788022784,0.378158785179889,0.716803419558658,39,0.908624052961679,node
auc_cc,theta,total,74,7Networks_RH_SalVentAttn_TempOccPar_1,-0.138171345283493,-0.442389679885105,0.194563980429335,0.414763701256023,39,0.858633051499314,node
auc_cc,theta,social,74,7Networks_RH_SalVentAttn_TempOccPar_1,-0.0900938955698559,-0.402372115206141,0.240965028096927,0.595910301258164,39,0.858633051499314,node
auc_cc,theta,switching,74,7Networks_RH_SalVentAttn_TempOccPar_1,-0.0563163294264503,-0.3735248169576,0.272684095386914,0.740595938552965,39,0.915562867719117,node
auc_cc,theta,detail,74,7Networks_RH_SalVentAttn_TempOccPar_1,0.0650965519881948,-0.264507186546666,0.381082936155157,0.701880863962294,39,0.915562867719117,node
auc_cc,theta,communication,74,7Networks_RH_SalVentAttn_TempOccPar_1,-0.0870139834807902,-0.399767201881565,0.243886844667999,0.608586577389713,39,0.858633051499314,node
auc_cc,theta,imagination,74,7Networks_RH_SalVentAttn_TempOccPar_1,-0.274474864354123,-0.549618216827015,0.0543866160623506,0.100174486416876,39,0.750082253537254,node
auc_cc,theta,total,75,7Networks_RH_SalVentAttn_TempOccPar_2,-0.264007081042815,-0.541692631122633,0.0656319055207986,0.11435131098762,39,0.750082253537254,node
auc_cc,theta,social,75,7Networks_RH_SalVentAttn_TempOccPar_2,-0.221569838944072,-0.509047753983748,0.11037925655687,0.187520563384314,39,0.750082253537254,node
auc_cc,theta,switching,75,7Networks_RH_SalVentAttn_TempOccPar_2,-0.152026074043287,-0.453701193941417,0.180910110222527,0.369059806306024,39,0.858633051499314,node
auc_cc,theta,detail,75,7Networks_RH_SalVentAttn_TempOccPar_2,-0.2548894000899,-0.534748795274092,0.0753590561202669,0.127886439387223,39,0.750082253537254,node
auc_cc,theta,communication,75,7Networks_RH_SalVentAttn_TempOccPar_2,0.0547009687614244,-0.274183301314981,0.372129693141331,0.747790873787002,39,0.915562867719117,node
auc_cc,theta,imagination,75,7Networks_RH_SalVentAttn_TempOccPar_2,-0.128201870374321,-0.434189903605354,0.204309791072651,0.449538477601588,39,0.858633051499314,node
auc_cc,theta,total,76,7Networks_RH_SalVentAttn_FrOperIns_1,0.0046330006155197,-0.319871713099979,0.328164878040063,0.978288816854861,39,0.978288816854861,node
auc_cc,theta,social,76,7Networks_RH_SalVentAttn_FrOperIns_1,-0.0960355439646636,-0.407383167521775,0.235311365204819,0.571787390636262,39,0.858633051499314,node
auc_cc,theta,switching,76,7Networks_RH_SalVentAttn_FrOperIns_1,0.0104578812631768,-0.314632807044568,0.333352799091282,0.951015923358854,39,0.978288816854861,node
auc_cc,theta,detail,76,7Networks_RH_SalVentAttn_FrOperIns_1,-0.0210959257948002,-0.342777358274681,0.305013544390774,0.901370038625854,39,0.978288816854861,node
auc_cc,theta,communication,76,7Networks_RH_SalVentAttn_FrOperIns_1,-0.0621167626515684,-0.378522624154937,0.267287548971451,0.7149426577444,39,0.915562867719117,node
auc_cc,theta,imagination,76,7Networks_RH_SalVentAttn_FrOperIns_1,0.272429512589903,-0.0565904656905732,0.54807348106738,0.10283348059563,39,0.750082253537254,node
auc_cc,theta,total,77,7Networks_RH_SalVentAttn_Med_1,-0.0450882428250625,-0.363797788085115,0.283071871683396,0.791022988698549,39,0.949227586438258,node
auc_cc,theta,social,77,7Networks_RH_SalVentAttn_Med_1,0.0070380890575378,-0.317710975533253,0.330309334626988,0.967023174102004,39,0.978288816854861,node
auc_cc,theta,switching,77,7Networks_RH_SalVentAttn_Med_1,-0.115054747922009,-0.423298464755566,0.217061963989769,0.497716329982289,39,0.858633051499314,node
auc_cc,theta,detail,77,7Networks_RH_SalVentAttn_Med_1,-0.179239575362016,-0.475639874853472,0.153712247685195,0.288473228310312,39,0.858633051499314,node
auc_cc,theta,communication,77,7Networks_RH_SalVentAttn_Med_1,0.226275751117277,-0.105482639556936,0.512709014808167,0.178082176632696,39,0.750082253537254,node
auc_cc,theta,imagination,77,7Networks_RH_SalVentAttn_Med_1,-0.0541492994056692,-0.371652909114877,0.274694936192105,0.750252905492054,39,0.915562867719117,node
auc_cc,theta,total,78,7Networks_RH_SalVentAttn_Med_2,-0.0906134999648274,-0.402811085781749,0.240471503294377,0.59378312036667,39,0.858633051499314,node
auc_cc,theta,social,78,7Networks_RH_SalVentAttn_Med_2,-0.224586586833348,-0.511396020524775,0.107242109320932,0.181430311735446,39,0.750082253537254,node
auc_cc,theta,switching,78,7Networks_RH_SalVentAttn_Med_2,-0.0946526950274174,-0.406218575397975,0.236629194080301,0.577361906794429,39,0.858633051499314,node
auc_cc,theta,detail,78,7Networks_RH_SalVentAttn_Med_2,0.33404034849547,0.0112314942578546,0.593794208583325,0.0433206766613372,39,0.750082253537254,node
auc_cc,theta,communication,78,7Networks_RH_SalVentAttn_Med_2,-0.162537951659989,-0.462219110175115,0.170464289075914,0.336472951932817,39,0.858633051499314,node
auc_cc,theta,imagination,78,7Networks_RH_SalVentAttn_Med_2,-0.0918727860916785,-0.403874356497356,0.239274711728996,0.58864163757909,39,0.858633051499314,node
auc_cc,theta,total,79,7Networks_RH_Limbic_OFC_1,0.0321687804451258,-0.294929934400441,0.352518830149159,0.850086742658425,39,0.980323375712065,node
auc_cc,theta,social,79,7Networks_RH_Limbic_OFC_1,-0.083735219812681,-0.396988542149509,0.246990718109991,0.622205901845382,39,0.91002326673726,node
auc_cc,theta,switching,79,7Networks_RH_Limbic_OFC_1,-0.167711066433356,-0.46639074861206,0.16529605450064,0.321108248394161,39,0.904984700624632,node
auc_cc,theta,detail,79,7Networks_RH_Limbic_OFC_1,0.444355742193998,0.140570926916776,0.671671545247241,0.00586423121515918,39,0.175926936454775,node
auc_cc,theta,communication,79,7Networks_RH_Limbic_OFC_1,-0.157419849193436,-0.458078739174296,0.17555959601282,0.35211137970844,39,0.904984700624632,node
auc_cc,theta,imagination,79,7Networks_RH_Limbic_OFC_1,0.0902345647838654,-0.240831436145323,0.402490969112969,0.595334095117619,39,0.91002326673726,node
auc_cc,theta,total,80,7Networks_RH_Limbic_TempPole_1,0.172913899329133,-0.160079616843713,0.470572994486193,0.306105129891586,39,0.904984700624632,node
auc_cc,theta,social,80,7Networks_RH_Limbic_TempPole_1,0.0362055694266488,-0.291235578960613,0.356053056193584,0.831529263894711,39,0.980323375712065,node
auc_cc,theta,switching,80,7Networks_RH_Limbic_TempPole_1,0.112620361889631,-0.219410846222296,0.421271928740119,0.506916386316071,39,0.904984700624632,node
auc_cc,theta,detail,80,7Networks_RH_Limbic_TempPole_1,-0.0533386002802639,-0.370951952790711,0.275446465384747,0.753875367541278,39,0.980323375712065,node
auc_cc,theta,communication,80,7Networks_RH_Limbic_TempPole_1,0.278382467394635,-0.0501672793835905,0.552564181594895,0.0952406622180212,39,0.887419635054874,node
auc_cc,theta,imagination,80,7Networks_RH_Limbic_TempPole_1,0.149629697821656,-0.18328096007111,0.451751631708349,0.376742740074109,39,0.904984700624632,node
auc_cc,theta,total,81,7Networks_RH_Cont_Par_1,-0.0697238032909699,-0.385049206606997,0.260178732824825,0.681764585303941,39,0.905758573400715,node
auc_cc,theta,social,81,7Networks_RH_Cont_Par_1,0.0585349595945068,-0.270622391395976,0.375438624914318,0.730749373982362,39,0.905758573400715,node
auc_cc,theta,switching,81,7Networks_RH_Cont_Par_1,-0.057900641345658,-0.374891732687501,0.27121215199468,0.733560309003317,39,0.905758573400715,node
auc_cc,theta,detail,81,7Networks_RH_Cont_Par_1,-0.267045276851355,-0.543998069843871,0.0623766459756256,0.110089647322499,39,0.536687030697181,node
auc_cc,theta,communication,81,7Networks_RH_Cont_Par_1,0.135548657816147,-0.197134211861215,0.440237469259306,0.423761225366262,39,0.801608194818734,node
auc_cc,theta,imagination,81,7Networks_RH_Cont_Par_1,-0.07828917639965,-0.392360448882808,0.252131313591777,0.645101656202297,39,0.898534449710342,node
auc_cc,theta,total,82,7Networks_RH_Cont_Par_2,0.127915122971512,-0.204589133483769,0.433953304639328,0.450561499413204,39,0.801608194818734,node
auc_cc,theta,social,82,7Networks_RH_Cont_Par_2,0.105871657314852,-0.225902449596728,0.415637720362363,0.532860500815932,39,0.801608194818734,node
auc_cc,theta,switching,82,7Networks_RH_Cont_Par_2,0.212715480257589,-0.119548955722866,0.502130631142028,0.206225386147702,39,0.652487297607072,node
auc_cc,theta,detail,82,7Networks_RH_Cont_Par_2,-0.281972670764619,-0.555264831608234,0.0462802981499362,0.0908736703914175,39,0.519589954865729,node
auc_cc,theta,communication,82,7Networks_RH_Cont_Par_2,0.277610753079604,-0.051001488507286,0.551982924044062,0.0961999900802434,39,0.519589954865729,node
auc_cc,theta,imagination,82,7Networks_RH_Cont_Par_2,0.0352128773647305,-0.292144969178314,0.355184797623841,0.836084836985276,39,0.905758573400715,node
auc_cc,theta,total,83,7Networks_RH_Cont_PFCl_1,-0.229515290688173,-0.515223379020961,0.102102443713169,0.17178452196622,39,0.647412994626783,node
auc_cc,theta,social,83,7Networks_RH_Cont_PFCl_1,-0.228968439022992,-0.514799285591981,0.102673576650151,0.172836259002968,39,0.647412994626783,node
auc_cc,theta,switching,83,7Networks_RH_Cont_PFCl_1,-0.178483494878751,-0.475035285933318,0.154474769355375,0.290545502110957,39,0.725873178763452,node
auc_cc,theta,detail,83,7Networks_RH_Cont_PFCl_1,0.112607089306873,-0.219423642086039,0.421260871353165,0.506966779329346,39,0.801608194818734,node
auc_cc,theta,communication,83,7Networks_RH_Cont_PFCl_1,-0.211229594313984,-0.500966200544452,0.121082225676518,0.209486918463008,39,0.652487297607072,node
auc_cc,theta,imagination,83,7Networks_RH_Cont_PFCl_1,-0.117535934423445,-0.425360791268865,0.214663960962268,0.488427673411541,39,0.801608194818734,node
auc_cc,theta,total,84,7Networks_RH_Cont_PFCl_2,-0.186412542504589,-0.481361738263051,0.14645839211171,0.269288417825966,39,0.725873178763452,node
auc_cc,theta,social,84,7Networks_RH_Cont_PFCl_2,-0.134651943546518,-0.439500810080511,0.198011943209783,0.426862398589165,39,0.801608194818734,node
auc_cc,theta,switching,84,7Networks_RH_Cont_PFCl_2,-0.0180720691574768,-0.34010500490975,0.307754598677721,0.915452524733587,39,0.95207062572293,node
auc_cc,theta,detail,84,7Networks_RH_Cont_PFCl_2,0.0129008972870732,-0.312429643758185,0.335522862692436,0.939591938472551,39,0.964318042116565,node
auc_cc,theta,communication,84,7Networks_RH_Cont_PFCl_2,-0.274671889191022,-0.549766918997529,0.0541741541102965,0.0999211451664863,39,0.519589954865729,node
auc_cc,theta,imagination,84,7Networks_RH_Cont_PFCl_2,-0.125478203468333,-0.431940865837139,0.206960937828956,0.459306340279072,39,0.801608194818734,node
auc_cc,theta,total,85,7Networks_RH_Cont_PFCl_3,-0.301742719240323,-0.570033865811938,0.0246964206261954,0.0695239604432369,39,0.45190574288104,node
auc_cc,theta,social,85,7Networks_RH_Cont_PFCl_3,-0.427744300903926,-0.660257384276866,-0.120408332192705,0.00827038231398417,39,0.184555930527912,node
auc_cc,theta,switching,85,7Networks_RH_Cont_PFCl_3,0.117303973988032,-0.214888314607201,0.425168124462842,0.48929224306951,39,0.801608194818734,node
auc_cc,theta,detail,85,7Networks_RH_Cont_PFCl_3,-0.050295009827351,-0.368317133553797,0.27826433337922,0.767520804835736,39,0.905758573400715,node
auc_cc,theta,communication,85,7Networks_RH_Cont_PFCl_3,-0.104320131819395,-0.4143390474812,0.227390713341928,0.538914495792861,39,0.801608194818734,node
auc_cc,theta,imagination,85,7Networks_RH_Cont_PFCl_3,-0.411099634508799,-0.648711637748733,-0.100456568023067,0.0114826653975099,39,0.184555930527912,node
auc_cc,theta,total,86,7Networks_RH_Cont_PFCl_4,0.0483237104647133,-0.280086421970617,0.366607860427004,0.77639601108766,39,0.905758573400715,node
auc_cc,theta,social,86,7Networks_RH_Cont_PFCl_4,0.0422758457627339,-0.285661787148213,0.361350439497759,0.803794967763049,39,0.905758573400715,node
auc_cc,theta,switching,86,7Networks_RH_Cont_PFCl_4,0.231933002874617,-0.0995747577771824,0.51709668367258,0.16718951360681,39,0.647412994626783,node
auc_cc,theta,detail,86,7Networks_RH_Cont_PFCl_4,-0.039157588909032,-0.358631782493915,0.2885277774477,0.818014620332579,39,0.905758573400715,node
auc_cc,theta,communication,86,7Networks_RH_Cont_PFCl_4,-0.0464208805973613,-0.364955915336118,0.281842982068452,0.784989531718055,39,0.905758573400715,node
auc_cc,theta,imagination,86,7Networks_RH_Cont_PFCl_4,-0.114618276969524,-0.422935345685426,0.217483387770199,0.499359565534766,39,0.801608194818734,node
auc_cc,theta,total,87,7Networks_RH_Cont_Cing_1,0.0938070369649664,-0.237434490042058,0.405505889534027,0.5807829230541,39,0.823655781785815,node
auc_cc,theta,social,87,7Networks_RH_Cont_Cing_1,0.00871399115836322,-0.31620334422804,0.331801654101307,0.959176694560053,39,0.971633534749144,node
auc_cc,theta,switching,87,7Networks_RH_Cont_Cing_1,0.0957782935964848,-0.235556612215832,0.407166595945525,0.572822558586731,39,0.823655781785815,node
auc_cc,theta,detail,87,7Networks_RH_Cont_Cing_1,0.0726724546405479,-0.257413551898447,0.387570595534832,0.669056677128528,39,0.905758573400715,node
auc_cc,theta,communication,87,7Networks_RH_Cont_Cing_1,0.0451477080927636,-0.283017058847477,0.363849487316295,0.790753504154762,39,0.905758573400715,node
auc_cc,theta,imagination,87,7Networks_RH_Cont_Cing_1,0.0418975801696336,-0.286009764018999,0.361020936937418,0.805516697901564,39,0.905758573400715,node
auc_cc,theta,total,88,7Networks_RH_Cont_PFCmp_1,-0.303738925655552,-0.571515538485975,0.0225000212204532,0.0676086210542792,39,0.45190574288104,node
auc_cc,theta,social,88,7Networks_RH_Cont_PFCmp_1,-0.424858184723515,-0.658263244747175,-0.116930893742216,0.00876468421818327,39,0.184555930527912,node
auc_cc,theta,switching,88,7Networks_RH_Cont_PFCmp_1,-0.123562300409498,-0.430356543342577,0.208822907715533,0.466244841257239,39,0.801608194818734,node
auc_cc,theta,detail,88,7Networks_RH_Cont_PFCmp_1,0.397470263719085,0.0843031561655324,0.639175322988146,0.0148490686885042,39,0.184555930527912,node
auc_cc,theta,communication,88,7Networks_RH_Cont_PFCmp_1,-0.393156127148515,-0.636141203862506,-0.0792241471250918,0.0160741500444896,39,0.184555930527912,node
auc_cc,theta,imagination,88,7Networks_RH_Cont_PFCmp_1,-0.32229245482732,-0.585203761341011,0.00193403853321556,0.05172630042436,39,0.431968874708984,node
auc_cc,theta,total,89,7Networks_RH_Cont_pCun_1,-0.388878191416216,-0.63312510578756,-0.0742038001731763,0.0173717337893614,39,0.184555930527912,node
auc_cc,theta,social,89,7Networks_RH_Cont_pCun_1,-0.207647610396499,-0.498154821165272,0.124771929468993,0.217495765869024,39,0.652487297607072,node
auc_cc,theta,switching,89,7Networks_RH_Cont_pCun_1,-0.173901240632543,-0.471365152057576,0.159087589645795,0.303309016449062,39,0.725873178763452,node
auc_cc,theta,detail,89,7Networks_RH_Cont_pCun_1,-0.221284217840762,-0.508825201690706,0.110675934512289,0.188104567266692,39,0.647412994626783,node
auc_cc,theta,communication,89,7Networks_RH_Cont_pCun_1,-0.146615777282151,-0.449295565266542,0.186257288060683,0.38653833221327,39,0.801608194818734,node
auc_cc,theta,imagination,89,7Networks_RH_Cont_pCun_1,-0.384084958906502,-0.629736871372524,-0.0685976134506003,0.0189288133874781,39,0.184555930527912,node
auc_cc,theta,total,90,7Networks_RH_Default_Par_1,-0.158123549679408,-0.458648783540784,0.17486008592705,0.34993552080772,39,0.839845249938529,node
auc_cc,theta,social,90,7Networks_RH_Default_Par_1,-0.178363981320924,-0.474939692997637,0.15459526477678,0.290873940639364,39,0.821291126511145,node
auc_cc,theta,switching,90,7Networks_RH_Default_Par_1,-0.000627495552361801,-0.324586019885852,0.323462792622522,0.99705908743241,39,0.997736547096692,node
auc_cc,theta,detail,90,7Networks_RH_Default_Par_1,-0.217261768423621,-0.505686873394005,0.114847825344605,0.196465819529449,39,0.736459281227593,node
auc_cc,theta,communication,90,7Networks_RH_Default_Par_1,0.0681143443529283,-0.261685768837707,0.383670971079565,0.688737802829164,39,0.915640987207264,node
auc_cc,theta,imagination,90,7Networks_RH_Default_Par_1,-0.0897656619801458,-0.402094743895458,0.2412766990212,0.597255749029838,39,0.915640987207264,node
auc_cc,theta,total,91,7Networks_RH_Default_Temp_1,-0.190462121785801,-0.48458101666179,0.142347274994769,0.258836247800885,39,0.801952989412765,node
auc_cc,theta,social,91,7Networks_RH_Default_Temp_1,-0.237767661966248,-0.521606301468736,0.0934570263501219,0.156465505484455,39,0.736459281227593,node
auc_cc,theta,switching,91,7Networks_RH_Default_Temp_1,-0.0598821322014267,-0.376599389554445,0.269369030745489,0.72479097565201,39,0.915640987207264,node
auc_cc,theta,detail,91,7Networks_RH_Default_Temp_1,0.294769476186608,-0.0323443336601428,0.564844285276757,0.0765508901141446,39,0.612407120913157,node
auc_cc,theta,communication,91,7Networks_RH_Default_Temp_1,-0.231753750304148,-0.516957887942087,0.0997623109204197,0.167527130992616,39,0.736459281227593,node
auc_cc,theta,imagination,91,7Networks_RH_Default_Temp_1,-0.359199834763875,-0.611994578984962,-0.0398086220998148,0.0290073860752225,39,0.417706359483204,node
auc_cc,theta,total,92,7Networks_RH_Default_Temp_2,-0.0874284625369441,-0.400118052419042,0.243493990807496,0.606873993226626,39,0.915640987207264,node
auc_cc,theta,social,92,7Networks_RH_Default_Temp_2,-0.0557849228432789,-0.373066020215132,0.273177466859207,0.742960501925163,39,0.915640987207264,node
auc_cc,theta,switching,92,7Networks_RH_Default_Temp_2,-0.0351494351734918,-0.355129289106523,0.292203067494297,0.836376160672922,39,0.967690112292192,node
auc_cc,theta,detail,92,7Networks_RH_Default_Temp_2,-0.0782853433115617,-0.392357185882572,0.252134925141008,0.645117888024052,39,0.915640987207264,node
auc_cc,theta,communication,92,7Networks_RH_Default_Temp_2,-0.0629251358921752,-0.379217678265321,0.266533819078938,0.711391101520358,39,0.915640987207264,node
auc_cc,theta,imagination,92,7Networks_RH_Default_Temp_2,0.00189749429466053,-0.322325202861619,0.325721749710961,0.99110708214965,39,0.997736547096692,node
auc_cc,theta,total,93,7Networks_RH_Default_Temp_3,-0.00633193916667246,-0.329680053872818,0.318345732346821,0.970330284978596,39,0.997736547096692,node
auc_cc,theta,social,93,7Networks_RH_Default_Temp_3,-0.0105107382826076,-0.333399786759562,0.314585176514847,0.950768644293676,39,0.997736547096692,node
auc_cc,theta,switching,93,7Networks_RH_Default_Temp_3,-0.0509740456114407,-0.368905414102807,0.277636146837774,0.764470319153269,39,0.925073327378745,node
auc_cc,theta,detail,93,7Networks_RH_Default_Temp_3,0.277578547119291,-0.0510362925990182,0.551958660620135,0.0962401858439898,39,0.671309889702965,node
auc_cc,theta,communication,93,7Networks_RH_Default_Temp_3,-0.0815101105178581,-0.395099548346458,0.249093280937772,0.631519894780044,39,0.915640987207264,node
auc_cc,theta,imagination,93,7Networks_RH_Default_Temp_3,-0.216222836039552,-0.504875052603242,0.115923455682126,0.198667043067152,39,0.736459281227593,node
auc_cc,theta,total,94,7Networks_RH_Default_PFCv_1,0.0785792591612077,-0.251857969872386,0.392607365257075,0.64387372429204,39,0.915640987207264,node
auc_cc,theta,social,94,7Networks_RH_Default_PFCv_1,-0.00595142180530998,-0.329340839202207,0.318687658020301,0.972112567257746,39,0.997736547096692,node
auc_cc,theta,switching,94,7Networks_RH_Default_PFCv_1,0.135526656596655,-0.197155753711766,0.44021939995849,0.423837162621486,39,0.871893591678485,node
auc_cc,theta,detail,94,7Networks_RH_Default_PFCv_1,0.0848526502048332,-0.245933653552706,0.397936178344941,0.617550107765539,39,0.915640987207264,node
auc_cc,theta,communication,94,7Networks_RH_Default_PFCv_1,-0.149769730453893,-0.451865634128254,0.183142525531567,0.376291208628977,39,0.860579668784313,node
auc_cc,theta,imagination,94,7Networks_RH_Default_PFCv_1,0.184076162667242,-0.148825056603961,0.479500768508258,0.275442994934885,39,0.809465127971906,node
auc_cc,theta,total,95,7Networks_RH_Default_PFCv_2,-0.11184799003788,-0.420628313116655,0.220155286306763,0.50985309234918,39,0.915640987207264,node
auc_cc,theta,social,95,7Networks_RH_Default_PFCv_2,-0.0396385701668503,-0.359051480541729,0.288086090190481,0.815817423956616,39,0.959721703349684,node
auc_cc,theta,switching,95,7Networks_RH_Default_PFCv_2,-0.0577427957443257,-0.37475560814209,0.27135887135242,0.734260323042799,39,0.915640987207264,node
auc_cc,theta,detail,95,7Networks_RH_Default_PFCv_2,-0.0265844633885579,-0.34761462519351,0.300024473268523,0.875887807234459,39,0.975132359402461,node
auc_cc,theta,communication,95,7Networks_RH_Default_PFCv_2,-0.272561114917329,-0.548172929316808,0.0564487617187055,0.102660795931234,39,0.671309889702965,node
auc_cc,theta,imagination,95,7Networks_RH_Default_PFCv_2,0.113488536260134,-0.2185736063919,0.42199500544605,0.503625599971593,39,0.915640987207264,node
auc_cc,theta,total,96,7Networks_RH_Default_PFCdPFCm_1,-0.0709915072020939,-0.386133796150766,0.258990570505917,0.676290281503274,39,0.915640987207264,node
auc_cc,theta,social,96,7Networks_RH_Default_PFCdPFCm_1,-0.195757665447997,-0.488778807481279,0.136953878349073,0.245579064364819,39,0.78756595818755,node
auc_cc,theta,switching,96,7Networks_RH_Default_PFCdPFCm_1,0.054134962905728,-0.274708229814533,0.371640516463194,0.750316920072619,39,0.915640987207264,node
auc_cc,theta,detail,96,7Networks_RH_Default_PFCdPFCm_1,0.227712363615533,-0.103984596813049,0.513824646265748,0.175269432360219,39,0.736459281227593,node
auc_cc,theta,communication,96,7Networks_RH_Default_PFCdPFCm_1,-0.059714460955585,-0.376454973107475,0.269525086801741,0.725531707669022,39,0.915640987207264,node
auc_cc,theta,imagination,96,7Networks_RH_Default_PFCdPFCm_1,-0.269139210491534,-0.545584554786089,0.0601290240609441,0.107223107383112,39,0.671309889702965,node
auc_cc,theta,total,97,7Networks_RH_Default_PFCdPFCm_2,-0.110903419472545,-0.419840782012386,0.221065172404905,0.51345606797768,39,0.915640987207264,node
auc_cc,theta,social,97,7Networks_RH_Default_PFCdPFCm_2,-0.245433110598525,-0.527506932250353,0.0853814875639832,0.143146758653388,39,0.710797698140962,node
auc_cc,theta,switching,97,7Networks_RH_Default_PFCdPFCm_2,0.0653350391197322,-0.264284423458374,0.381287641206654,0.700839037912783,39,0.915640987207264,node
auc_cc,theta,detail,97,7Networks_RH_Default_PFCdPFCm_2,0.262687355387985,-0.06704373644923,0.540689895909589,0.116240690891416,39,0.697444145348496,node
auc_cc,theta,communication,97,7Networks_RH_Default_PFCdPFCm_2,-0.11871994444151,-0.42634379788314,0.213518232315366,0.48402689831564,39,0.915640987207264,node
auc_cc,theta,imagination,97,7Networks_RH_Default_PFCdPFCm_2,-0.328705059611942,-0.58990019549216,-0.00523848202767604,0.0469898324375818,39,0.563877989250982,node
auc_cc,theta,total,98,7Networks_RH_Default_PFCdPFCm_3,-0.25230752283227,-0.532775600549181,0.0781021467803537,0.131927300416067,39,0.710797698140962,node
auc_cc,theta,social,98,7Networks_RH_Default_PFCdPFCm_3,-0.152492476273836,-0.454080298199822,0.180448225862334,0.367575403496442,39,0.860579668784313,node
auc_cc,theta,switching,98,7Networks_RH_Default_PFCdPFCm_3,-0.217926524738914,-0.506206045518362,0.114159179206072,0.195066371983774,39,0.736459281227593,node
auc_cc,theta,detail,98,7Networks_RH_Default_PFCdPFCm_3,0.159865314512207,-0.173127246077753,0.460058666361451,0.344585133811225,39,0.839845249938529,node
auc_cc,theta,communication,98,7Networks_RH_Default_PFCdPFCm_3,-0.302247475472551,-0.570408683114612,0.0241413415819041,0.0690356753038153,39,0.584772779044083,node
auc_cc,theta,imagination,98,7Networks_RH_Default_PFCdPFCm_3,-0.22253163377009,-0.509796889614398,0.109379793927688,0.185563415580297,39,0.736459281227593,node
auc_cc,theta,total,99,7Networks_RH_Default_pCunPCC_1,-0.138618207820401,-0.442756031908293,0.19412559948472,0.413241519928944,39,0.871893591678485,node
auc_cc,theta,social,99,7Networks_RH_Default_pCunPCC_1,0.0155967429548518,-0.309994404629853,0.337913540562074,0.926999550656687,39,0.99411740884253,node
auc_cc,theta,switching,99,7Networks_RH_Default_pCunPCC_1,0.0256263918469905,-0.300896647781355,0.346771467897979,0.880327824460555,39,0.975132359402461,node
auc_cc,theta,detail,99,7Networks_RH_Default_pCunPCC_1,-0.0741253292834648,-0.38881121695589,0.256049086760967,0.66282808638788,39,0.915640987207264,node
auc_cc,theta,communication,99,7Networks_RH_Default_pCunPCC_1,-0.000482947161226624,-0.324456694440266,0.323592211166952,0.997736547096692,39,0.997736547096692,node
auc_cc,theta,imagination,99,7Networks_RH_Default_pCunPCC_1,-0.490144897375728,-0.702585513514204,-0.197484691265365,0.00207362497580704,39,0.0995339988387377,node
auc_cc,theta,total,100,7Networks_RH_Default_pCunPCC_2,-0.454703493241281,-0.678727623994904,-0.15325946915138,0.00469304921992531,39,0.146032555638948,node
auc_cc,theta,social,100,7Networks_RH_Default_pCunPCC_2,-0.195540190607914,-0.488606681383732,0.137175760871347,0.246114361933609,39,0.78756595818755,node
auc_cc,theta,switching,100,7Networks_RH_Default_pCunPCC_2,-0.312420895596182,-0.577939433468734,0.0129105901034325,0.0597564245649731,39,0.584772779044083,node
auc_cc,theta,detail,100,7Networks_RH_Default_pCunPCC_2,-0.181137355210864,-0.477156174700293,0.151796551849599,0.28331385133835,39,0.815943891854447,node
auc_cc,theta,communication,100,7Networks_RH_Default_pCunPCC_2,-0.149703847978457,-0.451811999561792,0.183207657781871,0.376503605093137,39,0.860579668784313,node
auc_cc,theta,imagination,100,7Networks_RH_Default_pCunPCC_2,-0.503245031188084,-0.711284799247818,-0.214138778717536,0.00149910212568902,39,0.0995339988387377,node
auc_cc,alpha,total,1,7Networks_LH_Vis_1,0.22782041247154,-0.103871866849284,0.513908514753461,0.175059172754187,39,0.686770600804888,node
auc_cc,alpha,social,1,7Networks_LH_Vis_1,0.142908286988956,-0.189910173927784,0.446268014829529,0.398789732676866,39,0.72946352319292,node
auc_cc,alpha,switching,1,7Networks_LH_Vis_1,0.25299293470764,-0.0773744249698097,0.533299722758634,0.130845465804672,39,0.667311875603829,node
auc_cc,alpha,detail,1,7Networks_LH_Vis_1,-0.0714577406388672,-0.386532465137726,0.258553339374746,0.674281044505876,39,0.881752135123068,node
auc_cc,alpha,communication,1,7Networks_LH_Vis_1,0.133178361463127,-0.199453172651382,0.438289357294191,0.431985968307439,39,0.773027522234365,node
auc_cc,alpha,imagination,1,7Networks_LH_Vis_1,0.18698664829059,-0.145876260832452,0.481818617524569,0.267790014377861,39,0.72946352319292,node
auc_cc,alpha,total,2,7Networks_LH_Vis_2,0.258913031693353,-0.0710741998187126,0.53781777573017,0.121773642913451,39,0.667311875603829,node
auc_cc,alpha,social,2,7Networks_LH_Vis_2,0.101613467321318,-0.229983312331078,0.412070462694811,0.549554080286137,39,0.847335239661001,node
auc_cc,alpha,switching,2,7Networks_LH_Vis_2,-0.0326551934730711,-0.352945171618433,0.294485300496749,0.8478462397746,39,0.927144586019936,node
auc_cc,alpha,detail,2,7Networks_LH_Vis_2,0.297328305439962,-0.0295423766581232,0.566751084680684,0.0739107544526781,39,0.667311875603829,node
auc_cc,alpha,communication,2,7Networks_LH_Vis_2,0.26886725179843,-0.0604211324697441,0.545378615085768,0.107592183098859,39,0.667311875603829,node
auc_cc,alpha,imagination,2,7Networks_LH_Vis_2,0.104533873315002,-0.227185778910979,0.414518030467147,0.538078530316451,39,0.847335239661001,node
auc_cc,alpha,total,3,7Networks_LH_Vis_3,0.264966402752773,-0.0646048025228857,0.542421033618242,0.112992476922258,39,0.667311875603829,node
auc_cc,alpha,social,3,7Networks_LH_Vis_3,0.0855303927274482,-0.245292140480583,0.39851061218754,0.614733409165824,39,0.847335239661001,node
auc_cc,alpha,switching,3,7Networks_LH_Vis_3,0.0364599389065529,-0.29100245963293,0.35627545172501,0.830362798956396,39,0.920619624929918,node
auc_cc,alpha,detail,3,7Networks_LH_Vis_3,0.0934663627611002,-0.237758775733138,0.405218676194836,0.582163642681754,39,0.847335239661001,node
auc_cc,alpha,communication,3,7Networks_LH_Vis_3,0.420658316805386,0.111883987718886,0.655355515115932,0.00952895577772525,39,0.485976744663988,node
auc_cc,alpha,imagination,3,7Networks_LH_Vis_3,0.142399052320412,-0.190411189826038,0.445851628779307,0.40048977743925,39,0.72946352319292,node
auc_cc,alpha,total,4,7Networks_LH_Vis_4,0.349238473842545,0.0284312901987922,0.604820410421931,0.0341206409437625,39,0.667311875603829,node
auc_cc,alpha,social,4,7Networks_LH_Vis_4,0.122567181872054,-0.209789063464059,0.429532900947142,0.469870527867347,39,0.79877989737449,node
auc_cc,alpha,switching,4,7Networks_LH_Vis_4,0.244344395293169,-0.0865311018789151,0.526670526999627,0.144985928860676,39,0.672207488354041,node
auc_cc,alpha,detail,4,7Networks_LH_Vis_4,0.151646793278258,-0.181285608788123,0.453392823828338,0.370269555110559,39,0.72946352319292,node
auc_cc,alpha,communication,4,7Networks_LH_Vis_4,0.301964559798311,-0.024452487962445,0.570198611915864,0.0693090260195914,39,0.667311875603829,node
auc_cc,alpha,imagination,4,7Networks_LH_Vis_4,0.166472863174766,-0.166534756824779,0.46539346017845,0.324745299472438,39,0.72946352319292,node
auc_cc,alpha,total,5,7Networks_LH_Vis_5,0.197744599576356,-0.134925126806394,0.490350362335506,0.240724536820399,39,0.72946352319292,node
auc_cc,alpha,social,5,7Networks_LH_Vis_5,0.0897624200618923,-0.241279777011737,0.402092004051046,0.597269044419809,39,0.847335239661001,node
auc_cc,alpha,switching,5,7Networks_LH_Vis_5,-0.0111079255347297,-0.333930549705044,0.31404692524095,0.947975165374277,39,0.966934668681763,node
auc_cc,alpha,detail,5,7Networks_LH_Vis_5,0.2069832547486,-0.125455254796874,0.497632718283663,0.219004011936281,39,0.72946352319292,node
auc_cc,alpha,communication,5,7Networks_LH_Vis_5,0.223366614159039,-0.1085115677274,0.510446897233946,0.183876072531405,39,0.694642940674198,node
auc_cc,alpha,imagination,5,7Networks_LH_Vis_5,0.0439997306162297,-0.284074842473951,0.362851086167808,0.795960097039951,39,0.911343114182864,node
auc_cc,alpha,total,6,7Networks_LH_Vis_6,0.311467944683632,-0.0139660777344561,0.577235937485735,0.0605812027103367,39,0.667311875603829,node
auc_cc,alpha,social,6,7Networks_LH_Vis_6,0.151656614954653,-0.181275886278011,0.453400810147012,0.370238198346546,39,0.72946352319292,node
auc_cc,alpha,switching,6,7Networks_LH_Vis_6,0.0870048587876048,-0.243895492064272,0.399759476929409,0.608624302814782,39,0.847335239661001,node
auc_cc,alpha,detail,6,7Networks_LH_Vis_6,0.0877087976500171,-0.243228220439804,0.400355300096729,0.605716846606446,39,0.847335239661001,node
auc_cc,alpha,communication,6,7Networks_LH_Vis_6,0.493129546710891,0.201264248545208,0.704573103516601,0.00192803288076965,39,0.196659353838504,node
auc_cc,alpha,imagination,6,7Networks_LH_Vis_6,0.0495381548386631,-0.278964180592458,0.367661134324372,0.77092494599597,39,0.911343114182864,node
auc_cc,alpha,total,7,7Networks_LH_Vis_7,-0.149577315099497,-0.451708983704782,0.183332741593467,0.376911728859457,39,0.72946352319292,node
auc_cc,alpha,social,7,7Networks_LH_Vis_7,-0.196562377022833,-0.489415518987656,0.136132566811073,0.243605122540568,39,0.72946352319292,node
auc_cc,alpha,switching,7,7Networks_LH_Vis_7,0.0599172898453797,-0.269336306404715,0.376629669133167,0.724635688686416,39,0.911343114182864,node
auc_cc,alpha,detail,7,7Networks_LH_Vis_7,0.0537892052680287,-0.275028797993051,0.371341604917297,0.751861275889485,39,0.911343114182864,node
auc_cc,alpha,communication,7,7Networks_LH_Vis_7,-0.163925921246822,-0.463339682751941,0.169079424981016,0.332306844195301,39,0.72946352319292,node
auc_cc,alpha,imagination,7,7Networks_LH_Vis_7,-0.197803099019826,-0.490396603336278,0.134865353873133,0.240582596354057,39,0.72946352319292,node
auc_cc,alpha,total,8,7Networks_LH_Vis_8,0.189835092581845,-0.142984584806106,0.484083070439818,0.260436792809928,39,0.72946352319292,node
auc_cc,alpha,social,8,7Networks_LH_Vis_8,0.027699394773275,-0.299008814431721,0.348595174832758,0.870725558868695,39,0.93488428425902,node
auc_cc,alpha,switching,8,7Networks_LH_Vis_8,0.159620184245536,-0.173371244987856,0.459860335572142,0.345335095806171,39,0.72946352319292,node
auc_cc,alpha,detail,8,7Networks_LH_Vis_8,0.0901865491195133,-0.240877037485509,0.402450401012331,0.595530748491211,39,0.847335239661001,node
auc_cc,alpha,communication,8,7Networks_LH_Vis_8,0.259510316902758,-0.0704370974846239,0.538272719195222,0.120885185091763,39,0.667311875603829,node
auc_cc,alpha,imagination,8,7Networks_LH_Vis_8,-0.0187369146865775,-0.340693012965618,0.307152395460792,0.912353926819971,39,0.949933786330416,node
auc_cc,alpha,total,9,7Networks_LH_Vis_9,0.149335923131597,-0.183571339221116,0.451512433777151,0.3776910466819,39,0.72946352319292,node
auc_cc,alpha,social,9,7Networks_LH_Vis_9,0.17193561925519,-0.161061876839985,0.469787633342568,0.308891644603863,39,0.72946352319292,node
auc_cc,alpha,switching,9,7Networks_LH_Vis_9,0.265442708166002,-0.0640945840004793,0.542782532206153,0.112322350178396,39,0.667311875603829,node
auc_cc,alpha,detail,9,7Networks_LH_Vis_9,-0.197763850379972,-0.490365579353159,0.134905457194244,0.240677821294579,39,0.72946352319292,node
auc_cc,alpha,communication,9,7Networks_LH_Vis_9,0.124448878449762,-0.207961586527469,0.43108991857617,0.463027175530772,39,0.79877989737449,node
auc_cc,alpha,imagination,9,7Networks_LH_Vis_9,0.00849077166862681,-0.316404245900673,0.331602979952683,0.960221593246205,39,0.969728737733791,node
auc_cc,alpha,total,10,7Networks_LH_SomMot_1,-0.397618037700616,-0.639279118871899,-0.0844774183778184,0.0148085394888754,39,0.310979329266384,node
auc_cc,alpha,social,10,7Networks_LH_SomMot_1,-0.161615959598937,-0.46147421356365,0.171383491636667,0.339258068560757,39,0.833031883841977,node
auc_cc,alpha,switching,10,7Networks_LH_SomMot_1,-0.358104588306995,-0.611207813357486,-0.038553624910523,0.0295367064049736,39,0.354440476859683,node
auc_cc,alpha,detail,10,7Networks_LH_SomMot_1,0.0516630303995929,-0.276998468970546,0.369502053707891,0.76137870754862,39,0.913846535219126,node
auc_cc,alpha,communication,10,7Networks_LH_SomMot_1,-0.236746733342351,-0.520818367111734,0.0945292943920464,0.15830499411868,39,0.831101219123068,node
auc_cc,alpha,imagination,10,7Networks_LH_SomMot_1,-0.488293489132094,-0.701350923213598,-0.195144557919115,0.002168704250529,39,0.182171157044436,node
auc_cc,alpha,total,11,7Networks_LH_SomMot_2,-0.0806187159250698,-0.394342059283422,0.24993470915396,0.635267006192459,39,0.913846535219126,node
auc_cc,alpha,social,11,7Networks_LH_SomMot_2,-0.0631664157311561,-0.379425065944118,0.266308770842132,0.710332203810261,39,0.913846535219126,node
auc_cc,alpha,switching,11,7Networks_LH_SomMot_2,-0.0290626324412148,-0.349793148864333,0.297765951618364,0.864420798263366,39,0.913846535219126,node
auc_cc,alpha,detail,11,7Networks_LH_SomMot_2,0.188864391013918,-0.143970657673088,0.483311825686355,0.262927481817102,39,0.833031883841977,node
auc_cc,alpha,communication,11,7Networks_LH_SomMot_2,-0.225375946790373,-0.512009759954524,0.106420153660955,0.17986018419912,39,0.833031883841977,node
auc_cc,alpha,imagination,11,7Networks_LH_SomMot_2,-0.134518280735091,-0.439390969698681,0.198142730785345,0.427325735387205,39,0.913846535219126,node
auc_cc,alpha,total,12,7Networks_LH_SomMot_3,-0.0254363098535002,-0.346604123237313,0.301069622839544,0.8812091589613,39,0.913846535219126,node
auc_cc,alpha,social,12,7Networks_LH_SomMot_3,0.0284094502897215,-0.298361595605998,0.349219282044908,0.867440657762827,39,0.913846535219126,node
auc_cc,alpha,switching,12,7Networks_LH_SomMot_3,0.102465389092493,-0.229167799896531,0.412784914352553,0.546194620605147,39,0.913846535219126,node
auc_cc,alpha,detail,12,7Networks_LH_SomMot_3,-0.203129970589182,-0.494600345717189,0.129412353356442,0.227893505574203,39,0.833031883841977,node
auc_cc,alpha,communication,12,7Networks_LH_SomMot_3,-0.0581772306286153,-0.375130227698889,0.27095502209145,0.732334201254764,39,0.913846535219126,node
auc_cc,alpha,imagination,12,7Networks_LH_SomMot_3,0.0641903662253547,-0.265353304638584,0.380304830423409,0.70584439207008,39,0.913846535219126,node
auc_cc,alpha,total,13,7Networks_LH_SomMot_4,0.0448344670845945,-0.283305768475528,0.363577132839372,0.792173317135342,39,0.913846535219126,node
auc_cc,alpha,social,13,7Networks_LH_SomMot_4,-0.1171154666908,-0.425011529369042,0.215070614273486,0.489995433013143,39,0.913846535219126,node
auc_cc,alpha,switching,13,7Networks_LH_SomMot_4,0.185180930359531,-0.147706443781738,0.480381067701691,0.272521430776521,39,0.833031883841977,node
auc_cc,alpha,detail,13,7Networks_LH_SomMot_4,0.038010050743293,-0.289581003920309,0.357629933525266,0.823262247195227,39,0.913846535219126,node
auc_cc,alpha,communication,13,7Networks_LH_SomMot_4,0.0444605911548186,-0.283650286575394,0.3632519866112,0.793868830184849,39,0.913846535219126,node
auc_cc,alpha,imagination,13,7Networks_LH_SomMot_4,-0.0189823624774434,-0.340910030246236,0.306930007988699,0.911210305494941,39,0.933434947092378,node
auc_cc,alpha,total,14,7Networks_LH_SomMot_5,0.0722529582510351,-0.257807276582165,0.387212171818122,0.670859174338625,39,0.913846535219126,node
auc_cc,alpha,social,14,7Networks_LH_SomMot_5,-0.0831400183148326,-0.396483509103762,0.247553444522081,0.624691748010728,39,0.913846535219126,node
auc_cc,alpha,switching,14,7Networks_LH_SomMot_5,0.158432666063805,-0.174552703973026,0.45889911028144,0.348982310603589,39,0.833031883841977,node
auc_cc,alpha,detail,14,7Networks_LH_SomMot_5,0.10450836614702,-0.227210236618369,0.414496672519108,0.538178258815452,39,0.913846535219126,node
auc_cc,alpha,communication,14,7Networks_LH_SomMot_5,-0.111370776336197,-0.420230496672784,0.2206150490236,0.511671796159544,39,0.913846535219126,node
auc_cc,alpha,imagination,14,7Networks_LH_SomMot_5,0.177183455817978,-0.155784956972931,0.473995073350279,0.294131000992822,39,0.833031883841977,node
auc_cc,alpha,total,15,7Networks_LH_SomMot_6,0.0376259094431064,-0.289933397002093,0.357294397611262,0.8250206054921,39,0.913846535219126,node
auc_cc,alpha,social,15,7Networks_LH_SomMot_6,0.0708836037889806,-0.259091742460689,0.386041512834939,0.67675560712023,39,0.913846535219126,node
auc_cc,alpha,switching,15,7Networks_LH_SomMot_6,-0.076667411412005,-0.390979179680955,0.253658524853678,0.651983638871531,39,0.913846535219126,node
auc_cc,alpha,detail,15,7Networks_LH_SomMot_6,-0.196635604793188,-0.489473443461855,0.136057805756409,0.243426026989138,39,0.833031883841977,node
auc_cc,alpha,communication,15,7Networks_LH_SomMot_6,0.155951293416718,-0.177018324629916,0.456888313907539,0.356678501235127,39,0.833031883841977,node
auc_cc,alpha,imagination,15,7Networks_LH_SomMot_6,0.214736531006012,-0.117460907832526,0.503712766763584,0.20184602008381,39,0.833031883841977,node
auc_cc,alpha,total,16,7Networks_LH_DorsAttn_Post_1,0.163277719153757,-0.169726340452246,0.462816478111656,0.334248494716212,39,0.92314947715602,node
auc_cc,alpha,social,16,7Networks_LH_DorsAttn_Post_1,0.0195799265931749,-0.306388437398899,0.341438234386282,0.908426799201188,39,0.987265065001087,node
auc_cc,alpha,switching,16,7Networks_LH_DorsAttn_Post_1,0.30732673856677,-0.0185444657184135,0.574174189865906,0.064270725081724,39,0.723045657169395,node
auc_cc,alpha,detail,16,7Networks_LH_DorsAttn_Post_1,-0.0605097348031159,-0.377139811560905,0.268784750898063,0.722020566467746,39,0.960273811224949,node
auc_cc,alpha,communication,16,7Networks_LH_DorsAttn_Post_1,0.170406064624177,-0.162596333228019,0.46855876456938,0.313280429533095,39,0.92314947715602,node
auc_cc,alpha,imagination,16,7Networks_LH_DorsAttn_Post_1,0.00111117215702294,-0.323029654152728,0.325018670595191,0.994792241897992,39,0.994792241897992,node
auc_cc,alpha,total,17,7Networks_LH_DorsAttn_Post_2,-0.0790935787881948,-0.393045039193518,0.251373199091639,0.641698874426019,39,0.950657046722754,node
auc_cc,alpha,social,17,7Networks_LH_DorsAttn_Post_2,-0.102102671960938,-0.412480773641299,0.22951507218599,0.547623765011333,39,0.92314947715602,node
auc_cc,alpha,switching,17,7Networks_LH_DorsAttn_Post_2,0.0566319129452683,-0.272391017656658,0.373797206638898,0.739192815121968,39,0.960273811224949,node
auc_cc,alpha,detail,17,7Networks_LH_DorsAttn_Post_2,-0.161594198473299,-0.461456627187649,0.17140517992273,0.339323974049329,39,0.92314947715602,node
auc_cc,alpha,communication,17,7Networks_LH_DorsAttn_Post_2,0.102897646947763,-0.228753837712204,0.41314727506827,0.544493790597479,39,0.92314947715602,node
auc_cc,alpha,imagination,17,7Networks_LH_DorsAttn_Post_2,-0.122566156333089,-0.429532051862772,0.209790058820177,0.469874272058726,39,0.92314947715602,node
auc_cc,alpha,total,18,7Networks_LH_DorsAttn_Post_3,0.102481609328604,-0.229152268361284,0.412798513511398,0.546130752456811,39,0.92314947715602,node
auc_cc,alpha,social,18,7Networks_LH_DorsAttn_Post_3,-0.0654942849368836,-0.381424312351817,0.264135657524326,0.700143675262463,39,0.960273811224949,node
auc_cc,alpha,switching,18,7Networks_LH_DorsAttn_Post_3,0.0988700143610902,-0.2326063551491,0.409767109084369,0.560438295788877,39,0.92314947715602,node
auc_cc,alpha,detail,18,7Networks_LH_DorsAttn_Post_3,0.117385862180112,-0.2148091158178,0.425236144146782,0.488986937047962,39,0.92314947715602,node
auc_cc,alpha,communication,18,7Networks_LH_DorsAttn_Post_3,0.0115230349100293,-0.313672659527808,0.334299366477868,0.946033755360171,39,0.990035325376923,node
auc_cc,alpha,imagination,18,7Networks_LH_DorsAttn_Post_3,0.17486128215021,-0.158122346578946,0.472134946664679,0.300605835010165,39,0.92314947715602,node
auc_cc,alpha,total,19,7Networks_LH_DorsAttn_Post_4,0.0303955097702761,-0.296549696151783,0.350963429832129,0.858264418001494,39,0.987265065001087,node
auc_cc,alpha,social,19,7Networks_LH_DorsAttn_Post_4,-0.00660843944760745,-0.329926489479554,0.318097221438477,0.969035290430567,39,0.991058819758535,node
auc_cc,alpha,switching,19,7Networks_LH_DorsAttn_Post_4,0.1532488208793,-0.179698895427528,0.454694843355225,0.365175785160069,39,0.92314947715602,node
auc_cc,alpha,detail,19,7Networks_LH_DorsAttn_Post_4,-0.178814483940514,-0.475299991051058,0.154141009344415,0.289637147905585,39,0.92314947715602,node
auc_cc,alpha,communication,19,7Networks_LH_DorsAttn_Post_4,0.022226711599131,-0.303987123979816,0.343775362034318,0.896111211486251,39,0.987265065001087,node
auc_cc,alpha,imagination,19,7Networks_LH_DorsAttn_Post_4,0.122786030858611,-0.209576639706798,0.429714082284935,0.469071882003277,39,0.92314947715602,node
auc_cc,alpha,total,20,7Networks_LH_DorsAttn_Post_5,0.185782684905073,-0.147096789455653,0.480860306697234,0.270938650733925,39,0.92314947715602,node
auc_cc,alpha,social,20,7Networks_LH_DorsAttn_Post_5,0.0510312060373771,-0.277583254014318,0.368954923240022,0.764213691618763,39,0.960273811224949,node
auc_cc,alpha,switching,20,7Networks_LH_DorsAttn_Post_5,-0.0841398891091032,-0.397331798865979,0.246608000750283,0.620518157223206,39,0.946553121187941,node
auc_cc,alpha,detail,20,7Networks_LH_DorsAttn_Post_5,0.116211677367323,-0.215944319954378,0.424260485512002,0.493374053425176,39,0.92314947715602,node
auc_cc,alpha,communication,20,7Networks_LH_DorsAttn_Post_5,0.133326525498365,-0.199308326616996,0.438411215200738,0.431469274233302,39,0.92314947715602,node
auc_cc,alpha,imagination,20,7Networks_LH_DorsAttn_Post_5,0.415481887320184,0.105685403791884,0.651762078131013,0.0105484593203896,39,0.692116689985536,node
auc_cc,alpha,total,21,7Networks_LH_DorsAttn_Post_6,0.0754380221587026,-0.254815140710281,0.389931155528986,0.65721956244562,39,0.954028397098481,node
auc_cc,alpha,social,21,7Networks_LH_DorsAttn_Post_6,-0.116307829902421,-0.424340407879734,0.215851393242005,0.493014041826567,39,0.92314947715602,node
auc_cc,alpha,switching,21,7Networks_LH_DorsAttn_Post_6,0.103716151108289,-0.227969648688258,0.413833156088775,0.541280087875001,39,0.92314947715602,node
auc_cc,alpha,detail,21,7Networks_LH_DorsAttn_Post_6,0.153478721465077,-0.179471050291679,0.454881585323474,0.364448249115823,39,0.92314947715602,node
auc_cc,alpha,communication,21,7Networks_LH_DorsAttn_Post_6,-0.181326811833747,-0.477307451226322,0.151605169245936,0.282802090519316,39,0.92314947715602,node
auc_cc,alpha,imagination,21,7Networks_LH_DorsAttn_Post_6,0.347552132442274,0.0265134332333732,0.603601788194471,0.0350550735016191,39,0.723045657169395,node
auc_cc,alpha,total,22,7Networks_LH_DorsAttn_PrCv_1,0.271267954715238,-0.0578406088480442,0.547195385737828,0.104367236366161,39,0.92314947715602,node
auc_cc,alpha,social,22,7Networks_LH_DorsAttn_PrCv_1,0.100849321906552,-0.230714403805516,0.411429298432958,0.55257566697501,39,0.92314947715602,node
auc_cc,alpha,switching,22,7Networks_LH_DorsAttn_PrCv_1,0.12110095310401,-0.211211436137444,0.428318397441481,0.47523972562906,39,0.92314947715602,node
auc_cc,alpha,detail,22,7Networks_LH_DorsAttn_PrCv_1,0.0622684642149157,-0.267146132646825,0.378653087141086,0.714275710125428,39,0.960273811224949,node
auc_cc,alpha,communication,22,7Networks_LH_DorsAttn_PrCv_1,0.211398703915066,-0.120907803201464,0.50109877803227,0.209113930745262,39,0.92314947715602,node
auc_cc,alpha,imagination,22,7Networks_LH_DorsAttn_PrCv_1,0.329998476000689,0.00668921751828619,0.590845325083133,0.0460781649997079,39,0.723045657169395,node
auc_cc,alpha,total,23,7Networks_LH_DorsAttn_FEF_1,0.0645042125694623,-0.265060319441926,0.380574368481344,0.704470802259235,39,0.960273811224949,node
auc_cc,alpha,social,23,7Networks_LH_DorsAttn_FEF_1,-0.0144365244134498,-0.336885167496949,0.311042989161297,0.93241700583436,39,0.987265065001087,node
auc_cc,alpha,switching,23,7Networks_LH_DorsAttn_FEF_1,-0.00139176755122747,-0.325269602198928,0.322778315200685,0.993477193701756,39,0.994792241897992,node
auc_cc,alpha,detail,23,7Networks_LH_DorsAttn_FEF_1,0.0613413663866412,-0.26801015247837,0.377855588782584,0.718354887686133,39,0.960273811224949,node
auc_cc,alpha,communication,23,7Networks_LH_DorsAttn_FEF_1,0.216959351376313,-0.115161004965924,0.505450617687409,0.197104790877388,39,0.92314947715602,node
auc_cc,alpha,imagination,23,7Networks_LH_DorsAttn_FEF_1,-0.0938372415726876,-0.405531351263678,0.237405734897162,0.580660577500672,39,0.933204499554651,node
auc_cc,alpha,total,24,7Networks_LH_SalVentAttn_ParOper_1,0.0587434825363646,-0.270428462161637,0.3756183596352,0.72982607248948,39,0.875791286987376,node
auc_cc,alpha,social,24,7Networks_LH_SalVentAttn_ParOper_1,0.0309538613333394,-0.29603988291039,0.351453371213739,0.855687894157127,39,0.90602247616637,node
auc_cc,alpha,switching,24,7Networks_LH_SalVentAttn_ParOper_1,0.230056511855724,-0.101536975939906,0.515642968182342,0.17074813157026,39,0.521748415546076,node
auc_cc,alpha,detail,24,7Networks_LH_SalVentAttn_ParOper_1,-0.229415549352436,-0.515146038228839,0.102206630060709,0.171976007973724,39,0.521748415546076,node
auc_cc,alpha,communication,24,7Networks_LH_SalVentAttn_ParOper_1,0.245537187379947,-0.0852715429369557,0.527586860585229,0.142971842077448,39,0.521748415546076,node
auc_cc,alpha,imagination,24,7Networks_LH_SalVentAttn_ParOper_1,-0.163067801855128,-0.462646995921413,0.169935779582614,0.334878785778596,39,0.648195440276578,node
auc_cc,alpha,total,25,7Networks_LH_SalVentAttn_FrOperIns_1,0.29590990655282,-0.0310961798456586,0.565694472494822,0.0753652843207539,39,0.493300042826753,node
auc_cc,alpha,social,25,7Networks_LH_SalVentAttn_FrOperIns_1,0.275442377125607,-0.0533430115918972,0.550348268306713,0.0989351146297902,39,0.521748415546076,node
auc_cc,alpha,switching,25,7Networks_LH_SalVentAttn_FrOperIns_1,0.184660974978057,-0.148233021441479,0.47996683177809,0.273893919489655,39,0.630550637825854,node
auc_cc,alpha,detail,25,7Networks_LH_SalVentAttn_FrOperIns_1,-0.0379229783875993,-0.357553885663913,0.289660887770419,0.823660735856148,39,0.88512795494989,node
auc_cc,alpha,communication,25,7Networks_LH_SalVentAttn_FrOperIns_1,0.250727496055614,-0.0797783670493819,0.531566562053597,0.134446398518546,39,0.521748415546076,node
auc_cc,alpha,imagination,25,7Networks_LH_SalVentAttn_FrOperIns_1,0.128994415248547,-0.203537431164305,0.434843623044854,0.446717497735282,39,0.732176482652141,node
auc_cc,alpha,total,26,7Networks_LH_SalVentAttn_FrOperIns_2,0.354563154660802,0.0345025319986177,0.608660411376699,0.0313028721423501,39,0.432783255637236,node
auc_cc,alpha,social,26,7Networks_LH_SalVentAttn_FrOperIns_2,0.335261490140879,0.0126064449163615,0.594683762926838,0.042514322177984,39,0.432783255637236,node
auc_cc,alpha,switching,26,7Networks_LH_SalVentAttn_FrOperIns_2,0.133471950501896,-0.199166144140324,0.438530809476975,0.430962465375124,39,0.732176482652141,node
auc_cc,alpha,detail,26,7Networks_LH_SalVentAttn_FrOperIns_2,0.100332334225311,-0.231208816395309,0.41099534006972,0.554624352543482,39,0.81495823230879,node
auc_cc,alpha,communication,26,7Networks_LH_SalVentAttn_FrOperIns_2,0.338543072105174,0.016307413923538,0.597071125197648,0.040407388012661,39,0.432783255637236,node
auc_cc,alpha,imagination,26,7Networks_LH_SalVentAttn_FrOperIns_2,0.0217387622323012,-0.304430131179198,0.343344798990608,0.898379944280261,39,0.924047942688268,node
auc_cc,alpha,total,27,7Networks_LH_SalVentAttn_PFCl_1,-0.0270022364917903,-0.347982126733502,0.299643985058539,0.873952870917514,39,0.911950821826971,node
auc_cc,alpha,social,27,7Networks_LH_SalVentAttn_PFCl_1,-0.0690099481499234,-0.384438081200597,0.260847357986302,0.684854301521528,39,0.875791286987376,node
auc_cc,alpha,switching,27,7Networks_LH_SalVentAttn_PFCl_1,-0.0474561950814663,-0.365854974249562,0.280887524641706,0.7803106866219,39,0.88512795494989,node
auc_cc,alpha,detail,27,7Networks_LH_SalVentAttn_PFCl_1,0.135687618059818,-0.196998145580527,0.440351589706245,0.423281779701169,39,0.732176482652141,node
auc_cc,alpha,communication,27,7Networks_LH_SalVentAttn_PFCl_1,-0.054122860635295,-0.37163005501965,0.274719451633767,0.750370959769809,39,0.883890465676755,node
auc_cc,alpha,imagination,27,7Networks_LH_SalVentAttn_PFCl_1,-0.0388261813652011,-0.358342525364851,0.28883202935766,0.819529338040769,39,0.88512795494989,node
auc_cc,alpha,total,28,7Networks_LH_SalVentAttn_Med_1,-0.085445013725984,-0.398438261071554,0.245372971409664,0.615087946535275,39,0.851660233664227,node
auc_cc,alpha,social,28,7Networks_LH_SalVentAttn_Med_1,0.119173468646459,-0.213079129226186,0.426720137213071,0.482346687040042,39,0.738914073763469,node
auc_cc,alpha,switching,28,7Networks_LH_SalVentAttn_Med_1,-0.0589278437920058,-0.375777248528677,0.270256981379057,0.729010066366153,39,0.875791286987376,node
auc_cc,alpha,detail,28,7Networks_LH_SalVentAttn_Med_1,-0.226667543740849,-0.513013365514582,0.105074242966951,0.177311919739984,39,0.521748415546076,node
auc_cc,alpha,communication,28,7Networks_LH_SalVentAttn_Med_1,-0.126265399891587,-0.432591276393395,0.206195202533669,0.456471604934108,39,0.732176482652141,node
auc_cc,alpha,imagination,28,7Networks_LH_SalVentAttn_Med_1,0.0438636913189514,-0.28420014058379,0.36273272364714,0.796577677198374,39,0.88512795494989,node
auc_cc,alpha,total,29,7Networks_LH_SalVentAttn_Med_2,0.138983696210653,-0.193766949350581,0.443055595363015,0.411998885337356,39,0.732176482652141,node
auc_cc,alpha,social,29,7Networks_LH_SalVentAttn_Med_2,0.125948873234102,-0.206503148763413,0.432329788781028,0.457610301657588,39,0.732176482652141,node
auc_cc,alpha,switching,29,7Networks_LH_SalVentAttn_Med_2,-0.228130154747839,-0.514148909169529,0.103548658061315,0.174457422025005,39,0.521748415546076,node
auc_cc,alpha,detail,29,7Networks_LH_SalVentAttn_Med_2,0.179046181277674,-0.1539073270798,0.475485256695614,0.289002375670183,39,0.630550637825854,node
auc_cc,alpha,communication,29,7Networks_LH_SalVentAttn_Med_2,0.169458215394174,-0.1635464123642,0.467796667782829,0.316019713661454,39,0.648195440276578,node
auc_cc,alpha,imagination,29,7Networks_LH_SalVentAttn_Med_2,0.189914831767779,-0.14290355355212,0.484146404745775,0.260232889168074,39,0.624558934003377,node
auc_cc,alpha,total,30,7Networks_LH_SalVentAttn_Med_3,0.254315031329879,-0.075969721277915,0.534310098852359,0.128777314631498,39,0.521748415546076,node
auc_cc,alpha,social,30,7Networks_LH_SalVentAttn_Med_3,0.239740566282228,-0.0913827312241597,0.523127582934392,0.152954781331084,39,0.521748415546076,node
auc_cc,alpha,switching,30,7Networks_LH_SalVentAttn_Med_3,0.30273944396724,-0.0236001314448938,0.570773897169635,0.0685623569822739,39,0.493300042826753,node
auc_cc,alpha,detail,30,7Networks_LH_SalVentAttn_Med_3,-0.0628469066651977,-0.379150430939676,0.266606777885293,0.711734538280703,39,0.875791286987376,node
auc_cc,alpha,communication,30,7Networks_LH_SalVentAttn_Med_3,-0.00661593620081017,-0.329933170475587,0.318090482939878,0.969000180310865,39,0.982648070174398,node
auc_cc,alpha,imagination,30,7Networks_LH_SalVentAttn_Med_3,0.221921461544814,-0.110013940822309,0.509321681018399,0.186803366919055,39,0.521748415546076,node
auc_cc,alpha,total,31,7Networks_LH_Limbic_OFC_1,0.33358019360538,0.0107136969792143,0.593458838786228,0.0436277164721134,39,0.525763616308308,node
auc_cc,alpha,social,31,7Networks_LH_Limbic_OFC_1,0.285243055912246,-0.0427308997497739,0.557719899478869,0.087031243201356,39,0.65273432401017,node
auc_cc,alpha,switching,31,7Networks_LH_Limbic_OFC_1,0.0893934630586471,-0.241630034183413,0.401780150639879,0.598783009365977,39,0.916717653052388,node
auc_cc,alpha,detail,31,7Networks_LH_Limbic_OFC_1,0.048481520119506,-0.279940644258883,0.366744773094325,0.775684473261712,39,0.930821367914054,node
auc_cc,alpha,communication,31,7Networks_LH_Limbic_OFC_1,0.389369927740034,0.074780064332289,0.633472175205717,0.0172182518234079,39,0.516547554702236,node
auc_cc,alpha,imagination,31,7Networks_LH_Limbic_OFC_1,0.0974226667158332,-0.233988238333335,0.408550342506352,0.566220363487432,39,0.916717653052388,node
auc_cc,alpha,total,32,7Networks_LH_Limbic_TempPole_1,0.239087396873513,-0.0920697864149152,0.522624132186343,0.154110671316023,39,0.877216322592539,node
auc_cc,alpha,social,32,7Networks_LH_Limbic_TempPole_1,0.223103463670651,-0.108785250539257,0.510242077733766,0.184406674689843,39,0.877216322592539,node
auc_cc,alpha,switching,32,7Networks_LH_Limbic_TempPole_1,0.0213931241106958,-0.304743849240497,0.343039728564274,0.899987479230311,39,0.961199260113305,node
auc_cc,alpha,detail,32,7Networks_LH_Limbic_TempPole_1,0.0578050731936701,-0.271300985551728,0.374809317254671,0.733984109601293,39,0.930821367914054,node
auc_cc,alpha,communication,32,7Networks_LH_Limbic_TempPole_1,0.321191828773852,-0.00316174746494296,0.584395912489229,0.0525763616308308,39,0.525763616308308,node
auc_cc,alpha,imagination,32,7Networks_LH_Limbic_TempPole_1,0.0151341275941018,-0.310412602999068,0.33750358834401,0.929159284776195,39,0.961199260113305,node
auc_cc,alpha,total,33,7Networks_LH_Limbic_TempPole_2,-0.169756633506059,-0.468036651990082,0.163247358803238,0.315155668293461,39,0.916717653052388,node
auc_cc,alpha,social,33,7Networks_LH_Limbic_TempPole_2,-0.130457864039959,-0.43604988149617,0.20211016574038,0.441533918413651,39,0.916717653052388,node
auc_cc,alpha,switching,33,7Networks_LH_Limbic_TempPole_2,-0.00778869547685279,-0.330977917577723,0.317035937539836,0.963508455941655,39,0.963508455941655,node
auc_cc,alpha,detail,33,7Networks_LH_Limbic_TempPole_2,-0.179407732806301,-0.475774301486697,0.15354260375435,0.288013639156206,39,0.916717653052388,node
auc_cc,alpha,communication,33,7Networks_LH_Limbic_TempPole_2,-0.0240197703306137,-0.34535638391614,0.302358000789156,0.887781450669647,39,0.961199260113305,node
auc_cc,alpha,imagination,33,7Networks_LH_Limbic_TempPole_2,-0.137631087530069,-0.441946623892771,0.195093806484604,0.416608247892339,39,0.916717653052388,node
auc_cc,alpha,total,34,7Networks_LH_Cont_Par_1,-0.121859884331279,-0.428947172346486,0.210475380827295,0.472456576584193,39,0.79733360651545,node
auc_cc,alpha,social,34,7Networks_LH_Cont_Par_1,-0.258298273819347,-0.537349353895537,0.071729658553974,0.122693180414924,39,0.754442090346849,node
auc_cc,alpha,switching,34,7Networks_LH_Cont_Par_1,0.030767272571334,-0.296210271966461,0.351289663151624,0.85654874920622,39,0.914861275933316,node
auc_cc,alpha,detail,34,7Networks_LH_Cont_Par_1,0.119815664758438,-0.212457123927787,0.427252856417969,0.479972683093488,39,0.79733360651545,node
auc_cc,alpha,communication,34,7Networks_LH_Cont_Par_1,-0.258971234707293,-0.537862115264458,0.0710121286256928,0.121686852237776,39,0.754442090346849,node
auc_cc,alpha,imagination,34,7Networks_LH_Cont_Par_1,0.0846781398465776,-0.246098788371398,0.397788228945725,0.618276246830407,39,0.861170486656639,node
auc_cc,alpha,total,35,7Networks_LH_Cont_PFCl_1,0.317859667704702,-0.00687270205796727,0.581946953657948,0.0552181916359267,39,0.622678327904662,node
auc_cc,alpha,social,35,7Networks_LH_Cont_PFCl_1,0.336777368254869,0.0143149547232835,0.595787138389533,0.0415302756376307,39,0.622678327904662,node
auc_cc,alpha,switching,35,7Networks_LH_Cont_PFCl_1,0.105958908485347,-0.225818709975309,0.415710714688324,0.532521030015704,39,0.812417089771017,node
auc_cc,alpha,detail,35,7Networks_LH_Cont_PFCl_1,-0.0653426881946618,-0.381294206265225,0.264277278123621,0.700805631981793,39,0.909883271415789,node
auc_cc,alpha,communication,35,7Networks_LH_Cont_PFCl_1,0.218655486161399,-0.113403653542626,0.506775121492429,0.193539813118392,39,0.754442090346849,node
auc_cc,alpha,imagination,35,7Networks_LH_Cont_PFCl_1,0.307773405103032,-0.0180513018116839,0.574504786523771,0.0638644438876577,39,0.622678327904662,node
auc_cc,alpha,total,36,7Networks_LH_Cont_pCun_1,0.205471103794158,-0.1270094078372,0.496443565448692,0.222463693307404,39,0.754442090346849,node
auc_cc,alpha,social,36,7Networks_LH_Cont_pCun_1,0.272402381832618,-0.0566196773258204,0.548052978133368,0.102869108219436,39,0.754442090346849,node
auc_cc,alpha,switching,36,7Networks_LH_Cont_pCun_1,0.0323756993162184,-0.294740805574311,0.352700210985616,0.849133495840297,39,0.914861275933316,node
auc_cc,alpha,detail,36,7Networks_LH_Cont_pCun_1,-0.120783909170437,-0.428055638253283,0.211518812074521,0.476404930131388,39,0.79733360651545,node
auc_cc,alpha,communication,36,7Networks_LH_Cont_pCun_1,0.321390964615526,-0.00293969099521135,0.584542114934534,0.0524217385690153,39,0.622678327904662,node
auc_cc,alpha,imagination,36,7Networks_LH_Cont_pCun_1,0.0389289634444485,-0.288737676352436,0.358432241560875,0.81905949732247,39,0.914861275933316,node
auc_cc,alpha,total,37,7Networks_LH_Cont_Cing_1,0.170494677338735,-0.162507480469646,0.468629988948221,0.313025105224829,39,0.79733360651545,node
auc_cc,alpha,social,37,7Networks_LH_Cont_Cing_1,0.182688731544171,-0.150228669424188,0.478394395040796,0.279140912170168,39,0.79733360651545,node
auc_cc,alpha,switching,37,7Networks_LH_Cont_Cing_1,-0.212438507366143,-0.501913657886379,0.119834881344527,0.206830653401059,39,0.754442090346849,node
auc_cc,alpha,detail,37,7Networks_LH_Cont_Cing_1,0.18146575160646,-0.151464801169669,0.477418380121278,0.28242716703469,39,0.79733360651545,node
auc_cc,alpha,communication,37,7Networks_LH_Cont_Cing_1,0.221126308657475,-0.110839931222225,0.508702144383952,0.188427991412113,39,0.754442090346849,node
auc_cc,alpha,imagination,37,7Networks_LH_Cont_Cing_1,0.122448008527965,-0.209904724782133,0.429434228977407,0.470305729303526,39,0.79733360651545,node
auc_cc,alpha,total,38,7Networks_LH_Default_Temp_1,0.278620207395916,-0.0499101943696721,0.552743194360667,0.0949466058742549,39,0.585269514539877,node
auc_cc,alpha,social,38,7Networks_LH_Default_Temp_1,0.33928677125861,0.0171473871133455,0.597611533131763,0.0399418647750744,39,0.442432963662362,node
auc_cc,alpha,switching,38,7Networks_LH_Default_Temp_1,0.215448747968718,-0.116724380530296,0.50426984875848,0.200318301224423,39,0.623913246137484,node
auc_cc,alpha,detail,38,7Networks_LH_Default_Temp_1,-0.157792787972342,-0.458380875282499,0.175188919884722,0.350957225733204,39,0.706541087685868,node
auc_cc,alpha,communication,38,7Networks_LH_Default_Temp_1,0.154290898152788,-0.178665848864176,0.455541082119763,0.361885005022486,39,0.706541087685868,node
auc_cc,alpha,imagination,38,7Networks_LH_Default_Temp_1,0.204076710241109,-0.128441087326263,0.495346048159339,0.225686951411565,39,0.623913246137484,node
auc_cc,alpha,total,39,7Networks_LH_Default_Temp_2,-0.229462437218444,-0.515182396299216,0.102157653524688,0.171885972415752,39,0.603697073850448,node
auc_cc,alpha,social,39,7Networks_LH_Default_Temp_2,-0.0953703589600075,-0.406823095879644,0.23594542603996,0.574465817255112,39,0.802627000629194,node
auc_cc,alpha,switching,39,7Networks_LH_Default_Temp_2,-0.220231250527036,-0.508004410933028,0.111769153040452,0.190268633022692,39,0.619588892868918,node
auc_cc,alpha,detail,39,7Networks_LH_Default_Temp_2,-0.134252999519211,-0.439172941966165,0.198402270426297,0.428246151541273,39,0.735960785457455,node
auc_cc,alpha,communication,39,7Networks_LH_Default_Temp_2,0.00370441334183411,-0.320705056037364,0.327336025559654,0.98263962651718,39,0.989511232297021,node
auc_cc,alpha,imagination,39,7Networks_LH_Default_Temp_2,-0.208809955974354,-0.499067777260964,0.123575635870247,0.214874176585599,39,0.623913246137484,node
auc_cc,alpha,total,40,7Networks_LH_Default_Par_1,-0.00800131703454739,-0.331167245688352,0.316844662140712,0.962512974884144,39,0.989511232297021,node
auc_cc,alpha,social,40,7Networks_LH_Default_Par_1,-0.0909178271455706,-0.403068119852999,0.240182371162334,0.59253879679547,39,0.804958365457996,node
auc_cc,alpha,switching,40,7Networks_LH_Default_Par_1,0.251948755462289,-0.0784829202426369,0.532501171738912,0.132496204314583,39,0.596232919415622,node
auc_cc,alpha,detail,40,7Networks_LH_Default_Par_1,-0.115506135916535,-0.423673889820669,0.2166260071695,0.496019834835232,39,0.753874089560512,node
auc_cc,alpha,communication,40,7Networks_LH_Default_Par_1,-0.00494636217441394,-0.328444470662887,0.319590379394947,0.976820723516147,39,0.989511232297021,node
auc_cc,alpha,imagination,40,7Networks_LH_Default_Par_1,-0.0842323599450487,-0.397410224035829,0.246520531660565,0.620132758972653,39,0.811810157200564,node
auc_cc,alpha,total,41,7Networks_LH_Default_Par_2,0.165845803479171,-0.167161668587318,0.464888116598008,0.326596942116402,39,0.706541087685868,node
auc_cc,alpha,social,41,7Networks_LH_Default_Par_2,0.0332682901620504,-0.293924662239156,0.35348236202437,0.845023886417928,39,0.943282477861874,node
auc_cc,alpha,switching,41,7Networks_LH_Default_Par_2,0.261680270504359,-0.0681202194919968,0.539924175153046,0.117698186562373,39,0.585269514539877,node
auc_cc,alpha,detail,41,7Networks_LH_Default_Par_2,-0.0260975726667066,-0.347186198614293,0.300467779479245,0.878143760042995,39,0.96528779729917,node
auc_cc,alpha,communication,41,7Networks_LH_Default_Par_2,0.23816756977081,-0.0930367988484478,0.521914811208343,0.155749201911263,39,0.603697073850448,node
auc_cc,alpha,imagination,41,7Networks_LH_Default_Par_2,-0.0802076504837598,-0.393992600513845,0.250322564539917,0.636998003433484,39,0.823496988257979,node
auc_cc,alpha,total,42,7Networks_LH_Default_PFC_1,0.454590852222548,0.153120810120504,0.678651036685911,0.00470461701099405,39,0.225821616527714,node
auc_cc,alpha,social,42,7Networks_LH_Default_PFC_1,0.400054060962302,0.0873528578328571,0.640988904232311,0.0141537372816432,39,0.399742255180258,node
auc_cc,alpha,switching,42,7Networks_LH_Default_PFC_1,0.265326963494071,-0.0642185855806368,0.542694695635488,0.112484918122127,39,0.585269514539877,node
auc_cc,alpha,detail,42,7Networks_LH_Default_PFC_1,-0.167607033566842,-0.466306986427216,0.165400169742092,0.321412847487691,39,0.706541087685868,node
auc_cc,alpha,communication,42,7Networks_LH_Default_PFC_1,0.588810437262283,0.327214933090298,0.76657992533266,0.000126297193112902,39,0.0181867958082579,node
auc_cc,alpha,imagination,42,7Networks_LH_Default_PFC_1,0.154330160512052,-0.17862691239968,0.455572955229522,0.361761366765385,39,0.706541087685868,node
auc_cc,alpha,total,43,7Networks_LH_Default_PFC_2,0.409449088953617,0.0984916014081682,0.647560727408635,0.0118522764590096,39,0.399742255180258,node
auc_cc,alpha,social,43,7Networks_LH_Default_PFC_2,0.346136270711195,0.024905012800598,0.602577701358614,0.0358556652108571,39,0.430267982530286,node
auc_cc,alpha,switching,43,7Networks_LH_Default_PFC_2,0.211042834981612,-0.121274828537807,0.500819770328176,0.209899369482771,39,0.623913246137484,node
auc_cc,alpha,detail,43,7Networks_LH_Default_PFC_2,0.0852262144420036,-0.245580094431365,0.398252830339958,0.615996905681825,39,0.811810157200564,node
auc_cc,alpha,communication,43,7Networks_LH_Default_PFC_2,0.322624937248999,-0.00156297397895899,0.585447697617724,0.051471683946622,39,0.456365269845463,node
auc_cc,alpha,imagination,43,7Networks_LH_Default_PFC_2,0.140531223039624,-0.192247390398251,0.444323235191332,0.406760946195389,39,0.735960785457455,node
auc_cc,alpha,total,44,7Networks_LH_Default_PFC_3,0.328414932624323,0.00491325355734128,0.589688094602551,0.0471963081730416,39,0.453084558461199,node
auc_cc,alpha,social,44,7Networks_LH_Default_PFC_3,0.202387282024437,-0.130173835757642,0.494015064230438,0.229634736425602,39,0.623913246137484,node
auc_cc,alpha,switching,44,7Networks_LH_Default_PFC_3,0.0156943373671899,-0.309906164432898,0.338000009415982,0.926543993309924,39,0.989511232297021,node
auc_cc,alpha,detail,44,7Networks_LH_Default_PFC_3,0.187435746003418,-0.145420724390212,0.482175902373879,0.266621706660356,39,0.685598674269486,node
auc_cc,alpha,communication,44,7Networks_LH_Default_PFC_3,0.220850566030534,-0.111126260609469,0.50848723228166,0.188993698144735,39,0.619588892868918,node
auc_cc,alpha,imagination,44,7Networks_LH_Default_PFC_3,0.347746598485714,0.0267344767729279,0.60374237870565,0.0349462623845236,39,0.430267982530286,node
auc_cc,alpha,total,45,7Networks_LH_Default_PFC_4,0.231523492545092,-0.100003196567123,0.516779576755182,0.16796153350682,39,0.603697073850448,node
auc_cc,alpha,social,45,7Networks_LH_Default_PFC_4,0.115348501028186,-0.216778268196989,0.423542794933481,0.49661195374437,39,0.753874089560512,node
auc_cc,alpha,switching,45,7Networks_LH_Default_PFC_4,0.123116735336488,-0.209255584910771,0.429987819991153,0.467866405604165,39,0.753874089560512,node
auc_cc,alpha,detail,45,7Networks_LH_Default_PFC_4,-0.149645467331632,-0.45176447036822,0.183265371187009,0.376691875750204,39,0.723248401440392,node
auc_cc,alpha,communication,45,7Networks_LH_Default_PFC_4,0.26827757381734,-0.0610543066685671,0.544931968949005,0.108395739780618,39,0.585269514539877,node
auc_cc,alpha,imagination,45,7Networks_LH_Default_PFC_4,0.375217877868532,0.0582788931917712,0.62344418356574,0.0221171911937764,39,0.400111708716736,node
auc_cc,alpha,total,46,7Networks_LH_Default_PFC_5,0.263011940314979,-0.0666966207396723,0.540936590699381,0.115773839887053,39,0.585269514539877,node
auc_cc,alpha,social,46,7Networks_LH_Default_PFC_5,0.164665256540947,-0.168341206759333,0.463936192012876,0.330100735469054,39,0.706541087685868,node
auc_cc,alpha,switching,46,7Networks_LH_Default_PFC_5,0.165368479130671,-0.167638699890146,0.464503313166305,0.32801081970236,39,0.706541087685868,node
auc_cc,alpha,detail,46,7Networks_LH_Default_PFC_5,0.141291038148394,-0.191500722584831,0.444945184548794,0.404203163176348,39,0.735960785457455,node
auc_cc,alpha,communication,46,7Networks_LH_Default_PFC_5,-0.0614346629900933,-0.37793586466647,0.267923227569041,0.717944038185677,39,0.878497711111796,node
auc_cc,alpha,imagination,46,7Networks_LH_Default_PFC_5,0.368057504163452,0.0499954203686135,0.618339114362399,0.025006981794796,39,0.400111708716736,node
auc_cc,alpha,total,47,7Networks_LH_Default_PFC_6,0.164090600275142,-0.168915027105307,0.463472572300153,0.331814670390959,39,0.706541087685868,node
auc_cc,alpha,social,47,7Networks_LH_Default_PFC_6,-0.0927064282654907,-0.404577773861878,0.238481886768659,0.585248854625454,39,0.802627000629194,node
auc_cc,alpha,switching,47,7Networks_LH_Default_PFC_6,0.106660513864121,-0.225145163435566,0.41629753270092,0.529795084220514,39,0.778474409466878,node
auc_cc,alpha,detail,47,7Networks_LH_Default_PFC_6,0.133946641637602,-0.19870193966033,0.438921109692895,0.429310458183515,39,0.735960785457455,node
auc_cc,alpha,communication,47,7Networks_LH_Default_PFC_6,0.0486298047349357,-0.279803651561871,0.36687340945619,0.775016046339759,39,0.898068364569739,node
auc_cc,alpha,imagination,47,7Networks_LH_Default_PFC_6,0.373360448190394,0.0561259267562322,0.622121938031746,0.0228387125067807,39,0.400111708716736,node
auc_cc,alpha,total,48,7Networks_LH_Default_PFC_7,0.202966772588623,-0.129579714735647,0.494471758925134,0.228275349246637,39,0.623913246137484,node
auc_cc,alpha,social,48,7Networks_LH_Default_PFC_7,0.218616363192068,-0.113444211955159,0.506744585864809,0.193621529021537,39,0.619588892868918,node
auc_cc,alpha,switching,48,7Networks_LH_Default_PFC_7,0.119208843326699,-0.213044873742677,0.426749487031189,0.482215758937804,39,0.753874089560512,node
auc_cc,alpha,detail,48,7Networks_LH_Default_PFC_7,-0.143501429212021,-0.446752844051323,0.189326386082865,0.396814816794455,39,0.735960785457455,node
auc_cc,alpha,communication,48,7Networks_LH_Default_PFC_7,0.238280381934649,-0.0929182332489271,0.52200182697362,0.155547566997936,39,0.603697073850448,node
auc_cc,alpha,imagination,48,7Networks_LH_Default_PFC_7,0.129594534100115,-0.202952320988821,0.435338408228558,0.444587864192159,39,0.742858210628628,node
auc_cc,alpha,total,49,7Networks_LH_Default_pCunPCC_1,0.179120745096857,-0.153832116557342,0.475544872479426,0.288798286873057,39,0.706541087685868,node
auc_cc,alpha,social,49,7Networks_LH_Default_pCunPCC_1,-0.00728163546942655,-0.330526302753888,0.317491984592505,0.965882696541429,39,0.989511232297021,node
auc_cc,alpha,switching,49,7Networks_LH_Default_pCunPCC_1,0.176903936046419,-0.156066505826473,0.47377131028032,0.294905604410018,39,0.706541087685868,node
auc_cc,alpha,detail,49,7Networks_LH_Default_pCunPCC_1,-0.044862460702513,-0.36360147474082,0.283279969589722,0.79204640486359,39,0.898068364569739,node
auc_cc,alpha,communication,49,7Networks_LH_Default_pCunPCC_1,0.313614238926896,-0.0115878208460827,0.578819837951603,0.0587361740553018,39,0.469889392442415,node
auc_cc,alpha,imagination,49,7Networks_LH_Default_pCunPCC_1,0.0929388475237224,-0.238260768616336,0.404773820708594,0.584304498882671,39,0.802627000629194,node
auc_cc,alpha,total,50,7Networks_LH_Default_pCunPCC_2,0.319535713139678,-0.00500724440163659,0.583179355732819,0.0538764554678672,39,0.456365269845463,node
auc_cc,alpha,social,50,7Networks_LH_Default_pCunPCC_2,0.115152818822251,-0.216967257010548,0.423380040557357,0.497347489640615,39,0.753874089560512,node
auc_cc,alpha,switching,50,7Networks_LH_Default_pCunPCC_2,0.241528855334024,-0.0895000530638041,0.524504951363904,0.149822404529603,39,0.603697073850448,node
auc_cc,alpha,detail,50,7Networks_LH_Default_pCunPCC_2,-0.0664680541633624,-0.38225973979718,0.263225630216996,0.695896861872231,39,0.871383896605228,node
auc_cc,alpha,communication,50,7Networks_LH_Default_pCunPCC_2,0.29037551526629,-0.0371438223719945,0.561563232311518,0.081255359191401,39,0.585038586178087,node
auc_cc,alpha,imagination,50,7Networks_LH_Default_pCunPCC_2,0.391203543895829,0.0769307270834787,0.634765483228938,0.0166559272991774,39,0.399742255180258,node
auc_cc,alpha,total,51,7Networks_RH_Vis_1,-0.0411735583213981,-0.360390028010401,0.286675570423279,0.80881469702256,39,0.911343114182864,node
auc_cc,alpha,social,51,7Networks_RH_Vis_1,-0.235327175258087,-0.519721972718151,0.096018961439625,0.160888678357713,39,0.683625573653662,node
auc_cc,alpha,switching,51,7Networks_RH_Vis_1,0.256283057189057,-0.0738762984382549,0.535812628199701,0.125743867846654,39,0.667311875603829,node
auc_cc,alpha,detail,51,7Networks_RH_Vis_1,-0.0046821154617373,-0.328208703845375,0.319827621933187,0.978058709903051,39,0.978058709903051,node
auc_cc,alpha,communication,51,7Networks_RH_Vis_1,-0.050992382848001,-0.368921296979484,0.277619178877965,0.764387989571764,39,0.911343114182864,node
auc_cc,alpha,imagination,51,7Networks_RH_Vis_1,-0.07333538800712,-0.388136821236062,0.256791122215909,0.666211895324904,39,0.881752135123068,node
auc_cc,alpha,total,52,7Networks_RH_Vis_2,0.122903030412968,-0.209463062293734,0.429810934080384,0.468645210179489,39,0.79877989737449,node
auc_cc,alpha,social,52,7Networks_RH_Vis_2,0.0464401888124892,-0.281825169112393,0.364972687875579,0.784902204477833,39,0.911343114182864,node
auc_cc,alpha,switching,52,7Networks_RH_Vis_2,0.111736556041447,-0.220262658532485,0.42053542977002,0.510277487464337,39,0.839488769699393,node
auc_cc,alpha,detail,52,7Networks_RH_Vis_2,0.178657965672309,-0.154298847411174,0.475174823855677,0.290066462691214,39,0.72946352319292,node
auc_cc,alpha,communication,52,7Networks_RH_Vis_2,0.0199828798198609,-0.306023122916914,0.341794301625463,0.906550412412857,39,0.949933786330416,node
auc_cc,alpha,imagination,52,7Networks_RH_Vis_2,-0.0498469076475946,-0.367928782088578,0.278678725773321,0.769535740841933,39,0.911343114182864,node
auc_cc,alpha,total,53,7Networks_RH_Vis_3,0.0409028705563825,-0.286924412055812,0.360154077048767,0.810048547514794,39,0.911343114182864,node
auc_cc,alpha,social,53,7Networks_RH_Vis_3,0.0481647189063356,-0.280233276158226,0.366469908420575,0.777113059447801,39,0.911343114182864,node
auc_cc,alpha,switching,53,7Networks_RH_Vis_3,0.268919722206052,-0.0603647788632415,0.545418350704441,0.107520900604327,39,0.667311875603829,node
auc_cc,alpha,detail,53,7Networks_RH_Vis_3,-0.163978360136936,-0.463382000350835,0.169027077629285,0.332150071932956,39,0.72946352319292,node
auc_cc,alpha,communication,53,7Networks_RH_Vis_3,0.0156832686417404,-0.309916172526739,0.337990202775592,0.926595659448672,39,0.954674315795601,node
auc_cc,alpha,imagination,53,7Networks_RH_Vis_3,-0.112483434403295,-0.421157850059314,0.219542850115749,0.507436390160517,39,0.839488769699393,node
auc_cc,alpha,total,54,7Networks_RH_Vis_4,0.180192998900112,-0.152750136111767,0.476401867310588,0.285873692862241,39,0.72946352319292,node
auc_cc,alpha,social,54,7Networks_RH_Vis_4,0.143932037929105,-0.188902420980172,0.447104708263922,0.395384612546579,39,0.72946352319292,node
auc_cc,alpha,switching,54,7Networks_RH_Vis_4,0.145325591534023,-0.187529516653159,0.44824278287451,0.390776596547082,39,0.72946352319292,node
auc_cc,alpha,detail,54,7Networks_RH_Vis_4,0.0312271433360556,-0.295790289786879,0.351693106270235,0.854427363587,39,0.927144586019936,node
auc_cc,alpha,communication,54,7Networks_RH_Vis_4,0.231738812698411,-0.0997779391722575,0.516946321038257,0.167555287660211,39,0.683625573653662,node
auc_cc,alpha,imagination,54,7Networks_RH_Vis_4,-0.109347362775959,-0.418542412097373,0.222562831836496,0.519419015070445,39,0.840964119637863,node
auc_cc,alpha,total,55,7Networks_RH_Vis_5,0.369770175686263,0.0519727496533457,0.619562107641695,0.0242888187332103,39,0.667311875603829,node
auc_cc,alpha,social,55,7Networks_RH_Vis_5,0.297869298787188,-0.0289493221265158,0.567153855153913,0.0733617973306136,39,0.667311875603829,node
auc_cc,alpha,switching,55,7Networks_RH_Vis_5,0.219121445773803,-0.112920512517907,0.507138749182824,0.192568427759643,39,0.701499272552984,node
auc_cc,alpha,detail,55,7Networks_RH_Vis_5,0.0186666208143898,-0.307216078525219,0.340630854996067,0.912681480984126,39,0.949933786330416,node
auc_cc,alpha,communication,55,7Networks_RH_Vis_5,0.187229254990115,-0.14563019340079,0.482011638249158,0.267158466658884,39,0.72946352319292,node
auc_cc,alpha,imagination,55,7Networks_RH_Vis_5,0.325897394118931,0.0020939971501991,0.587846102773099,0.0490187727522236,39,0.667311875603829,node
auc_cc,alpha,total,56,7Networks_RH_Vis_6,0.246985355563962,-0.0837408906977181,0.528698499183371,0.140554230190383,39,0.672207488354041,node
auc_cc,alpha,social,56,7Networks_RH_Vis_6,0.158731280506354,-0.174255703391559,0.459140887113616,0.348062984155174,39,0.72946352319292,node
auc_cc,alpha,switching,56,7Networks_RH_Vis_6,0.312434274718956,-0.01289576623568,0.577949307516645,0.0597449086711383,39,0.667311875603829,node
auc_cc,alpha,detail,56,7Networks_RH_Vis_6,-0.181901581101237,-0.477766283248779,0.151024404200208,0.281253190297675,39,0.72946352319292,node
auc_cc,alpha,communication,56,7Networks_RH_Vis_6,0.184763791998831,-0.148128909888409,0.480048754067136,0.273622163148282,39,0.72946352319292,node
auc_cc,alpha,imagination,56,7Networks_RH_Vis_6,0.234435130822303,-0.096954303263991,0.519032523394263,0.162527762794816,39,0.683625573653662,node
auc_cc,alpha,total,57,7Networks_RH_Vis_7,0.0568100589497432,-0.272225549142459,0.373950945689688,0.738401122130717,39,0.911343114182864,node
auc_cc,alpha,social,57,7Networks_RH_Vis_7,-0.0940075872660686,-0.405674939371568,0.2372435529066,0.579970798400289,39,0.847335239661001,node
auc_cc,alpha,switching,57,7Networks_RH_Vis_7,0.145052911870702,-0.187798258206507,0.448020170589437,0.39167579293868,39,0.72946352319292,node
auc_cc,alpha,detail,57,7Networks_RH_Vis_7,0.0754435091270534,-0.254809980640165,0.389935834845493,0.657196157629055,39,0.881752135123068,node
auc_cc,alpha,communication,57,7Networks_RH_Vis_7,0.0719032708722077,-0.258135397211544,0.386913321148563,0.672363101470832,39,0.881752135123068,node
auc_cc,alpha,imagination,57,7Networks_RH_Vis_7,-0.0402423965451021,-0.359578188838106,0.28753139622244,0.813061013633732,39,0.911343114182864,node
auc_cc,alpha,total,58,7Networks_RH_Vis_8,0.265542867516584,-0.0639872713423175,0.542858536457764,0.112181815468096,39,0.667311875603829,node
auc_cc,alpha,social,58,7Networks_RH_Vis_8,0.0913918112459204,-0.239731936044244,0.403468347732241,0.590603066896917,39,0.847335239661001,node
auc_cc,alpha,switching,58,7Networks_RH_Vis_8,0.341954971974334,0.0201647410510987,0.599548447735443,0.0383073644767078,39,0.667311875603829,node
auc_cc,alpha,detail,58,7Networks_RH_Vis_8,0.0909389989418323,-0.240162254287442,0.403085999673827,0.592452272779204,39,0.847335239661001,node
auc_cc,alpha,communication,58,7Networks_RH_Vis_8,0.0652104433818919,-0.264400808680302,0.381180698517533,0.701383264800628,39,0.905583455818532,node
auc_cc,alpha,imagination,58,7Networks_RH_Vis_8,0.144683529319765,-0.188162226576198,0.447718551341786,0.392895792775974,39,0.72946352319292,node
auc_cc,alpha,total,59,7Networks_RH_SomMot_1,0.0272152248204686,-0.299449965248032,0.348169447746533,0.8729666818696,39,0.913846535219126,node
auc_cc,alpha,social,59,7Networks_RH_SomMot_1,-0.0466333198813454,-0.36514044438711,0.281646981969561,0.784028853493261,39,0.913846535219126,node
auc_cc,alpha,switching,59,7Networks_RH_SomMot_1,0.276119178044449,-0.0526125553283438,0.550858708985789,0.0980751224839175,39,0.686525857387423,node
auc_cc,alpha,detail,59,7Networks_RH_SomMot_1,-0.195963645304357,-0.488941814542619,0.136743692995338,0.245072781381723,39,0.833031883841977,node
auc_cc,alpha,communication,59,7Networks_RH_SomMot_1,-0.108835223991915,-0.418114808127447,0.223055408157306,0.521389024048091,39,0.913846535219126,node
auc_cc,alpha,imagination,59,7Networks_RH_SomMot_1,0.188612834086799,-0.144226090273862,0.483111883316789,0.263575499841447,39,0.833031883841977,node
auc_cc,alpha,total,60,7Networks_RH_SomMot_2,0.0712678139426747,-0.25873146790042,0.386370075974759,0.675099268054466,39,0.913846535219126,node
auc_cc,alpha,social,60,7Networks_RH_SomMot_2,-0.0477472385522723,-0.366107607133061,0.280618813019309,0.778996749738775,39,0.913846535219126,node
auc_cc,alpha,switching,60,7Networks_RH_SomMot_2,0.34945527981813,0.0286780326457299,0.604976996879892,0.0340019956952726,39,0.357020954800363,node
auc_cc,alpha,detail,60,7Networks_RH_SomMot_2,-0.211602680528378,-0.501258672251118,0.120697391000573,0.208664652892821,39,0.833031883841977,node
auc_cc,alpha,communication,60,7Networks_RH_SomMot_2,-0.032589086433552,-0.352887236545849,0.294545737769502,0.848150671641764,39,0.913846535219126,node
auc_cc,alpha,imagination,60,7Networks_RH_SomMot_2,0.173670112435234,-0.159319875066658,0.471179757728291,0.303962102640052,39,0.833031883841977,node
auc_cc,alpha,total,61,7Networks_RH_SomMot_3,-0.155843969901865,-0.45680127415907,0.177124872635971,0.357013664503705,39,0.833031883841977,node
auc_cc,alpha,social,61,7Networks_RH_SomMot_3,-0.160003088699054,-0.460170123997789,0.172990089818782,0.344164058178814,39,0.833031883841977,node
auc_cc,alpha,switching,61,7Networks_RH_SomMot_3,0.112036224127849,-0.219973895077279,0.420785196783963,0.509136606404912,39,0.913846535219126,node
auc_cc,alpha,detail,61,7Networks_RH_SomMot_3,-0.204071011650869,-0.495341560930699,0.128446935453882,0.22570018925125,39,0.833031883841977,node
auc_cc,alpha,communication,61,7Networks_RH_SomMot_3,-0.244742980409786,-0.526976803355793,0.0861103234980249,0.144310599953578,39,0.831101219123068,node
auc_cc,alpha,imagination,61,7Networks_RH_SomMot_3,0.107324949083969,-0.224507008023239,0.416853024127018,0.527219824903167,39,0.913846535219126,node
auc_cc,alpha,total,62,7Networks_RH_SomMot_4,0.0906092814425566,-0.240475510773119,0.402807522481015,0.593800376963295,39,0.913846535219126,node
auc_cc,alpha,social,62,7Networks_RH_SomMot_4,-0.0094021948019538,-0.33241400213915,0.315583764728773,0.955955617526504,39,0.967473155087065,node
auc_cc,alpha,switching,62,7Networks_RH_SomMot_4,0.307091319348101,-0.0188043279582858,0.573999911192649,0.0644856783994349,39,0.492436089595685,node
auc_cc,alpha,detail,62,7Networks_RH_SomMot_4,-0.238635843212011,-0.522275967435851,0.0925445819620917,0.154913472153907,39,0.831101219123068,node
auc_cc,alpha,communication,62,7Networks_RH_SomMot_4,-0.101643429430702,-0.412095596455861,0.229954638638017,0.549435762921388,39,0.913846535219126,node
auc_cc,alpha,imagination,62,7Networks_RH_SomMot_4,0.374142023505165,0.0570314996123772,0.62267848980209,0.0225327613618939,39,0.354440476859683,node
auc_cc,alpha,total,63,7Networks_RH_SomMot_5,-0.0680814156824486,-0.383642758434275,0.261716585211091,0.688880737938524,39,0.913846535219126,node
auc_cc,alpha,social,63,7Networks_RH_SomMot_5,-0.130409618476255,-0.43601013223089,0.202157240974311,0.441704278694758,39,0.913846535219126,node
auc_cc,alpha,switching,63,7Networks_RH_SomMot_5,0.0665086537476962,-0.263187675493705,0.382294560258844,0.69571999534845,39,0.913846535219126,node
auc_cc,alpha,detail,63,7Networks_RH_SomMot_5,0.0283426456181764,-0.298422501176753,0.349160575837658,0.867749621107404,39,0.913846535219126,node
auc_cc,alpha,communication,63,7Networks_RH_SomMot_5,-0.0356947426710472,-0.355606330299439,0.291703613563341,0.833872837748197,39,0.913846535219126,node
auc_cc,alpha,imagination,63,7Networks_RH_SomMot_5,-0.135821170760113,-0.440461259957062,0.196867362147809,0.422821277652409,39,0.913846535219126,node
auc_cc,alpha,total,64,7Networks_RH_SomMot_6,-0.358956954176257,-0.61182014991564,-0.0395302283927858,0.0291240887442483,39,0.354440476859683,node
auc_cc,alpha,social,64,7Networks_RH_SomMot_6,-0.42848814744066,-0.660770808442833,-0.121305805943277,0.0081469198090184,39,0.228113754652515,node
auc_cc,alpha,switching,64,7Networks_RH_SomMot_6,-0.250131383026221,-0.531110118081482,0.0804102867395609,0.135405985823611,39,0.831101219123068,node
auc_cc,alpha,detail,64,7Networks_RH_SomMot_6,0.00351800532445839,-0.320872283849239,0.327169578625946,0.983513087518324,39,0.983513087518324,node
auc_cc,alpha,communication,64,7Networks_RH_SomMot_6,-0.0979558409773104,-0.408998703949261,0.233479335618741,0.564087181515413,39,0.913846535219126,node
auc_cc,alpha,imagination,64,7Networks_RH_SomMot_6,-0.16736128657391,-0.466109101675042,0.165646081848923,0.32213308941464,39,0.833031883841977,node
auc_cc,alpha,total,65,7Networks_RH_SomMot_7,-0.179137717767488,-0.4755584422068,0.153814996141106,0.288751843919773,39,0.833031883841977,node
auc_cc,alpha,social,65,7Networks_RH_SomMot_7,-0.328625770192118,-0.58984223356907,-0.00514959285341916,0.0470461883398951,39,0.415363856590949,node
auc_cc,alpha,switching,65,7Networks_RH_SomMot_7,0.0615370183009709,-0.267827856448202,0.37802392952657,0.717493386656503,39,0.913846535219126,node
auc_cc,alpha,detail,65,7Networks_RH_SomMot_7,-0.164352978728229,-0.463684273653728,0.168653058320778,0.331031435129822,39,0.833031883841977,node
auc_cc,alpha,communication,65,7Networks_RH_SomMot_7,-0.0304753236628779,-0.351033475544395,0.296476832010753,0.857896026184717,39,0.913846535219126,node
auc_cc,alpha,imagination,65,7Networks_RH_SomMot_7,0.0410908771782133,-0.286751583393187,0.36031796150081,0.809191526595401,39,0.913846535219126,node
auc_cc,alpha,total,66,7Networks_RH_SomMot_8,0.0622975251161025,-0.267119040430931,0.378678078012591,0.71414796926761,39,0.913846535219126,node
auc_cc,alpha,social,66,7Networks_RH_SomMot_8,0.128435244443321,-0.204082403698275,0.434382432392,0.448706805274293,39,0.913846535219126,node
auc_cc,alpha,switching,66,7Networks_RH_SomMot_8,0.0639672968276905,-0.265561509773579,0.380113220926433,0.706821242533399,39,0.913846535219126,node
auc_cc,alpha,detail,66,7Networks_RH_SomMot_8,-0.438955038830838,-0.66797238072738,-0.133987913564685,0.00656984347225439,39,0.228113754652515,node
auc_cc,alpha,communication,66,7Networks_RH_SomMot_8,0.325315316915163,0.00144289190896617,0.587419830995413,0.0494480781655892,39,0.415363856590949,node
auc_cc,alpha,imagination,66,7Networks_RH_SomMot_8,0.126317109008097,-0.20614488889295,0.432633989205113,0.4562857275585,39,0.913846535219126,node
auc_cc,alpha,total,67,7Networks_RH_DorsAttn_Post_1,0.112729331049356,-0.219305786651855,0.421362707463678,0.506502750112961,39,0.92314947715602,node
auc_cc,alpha,social,67,7Networks_RH_DorsAttn_Post_1,0.0236975955146449,-0.302650860438052,0.345072442007293,0.889277285695847,39,0.987265065001087,node
auc_cc,alpha,switching,67,7Networks_RH_DorsAttn_Post_1,0.357962209521027,0.0383905530130143,0.611105499410565,0.0296060961576403,39,0.723045657169395,node
auc_cc,alpha,detail,67,7Networks_RH_DorsAttn_Post_1,-0.213726571125274,-0.502922383884036,0.118504714823665,0.204026301180907,39,0.92314947715602,node
auc_cc,alpha,communication,67,7Networks_RH_DorsAttn_Post_1,0.0875663252854783,-0.243363296895799,0.400234730935845,0.606304815484468,39,0.941683937577692,node
auc_cc,alpha,imagination,67,7Networks_RH_DorsAttn_Post_1,0.0482412020928478,-0.280162633595274,0.36653627223814,0.776768099285496,39,0.960273811224949,node
auc_cc,alpha,total,68,7Networks_RH_DorsAttn_Post_2,0.00767599168628134,-0.317137315709796,0.33087755033514,0.964036150315546,39,0.991058819758535,node
auc_cc,alpha,social,68,7Networks_RH_DorsAttn_Post_2,-0.020906342554355,-0.342609965662224,0.305185556001009,0.902252125054975,39,0.987265065001087,node
auc_cc,alpha,switching,68,7Networks_RH_DorsAttn_Post_2,0.1490575029562,-0.183846487715435,0.451285697741506,0.378591085840842,39,0.92314947715602,node
auc_cc,alpha,detail,68,7Networks_RH_DorsAttn_Post_2,-0.31535176442409,-0.580100615360398,0.00965981208061804,0.0572754565408644,39,0.723045657169395,node
auc_cc,alpha,communication,68,7Networks_RH_DorsAttn_Post_2,0.0257772154995362,-0.300759382616586,0.346904235697717,0.879628616062527,39,0.987265065001087,node
auc_cc,alpha,imagination,68,7Networks_RH_DorsAttn_Post_2,0.253385770733875,-0.0769571807299965,0.533600020457546,0.13022839843778,39,0.92314947715602,node
auc_cc,alpha,total,69,7Networks_RH_DorsAttn_Post_3,-0.183381776696196,-0.478947164544077,0.149527708960966,0.277289724289747,39,0.92314947715602,node
auc_cc,alpha,social,69,7Networks_RH_DorsAttn_Post_3,-0.205658755484724,-0.496591193781633,0.12681663254223,0.222032339520816,39,0.92314947715602,node
auc_cc,alpha,switching,69,7Networks_RH_DorsAttn_Post_3,-0.121372576951433,-0.428543472125432,0.210948042951293,0.474242640550229,39,0.92314947715602,node
auc_cc,alpha,detail,69,7Networks_RH_DorsAttn_Post_3,0.087431129085801,-0.243491463032643,0.400120309317465,0.606862981994513,39,0.941683937577692,node
auc_cc,alpha,communication,69,7Networks_RH_DorsAttn_Post_3,-0.221355217830283,-0.50888052755986,0.110602191523954,0.187959275266672,39,0.92314947715602,node
auc_cc,alpha,imagination,69,7Networks_RH_DorsAttn_Post_3,-0.0159479010028049,-0.338224641897633,0.309676878107054,0.92536050100402,39,0.987265065001087,node
auc_cc,alpha,total,70,7Networks_RH_DorsAttn_Post_4,-0.295084630107132,-0.565079288868151,0.0319995127308246,0.0762218077498388,39,0.762218077498388,node
auc_cc,alpha,social,70,7Networks_RH_DorsAttn_Post_4,-0.260776194426831,-0.539236382967119,0.0690859417229838,0.119018246402246,39,0.92314947715602,node
auc_cc,alpha,switching,70,7Networks_RH_DorsAttn_Post_4,-0.247029172576496,-0.52873211881427,0.0836945536397434,0.140481552457552,39,0.92314947715602,node
auc_cc,alpha,detail,70,7Networks_RH_DorsAttn_Post_4,-0.0148995647061034,-0.337295680862497,0.310624596716495,0.93025454053492,39,0.987265065001087,node
auc_cc,alpha,communication,70,7Networks_RH_DorsAttn_Post_4,-0.097940901466365,-0.408986142933133,0.233493597515325,0.564146902706457,39,0.92314947715602,node
auc_cc,alpha,imagination,70,7Networks_RH_DorsAttn_Post_4,-0.181038264516217,-0.47707704619224,0.151896639939799,0.283581754233081,39,0.92314947715602,node
auc_cc,alpha,total,71,7Networks_RH_DorsAttn_Post_5,0.0551308983301442,-0.273784442477772,0.372501146613339,0.745873854616883,39,0.960273811224949,node
auc_cc,alpha,social,71,7Networks_RH_DorsAttn_Post_5,-0.137170599899324,-0.441568868747365,0.195545249429298,0.418184090387939,39,0.92314947715602,node
auc_cc,alpha,switching,71,7Networks_RH_DorsAttn_Post_5,-0.0784704472882416,-0.392514750673414,0.251960509004608,0.644334220556534,39,0.950657046722754,node
auc_cc,alpha,detail,71,7Networks_RH_DorsAttn_Post_5,-0.0504219840825076,-0.368427156667904,0.278146888886799,0.766950125005798,39,0.960273811224949,node
auc_cc,alpha,communication,71,7Networks_RH_DorsAttn_Post_5,0.179179147009706,-0.153773205421419,0.475591564481993,0.288638499752182,39,0.92314947715602,node
auc_cc,alpha,imagination,71,7Networks_RH_DorsAttn_Post_5,0.39556383178477,0.0820567159994848,0.637835462391916,0.0153803708885675,39,0.692116689985536,node
auc_cc,alpha,total,72,7Networks_RH_DorsAttn_PrCv_1,-0.18585881984835,-0.480920928216112,0.147019636991038,0.270738825114354,39,0.92314947715602,node
auc_cc,alpha,social,72,7Networks_RH_DorsAttn_PrCv_1,-0.202968338149465,-0.494472992520756,0.129578109325455,0.228271684145636,39,0.92314947715602,node
auc_cc,alpha,switching,72,7Networks_RH_DorsAttn_PrCv_1,-0.107454889131132,-0.416961631596943,0.224382174095533,0.526716910307193,39,0.92314947715602,node
auc_cc,alpha,detail,72,7Networks_RH_DorsAttn_PrCv_1,0.101054670595809,-0.230517974474116,0.411601628622537,0.551762910981201,39,0.92314947715602,node
auc_cc,alpha,communication,72,7Networks_RH_DorsAttn_PrCv_1,-0.312184856886257,-0.577765219611455,0.0131720939459871,0.0599598812589938,39,0.723045657169395,node
auc_cc,alpha,imagination,72,7Networks_RH_DorsAttn_PrCv_1,0.047771165193167,-0.2805967199864,0.366128373957902,0.778888757993569,39,0.960273811224949,node
auc_cc,alpha,total,73,7Networks_RH_DorsAttn_FEF_1,-0.157930951481424,-0.458492790724395,0.175051570656254,0.350530226457175,39,0.92314947715602,node
auc_cc,alpha,social,73,7Networks_RH_DorsAttn_FEF_1,-0.155383376618684,-0.456427665940524,0.177582049112335,0.358454215796464,39,0.92314947715602,node
auc_cc,alpha,switching,73,7Networks_RH_DorsAttn_FEF_1,-0.0252391311256942,-0.346430509137382,0.30124903324127,0.88212354688122,39,0.987265065001087,node
auc_cc,alpha,detail,73,7Networks_RH_DorsAttn_FEF_1,-0.159546809255096,-0.459800963271803,0.173444273380131,0.345559775758948,39,0.92314947715602,node
auc_cc,alpha,communication,73,7Networks_RH_DorsAttn_FEF_1,-0.0323895754406318,-0.352712373650364,0.29472812154576,0.849069577973523,39,0.987265065001087,node
auc_cc,alpha,imagination,73,7Networks_RH_DorsAttn_FEF_1,-0.0419721635853273,-0.361085911951443,0.285941159538309,0.805177149123673,39,0.979269505690954,node
auc_cc,alpha,total,74,7Networks_RH_SalVentAttn_TempOccPar_1,0.135885281745399,-0.196804576322695,0.440513903119556,0.422600316779304,39,0.732176482652141,node
auc_cc,alpha,social,74,7Networks_RH_SalVentAttn_TempOccPar_1,0.10230627158044,-0.229320152427648,0.412651501786956,0.546821342958297,39,0.81495823230879,node
auc_cc,alpha,switching,74,7Networks_RH_SalVentAttn_TempOccPar_1,0.246276875350705,-0.0844899192230287,0.52815477840119,0.141733202312904,39,0.521748415546076,node
auc_cc,alpha,detail,74,7Networks_RH_SalVentAttn_TempOccPar_1,-0.16067889902111,-0.460716709308402,0.172317123458129,0.342103149034861,39,0.648195440276578,node
auc_cc,alpha,communication,74,7Networks_RH_SalVentAttn_TempOccPar_1,0.202543199798071,-0.130014004992643,0.494137958364579,0.229268439284615,39,0.609170359628783,node
auc_cc,alpha,imagination,74,7Networks_RH_SalVentAttn_TempOccPar_1,-0.0517189596474935,-0.369550475216277,0.276946691922214,0.761127900999428,39,0.883890465676755,node
auc_cc,alpha,total,75,7Networks_RH_SalVentAttn_TempOccPar_2,0.199329225393252,-0.133305148909846,0.491602351125286,0.236899584300082,39,0.609170359628783,node
auc_cc,alpha,social,75,7Networks_RH_SalVentAttn_TempOccPar_2,0.0620662464710423,-0.26733463704841,0.378479177568536,0.715164795604711,39,0.875791286987376,node
auc_cc,alpha,switching,75,7Networks_RH_SalVentAttn_TempOccPar_2,0.307791673403256,-0.0180311284313628,0.57451830580757,0.0638478705897413,39,0.493300042826753,node
auc_cc,alpha,detail,75,7Networks_RH_SalVentAttn_TempOccPar_2,-0.273840628178928,-0.549139416133931,0.055070343194559,0.100993335094712,39,0.521748415546076,node
auc_cc,alpha,communication,75,7Networks_RH_SalVentAttn_TempOccPar_2,0.120579382448306,-0.211717067047002,0.427886103338291,0.477157403279698,39,0.738914073763469,node
auc_cc,alpha,imagination,75,7Networks_RH_SalVentAttn_TempOccPar_2,0.432406095323583,0.126041234662766,0.663471505280659,0.00752232869586137,39,0.295570068704922,node
auc_cc,alpha,total,76,7Networks_RH_SalVentAttn_FrOperIns_1,-0.334616108896618,-0.594213706841788,-0.0118796225612931,0.0429389598572162,39,0.432783255637236,node
auc_cc,alpha,social,76,7Networks_RH_SalVentAttn_FrOperIns_1,-0.233830566926853,-0.518565053337802,0.0975878784252537,0.163645444507339,39,0.521748415546076,node
auc_cc,alpha,switching,76,7Networks_RH_SalVentAttn_FrOperIns_1,-0.175414681083518,-0.472578475234476,0.157565660008858,0.299054632429893,39,0.633292162792715,node
auc_cc,alpha,detail,76,7Networks_RH_SalVentAttn_FrOperIns_1,-0.087094034972636,-0.39983497145515,0.243810978275403,0.608255652632705,39,0.851660233664227,node
auc_cc,alpha,communication,76,7Networks_RH_SalVentAttn_FrOperIns_1,-0.327174922983601,-0.58878116398383,-0.00352399025263426,0.0480870284041374,39,0.432783255637236,node
auc_cc,alpha,imagination,76,7Networks_RH_SalVentAttn_FrOperIns_1,-0.0855162856414849,-0.398498657954535,0.245305496410374,0.614791983083361,39,0.851660233664227,node
auc_cc,alpha,total,77,7Networks_RH_SalVentAttn_Med_1,0.193701561620837,-0.139050320896667,0.487150538569647,0.250671263927553,39,0.622356241475303,node
auc_cc,alpha,social,77,7Networks_RH_SalVentAttn_Med_1,0.255437952664105,-0.0747756072098284,0.535167632788714,0.127039892818729,39,0.521748415546076,node
auc_cc,alpha,switching,77,7Networks_RH_SalVentAttn_Med_1,-0.000563502657932219,-0.324528767822765,0.323520088891254,0.997359004797687,39,0.997359004797687,node
auc_cc,alpha,detail,77,7Networks_RH_SalVentAttn_Med_1,-0.221135502546294,-0.508709309426833,0.110830383397183,0.188409150058305,39,0.521748415546076,node
auc_cc,alpha,communication,77,7Networks_RH_SalVentAttn_Med_1,0.428105216485917,0.1208437252224,0.660506525684176,0.00821027968624783,39,0.295570068704922,node
auc_cc,alpha,imagination,77,7Networks_RH_SalVentAttn_Med_1,0.0741890723501693,-0.255989192408115,0.388865621556152,0.662555320874987,39,0.875791286987376,node
auc_cc,alpha,total,78,7Networks_RH_SalVentAttn_Med_2,-0.18126769968506,-0.477260253489763,0.151664884997071,0.28296170008929,39,0.630550637825854,node
auc_cc,alpha,social,78,7Networks_RH_SalVentAttn_Med_2,0.038206002785909,-0.289401212561792,0.357801059984059,0.822365627662962,39,0.88512795494989,node
auc_cc,alpha,switching,78,7Networks_RH_SalVentAttn_Med_2,-0.0621189372046814,-0.378524494354297,0.267285521951447,0.714933095968546,39,0.875791286987376,node
auc_cc,alpha,detail,78,7Networks_RH_SalVentAttn_Med_2,-0.379188774892742,-0.626266185514464,-0.0628915119450519,0.0206381228915695,39,0.432783255637236,node
auc_cc,alpha,communication,78,7Networks_RH_SalVentAttn_Med_2,-0.165921458121146,-0.464949096549689,0.167086046075197,0.326373194463222,39,0.648195440276578,node
auc_cc,alpha,imagination,78,7Networks_RH_SalVentAttn_Med_2,0.0825061581642118,-0.248152475098078,0.395945465280302,0.627343548873176,39,0.852240292808843,node
auc_cc,alpha,total,79,7Networks_RH_Limbic_OFC_1,-0.0489253638723479,-0.367129769629005,0.279530559440457,0.773684221717403,39,0.930821367914054,node
auc_cc,alpha,social,79,7Networks_RH_Limbic_OFC_1,-0.0529440043515576,-0.370610641564633,0.275812115861723,0.755640429348838,39,0.930821367914054,node
auc_cc,alpha,switching,79,7Networks_RH_Limbic_OFC_1,-0.0863956939693354,-0.399243658362623,0.244472673537027,0.611145102034925,39,0.916717653052388,node
auc_cc,alpha,detail,79,7Networks_RH_Limbic_OFC_1,0.213423472882134,-0.118817827715297,0.502685088324515,0.204683808604926,39,0.877216322592539,node
auc_cc,alpha,communication,79,7Networks_RH_Limbic_OFC_1,-0.137638051884504,-0.441952336183568,0.195086977838396,0.416584440806666,39,0.916717653052388,node
auc_cc,alpha,imagination,79,7Networks_RH_Limbic_OFC_1,-0.0931097775373465,-0.404917982767577,0.23809812795369,0.583610416641094,39,0.916717653052388,node
auc_cc,alpha,total,80,7Networks_RH_Limbic_TempPole_1,-0.109777315149139,-0.418901289716349,0.22214917171435,0.517767988974898,39,0.916717653052388,node
auc_cc,alpha,social,80,7Networks_RH_Limbic_TempPole_1,-0.0996932255772441,-0.41045867895223,0.231819780744205,0.557161870567468,39,0.916717653052388,node
auc_cc,alpha,switching,80,7Networks_RH_Limbic_TempPole_1,-0.0414375176272136,-0.360620074630439,0.286432871613207,0.807611953888824,39,0.931859946794797,node
auc_cc,alpha,detail,80,7Networks_RH_Limbic_TempPole_1,0.0733712557327099,-0.256757438113802,0.388167449859231,0.66605811005993,39,0.930821367914054,node
auc_cc,alpha,communication,80,7Networks_RH_Limbic_TempPole_1,-0.150379405691872,-0.452361863839734,0.182539654168761,0.374329052786828,39,0.916717653052388,node
auc_cc,alpha,imagination,80,7Networks_RH_Limbic_TempPole_1,-0.101437861017861,-0.411923145580135,0.230151355721669,0.550247773398262,39,0.916717653052388,node
auc_cc,alpha,total,81,7Networks_RH_Cont_Par_1,0.033773838726003,-0.293462200539012,0.353925160804861,0.842698052998424,39,0.914861275933316,node
auc_cc,alpha,social,81,7Networks_RH_Cont_Par_1,0.164499410808585,-0.168506834417168,0.46380240824393,0.330594813187225,39,0.79733360651545,node
auc_cc,alpha,switching,81,7Networks_RH_Cont_Par_1,0.0410183683236458,-0.286818241064831,0.360254758221569,0.809522029535162,39,0.914861275933316,node
auc_cc,alpha,detail,81,7Networks_RH_Cont_Par_1,-0.416629710572885,-0.65255980449792,-0.107057805710845,0.0103147338886712,39,0.402274621658177,node
auc_cc,alpha,communication,81,7Networks_RH_Cont_Par_1,0.132823204437051,-0.199800317082501,0.437997211776989,0.433225906052386,39,0.79733360651545,node
auc_cc,alpha,imagination,81,7Networks_RH_Cont_Par_1,0.208659372533405,-0.123730671815951,0.498949538883682,0.215212573239975,39,0.754442090346849,node
auc_cc,alpha,total,82,7Networks_RH_Cont_Par_2,-0.126989116561607,-0.433188956473424,0.20549085691714,0.453873785440059,39,0.79733360651545,node
auc_cc,alpha,social,82,7Networks_RH_Cont_Par_2,0.116112660947483,-0.216040008182721,0.424178177655866,0.493744928566753,39,0.79733360651545,node
auc_cc,alpha,switching,82,7Networks_RH_Cont_Par_2,-0.0573644795417346,-0.374429296200876,0.271710458498816,0.735938939683515,39,0.909883271415789,node
auc_cc,alpha,detail,82,7Networks_RH_Cont_Par_2,-0.315087899162491,-0.579906197354568,0.00995276034601558,0.0574954054761653,39,0.622678327904662,node
auc_cc,alpha,communication,82,7Networks_RH_Cont_Par_2,0.0254682351890245,-0.301040572210839,0.346632231139002,0.881061124034412,39,0.916303568995788,node
auc_cc,alpha,imagination,82,7Networks_RH_Cont_Par_2,-0.184409724105551,-0.47976661906308,0.148487404680732,0.274558744288876,39,0.79733360651545,node
auc_cc,alpha,total,83,7Networks_RH_Cont_PFCl_1,0.0524733321005932,-0.276248137711339,0.37020341483392,0.757747382861869,39,0.909883271415789,node
auc_cc,alpha,social,83,7Networks_RH_Cont_PFCl_1,0.114892046694783,-0.217219070627523,0.423163118141454,0.498328549156331,39,0.79733360651545,node
auc_cc,alpha,switching,83,7Networks_RH_Cont_PFCl_1,0.137520183305077,-0.195202545270023,0.441855654894419,0.416987468496881,39,0.79733360651545,node
auc_cc,alpha,detail,83,7Networks_RH_Cont_PFCl_1,-0.310796947342469,-0.576740350996086,0.0147088389641823,0.0611673432403618,39,0.622678327904662,node
auc_cc,alpha,communication,83,7Networks_RH_Cont_PFCl_1,0.1656327957171,-0.167374564842512,0.464716410596302,0.32722742168119,39,0.79733360651545,node
auc_cc,alpha,imagination,83,7Networks_RH_Cont_PFCl_1,0.028300334873659,-0.298461074348807,0.349123392953555,0.86794531306494,39,0.914861275933316,node
auc_cc,alpha,total,84,7Networks_RH_Cont_PFCl_2,0.111517759274373,-0.220473456750156,0.420353037723191,0.511111286227852,39,0.79733360651545,node
auc_cc,alpha,social,84,7Networks_RH_Cont_PFCl_2,0.0786402034389804,-0.251800535642912,0.392659234837167,0.643615862736758,39,0.872986009023264,node
auc_cc,alpha,switching,84,7Networks_RH_Cont_PFCl_2,0.15288973926569,-0.180054695178831,0.454403118128789,0.366313857316474,39,0.79733360651545,node
auc_cc,alpha,detail,84,7Networks_RH_Cont_PFCl_2,-0.113221472866427,-0.421772618049952,0.218831205933528,0.504636744833693,39,0.79733360651545,node
auc_cc,alpha,communication,84,7Networks_RH_Cont_PFCl_2,0.13936443142943,-0.193393243045075,0.443367583306554,0.410706669528381,39,0.79733360651545,node
auc_cc,alpha,imagination,84,7Networks_RH_Cont_PFCl_2,0.0480408935123357,-0.280347638109742,0.366362459301175,0.777671635049,39,0.909883271415789,node
auc_cc,alpha,total,85,7Networks_RH_Cont_PFCl_3,0.158283129651212,-0.174701409451763,0.458778019574139,0.349443233125251,39,0.79733360651545,node
auc_cc,alpha,social,85,7Networks_RH_Cont_PFCl_3,0.10200803125133,-0.229605669116644,0.412401405396983,0.547996950254728,39,0.812417089771017,node
auc_cc,alpha,switching,85,7Networks_RH_Cont_PFCl_3,0.0514024962565735,-0.277239635850734,0.369276469973356,0.762547350538274,39,0.909883271415789,node
auc_cc,alpha,detail,85,7Networks_RH_Cont_PFCl_3,0.0471781726495823,-0.281144166267078,0.365613600118573,0.78156639980587,39,0.909883271415789,node
auc_cc,alpha,communication,85,7Networks_RH_Cont_PFCl_3,0.0925679540330871,-0.23861361153662,0.404460956501934,0.585811819228558,39,0.846172627774584,node
auc_cc,alpha,imagination,85,7Networks_RH_Cont_PFCl_3,0.173747434720101,-0.159242169744765,0.471241783001058,0.30374351796742,39,0.79733360651545,node
auc_cc,alpha,total,86,7Networks_RH_Cont_PFCl_4,-0.164348387100568,-0.463680569170033,0.168657643183708,0.331045131921019,39,0.79733360651545,node
auc_cc,alpha,social,86,7Networks_RH_Cont_PFCl_4,-0.0101566341356258,-0.333084972432958,0.314904235676928,0.952425322245884,39,0.96013660931508,node
auc_cc,alpha,switching,86,7Networks_RH_Cont_PFCl_4,-0.213493358944787,-0.502739805977295,0.118745638412967,0.204532075042304,39,0.754442090346849,node
auc_cc,alpha,detail,86,7Networks_RH_Cont_PFCl_4,0.146721092382131,-0.186153389462775,0.449381464544039,0.38619356054523,39,0.79733360651545,node
auc_cc,alpha,communication,86,7Networks_RH_Cont_PFCl_4,-0.228506477311009,-0.51444091683334,0.103155880033724,0.173728311771871,39,0.754442090346849,node
auc_cc,alpha,imagination,86,7Networks_RH_Cont_PFCl_4,-0.20642236412779,-0.497191762324337,0.12603191535403,0.220282947360394,39,0.754442090346849,node
auc_cc,alpha,total,87,7Networks_RH_Cont_Cing_1,0.233075674816581,-0.0983786186626883,0.51798110515382,0.165048807898853,39,0.754442090346849,node
auc_cc,alpha,social,87,7Networks_RH_Cont_Cing_1,0.269944717259768,-0.0592635054071428,0.546194325938935,0.106135578819911,39,0.754442090346849,node
auc_cc,alpha,switching,87,7Networks_RH_Cont_Cing_1,-0.100987931807731,-0.411545623357243,0.230581817414976,0.552026996895691,39,0.812417089771017,node
auc_cc,alpha,detail,87,7Networks_RH_Cont_Cing_1,-0.0359383375791583,-0.355819376045731,0.291480444247487,0.83275509430036,39,0.914861275933316,node
auc_cc,alpha,communication,87,7Networks_RH_Cont_Cing_1,0.449921638389723,0.147383519056449,0.675472033955952,0.00520634875811032,39,0.402274621658177,node
auc_cc,alpha,imagination,87,7Networks_RH_Cont_Cing_1,0.0610902146427327,-0.268244125162945,0.377639464786436,0.719461269375821,39,0.909883271415789,node
auc_cc,alpha,total,88,7Networks_RH_Cont_PFCmp_1,0.0869235183096459,-0.243972575437478,0.399690612234229,0.608960643503045,39,0.861170486656639,node
auc_cc,alpha,social,88,7Networks_RH_Cont_PFCmp_1,0.208165485656744,-0.124239048250119,0.498561662192139,0.216325030735473,39,0.754442090346849,node
auc_cc,alpha,switching,88,7Networks_RH_Cont_PFCmp_1,0.066213789582179,-0.263463307516405,0.382041647952605,0.697004890141381,39,0.909883271415789,node
auc_cc,alpha,detail,88,7Networks_RH_Cont_PFCmp_1,0.00932201929417126,-0.315655959809212,0.332342677798026,0.956330837552282,39,0.96013660931508,node
auc_cc,alpha,communication,88,7Networks_RH_Cont_PFCmp_1,-0.207367797606176,-0.497934947957958,0.125059770337919,0.218130134664516,39,0.754442090346849,node
auc_cc,alpha,imagination,88,7Networks_RH_Cont_PFCmp_1,0.142770290683811,-0.19004596017158,0.446155192325967,0.399250012847596,39,0.79733360651545,node
auc_cc,alpha,total,89,7Networks_RH_Cont_pCun_1,-0.0570709890626384,-0.374176095528902,0.271983152594628,0.737242009849718,39,0.909883271415789,node
auc_cc,alpha,social,89,7Networks_RH_Cont_pCun_1,-0.182659217805819,-0.478370849820663,0.150258512812214,0.279219924105006,39,0.79733360651545,node
auc_cc,alpha,switching,89,7Networks_RH_Cont_pCun_1,-0.00850892607900662,-0.331619139164542,0.316387907683972,0.96013660931508,39,0.96013660931508,node
auc_cc,alpha,detail,89,7Networks_RH_Cont_pCun_1,0.0773358951285667,-0.253029215172149,0.391548703759059,0.649143442607042,39,0.872986009023264,node
auc_cc,alpha,communication,89,7Networks_RH_Cont_pCun_1,-0.127716028538842,-0.433789004431765,0.204783054632145,0.451272544843804,39,0.79733360651545,node
auc_cc,alpha,imagination,89,7Networks_RH_Cont_pCun_1,0.155013162896307,-0.177949412333803,0.456127291731444,0.359614626556902,39,0.79733360651545,node
auc_cc,alpha,total,90,7Networks_RH_Default_Par_1,0.0498244890459168,-0.278699454658001,0.367909349906638,0.76963658753944,39,0.898068364569739,node
auc_cc,alpha,social,90,7Networks_RH_Default_Par_1,-0.0086175661067137,-0.331715835518915,0.316290132134861,0.959628055663926,39,0.989511232297021,node
auc_cc,alpha,switching,90,7Networks_RH_Default_Par_1,0.128406226990336,-0.204110678726222,0.434358495114462,0.448810168921463,39,0.742858210628628,node
auc_cc,alpha,detail,90,7Networks_RH_Default_Par_1,-0.196253941791779,-0.489171512842927,0.136447418645906,0.244360444293472,39,0.639780072331999,node
auc_cc,alpha,communication,90,7Networks_RH_Default_Par_1,0.23298701382764,-0.0984714625048764,0.517912503852041,0.165214197637652,39,0.603697073850448,node
auc_cc,alpha,imagination,90,7Networks_RH_Default_Par_1,-0.0107281726748189,-0.333593059923869,0.314389224764438,0.949751476846802,39,0.989511232297021,node
auc_cc,alpha,total,91,7Networks_RH_Default_Temp_1,0.25246597560736,-0.0779339441250809,0.532896785678315,0.131676616042074,39,0.596232919415622,node
auc_cc,alpha,social,91,7Networks_RH_Default_Temp_1,0.235555814644583,-0.0957791302757617,0.51989862545134,0.160470495281157,39,0.603697073850448,node
auc_cc,alpha,switching,91,7Networks_RH_Default_Temp_1,0.492218700499834,0.200109892606567,0.703966888367056,0.00197148206311295,39,0.141946708544132,node
auc_cc,alpha,detail,91,7Networks_RH_Default_Temp_1,-0.265441678394537,-0.542781750757671,0.0640956872778903,0.112323795751416,39,0.585269514539877,node
auc_cc,alpha,communication,91,7Networks_RH_Default_Temp_1,0.0487592709870329,-0.279684033266885,0.36698571100604,0.774432577848582,39,0.898068364569739,node
auc_cc,alpha,imagination,91,7Networks_RH_Default_Temp_1,0.153910685616852,-0.179042851530036,0.455232386335049,0.363083614505238,39,0.706541087685868,node
auc_cc,alpha,total,92,7Networks_RH_Default_Temp_2,0.00461311678610563,-0.319889562725432,0.328147135048739,0.978381974665864,39,0.989511232297021,node
auc_cc,alpha,social,92,7Networks_RH_Default_Temp_2,0.0161870838721517,-0.309460560954828,0.33843650077788,0.924244274753621,39,0.989511232297021,node
auc_cc,alpha,switching,92,7Networks_RH_Default_Temp_2,0.0793779465413705,-0.251105097724469,0.393286968424764,0.640497657533984,39,0.823496988257979,node
auc_cc,alpha,detail,92,7Networks_RH_Default_Temp_2,-0.175053480847652,-0.472289003800829,0.157929030054775,0.300066513125451,39,0.706541087685868,node
auc_cc,alpha,communication,92,7Networks_RH_Default_Temp_2,0.0449593913728216,-0.283190634726938,0.363685757618941,0.791606999309874,39,0.898068364569739,node
auc_cc,alpha,imagination,92,7Networks_RH_Default_Temp_2,0.0609951793141543,-0.268332649837618,0.377557674893264,0.719880068827722,39,0.878497711111796,node
auc_cc,alpha,total,93,7Networks_RH_Default_Temp_3,-0.00582783321537802,-0.329230647389686,0.31879869420557,0.97269146545672,39,0.989511232297021,node
auc_cc,alpha,social,93,7Networks_RH_Default_Temp_3,-0.0266494109469824,-0.347671763943994,0.299965328890161,0.875586952607254,39,0.96528779729917,node
auc_cc,alpha,switching,93,7Networks_RH_Default_Temp_3,0.226745712802444,-0.104992747749523,0.513074079863957,0.177158525237406,39,0.60740065795682,node
auc_cc,alpha,detail,93,7Networks_RH_Default_Temp_3,-0.136162671014032,-0.440741650372358,0.19653288918276,0.421645030282819,39,0.735960785457455,node
auc_cc,alpha,communication,93,7Networks_RH_Default_Temp_3,-0.0454124155423498,-0.364079600717222,0.28277303551444,0.789554194311038,39,0.898068364569739,node
auc_cc,alpha,imagination,93,7Networks_RH_Default_Temp_3,-0.0642096088206949,-0.380321357927686,0.265335342836341,0.705760147884716,39,0.876116045649992,node
auc_cc,alpha,total,94,7Networks_RH_Default_PFCv_1,-0.103471784722059,-0.41362842151887,0.228203815273573,0.542238597111018,39,0.780823579839866,node
auc_cc,alpha,social,94,7Networks_RH_Default_PFCv_1,0.00119957067755195,-0.322950477488484,0.325097728783109,0.994377948675961,39,0.994377948675961,node
auc_cc,alpha,switching,94,7Networks_RH_Default_PFCv_1,-0.117994292918416,-0.425741422738158,0.214220530532968,0.486721585321431,39,0.753874089560512,node
auc_cc,alpha,detail,94,7Networks_RH_Default_PFCv_1,0.125479490618987,-0.206959686101904,0.431941929588458,0.459301697499099,39,0.751584595907616,node
auc_cc,alpha,communication,94,7Networks_RH_Default_PFCv_1,-0.253062378116528,-0.533352812888093,0.0773006752294023,0.130736226508378,39,0.596232919415622,node
auc_cc,alpha,imagination,94,7Networks_RH_Default_PFCv_1,-0.0722942307913027,-0.38724743988979,0.257768544476246,0.670681753416051,39,0.854674092848773,node
auc_cc,alpha,total,95,7Networks_RH_Default_PFCv_2,-0.210439610140138,-0.500346693508688,0.121896756839327,0.211235408341514,39,0.623913246137484,node
auc_cc,alpha,social,95,7Networks_RH_Default_PFCv_2,-0.15638014682367,-0.457236058019723,0.176592492157709,0.355341117888286,39,0.706541087685868,node
auc_cc,alpha,switching,95,7Networks_RH_Default_PFCv_2,-0.137784069410838,-0.442072096744399,0.194943798198008,0.416085468420492,39,0.735960785457455,node
auc_cc,alpha,detail,95,7Networks_RH_Default_PFCv_2,-0.0412319783938181,-0.360440945796449,0.286621859397836,0.808548465851391,39,0.909617024082815,node
auc_cc,alpha,communication,95,7Networks_RH_Default_PFCv_2,-0.0954805053341616,-0.406915852965193,0.235840452927018,0.5740219109783,39,0.802627000629194,node
auc_cc,alpha,imagination,95,7Networks_RH_Default_PFCv_2,-0.159208339293455,-0.459527051271619,0.173781097126354,0.346597350358596,39,0.706541087685868,node
auc_cc,alpha,total,96,7Networks_RH_Default_PFCdPFCm_1,0.129547001747465,-0.202998673242278,0.435299225552612,0.444756339309793,39,0.742858210628628,node
auc_cc,alpha,social,96,7Networks_RH_Default_PFCdPFCm_1,0.0878402630576726,-0.243103568169012,0.400466544869904,0.605174519016376,39,0.80973015481036,node
auc_cc,alpha,switching,96,7Networks_RH_Default_PFCdPFCm_1,-0.087325891056943,-0.40003123567557,0.243591220793887,0.60729761610777,39,0.80973015481036,node
auc_cc,alpha,detail,96,7Networks_RH_Default_PFCdPFCm_1,0.11133525997864,-0.220649260703997,0.42020088466326,0.511807281506692,39,0.759796376669728,node
auc_cc,alpha,communication,96,7Networks_RH_Default_PFCdPFCm_1,0.196592865079949,-0.136101440838229,0.489439635899335,0.243530546149122,39,0.639780072331999,node
auc_cc,alpha,imagination,96,7Networks_RH_Default_PFCdPFCm_1,0.0683955802703412,-0.261422546146045,0.383911904554186,0.687517461646752,39,0.868443109448529,node
auc_cc,alpha,total,97,7Networks_RH_Default_PFCdPFCm_2,0.173782064254416,-0.159207367325866,0.471269560666362,0.303645655094023,39,0.706541087685868,node
auc_cc,alpha,social,97,7Networks_RH_Default_PFCdPFCm_2,0.231079256389713,-0.10046782730885,0.51643549114194,0.168801910457868,39,0.603697073850448,node
auc_cc,alpha,switching,97,7Networks_RH_Default_PFCdPFCm_2,0.112693712614905,-0.21934012801727,0.421333035564945,0.506637935508422,39,0.759796376669728,node
auc_cc,alpha,detail,97,7Networks_RH_Default_PFCdPFCm_2,0.0522523304571999,-0.276452822769131,0.370012161555321,0.758737286834952,39,0.898068364569739,node
auc_cc,alpha,communication,97,7Networks_RH_Default_PFCdPFCm_2,-0.00563980182402881,-0.32906298136064,0.318967610902693,0.973572244853411,39,0.989511232297021,node
auc_cc,alpha,imagination,97,7Networks_RH_Default_PFCdPFCm_2,0.0468194174432149,-0.281475262678067,0.365302071923867,0.783187554522522,39,0.898068364569739,node
auc_cc,alpha,total,98,7Networks_RH_Default_PFCdPFCm_3,-0.248385008597177,-0.529771979157393,0.0822600323141836,0.138246311422168,39,0.60325663166037,node
auc_cc,alpha,social,98,7Networks_RH_Default_PFCdPFCm_3,-0.261564384653555,-0.539836033658224,0.0682440417828667,0.117866777233725,39,0.585269514539877,node
auc_cc,alpha,switching,98,7Networks_RH_Default_PFCdPFCm_3,-0.169663374946427,-0.467961659319219,0.16334082252102,0.31542553124172,39,0.706541087685868,node
auc_cc,alpha,detail,98,7Networks_RH_Default_PFCdPFCm_3,-0.0458752159048035,-0.364481825243773,0.282346296067379,0.78745853177061,39,0.898068364569739,node
auc_cc,alpha,communication,98,7Networks_RH_Default_PFCdPFCm_3,-0.0104735624726317,-0.333366739194635,0.314618676560229,0.950942562057209,39,0.989511232297021,node
auc_cc,alpha,imagination,98,7Networks_RH_Default_PFCdPFCm_3,-0.1853035501352,-0.48047873673473,0.147582234783298,0.272198417219617,39,0.687659159291664,node
auc_cc,alpha,total,99,7Networks_RH_Default_pCunPCC_1,0.30941742798919,-0.0162347717343058,0.575720847694131,0.0623865082994833,39,0.472824062901347,node
auc_cc,alpha,social,99,7Networks_RH_Default_pCunPCC_1,0.207471911233187,-0.124952676134835,0.498016763439749,0.217893948332438,39,0.623913246137484,node
auc_cc,alpha,switching,99,7Networks_RH_Default_pCunPCC_1,0.33304761193734,0.0101146163078868,0.59307057025372,0.0439852748566425,39,0.452419969954037,node
auc_cc,alpha,detail,99,7Networks_RH_Default_pCunPCC_1,-0.262657738272944,-0.540667383586475,0.067075405437484,0.11628335955166,39,0.585269514539877,node
auc_cc,alpha,communication,99,7Networks_RH_Default_pCunPCC_1,0.279886029283756,-0.0485406385870577,0.553695903448992,0.0933926294848893,39,0.585269514539877,node
auc_cc,alpha,imagination,99,7Networks_RH_Default_pCunPCC_1,0.352284838864745,0.0319018842440205,0.607018813681453,0.0324842272353694,39,0.430267982530286,node
auc_cc,alpha,total,100,7Networks_RH_Default_pCunPCC_2,0.103718514807188,-0.227967383462268,0.413835136285211,0.54127082039291,39,0.780823579839866,node
auc_cc,alpha,social,100,7Networks_RH_Default_pCunPCC_2,-0.141926755020117,-0.445465327895069,0.190875709595793,0.402070225505865,39,0.735960785457455,node
auc_cc,alpha,switching,100,7Networks_RH_Default_pCunPCC_2,0.0943844084654719,-0.236884724996224,0.405992515552686,0.578446247035932,39,0.802627000629194,node
auc_cc,alpha,detail,100,7Networks_RH_Default_pCunPCC_2,0.116041770363404,-0.216108512036565,0.424119246403892,0.494010543429965,39,0.753874089560512,node
auc_cc,alpha,communication,100,7Networks_RH_Default_pCunPCC_2,0.135888541474864,-0.196801383898233,0.440516579710456,0.422589083730195,39,0.735960785457455,node
auc_cc,alpha,imagination,100,7Networks_RH_Default_pCunPCC_2,0.154670555149438,-0.178289299468604,0.455849254587539,0.360690516264536,39,0.706541087685868,node
auc_cc,beta,total,1,7Networks_LH_Vis_1,-0.122534796792804,-0.42950608779397,0.209820495078827,0.469988771781682,39,0.944491894271003,node
auc_cc,beta,social,1,7Networks_LH_Vis_1,-0.0306158726857709,-0.351156814477614,0.296348511964511,0.857247375153155,39,0.989490030570091,node
auc_cc,beta,switching,1,7Networks_LH_Vis_1,-0.108241977295383,-0.417619312705278,0.22362578246815,0.523675612935004,39,0.944491894271003,node
auc_cc,beta,detail,1,7Networks_LH_Vis_1,-0.220544613381356,-0.508248732726738,0.111443895401726,0.189622783263439,39,0.911834497894313,node
auc_cc,beta,communication,1,7Networks_LH_Vis_1,0.00165742311258761,-0.322540316230434,0.325507131341553,0.992232178611028,39,0.99410447233602,node
auc_cc,beta,imagination,1,7Networks_LH_Vis_1,0.050629428468146,-0.277954992627424,0.368606887937299,0.76601803611422,39,0.989490030570091,node
auc_cc,beta,total,2,7Networks_LH_Vis_2,0.195439320469668,-0.137278664066646,0.488526837354214,0.246362911345154,39,0.911834497894313,node
auc_cc,beta,social,2,7Networks_LH_Vis_2,-0.00845535573091947,-0.331571455737057,0.316436118221573,0.960387382612148,39,0.989490030570091,node
auc_cc,beta,switching,2,7Networks_LH_Vis_2,0.00947041231947377,-0.315522334413742,0.332474685711846,0.955636368040815,39,0.989490030570091,node
auc_cc,beta,detail,2,7Networks_LH_Vis_2,0.258553044847992,-0.0714580546534995,0.537543500505167,0.12231147372534,39,0.911834497894313,node
auc_cc,beta,communication,2,7Networks_LH_Vis_2,0.186865017178205,-0.145999611488045,0.481721835621435,0.268107010446471,39,0.911834497894313,node
auc_cc,beta,imagination,2,7Networks_LH_Vis_2,0.143041626032559,-0.189778958261819,0.446377020506646,0.398345276968192,39,0.944491894271003,node
auc_cc,beta,total,3,7Networks_LH_Vis_3,0.11178286768472,-0.220218035926249,0.420574032603527,0.51010108863996,39,0.944491894271003,node
auc_cc,beta,social,3,7Networks_LH_Vis_3,0.106542954149401,-0.22525804378407,0.416199224534238,0.530251365206766,39,0.944491894271003,node
auc_cc,beta,switching,3,7Networks_LH_Vis_3,0.167466726335721,-0.165540576315694,0.466194009411426,0.321823940433287,39,0.911834497894313,node
auc_cc,beta,detail,3,7Networks_LH_Vis_3,0.014982588692638,-0.310549564833802,0.33736927371245,0.929866858098602,39,0.989490030570091,node
auc_cc,beta,communication,3,7Networks_LH_Vis_3,0.0118552287682052,-0.313373078260168,0.334594443198149,0.944480350158426,39,0.989490030570091,node
auc_cc,beta,imagination,3,7Networks_LH_Vis_3,-0.0345531874484021,-0.354607494022972,0.292748973925151,0.839115147164451,39,0.989490030570091,node
auc_cc,beta,total,4,7Networks_LH_Vis_4,0.217100437901802,-0.115014905596049,0.505560843367497,0.196806510977898,39,0.911834497894313,node
auc_cc,beta,social,4,7Networks_LH_Vis_4,-0.0490207359654929,-0.367212482543433,0.279442425742682,0.773254599470754,39,0.989490030570091,node
auc_cc,beta,switching,4,7Networks_LH_Vis_4,0.224397120274418,-0.107439332201607,0.511248663824271,0.181808625677873,39,0.911834497894313,node
auc_cc,beta,detail,4,7Networks_LH_Vis_4,0.215756457350125,-0.116406054933916,0.504510458594876,0.199660762558916,39,0.911834497894313,node
auc_cc,beta,communication,4,7Networks_LH_Vis_4,0.0841678676165791,-0.246581536168437,0.39735552811871,0.620401538393698,39,0.944491894271003,node
auc_cc,beta,imagination,4,7Networks_LH_Vis_4,0.16761953227608,-0.165387661528473,0.466317050060758,0.321376242830624,39,0.911834497894313,node
auc_cc,beta,total,5,7Networks_LH_Vis_5,-0.246925510174813,-0.528652579976377,0.0838041756608126,0.140653538293669,39,0.911834497894313,node
auc_cc,beta,social,5,7Networks_LH_Vis_5,-0.126529356581084,-0.432809295735125,0.20593835083443,0.455523193484512,39,0.944491894271003,node
auc_cc,beta,switching,5,7Networks_LH_Vis_5,-0.263459575541593,-0.541276729167998,0.066217782338995,0.115132319434764,39,0.911834497894313,node
auc_cc,beta,detail,5,7Networks_LH_Vis_5,0.234277689594483,-0.0971193255073151,0.518910800695295,0.162818298918087,39,0.911834497894313,node
auc_cc,beta,communication,5,7Networks_LH_Vis_5,-0.324228826269432,-0.586623773547336,-0.000228289482758746,0.0502574745147959,39,0.911834497894313,node
auc_cc,beta,imagination,5,7Networks_LH_Vis_5,-0.253873585749545,-0.53397282512148,0.0764388950386046,0.12946514708203,39,0.911834497894313,node
auc_cc,beta,total,6,7Networks_LH_Vis_6,-0.123375000394095,-0.430201557379015,0.209004805971142,0.466926126524168,39,0.944491894271003,node
auc_cc,beta,social,6,7Networks_LH_Vis_6,0.0135847184535054,-0.311812331863241,0.3361296694083,0.936396298369491,39,0.989490030570091,node
auc_cc,beta,switching,6,7Networks_LH_Vis_6,0.020553677984258,-0.30550547705781,0.342298525963127,0.903893297019307,39,0.989490030570091,node
auc_cc,beta,detail,6,7Networks_LH_Vis_6,-0.170454833895245,-0.468597964401515,0.162547432513652,0.313139891941555,39,0.911834497894313,node
auc_cc,beta,communication,6,7Networks_LH_Vis_6,0.0341084718860993,-0.293156003207173,0.354218179651301,0.841159255507904,39,0.989490030570091,node
auc_cc,beta,imagination,6,7Networks_LH_Vis_6,-0.330048851610679,-0.59088212123933,-0.00674574789618539,0.0460429479115025,39,0.911834497894313,node
auc_cc,beta,total,7,7Networks_LH_Vis_7,-0.00554351372305048,-0.328977114165459,0.31905410266755,0.97402329098458,39,0.993503756804271,node
auc_cc,beta,social,7,7Networks_LH_Vis_7,-0.065933151361884,-0.381800893644316,0.263725591476053,0.698228566797989,39,0.989490030570091,node
auc_cc,beta,switching,7,7Networks_LH_Vis_7,0.0966867275885108,-0.234690377302708,0.407931223540614,0.569170856002431,39,0.944491894271003,node
auc_cc,beta,detail,7,7Networks_LH_Vis_7,-0.087292776840855,-0.400003206526321,0.243622609139884,0.607434405634673,39,0.944491894271003,node
auc_cc,beta,communication,7,7Networks_LH_Vis_7,-0.0396452613848892,-0.359057318301456,0.288079944631206,0.815786867167878,39,0.989490030570091,node
auc_cc,beta,imagination,7,7Networks_LH_Vis_7,0.119283639213246,-0.212972441585488,0.42681154187385,0.481938986660852,39,0.944491894271003,node
auc_cc,beta,total,8,7Networks_LH_Vis_8,0.0167998751358674,-0.308906198280135,0.338979138407905,0.921385136765095,39,0.989490030570091,node
auc_cc,beta,social,8,7Networks_LH_Vis_8,-0.0899790503814173,-0.402275072669052,0.241074085964176,0.59638090779047,39,0.944491894271003,node
auc_cc,beta,switching,8,7Networks_LH_Vis_8,-0.015167026045636,-0.337532745745651,0.310382867381039,0.92900568067255,39,0.989490030570091,node
auc_cc,beta,detail,8,7Networks_LH_Vis_8,0.157226570792559,-0.175751664640174,0.457922127468396,0.352710431941151,39,0.944491894271003,node
auc_cc,beta,communication,8,7Networks_LH_Vis_8,0.106625329164779,-0.225178948571371,0.416268110597825,0.529931625521225,39,0.944491894271003,node
auc_cc,beta,imagination,8,7Networks_LH_Vis_8,-0.122337396457683,-0.429342638927746,0.210012068803283,0.470709856810884,39,0.944491894271003,node
auc_cc,beta,total,9,7Networks_LH_Vis_9,0.101481744300688,-0.230109364232503,0.411959961033923,0.550074383736698,39,0.944491894271003,node
auc_cc,beta,social,9,7Networks_LH_Vis_9,0.171970903373966,-0.161026460639208,0.469815967555679,0.308790864097615,39,0.911834497894313,node
auc_cc,beta,switching,9,7Networks_LH_Vis_9,0.139228776954191,-0.193526404219191,0.443256431664084,0.411166816737627,39,0.944491894271003,node
auc_cc,beta,detail,9,7Networks_LH_Vis_9,-0.0861257817500198,-0.399015043198567,0.24472833945621,0.61226344497722,39,0.944491894271003,node
auc_cc,beta,communication,9,7Networks_LH_Vis_9,0.0483839142238458,-0.280030810137062,0.366660093694485,0.776124541014129,39,0.989490030570091,node
auc_cc,beta,imagination,9,7Networks_LH_Vis_9,-0.0461508901750275,-0.364721360084785,0.282092040297186,0.786210915742457,39,0.989490030570091,node
auc_cc,beta,total,10,7Networks_LH_SomMot_1,-0.218502699067706,-0.506655866478173,0.113562040200486,0.193859076012017,39,0.554689011246009,node
auc_cc,beta,social,10,7Networks_LH_SomMot_1,-0.120886793431659,-0.428140912208522,0.211419072388951,0.476026644407883,39,0.776915794541468,node
auc_cc,beta,switching,10,7Networks_LH_SomMot_1,-0.13684340224181,-0.441300390730726,0.195865934752276,0.419305835919621,39,0.723421370959697,node
auc_cc,beta,detail,10,7Networks_LH_SomMot_1,0.0763687866466086,-0.253939559480074,0.390724684322909,0.653253974933889,39,0.928271538430636,node
auc_cc,beta,communication,10,7Networks_LH_SomMot_1,-0.263480448946593,-0.541292587738891,0.0661954502117941,0.115102470464924,39,0.526455733271425,node
auc_cc,beta,imagination,10,7Networks_LH_SomMot_1,-0.198794196674134,-0.491179768124939,0.133852312635721,0.238186408720654,39,0.554689011246009,node
auc_cc,beta,total,11,7Networks_LH_SomMot_2,-0.389847915710413,-0.633809446865921,-0.0753404182978166,0.0170701525866469,39,0.286778563455668,node
auc_cc,beta,social,11,7Networks_LH_SomMot_2,-0.161096676107595,-0.461054487394104,0.171900948936551,0.340832906382506,39,0.650681003093875,node
auc_cc,beta,switching,11,7Networks_LH_SomMot_2,-0.397278055968443,-0.639040303817201,-0.0840765241664798,0.0149019242853773,39,0.286778563455668,node
auc_cc,beta,detail,11,7Networks_LH_SomMot_2,0.0653753448458051,-0.264246771713384,0.381322234502311,0.700663016276067,39,0.928271538430636,node
auc_cc,beta,communication,11,7Networks_LH_SomMot_2,-0.302007743441944,-0.570230679003252,0.0244049993335264,0.0692672474705942,39,0.526455733271425,node
auc_cc,beta,imagination,11,7Networks_LH_SomMot_2,-0.336068017752685,-0.595270938916751,-0.0135152283456009,0.0419884363463039,39,0.384444904329251,node
auc_cc,beta,total,12,7Networks_LH_SomMot_3,-0.0742720515739641,-0.388936440896254,0.255911219551237,0.662200305277739,39,0.928271538430636,node
auc_cc,beta,social,12,7Networks_LH_SomMot_3,0.0282365245151859,-0.298519245920746,0.349067314195388,0.86824045779108,39,0.960171317918146,node
auc_cc,beta,switching,12,7Networks_LH_SomMot_3,-0.0149393647786839,-0.337330960324694,0.310588628408135,0.930068691189492,39,0.987332774165961,node
auc_cc,beta,detail,12,7Networks_LH_SomMot_3,0.0409731475702466,-0.286859811071896,0.360215339484067,0.809728166912498,39,0.928271538430636,node
auc_cc,beta,communication,12,7Networks_LH_SomMot_3,-0.28101136828015,-0.554542277927452,0.047322040384257,0.0920275679434991,39,0.526455733271425,node
auc_cc,beta,imagination,12,7Networks_LH_SomMot_3,-0.00345472010431671,-0.327113065594593,0.320929052822151,0.983809630462495,39,0.995662758540357,node
auc_cc,beta,total,13,7Networks_LH_SomMot_4,-0.418467031649832,-0.653835637731149,-0.109257068132839,0.0099497834431586,39,0.278593936408441,node
auc_cc,beta,social,13,7Networks_LH_SomMot_4,-0.449783966729309,-0.675378173712255,-0.147214663596155,0.00522181780426037,39,0.278593936408441,node
auc_cc,beta,switching,13,7Networks_LH_SomMot_4,-0.257290105534065,-0.536580795594169,0.0728039572845272,0.124212384536983,39,0.526455733271425,node
auc_cc,beta,detail,13,7Networks_LH_SomMot_4,0.142223856246733,-0.190583518257169,0.445708345788089,0.401075618899707,39,0.716815999735646,node
auc_cc,beta,communication,13,7Networks_LH_SomMot_4,-0.358113229647196,-0.611214022785743,-0.0385635227175733,0.0295324992683371,39,0.354389991220045,node
auc_cc,beta,imagination,13,7Networks_LH_SomMot_4,-0.207759728394605,-0.49824291152962,0.124656579001339,0.217241937452072,39,0.554689011246009,node
auc_cc,beta,total,14,7Networks_LH_SomMot_5,-0.164038899570885,-0.463430853299974,0.168966641537655,0.331969138982369,39,0.648497852895791,node
auc_cc,beta,social,14,7Networks_LH_SomMot_5,-0.165491222474393,-0.46460227566524,0.167516046794999,0.327646880703312,39,0.648497852895791,node
auc_cc,beta,switching,14,7Networks_LH_SomMot_5,-0.2414883080314,-0.524473737594509,0.0895427667524649,0.149892904823524,39,0.526455733271425,node
auc_cc,beta,detail,14,7Networks_LH_SomMot_5,-0.0256632290417522,-0.346803896315958,0.300863123362607,0.880157041424967,39,0.960171317918146,node
auc_cc,beta,communication,14,7Networks_LH_SomMot_5,0.0682786209034591,-0.261532020197124,0.383811711238203,0.688024878340615,39,0.928271538430636,node
auc_cc,beta,imagination,14,7Networks_LH_SomMot_5,-0.0460774342223754,-0.364657537937077,0.282159793599333,0.786543303374587,39,0.928271538430636,node
auc_cc,beta,total,15,7Networks_LH_SomMot_6,-0.207273752366478,-0.497861040057846,0.125156501256259,0.218343631624576,39,0.554689011246009,node
auc_cc,beta,social,15,7Networks_LH_SomMot_6,0.0102323882747861,-0.31483598495135,0.333152327284209,0.95207088937432,39,0.987332774165961,node
auc_cc,beta,switching,15,7Networks_LH_SomMot_6,-0.0462902483746861,-0.364842433122869,0.28196349197847,0.785580423388738,39,0.928271538430636,node
auc_cc,beta,detail,15,7Networks_LH_SomMot_6,-0.330444293733801,-0.591170928689656,-0.00718957595347986,0.045767250515387,39,0.384444904329251,node
auc_cc,beta,communication,15,7Networks_LH_SomMot_6,-0.101122791668909,-0.411658791442791,0.23045280628259,0.551493416586369,39,0.842280854422818,node
auc_cc,beta,imagination,15,7Networks_LH_SomMot_6,-0.146435544468416,-0.449148547070223,0.186435079447997,0.387128779781982,39,0.716815999735646,node
auc_cc,beta,total,16,7Networks_LH_DorsAttn_Post_1,-0.219251591933624,-0.507240294921254,0.112785539397029,0.192297725568547,39,0.786672513689509,node
auc_cc,beta,social,16,7Networks_LH_DorsAttn_Post_1,-0.232295186458886,-0.517377077605859,0.0991957308164431,0.166508843015415,39,0.779723163418437,node
auc_cc,beta,switching,16,7Networks_LH_DorsAttn_Post_1,-0.261297785554661,-0.539633238167023,0.0685288603463099,0.118255313245279,39,0.779723163418437,node
auc_cc,beta,detail,16,7Networks_LH_DorsAttn_Post_1,0.203626728199279,-0.128902806225095,0.494991671917891,0.226733892994337,39,0.837622479432932,node
auc_cc,beta,communication,16,7Networks_LH_DorsAttn_Post_1,-0.379716055512949,-0.626640422308707,-0.0635050223705535,0.0204480741700453,39,0.779723163418437,node
auc_cc,beta,imagination,16,7Networks_LH_DorsAttn_Post_1,0.140237384893529,-0.192536040903756,0.444082634385261,0.407752571107269,39,0.902504314332979,node
auc_cc,beta,total,17,7Networks_LH_DorsAttn_Post_2,-0.0902292171030554,-0.402486450955363,0.240836515006319,0.595355995723288,39,0.960788338794368,node
auc_cc,beta,social,17,7Networks_LH_DorsAttn_Post_2,-0.0936647740662436,-0.405385958960428,0.23756991820388,0.58135932251097,39,0.960788338794368,node
auc_cc,beta,switching,17,7Networks_LH_DorsAttn_Post_2,-0.0189461117434671,-0.340877980637368,0.30696285513269,0.911379198473886,39,0.991184311291418,node
auc_cc,beta,detail,17,7Networks_LH_DorsAttn_Post_2,0.170324494013516,-0.162678120032334,0.468493197006954,0.313515578928154,39,0.886919591862277,node
auc_cc,beta,communication,17,7Networks_LH_DorsAttn_Post_2,-0.328269646029808,-0.589581867512822,-0.00475041494191822,0.0472999786389792,39,0.779723163418437,node
auc_cc,beta,imagination,17,7Networks_LH_DorsAttn_Post_2,0.0237389611712678,-0.302613262152095,0.345108902039143,0.889085206651226,39,0.991184311291418,node
auc_cc,beta,total,18,7Networks_LH_DorsAttn_Post_3,-0.0896271641856114,-0.401977690182238,0.241408187734338,0.597823855249829,39,0.960788338794368,node
auc_cc,beta,social,18,7Networks_LH_DorsAttn_Post_3,0.111211046548684,-0.220768904786212,0.420097315680592,0.51228126308799,39,0.902504314332979,node
auc_cc,beta,switching,18,7Networks_LH_DorsAttn_Post_3,-0.137442162181971,-0.441791654452786,0.19527903810518,0.417254366799119,39,0.902504314332979,node
auc_cc,beta,detail,18,7Networks_LH_DorsAttn_Post_3,-0.163021134416058,-0.462609314775441,0.169982336631482,0.335019007401519,39,0.902504314332979,node
auc_cc,beta,communication,18,7Networks_LH_DorsAttn_Post_3,-0.0273036064099546,-0.348247170908495,0.299369446898509,0.872557508415928,39,0.991184311291418,node
auc_cc,beta,imagination,18,7Networks_LH_DorsAttn_Post_3,-0.0599210300233086,-0.376632890327738,0.269332825044289,0.724619169420484,39,0.991184311291418,node
auc_cc,beta,total,19,7Networks_LH_DorsAttn_Post_4,-0.294590353521446,-0.564710697778171,0.0325402833334994,0.076738422338868,39,0.779723163418437,node
auc_cc,beta,social,19,7Networks_LH_DorsAttn_Post_4,-0.116326652239034,-0.424356052518738,0.215833201671984,0.492943583525013,39,0.902504314332979,node
auc_cc,beta,switching,19,7Networks_LH_DorsAttn_Post_4,-0.334819539870683,-0.594361892618015,-0.0121086878318031,0.0428047412258711,39,0.779723163418437,node
auc_cc,beta,detail,19,7Networks_LH_DorsAttn_Post_4,0.0390242342813178,-0.288650212914371,0.35851539609006,0.818624047714617,39,0.991184311291418,node
auc_cc,beta,communication,19,7Networks_LH_DorsAttn_Post_4,-0.169689752290379,-0.467982870756697,0.16331438775615,0.315349188217698,39,0.886919591862277,node
auc_cc,beta,imagination,19,7Networks_LH_DorsAttn_Post_4,-0.272690684533953,-0.548270833889507,0.0563092335352421,0.102490994113565,39,0.779723163418437,node
auc_cc,beta,total,20,7Networks_LH_DorsAttn_Post_5,0.152471641497608,-0.18046886195329,0.454063365464067,0.36764163764543,39,0.902504314332979,node
auc_cc,beta,social,20,7Networks_LH_DorsAttn_Post_5,0.127633346218786,-0.20486358085859,0.433720765891756,0.451568014656279,39,0.902504314332979,node
auc_cc,beta,switching,20,7Networks_LH_DorsAttn_Post_5,0.226072393257914,-0.105694571506674,0.512551014822272,0.178482911909456,39,0.779723163418437,node
auc_cc,beta,detail,20,7Networks_LH_DorsAttn_Post_5,-0.00593731265640928,-0.329328259904674,0.318700334609247,0.972178654861443,39,0.991184311291418,node
auc_cc,beta,communication,20,7Networks_LH_DorsAttn_Post_5,-0.00708321445674758,-0.330349538058054,0.317670402499404,0.966811856238788,39,0.991184311291418,node
auc_cc,beta,imagination,20,7Networks_LH_DorsAttn_Post_5,0.0530716331780841,-0.275693859614405,0.370721045277899,0.755069400577081,39,0.991184311291418,node
auc_cc,beta,total,21,7Networks_LH_DorsAttn_Post_6,-0.113136568753961,-0.421701909438594,0.218913091627027,0.504958419718861,39,0.902504314332979,node
auc_cc,beta,social,21,7Networks_LH_DorsAttn_Post_6,-0.0221264096332313,-0.343686867332282,0.304078199238082,0.896577502242375,39,0.991184311291418,node
auc_cc,beta,switching,21,7Networks_LH_DorsAttn_Post_6,0.0547240832586333,-0.274161860165254,0.372149666348415,0.747687770154435,39,0.991184311291418,node
auc_cc,beta,detail,21,7Networks_LH_DorsAttn_Post_6,-0.209107867960407,-0.499301666428636,0.123268867303216,0.214205778767685,39,0.837622479432932,node
auc_cc,beta,communication,21,7Networks_LH_DorsAttn_Post_6,-0.0557437233307414,-0.373030443600908,0.273215710313564,0.743143921793207,39,0.991184311291418,node
auc_cc,beta,imagination,21,7Networks_LH_DorsAttn_Post_6,-0.111349625682089,-0.420212862247406,0.220635422816484,0.511752478057298,39,0.902504314332979,node
auc_cc,beta,total,22,7Networks_LH_DorsAttn_PrCv_1,-0.226153188212027,-0.512613791220499,0.105610373637838,0.178323621306282,39,0.779723163418437,node
auc_cc,beta,social,22,7Networks_LH_DorsAttn_PrCv_1,-0.201046907314719,-0.492958102184487,0.131547136597931,0.23280010005248,39,0.837622479432932,node
auc_cc,beta,switching,22,7Networks_LH_DorsAttn_PrCv_1,-0.191578572903882,-0.485467158656267,0.14121183534875,0.256002578858879,39,0.837622479432932,node
auc_cc,beta,detail,22,7Networks_LH_DorsAttn_PrCv_1,-0.00824791285433253,-0.331386793473988,0.316622790230745,0.961358498518537,39,0.991184311291418,node
auc_cc,beta,communication,22,7Networks_LH_DorsAttn_PrCv_1,-0.0403722531488142,-0.359691434139965,0.287412077112997,0.812468518573596,39,0.991184311291418,node
auc_cc,beta,imagination,22,7Networks_LH_DorsAttn_PrCv_1,-0.182771268597469,-0.47846023849489,0.150145207263623,0.278920027452458,39,0.837622479432932,node
auc_cc,beta,total,23,7Networks_LH_DorsAttn_FEF_1,-0.337058033151882,-0.595991321190329,-0.0146314921070831,0.0413501189277997,39,0.779723163418437,node
auc_cc,beta,social,23,7Networks_LH_DorsAttn_FEF_1,-0.349809881351261,-0.605233062534672,-0.0290816816706777,0.0338086699249902,39,0.779723163418437,node
auc_cc,beta,switching,23,7Networks_LH_DorsAttn_FEF_1,-0.305498719907059,-0.572820289096428,0.0205611275596788,0.0659547671462084,39,0.779723163418437,node
auc_cc,beta,detail,23,7Networks_LH_DorsAttn_FEF_1,0.0829587850449924,-0.24772474513471,0.396329693606024,0.625449478382034,39,0.970525052661777,node
auc_cc,beta,communication,23,7Networks_LH_DorsAttn_FEF_1,-0.0645720112296148,-0.380632588390544,0.264997019317282,0.704174193362696,39,0.991184311291418,node
auc_cc,beta,imagination,23,7Networks_LH_DorsAttn_FEF_1,-0.287448620577117,-0.559372922470226,0.0403324835778702,0.0845115402468596,39,0.779723163418437,node
auc_cc,beta,total,24,7Networks_LH_SalVentAttn_ParOper_1,-0.155697146266424,-0.456682190338878,0.177270622697466,0.357472490870859,39,0.901500517128763,node
auc_cc,beta,social,24,7Networks_LH_SalVentAttn_ParOper_1,-0.0646855005758265,-0.380730038093207,0.264891053789742,0.703677790930276,39,0.932046339195227,node
auc_cc,beta,switching,24,7Networks_LH_SalVentAttn_ParOper_1,-0.148400120113294,-0.450750192359912,0.184495938791577,0.38072118877717,39,0.901500517128763,node
auc_cc,beta,detail,24,7Networks_LH_SalVentAttn_ParOper_1,0.0934144342834774,-0.237808199648931,0.405174891274026,0.582374232498792,39,0.901500517128763,node
auc_cc,beta,communication,24,7Networks_LH_SalVentAttn_ParOper_1,-0.194396596478721,-0.48770117865164,0.138341983691033,0.248942097397142,39,0.901500517128763,node
auc_cc,beta,imagination,24,7Networks_LH_SalVentAttn_ParOper_1,-0.148133780462247,-0.45053316958222,0.184758982148613,0.381586202961874,39,0.901500517128763,node
auc_cc,beta,total,25,7Networks_LH_SalVentAttn_FrOperIns_1,0.0589831239256252,-0.270205559343761,0.375824887225831,0.728765446698733,39,0.932046339195227,node
auc_cc,beta,social,25,7Networks_LH_SalVentAttn_FrOperIns_1,0.116131304073628,-0.216021992186593,0.424193675229503,0.493675088112872,39,0.901500517128763,node
auc_cc,beta,switching,25,7Networks_LH_SalVentAttn_FrOperIns_1,-0.0163113839491729,-0.338546588051071,0.309348130568785,0.923664243380768,39,0.970165194292201,node
auc_cc,beta,detail,25,7Networks_LH_SalVentAttn_FrOperIns_1,-0.104577857303276,-0.41455485883153,0.227143603606069,0.537906581569656,39,0.901500517128763,node
auc_cc,beta,communication,25,7Networks_LH_SalVentAttn_FrOperIns_1,0.102872909935453,-0.228777530946081,0.413126540740536,0.544591056804157,39,0.901500517128763,node
auc_cc,beta,imagination,25,7Networks_LH_SalVentAttn_FrOperIns_1,0.0705947647040591,-0.259362526946397,0.385794455047632,0.678001785214981,39,0.932046339195227,node
auc_cc,beta,total,26,7Networks_LH_SalVentAttn_FrOperIns_2,0.10334197345024,-0.228328192646296,0.413519650532961,0.542748101323334,39,0.901500517128763,node
auc_cc,beta,social,26,7Networks_LH_SalVentAttn_FrOperIns_2,0.244972638537976,-0.0858678243702905,0.527153241426626,0.143922535168972,39,0.839607435540372,node
auc_cc,beta,switching,26,7Networks_LH_SalVentAttn_FrOperIns_2,-0.0475543592669499,-0.365940188418966,0.280796898375064,0.779867450009612,39,0.932046339195227,node
auc_cc,beta,detail,26,7Networks_LH_SalVentAttn_FrOperIns_2,-0.0092451319537951,-0.332274275148625,0.315725190482406,0.956690677704809,39,0.970165194292201,node
auc_cc,beta,communication,26,7Networks_LH_SalVentAttn_FrOperIns_2,0.0941587961397984,-0.23709957514478,0.405802383749137,0.579358817848663,39,0.901500517128763,node
auc_cc,beta,imagination,26,7Networks_LH_SalVentAttn_FrOperIns_2,-0.0508136655164933,-0.368766492276574,0.27778454230454,0.765190493881254,39,0.932046339195227,node
auc_cc,beta,total,27,7Networks_LH_SalVentAttn_PFCl_1,-0.221562079853957,-0.509041708708313,0.110387316795587,0.187536411310057,39,0.839607435540372,node
auc_cc,beta,social,27,7Networks_LH_SalVentAttn_PFCl_1,-0.113186998358175,-0.421743907942609,0.21886445540542,0.504767345404546,39,0.901500517128763,node
auc_cc,beta,switching,27,7Networks_LH_SalVentAttn_PFCl_1,-0.173420376773434,-0.470979408284711,0.159570819681856,0.304668770204876,39,0.901500517128763,node
auc_cc,beta,detail,27,7Networks_LH_SalVentAttn_PFCl_1,-0.29385797515694,-0.564164351633925,0.0333412007124322,0.0775089129633217,39,0.797234533337023,node
auc_cc,beta,communication,27,7Networks_LH_SalVentAttn_PFCl_1,0.0100029194130376,-0.31504271469438,0.332948290797906,0.953144538926871,39,0.970165194292201,node
auc_cc,beta,imagination,27,7Networks_LH_SalVentAttn_PFCl_1,-0.00187131524380869,-0.325698347834917,0.322348661963646,0.991229769800883,39,0.991229769800883,node
auc_cc,beta,total,28,7Networks_LH_SalVentAttn_Med_1,0.082817123159466,-0.24785862871389,0.396209450707735,0.626042025783863,39,0.901500517128763,node
auc_cc,beta,social,28,7Networks_LH_SalVentAttn_Med_1,0.219513896361123,-0.112513469179195,0.507444932035587,0.191752949252072,39,0.839607435540372,node
auc_cc,beta,switching,28,7Networks_LH_SalVentAttn_Med_1,-0.166444608056033,-0.465370693742802,0.166563011071118,0.324828593052575,39,0.901500517128763,node
auc_cc,beta,detail,28,7Networks_LH_SalVentAttn_Med_1,0.0377461144199195,-0.289823136182196,0.357399401927186,0.82447029169472,39,0.937085812853066,node
auc_cc,beta,communication,28,7Networks_LH_SalVentAttn_Med_1,0.124092463757005,-0.208307909646362,0.430795141884224,0.464319289341073,39,0.901500517128763,node
auc_cc,beta,imagination,28,7Networks_LH_SalVentAttn_Med_1,-0.0153054469442824,-0.337655419324802,0.310257747188324,0.928359416085974,39,0.970165194292201,node
auc_cc,beta,total,29,7Networks_LH_SalVentAttn_Med_2,0.126246784060432,-0.206213315548362,0.43257589899089,0.456538532728296,39,0.901500517128763,node
auc_cc,beta,social,29,7Networks_LH_SalVentAttn_Med_2,-0.0561119301298909,-0.373348364547537,0.272873885405136,0.741505164047006,39,0.932046339195227,node
auc_cc,beta,switching,29,7Networks_LH_SalVentAttn_Med_2,0.128676537325622,-0.203847262917229,0.434581464645074,0.447847791813006,39,0.901500517128763,node
auc_cc,beta,detail,29,7Networks_LH_SalVentAttn_Med_2,0.111779835224323,-0.220220957831964,0.420571504945873,0.510112638202409,39,0.901500517128763,node
auc_cc,beta,communication,29,7Networks_LH_SalVentAttn_Med_2,0.144946714886638,-0.187902907984129,0.447933462526676,0.392026315843494,39,0.901500517128763,node
auc_cc,beta,imagination,29,7Networks_LH_SalVentAttn_Med_2,0.0412295215659063,-0.286624118230567,0.360438804511883,0.80855966164784,39,0.937085812853066,node
auc_cc,beta,total,30,7Networks_LH_SalVentAttn_Med_3,-0.327671399000319,-0.589144360651247,-0.00408007463838785,0.0477287937840245,39,0.731915340424842,node
auc_cc,beta,social,30,7Networks_LH_SalVentAttn_Med_3,-0.162539619034627,-0.462220456898851,0.170462626220767,0.336467927973325,39,0.901500517128763,node
auc_cc,beta,switching,30,7Networks_LH_SalVentAttn_Med_3,-0.245617904055645,-0.527648845511855,0.0851862699105805,0.142836293680206,39,0.839607435540372,node
auc_cc,beta,detail,30,7Networks_LH_SalVentAttn_Med_3,-0.126659029912289,-0.432916388420037,0.205812151170837,0.455057658642332,39,0.901500517128763,node
auc_cc,beta,communication,30,7Networks_LH_SalVentAttn_Med_3,-0.0954136764872102,-0.406859575446082,0.235904143936,0.574291222637413,39,0.901500517128763,node
auc_cc,beta,imagination,30,7Networks_LH_SalVentAttn_Med_3,-0.317758637096805,-0.581872626715179,0.00698507809369761,0.0552999136604254,39,0.731915340424842,node
auc_cc,beta,total,31,7Networks_LH_Limbic_OFC_1,-0.106320384796169,-0.416013083250549,0.225471729556775,0.531115739400317,39,0.962104208103374,node
auc_cc,beta,social,31,7Networks_LH_Limbic_OFC_1,-0.0331152146777519,-0.353348258291633,0.294064661207112,0.845728383349708,39,0.962104208103374,node
auc_cc,beta,switching,31,7Networks_LH_Limbic_OFC_1,-0.0563070377857029,-0.373516796232297,0.27269272347054,0.740637262874148,39,0.962104208103374,node
auc_cc,beta,detail,31,7Networks_LH_Limbic_OFC_1,0.0389534296340967,-0.288715215677047,0.358453596685298,0.818947665844867,39,0.962104208103374,node
auc_cc,beta,communication,31,7Networks_LH_Limbic_OFC_1,-0.0963851641255128,-0.407677446404903,0.234977990740709,0.570381894579488,39,0.962104208103374,node
auc_cc,beta,imagination,31,7Networks_LH_Limbic_OFC_1,-0.198562314178517,-0.490996577063446,0.134089391485607,0.238745584090553,39,0.716236752271658,node
auc_cc,beta,total,32,7Networks_LH_Limbic_TempPole_1,0.0218282244253214,-0.304348919388585,0.343423749913359,0.897963927563149,39,0.962104208103374,node
auc_cc,beta,social,32,7Networks_LH_Limbic_TempPole_1,0.219217931278869,-0.112820449658921,0.507214032169646,0.192367713596005,39,0.716236752271658,node
auc_cc,beta,switching,32,7Networks_LH_Limbic_TempPole_1,-0.0256419736344648,-0.346785184907967,0.30088246736551,0.880255584190066,39,0.962104208103374,node
auc_cc,beta,detail,32,7Networks_LH_Limbic_TempPole_1,-0.337638357380994,-0.596413399015135,-0.0152861940590298,0.0409796201162663,39,0.38010041830283,node
auc_cc,beta,communication,32,7Networks_LH_Limbic_TempPole_1,0.114825031257585,-0.217283776691692,0.423107365867225,0.498580829060859,39,0.962104208103374,node
auc_cc,beta,imagination,32,7Networks_LH_Limbic_TempPole_1,0.0827632861994679,-0.247909506306647,0.396163750966799,0.626267277168638,39,0.962104208103374,node
auc_cc,beta,total,33,7Networks_LH_Limbic_TempPole_2,-0.103291916917681,-0.413477704981005,0.228376150920642,0.542944632206081,39,0.962104208103374,node
auc_cc,beta,social,33,7Networks_LH_Limbic_TempPole_2,-0.213525518060643,-0.502764984344048,0.118712418246928,0.204462278868066,39,0.716236752271658,node
auc_cc,beta,switching,33,7Networks_LH_Limbic_TempPole_2,-0.116311034140791,-0.424343071172719,0.215848296399072,0.493002046926147,39,0.962104208103374,node
auc_cc,beta,detail,33,7Networks_LH_Limbic_TempPole_2,0.333063275779239,0.0101322326540553,0.593081991406019,0.0439747249945524,39,0.38010041830283,node
auc_cc,beta,communication,33,7Networks_LH_Limbic_TempPole_2,-0.262479189016692,-0.540531657726112,0.0672663105083529,0.116540840496687,39,0.582704202483436,node
auc_cc,beta,imagination,33,7Networks_LH_Limbic_TempPole_2,0.00397910508551147,-0.320458591470303,0.327581265956147,0.981352526783406,39,0.981352526783406,node
auc_cc,beta,total,34,7Networks_LH_Cont_Par_1,0.0535063905831801,-0.275290954450195,0.371097059346031,0.753125198894041,39,0.974924736797166,node
auc_cc,beta,social,34,7Networks_LH_Cont_Par_1,0.179108472363449,-0.153844495999276,0.475535060285359,0.288831872211429,39,0.974924736797166,node
auc_cc,beta,switching,34,7Networks_LH_Cont_Par_1,-0.0620155067223561,-0.378435537298135,0.267381931938268,0.715387939802127,39,0.974924736797166,node
auc_cc,beta,detail,34,7Networks_LH_Cont_Par_1,-0.13347373214409,-0.438532274592749,0.199164402136387,0.430956258367187,39,0.974924736797166,node
auc_cc,beta,communication,34,7Networks_LH_Cont_Par_1,0.0838514627961167,-0.246880791475491,0.397087153078419,0.621720895009719,39,0.974924736797166,node
auc_cc,beta,imagination,34,7Networks_LH_Cont_Par_1,0.077754301291495,-0.252635185862978,0.391905048302885,0.64736823043821,39,0.974924736797166,node
auc_cc,beta,total,35,7Networks_LH_Cont_PFCl_1,0.254559262945974,-0.0757100860745843,0.534496658657815,0.128397937110864,39,0.974924736797166,node
auc_cc,beta,social,35,7Networks_LH_Cont_PFCl_1,0.274746699096137,-0.0540934749658767,0.549823376323886,0.0998250801243259,39,0.974924736797166,node
auc_cc,beta,switching,35,7Networks_LH_Cont_PFCl_1,0.167805516339605,-0.165201523378654,0.466466790426591,0.320831863605246,39,0.974924736797166,node
auc_cc,beta,detail,35,7Networks_LH_Cont_PFCl_1,-0.153979386859908,-0.455288170458557,0.17897473752086,0.362866860033859,39,0.974924736797166,node
auc_cc,beta,communication,35,7Networks_LH_Cont_PFCl_1,0.16414668947072,-0.168859029439026,0.463517831017489,0.331647140353397,39,0.974924736797166,node
auc_cc,beta,imagination,35,7Networks_LH_Cont_PFCl_1,0.272153285437767,-0.0568878526179635,0.547864718477871,0.103196656041541,39,0.974924736797166,node
auc_cc,beta,total,36,7Networks_LH_Cont_pCun_1,-0.0382123629475706,-0.357806614003563,0.289395376552168,0.822336529124491,39,0.974924736797166,node
auc_cc,beta,social,36,7Networks_LH_Cont_pCun_1,-0.0146208757839688,-0.337048620882052,0.31087642866197,0.931556000185562,39,0.974924736797166,node
auc_cc,beta,switching,36,7Networks_LH_Cont_pCun_1,0.227443287863201,-0.104265292966838,0.513615763491668,0.175793828111848,39,0.974924736797166,node
auc_cc,beta,detail,36,7Networks_LH_Cont_pCun_1,-0.100145805969685,-0.410838734077841,0.231387157569861,0.5553643857636,39,0.974924736797166,node
auc_cc,beta,communication,36,7Networks_LH_Cont_pCun_1,-0.140959757907671,-0.444674049939397,0.19182631795774,0.405317225753042,39,0.974924736797166,node
auc_cc,beta,imagination,36,7Networks_LH_Cont_pCun_1,-0.136413684904679,-0.44094770863343,0.196286991196931,0.420781621515745,39,0.974924736797166,node
auc_cc,beta,total,37,7Networks_LH_Cont_Cing_1,0.00600660382671184,-0.318638077741313,0.329390036748831,0.971854095062492,39,0.974924736797166,node
auc_cc,beta,social,37,7Networks_LH_Cont_Cing_1,-0.0411479455017408,-0.360367703780724,0.28669911802921,0.808931426097889,39,0.974924736797166,node
auc_cc,beta,switching,37,7Networks_LH_Cont_Cing_1,-0.0241358838064988,-0.345458703633531,0.302252437543949,0.887242437386826,39,0.974924736797166,node
auc_cc,beta,detail,37,7Networks_LH_Cont_Cing_1,0.099585082343676,-0.231923135829854,0.410367849510803,0.557591776933055,39,0.974924736797166,node
auc_cc,beta,communication,37,7Networks_LH_Cont_Cing_1,0.0788043334003726,-0.251645847069862,0.392798915658286,0.642921615991197,39,0.974924736797166,node
auc_cc,beta,imagination,37,7Networks_LH_Cont_Cing_1,-0.114665454657958,-0.422974599619222,0.217437842482427,0.499181817196279,39,0.974924736797166,node
auc_cc,beta,total,38,7Networks_LH_Default_Temp_1,-0.121764338690825,-0.428868029104874,0.210568067241308,0.472806488025168,39,0.926981727860637,node
auc_cc,beta,social,38,7Networks_LH_Default_Temp_1,-0.120659481062855,-0.427952500719341,0.21163942788981,0.47686263881238,39,0.926981727860637,node
auc_cc,beta,switching,38,7Networks_LH_Default_Temp_1,-0.030855466233094,-0.351367044388654,0.296129737904956,0.85614183420487,39,0.941207919248871,node
auc_cc,beta,detail,38,7Networks_LH_Default_Temp_1,-0.0620043569425914,-0.378425947401023,0.267392324516629,0.715436977626126,39,0.935431942943058,node
auc_cc,beta,communication,38,7Networks_LH_Default_Temp_1,-0.13821359006583,-0.442424317838128,0.194522543154495,0.414619664159272,39,0.918146681423358,node
auc_cc,beta,imagination,38,7Networks_LH_Default_Temp_1,0.0466740329560476,-0.281609416265468,0.365175805728128,0.783844779538574,39,0.941207919248871,node
auc_cc,beta,total,39,7Networks_LH_Default_Temp_2,-0.260297544919344,-0.538872091260594,0.0695969786849004,0.119721609352185,39,0.918146681423358,node
auc_cc,beta,social,39,7Networks_LH_Default_Temp_2,-0.31549543129953,-0.580206457565563,0.00950028690425359,0.0571559824570595,39,0.918146681423358,node
auc_cc,beta,switching,39,7Networks_LH_Default_Temp_2,-0.227230901415426,-0.51345086451293,0.104486814299963,0.176208532809563,39,0.918146681423358,node
auc_cc,beta,detail,39,7Networks_LH_Default_Temp_2,0.307555685659992,-0.0182917053550837,0.574343654093476,0.0640622241229904,39,0.918146681423358,node
auc_cc,beta,communication,39,7Networks_LH_Default_Temp_2,-0.390045091775904,-0.633948548656935,-0.0755716292600321,0.0170093718694727,39,0.918146681423358,node
auc_cc,beta,imagination,39,7Networks_LH_Default_Temp_2,-0.0617637689185427,-0.378219001707844,0.267616555114035,0.716495380606321,39,0.935431942943058,node
auc_cc,beta,total,40,7Networks_LH_Default_Par_1,-0.166471582817297,-0.465392428544697,0.166536037154545,0.324749073564917,39,0.918146681423358,node
auc_cc,beta,social,40,7Networks_LH_Default_Par_1,-0.241471107546111,-0.524460496237779,0.0895608858679568,0.149922818912482,39,0.918146681423358,node
auc_cc,beta,switching,40,7Networks_LH_Default_Par_1,-0.00342097411081954,-0.327082929833389,0.320959323161548,0.983967758880977,39,0.994193743299535,node
auc_cc,beta,detail,40,7Networks_LH_Default_Par_1,0.119480731214861,-0.212781560671759,0.426975046531477,0.481210069721013,39,0.926981727860637,node
auc_cc,beta,communication,40,7Networks_LH_Default_Par_1,-0.34169098419963,-0.59935694671873,-0.0198659470623076,0.0384666155576322,39,0.918146681423358,node
auc_cc,beta,imagination,40,7Networks_LH_Default_Par_1,0.0440004601668377,-0.2840741704959,0.362851720893785,0.795956785414467,39,0.941207919248871,node
auc_cc,beta,total,41,7Networks_LH_Default_Par_2,-0.236833719398218,-0.520885520254005,0.0944379640155688,0.158147656882974,39,0.918146681423358,node
auc_cc,beta,social,41,7Networks_LH_Default_Par_2,-0.182373332726384,-0.478142756836442,0.15054755964769,0.279986026614601,39,0.918146681423358,node
auc_cc,beta,switching,41,7Networks_LH_Default_Par_2,-0.178000194884012,-0.474648675283884,0.154961978948075,0.291875141495821,39,0.918146681423358,node
auc_cc,beta,detail,41,7Networks_LH_Default_Par_2,-0.0568738456182201,-0.374005989006836,0.272166297023794,0.738117714270651,39,0.936215321725433,node
auc_cc,beta,communication,41,7Networks_LH_Default_Par_2,-0.121758580967677,-0.428863259664196,0.210573652472325,0.472827578569444,39,0.926981727860637,node
auc_cc,beta,imagination,41,7Networks_LH_Default_Par_2,-0.101236221401446,-0.411753968952487,0.230344286851003,0.55104481352921,39,0.926981727860637,node
auc_cc,beta,total,42,7Networks_LH_Default_PFC_1,0.141977271663285,-0.190826031950471,0.445506651810377,0.401901011035373,39,0.918146681423358,node
auc_cc,beta,social,42,7Networks_LH_Default_PFC_1,0.22189820071899,-0.110038110257984,0.509303561771901,0.186850751546274,39,0.918146681423358,node
auc_cc,beta,switching,42,7Networks_LH_Default_PFC_1,0.0972106875255698,-0.234190517211753,0.408372041433446,0.567069500338416,39,0.926981727860637,node
auc_cc,beta,detail,42,7Networks_LH_Default_PFC_1,-0.0561871638671035,-0.373413314477119,0.272804031917795,0.741170463032634,39,0.936215321725433,node
auc_cc,beta,communication,42,7Networks_LH_Default_PFC_1,0.0977763982450808,-0.233650629901609,0.408847822202427,0.564804702274078,39,0.926981727860637,node
auc_cc,beta,imagination,42,7Networks_LH_Default_PFC_1,-0.0179242358732707,-0.339974222771044,0.30788846751722,0.916141689357614,39,0.962951848667857,node
auc_cc,beta,total,43,7Networks_LH_Default_PFC_2,0.0726997617314338,-0.257387918615085,0.387593923803857,0.668939406756323,39,0.935431942943058,node
auc_cc,beta,social,43,7Networks_LH_Default_PFC_2,0.209228035043986,-0.123145109808537,0.499395997018816,0.213936577196922,39,0.918146681423358,node
auc_cc,beta,switching,43,7Networks_LH_Default_PFC_2,-0.0680729987330729,-0.383635546861007,0.261724462124967,0.688917275512235,39,0.935431942943058,node
auc_cc,beta,detail,43,7Networks_LH_Default_PFC_2,-0.00123887502162632,-0.325132878711807,0.322915271970817,0.994193743299535,39,0.994193743299535,node
auc_cc,beta,communication,43,7Networks_LH_Default_PFC_2,-0.00677542877661324,-0.330075300235933,0.31794711437082,0.968253230209601,39,0.990867150489267,node
auc_cc,beta,imagination,43,7Networks_LH_Default_PFC_2,0.0412186030331069,-0.286634156797294,0.360429288263044,0.808609417995963,39,0.941207919248871,node
auc_cc,beta,total,44,7Networks_LH_Default_PFC_3,-0.0237748443110767,-0.345140528949725,0.302580646240886,0.888918590401711,39,0.941207919248871,node
auc_cc,beta,social,44,7Networks_LH_Default_PFC_3,-0.0594731262350744,-0.376247082754412,0.269749673046219,0.726598298644679,39,0.935431942943058,node
auc_cc,beta,switching,44,7Networks_LH_Default_PFC_3,0.0275836931818214,-0.299114248484804,0.348493451311406,0.871261028103865,39,0.941207919248871,node
auc_cc,beta,detail,44,7Networks_LH_Default_PFC_3,-0.176819186126039,-0.473703458123328,0.156151860272856,0.29514072085453,39,0.918146681423358,node
auc_cc,beta,communication,44,7Networks_LH_Default_PFC_3,0.208487886860023,-0.123907208278738,0.498814874874757,0.215598389175356,39,0.918146681423358,node
auc_cc,beta,imagination,44,7Networks_LH_Default_PFC_3,-0.0538030984414507,-0.371353616998603,0.275015918387809,0.751799202478573,39,0.941207919248871,node
auc_cc,beta,total,45,7Networks_LH_Default_PFC_4,-0.160751050321363,-0.460775050761525,0.172245257417052,0.341883567870489,39,0.918146681423358,node
auc_cc,beta,social,45,7Networks_LH_Default_PFC_4,-0.247420772254178,-0.529032543609767,0.0832803683922743,0.139833246744362,39,0.918146681423358,node
auc_cc,beta,switching,45,7Networks_LH_Default_PFC_4,-0.222619980911802,-0.509865680779204,0.109287953084026,0.185384365955462,39,0.918146681423358,node
auc_cc,beta,detail,45,7Networks_LH_Default_PFC_4,0.154770066750525,-0.178190586265426,0.455930017491785,0.360377821543665,39,0.918146681423358,node
auc_cc,beta,communication,45,7Networks_LH_Default_PFC_4,-0.0764260244838328,-0.390773467536416,0.253885697490181,0.653010413179892,39,0.935431942943058,node
auc_cc,beta,imagination,45,7Networks_LH_Default_PFC_4,0.0084243862521376,-0.316463988382276,0.331543888784621,0.960532358522664,39,0.990867150489267,node
auc_cc,beta,total,46,7Networks_LH_Default_PFC_5,-0.16685904050383,-0.465704581194197,0.1661485365985,0.323608215884424,39,0.918146681423358,node
auc_cc,beta,social,46,7Networks_LH_Default_PFC_5,-0.356255863315958,-0.60987865391022,-0.0364375325948967,0.0304481805938604,39,0.918146681423358,node
auc_cc,beta,switching,46,7Networks_LH_Default_PFC_5,-0.237792187151565,-0.521625223612592,0.0934312584130766,0.156421508015634,39,0.918146681423358,node
auc_cc,beta,detail,46,7Networks_LH_Default_PFC_5,0.304839126555961,-0.0212881371208967,0.572331410576735,0.0665708762359461,39,0.918146681423358,node
auc_cc,beta,communication,46,7Networks_LH_Default_PFC_5,-0.0726171225528207,-0.387523324457771,0.25746549094224,0.669294324591849,39,0.935431942943058,node
auc_cc,beta,imagination,46,7Networks_LH_Default_PFC_5,-0.0270987706061438,-0.348067030655726,0.299556051519226,0.873505870610433,39,0.941207919248871,node
auc_cc,beta,total,47,7Networks_LH_Default_PFC_6,-0.228290136152842,-0.514273054916064,0.103381693786202,0.174147197787666,39,0.918146681423358,node
auc_cc,beta,social,47,7Networks_LH_Default_PFC_6,-0.213869564375829,-0.503034318140955,0.118356974001164,0.20371661844183,39,0.918146681423358,node
auc_cc,beta,switching,47,7Networks_LH_Default_PFC_6,-0.0951510856215364,-0.406638421059057,0.23615437771921,0.575349983688063,39,0.926981727860637,node
auc_cc,beta,detail,47,7Networks_LH_Default_PFC_6,-0.0964796457820214,-0.407756961489462,0.234887885952921,0.570002342557144,39,0.926981727860637,node
auc_cc,beta,communication,47,7Networks_LH_Default_PFC_6,-0.0506944902764971,-0.368663253047019,0.277894801851747,0.765725767117988,39,0.941207919248871,node
auc_cc,beta,imagination,47,7Networks_LH_Default_PFC_6,-0.175237769950312,-0.472436703938187,0.157743645153878,0.299549965861315,39,0.918146681423358,node
auc_cc,beta,total,48,7Networks_LH_Default_PFC_7,-0.233763304802015,-0.518513033373736,0.0976583516618024,0.163770136315093,39,0.918146681423358,node
auc_cc,beta,social,48,7Networks_LH_Default_PFC_7,-0.185567613075103,-0.480689043136743,0.147314713777331,0.271503655528167,39,0.918146681423358,node
auc_cc,beta,switching,48,7Networks_LH_Default_PFC_7,-0.193202026059079,-0.486754638283204,0.139559206907971,0.251918991664126,39,0.918146681423358,node
auc_cc,beta,detail,48,7Networks_LH_Default_PFC_7,-0.186188467474111,-0.481183373564787,0.146685536978341,0.269874738811043,39,0.918146681423358,node
auc_cc,beta,communication,48,7Networks_LH_Default_PFC_7,0.0756835208344147,-0.254584249753047,0.390140502244967,0.65617269592006,39,0.935431942943058,node
auc_cc,beta,imagination,48,7Networks_LH_Default_PFC_7,-0.135070193646292,-0.439844457493922,0.197602613597402,0.425414361972963,39,0.918146681423358,node
auc_cc,beta,total,49,7Networks_LH_Default_pCunPCC_1,0.151135991091456,-0.181791163878757,0.452977407464582,0.371902520155233,39,0.918146681423358,node
auc_cc,beta,social,49,7Networks_LH_Default_pCunPCC_1,0.133794464044778,-0.198850771672921,0.438795998870579,0.429839678782247,39,0.918146681423358,node
auc_cc,beta,switching,49,7Networks_LH_Default_pCunPCC_1,0.0864090165696578,-0.244460052928488,0.399254941573719,0.611089924162344,39,0.928407862938819,node
auc_cc,beta,detail,49,7Networks_LH_Default_pCunPCC_1,0.0684313785603808,-0.261389037224832,0.383942569697118,0.68736218117799,39,0.935431942943058,node
auc_cc,beta,communication,49,7Networks_LH_Default_pCunPCC_1,0.0254015851934607,-0.30110122004041,0.34657355008213,0.881370178612603,39,0.941207919248871,node
auc_cc,beta,imagination,49,7Networks_LH_Default_pCunPCC_1,0.0983815428943523,-0.233072882413096,0.409356581042995,0.562386648859986,39,0.926981727860637,node
auc_cc,beta,total,50,7Networks_LH_Default_pCunPCC_2,0.134596319529271,-0.198066372131539,0.439455100917356,0.427055182991919,39,0.918146681423358,node
auc_cc,beta,social,50,7Networks_LH_Default_pCunPCC_2,0.0601020262745571,-0.269164343312857,0.376788762567047,0.723819908873722,39,0.935431942943058,node
auc_cc,beta,switching,50,7Networks_LH_Default_pCunPCC_2,0.0970310742292291,-0.234361888828177,0.408220945549543,0.567789443742134,39,0.926981727860637,node
auc_cc,beta,detail,50,7Networks_LH_Default_pCunPCC_2,0.0243526974858723,-0.302055302421656,0.345649740374095,0.886236094858278,39,0.941207919248871,node
auc_cc,beta,communication,50,7Networks_LH_Default_pCunPCC_2,0.0501842905149968,-0.278366734888638,0.368221188066854,0.76801852601549,39,0.941207919248871,node
auc_cc,beta,imagination,50,7Networks_LH_Default_pCunPCC_2,0.172095168848348,-0.160901723162315,0.469915751598563,0.30843609555322,39,0.918146681423358,node
auc_cc,beta,total,51,7Networks_RH_Vis_1,-0.290954867319714,-0.561996334000117,0.0365118643145824,0.0806225311579855,39,0.911834497894313,node
auc_cc,beta,social,51,7Networks_RH_Vis_1,-0.160755467040569,-0.460778622031053,0.172240858044754,0.341870129080035,39,0.942452788274691,node
auc_cc,beta,switching,51,7Networks_RH_Vis_1,-0.169361272153895,-0.467718697743216,0.163643548866456,0.316300724678079,39,0.911834497894313,node
auc_cc,beta,detail,51,7Networks_RH_Vis_1,0.0980058770899822,-0.233431567965307,0.409040773036762,0.563887181704271,39,0.944491894271003,node
auc_cc,beta,communication,51,7Networks_RH_Vis_1,-0.263208579723313,-0.541086019599122,0.0664862929495339,0.115491699511435,39,0.911834497894313,node
auc_cc,beta,imagination,51,7Networks_RH_Vis_1,-0.392383634479568,-0.635597117676018,-0.0783164130839616,0.016302240863965,39,0.831414284062217,node
auc_cc,beta,total,52,7Networks_RH_Vis_2,-0.0254568201070666,-0.34662218106807,0.301050959494929,0.881114054292766,39,0.989490030570091,node
auc_cc,beta,social,52,7Networks_RH_Vis_2,0.0781281562238942,-0.252283019446242,0.392223370120456,0.64578366099834,39,0.961847802791951,node
auc_cc,beta,switching,52,7Networks_RH_Vis_2,-0.104458888329974,-0.414455242224639,0.227257677539301,0.538371733586937,39,0.944491894271003,node
auc_cc,beta,detail,52,7Networks_RH_Vis_2,-0.0974409739525483,-0.408565740073583,0.233970767502172,0.566147056554287,39,0.944491894271003,node
auc_cc,beta,communication,52,7Networks_RH_Vis_2,0.0244966463352015,-0.301924403311238,0.345776560461263,0.885568051863969,39,0.989490030570091,node
auc_cc,beta,imagination,52,7Networks_RH_Vis_2,0.0327635234685795,-0.294386255923547,0.353040104853796,0.847347412434979,39,0.989490030570091,node
auc_cc,beta,total,53,7Networks_RH_Vis_3,0.177220854172582,-0.155747283033302,0.474025008828246,0.294027461961331,39,0.911834497894313,node
auc_cc,beta,social,53,7Networks_RH_Vis_3,0.00125792300435307,-0.322898210071104,0.325149913026876,0.99410447233602,39,0.99410447233602,node
auc_cc,beta,switching,53,7Networks_RH_Vis_3,0.149605393933817,-0.183304985251417,0.451731844586602,0.376821139842783,39,0.944491894271003,node
auc_cc,beta,detail,53,7Networks_RH_Vis_3,0.238668535644137,-0.0925102118766489,0.522301177698505,0.154855247687526,39,0.911834497894313,node
auc_cc,beta,communication,53,7Networks_RH_Vis_3,0.0481113572251492,-0.280282560778602,0.366423605020549,0.777353760173599,39,0.989490030570091,node
auc_cc,beta,imagination,53,7Networks_RH_Vis_3,0.0564850415144824,-0.272527422570093,0.373670444269731,0.739845720709402,39,0.989490030570091,node
auc_cc,beta,total,54,7Networks_RH_Vis_4,0.0129889642530469,-0.312350157703295,0.335601026255832,0.939180329778527,39,0.989490030570091,node
auc_cc,beta,social,54,7Networks_RH_Vis_4,-0.207726508918191,-0.498216811833437,0.124690757163954,0.21731712310039,39,0.911834497894313,node
auc_cc,beta,switching,54,7Networks_RH_Vis_4,0.118695074269569,-0.213542307786277,0.426323157262733,0.484119124760346,39,0.944491894271003,node
auc_cc,beta,detail,54,7Networks_RH_Vis_4,0.47737322162575,0.181409188622686,0.694042769746446,0.0028111174166921,39,0.286733976502594,node
auc_cc,beta,communication,54,7Networks_RH_Vis_4,-0.280926639906879,-0.554478572883637,0.0474138244104398,0.0921298087177888,39,0.911834497894313,node
auc_cc,beta,imagination,54,7Networks_RH_Vis_4,-0.0884541962381919,-0.400985927289028,0.242521307059577,0.602644652256187,39,0.944491894271003,node
auc_cc,beta,total,55,7Networks_RH_Vis_5,-0.0769783963795614,-0.391244157630013,0.253365798799364,0.650661748947496,39,0.961847802791951,node
auc_cc,beta,social,55,7Networks_RH_Vis_5,-0.0570041540606598,-0.374118428897173,0.272045244361758,0.737538852146118,39,0.989490030570091,node
auc_cc,beta,switching,55,7Networks_RH_Vis_5,-0.0994005767893455,-0.410212869162653,0.232099454941838,0.55832560589555,39,0.944491894271003,node
auc_cc,beta,detail,55,7Networks_RH_Vis_5,-0.0263115465005367,-0.347374495724401,0.300272977104081,0.877152218970757,39,0.989490030570091,node
auc_cc,beta,communication,55,7Networks_RH_Vis_5,0.0389066930013127,-0.288758120954944,0.358412802686106,0.81916129541531,39,0.989490030570091,node
auc_cc,beta,imagination,55,7Networks_RH_Vis_5,-0.0655440596740125,-0.381467028193843,0.264089155218738,0.699926378210669,39,0.989490030570091,node
auc_cc,beta,total,56,7Networks_RH_Vis_6,-0.192492990212684,-0.486192494185226,0.140281213013224,0.253697104134238,39,0.911834497894313,node
auc_cc,beta,social,56,7Networks_RH_Vis_6,-0.149906806593077,-0.451977220072024,0.183007000955924,0.375849519827502,39,0.944491894271003,node
auc_cc,beta,switching,56,7Networks_RH_Vis_6,-0.0701715827571335,-0.385432405776259,0.259759163202221,0.679829098694667,39,0.989490030570091,node
auc_cc,beta,detail,56,7Networks_RH_Vis_6,0.102931236338821,-0.228721664996766,0.413175428860502,0.544361729957974,39,0.944491894271003,node
auc_cc,beta,communication,56,7Networks_RH_Vis_6,-0.237715778394142,-0.521566270334598,0.0935115375287267,0.156558612680303,39,0.911834497894313,node
auc_cc,beta,imagination,56,7Networks_RH_Vis_6,-0.220497237205337,-0.508211797585706,0.111493074470662,0.189720327654157,39,0.911834497894313,node
auc_cc,beta,total,57,7Networks_RH_Vis_7,-0.304612938181169,-0.572163720098624,0.0215373645352912,0.0667831934213835,39,0.911834497894313,node
auc_cc,beta,social,57,7Networks_RH_Vis_7,-0.171742295617823,-0.469632377729076,0.161255908940949,0.309444195625136,39,0.911834497894313,node
auc_cc,beta,switching,57,7Networks_RH_Vis_7,-0.340409881020926,-0.598427194631762,-0.0184167491603848,0.0392471016620508,39,0.911834497894313,node
auc_cc,beta,detail,57,7Networks_RH_Vis_7,0.0887877957231701,-0.242204817552476,0.401268065482506,0.60127188411104,39,0.944491894271003,node
auc_cc,beta,communication,57,7Networks_RH_Vis_7,-0.205990738912617,-0.496852328782034,0.12647552317421,0.221270615264717,39,0.911834497894313,node
auc_cc,beta,imagination,57,7Networks_RH_Vis_7,-0.23344176631654,-0.51826432907651,0.0979951945654194,0.164367156580586,39,0.911834497894313,node
auc_cc,beta,total,58,7Networks_RH_Vis_8,0.173168250900907,-0.159824122431519,0.470777110159852,0.305383258323279,39,0.911834497894313,node
auc_cc,beta,social,58,7Networks_RH_Vis_8,0.182058841897302,-0.150865462864761,0.47789179470431,0.280830361919712,39,0.911834497894313,node
auc_cc,beta,switching,58,7Networks_RH_Vis_8,0.119237625434707,-0.213017001650564,0.426773366617424,0.482109244775861,39,0.944491894271003,node
auc_cc,beta,detail,58,7Networks_RH_Vis_8,0.0117270337626256,-0.313488695601059,0.334480579350505,0.945079792137576,39,0.989490030570091,node
auc_cc,beta,communication,58,7Networks_RH_Vis_8,0.13511533351074,-0.197558429544417,0.439881540488547,0.425258246026551,39,0.944491894271003,node
auc_cc,beta,imagination,58,7Networks_RH_Vis_8,-0.0086146374422414,-0.331713228915157,0.316292768010596,0.959641764798118,39,0.989490030570091,node
auc_cc,beta,total,59,7Networks_RH_SomMot_1,-0.0508461197638909,-0.36879460541104,0.277754514512017,0.76504474483787,39,0.928271538430636,node
auc_cc,beta,social,59,7Networks_RH_SomMot_1,0.119551664692583,-0.212712856360015,0.427033886992845,0.480947872811385,39,0.776915794541468,node
auc_cc,beta,switching,59,7Networks_RH_SomMot_1,0.0537071288054475,-0.275104884208268,0.371270639181404,0.752228017229125,39,0.928271538430636,node
auc_cc,beta,detail,59,7Networks_RH_SomMot_1,-0.201575390260744,-0.493374944095323,0.131005823935741,0.231548544663786,39,0.554689011246009,node
auc_cc,beta,communication,59,7Networks_RH_SomMot_1,0.133573729870897,-0.199066625804435,0.438614504131438,0.430607958904581,39,0.723421370959697,node
auc_cc,beta,imagination,59,7Networks_RH_SomMot_1,-0.363044487033944,-0.614752413204775,-0.0442220402623174,0.0272107387678361,39,0.354389991220045,node
auc_cc,beta,total,60,7Networks_RH_SomMot_2,-0.0427915557928711,-0.361799539888088,0.285187232022192,0.801449107054647,39,0.928271538430636,node
auc_cc,beta,social,60,7Networks_RH_SomMot_2,0.0159013126078094,-0.309719008761926,0.338183371908336,0.925577937633144,39,0.987332774165961,node
auc_cc,beta,switching,60,7Networks_RH_SomMot_2,0.210783114580211,-0.121542633763275,0.500616106798972,0.210473886324689,39,0.554689011246009,node
auc_cc,beta,detail,60,7Networks_RH_SomMot_2,-0.0569686380596005,-0.374087783953878,0.272078238701415,0.737696608852382,39,0.928271538430636,node
auc_cc,beta,communication,60,7Networks_RH_SomMot_2,-0.134796173863029,-0.439619324318377,0.197870802159812,0.426362744251521,39,0.723421370959697,node
auc_cc,beta,imagination,60,7Networks_RH_SomMot_2,-0.2488549601583,-0.530132211848715,0.081762487377423,0.137477695544818,39,0.526455733271425,node
auc_cc,beta,total,61,7Networks_RH_SomMot_3,-0.0271659435085616,-0.348126107625888,0.299494860020223,0.873194849894166,39,0.960171317918146,node
auc_cc,beta,social,61,7Networks_RH_SomMot_3,0.224493146494637,-0.107339378154336,0.511323349860818,0.181616817165193,39,0.544850451495579,node
auc_cc,beta,switching,61,7Networks_RH_SomMot_3,0.0717317187658021,-0.258296341115374,0.386766684674856,0.673101367816024,39,0.928271538430636,node
auc_cc,beta,detail,61,7Networks_RH_SomMot_3,-0.430999694387374,-0.66250274550723,-0.124339779919371,0.0077416385411827,39,0.278593936408441,node
auc_cc,beta,communication,61,7Networks_RH_SomMot_3,0.176180986505692,-0.156794452524785,0.473192391956537,0.296915094363746,39,0.623521698163866,node
auc_cc,beta,imagination,61,7Networks_RH_SomMot_3,-0.206326083082849,-0.4971160538476,0.126130880837134,0.220503000278123,39,0.554689011246009,node
auc_cc,beta,total,62,7Networks_RH_SomMot_4,-0.251282582629853,-0.531991445447055,0.0791896991966584,0.133557382485947,39,0.526455733271425,node
auc_cc,beta,social,62,7Networks_RH_SomMot_4,-0.17839411645023,-0.474963797244875,0.154564883006223,0.290791102945687,39,0.623521698163866,node
auc_cc,beta,switching,62,7Networks_RH_SomMot_4,0.0450965585838277,-0.283064206660234,0.363805017941705,0.790985301927147,39,0.928271538430636,node
auc_cc,beta,detail,62,7Networks_RH_SomMot_4,-0.201931392165063,-0.4936556657295,0.130641067729486,0.230708040278928,39,0.554689011246009,node
auc_cc,beta,communication,62,7Networks_RH_SomMot_4,-0.143783385063791,-0.446983249836863,0.189048794390763,0.395878004334417,39,0.716815999735646,node
auc_cc,beta,imagination,62,7Networks_RH_SomMot_4,-0.261872130081009,-0.540070088009237,0.0679151980789644,0.117419467237063,39,0.526455733271425,node
auc_cc,beta,total,63,7Networks_RH_SomMot_5,-0.244261085966834,-0.526606502108089,0.0866190349649339,0.145127373163444,39,0.526455733271425,node
auc_cc,beta,social,63,7Networks_RH_SomMot_5,-0.240243252981422,-0.523514909794329,0.0908537508831057,0.152069499512283,39,0.526455733271425,node
auc_cc,beta,switching,63,7Networks_RH_SomMot_5,0.00492776393189806,-0.319607078357745,0.328427878214321,0.97690785390277,39,0.995662758540357,node
auc_cc,beta,detail,63,7Networks_RH_SomMot_5,-0.184409549887298,-0.479766480224196,0.148487581055696,0.274559205646128,39,0.606920349323019,node
auc_cc,beta,communication,63,7Networks_RH_SomMot_5,-0.0115326406376506,-0.334307899813757,0.313663997735716,0.945988834265831,39,0.987332774165961,node
auc_cc,beta,imagination,63,7Networks_RH_SomMot_5,-0.267985783138386,-0.544710896714055,0.0613675226073722,0.108795039825193,39,0.526455733271425,node
auc_cc,beta,total,64,7Networks_RH_SomMot_6,-0.276430285646067,-0.55109327622163,0.052276665717304,0.0976817277106307,39,0.526455733271425,node
auc_cc,beta,social,64,7Networks_RH_SomMot_6,-0.256246578138843,-0.535784793621813,0.0739151283141067,0.125799606704296,39,0.526455733271425,node
auc_cc,beta,switching,64,7Networks_RH_SomMot_6,-0.0646283392880579,-0.38068095638554,0.264944426543509,0.703927799338063,39,0.928271538430636,node
auc_cc,beta,detail,64,7Networks_RH_SomMot_6,-0.000321356835542862,-0.324312107472033,0.323736873517669,0.998493879577831,39,0.998493879577831,node
auc_cc,beta,communication,64,7Networks_RH_SomMot_6,-0.334217142632925,-0.593923035580515,-0.0114304809755159,0.0432031754175036,39,0.384444904329251,node
auc_cc,beta,imagination,64,7Networks_RH_SomMot_6,-0.102767009206253,-0.413037772123264,0.228878958751654,0.545007552955923,39,0.842280854422818,node
auc_cc,beta,total,65,7Networks_RH_SomMot_7,-0.167774133126196,-0.466441524226386,0.165232934256683,0.320923682487003,39,0.648497852895791,node
auc_cc,beta,social,65,7Networks_RH_SomMot_7,-0.196267461754788,-0.489182209579603,0.136433618825626,0.244327302572647,39,0.554689011246009,node
auc_cc,beta,switching,65,7Networks_RH_SomMot_7,0.112159096044025,-0.219855477529048,0.420887594398388,0.508669184424988,39,0.806192669654698,node
auc_cc,beta,detail,65,7Networks_RH_SomMot_7,-0.225509329856617,-0.512113438430764,0.106281217895033,0.179595826743203,39,0.544850451495579,node
auc_cc,beta,communication,65,7Networks_RH_SomMot_7,-0.0969143691897628,-0.408122760765959,0.234473227738643,0.568257456311883,39,0.852386184467825,node
auc_cc,beta,imagination,65,7Networks_RH_SomMot_7,-0.0392126502630107,-0.358679834869435,0.288477221426076,0.817763021950798,39,0.928271538430636,node
auc_cc,beta,total,66,7Networks_RH_SomMot_8,-0.237646357615785,-0.521512706291148,0.0935844709668984,0.156683253949829,39,0.526455733271425,node
auc_cc,beta,social,66,7Networks_RH_SomMot_8,-0.0465732923895587,-0.365088305832567,0.281702367132061,0.784300273821173,39,0.928271538430636,node
auc_cc,beta,switching,66,7Networks_RH_SomMot_8,-0.0856507685232606,-0.398612613359347,0.245178169194132,0.614233693384016,39,0.905186495513286,node
auc_cc,beta,detail,66,7Networks_RH_SomMot_8,-0.291225673701812,-0.562198727652467,0.0362163784692847,0.0803280443238724,39,0.526455733271425,node
auc_cc,beta,communication,66,7Networks_RH_SomMot_8,-0.0534886017285843,-0.371081676120391,0.27530744228163,0.753204720002153,39,0.928271538430636,node
auc_cc,beta,imagination,66,7Networks_RH_SomMot_8,-0.226451723312788,-0.5128457216987,0.10529922359505,0.177735924526803,39,0.544850451495579,node
auc_cc,beta,total,67,7Networks_RH_DorsAttn_Post_1,0.00423124174466138,-0.32023232556814,0.327806331160057,0.98017115227707,39,0.991184311291418,node
auc_cc,beta,social,67,7Networks_RH_DorsAttn_Post_1,-0.014967985209155,-0.337356329401988,0.310562762842184,0.92993504825325,39,0.991184311291418,node
auc_cc,beta,switching,67,7Networks_RH_DorsAttn_Post_1,-0.00875877490297952,-0.331841509948511,0.316163034518786,0.958967068218731,39,0.991184311291418,node
auc_cc,beta,detail,67,7Networks_RH_DorsAttn_Post_1,0.117502892903699,-0.214695921076883,0.425333348619883,0.488550778589443,39,0.902504314332979,node
auc_cc,beta,communication,67,7Networks_RH_DorsAttn_Post_1,0.0182119375052399,-0.307627930523409,0.340228729323436,0.914800546748828,39,0.991184311291418,node
auc_cc,beta,imagination,67,7Networks_RH_DorsAttn_Post_1,-0.134766290356859,-0.439594769874392,0.197900046724682,0.4264662423103,39,0.902504314332979,node
auc_cc,beta,total,68,7Networks_RH_DorsAttn_Post_2,-0.108820182885696,-0.418102247668915,0.223069872168149,0.521446937170166,39,0.902504314332979,node
auc_cc,beta,social,68,7Networks_RH_DorsAttn_Post_2,-0.140074720100978,-0.443949422212183,0.192695809129101,0.408302113116371,39,0.902504314332979,node
auc_cc,beta,switching,68,7Networks_RH_DorsAttn_Post_2,-0.1158057755414,-0.423923045407372,0.216336537870376,0.494895302149043,39,0.902504314332979,node
auc_cc,beta,detail,68,7Networks_RH_DorsAttn_Post_2,-0.000357714467745471,-0.324344640688856,0.323704325980753,0.998323480528717,39,0.998323480528717,node
auc_cc,beta,communication,68,7Networks_RH_DorsAttn_Post_2,-0.127626185776666,-0.433714856142547,0.204870554367237,0.451593607812444,39,0.902504314332979,node
auc_cc,beta,imagination,68,7Networks_RH_DorsAttn_Post_2,0.154327578120857,-0.178629473387937,0.455570858872913,0.361769498008805,39,0.902504314332979,node
auc_cc,beta,total,69,7Networks_RH_DorsAttn_Post_3,0.071562886546204,-0.258454715436773,0.386622357505202,0.67382822354422,39,0.991184311291418,node
auc_cc,beta,social,69,7Networks_RH_DorsAttn_Post_3,0.00535688644950992,-0.319221727117362,0.328810669642557,0.974897538949068,39,0.991184311291418,node
auc_cc,beta,switching,69,7Networks_RH_DorsAttn_Post_3,0.0186155453158235,-0.30726234878282,0.340585689275507,0.912919490608009,39,0.991184311291418,node
auc_cc,beta,detail,69,7Networks_RH_DorsAttn_Post_3,0.0987684825612823,-0.232703338271281,0.409681788671914,0.560843015366649,39,0.952374931754687,node
auc_cc,beta,communication,69,7Networks_RH_DorsAttn_Post_3,0.061410673146163,-0.267945579538054,0.377915223362818,0.718049674622818,39,0.991184311291418,node
auc_cc,beta,imagination,69,7Networks_RH_DorsAttn_Post_3,0.0190968541128231,-0.306826260901294,0.34101124844523,0.910676911637309,39,0.991184311291418,node
auc_cc,beta,total,70,7Networks_RH_DorsAttn_Post_4,0.1157997058075,-0.216342402165751,0.423917998780252,0.494918068622298,39,0.902504314332979,node
auc_cc,beta,social,70,7Networks_RH_DorsAttn_Post_4,0.0556086891834287,-0.273341048494169,0.372913832336704,0.743745190335807,39,0.991184311291418,node
auc_cc,beta,switching,70,7Networks_RH_DorsAttn_Post_4,0.122717060475412,-0.209643588561105,0.429656985549722,0.469323498174061,39,0.902504314332979,node
auc_cc,beta,detail,70,7Networks_RH_DorsAttn_Post_4,0.185262903392037,-0.147623409495079,0.480446361625541,0.272305463921889,39,0.837622479432932,node
auc_cc,beta,communication,70,7Networks_RH_DorsAttn_Post_4,-0.084692172784894,-0.397800126634138,0.2460855100603,0.618217842458631,39,0.970525052661777,node
auc_cc,beta,imagination,70,7Networks_RH_DorsAttn_Post_4,0.0175034915797841,-0.308269397390784,0.339601939091802,0.918103430356212,39,0.991184311291418,node
auc_cc,beta,total,71,7Networks_RH_DorsAttn_Post_5,-0.186720664180029,-0.481606964574098,0.146145991827465,0.26848354431541,39,0.837622479432932,node
auc_cc,beta,social,71,7Networks_RH_DorsAttn_Post_5,-0.154911522286804,-0.456044813258665,0.178050254114997,0.359933606810936,39,0.902504314332979,node
auc_cc,beta,switching,71,7Networks_RH_DorsAttn_Post_5,-0.049906228369375,-0.367980199256795,0.278623874649154,0.769268913512363,39,0.991184311291418,node
auc_cc,beta,detail,71,7Networks_RH_DorsAttn_Post_5,-0.229297002862935,-0.51505410961192,0.102330450159566,0.17220379519039,39,0.779723163418437,node
auc_cc,beta,communication,71,7Networks_RH_DorsAttn_Post_5,-0.0355496442303956,-0.35547941280842,0.291836528467551,0.834538779602329,39,0.991184311291418,node
auc_cc,beta,imagination,71,7Networks_RH_DorsAttn_Post_5,-0.014161366448183,-0.336641165151578,0.311291555758349,0.933702260431748,39,0.991184311291418,node
auc_cc,beta,total,72,7Networks_RH_DorsAttn_PrCv_1,-0.224333689549033,-0.511199327115524,0.107505353799122,0.181935404797635,39,0.779723163418437,node
auc_cc,beta,social,72,7Networks_RH_DorsAttn_PrCv_1,-0.243851328462337,-0.526291548603933,0.0870514594370352,0.145824539324573,39,0.779723163418437,node
auc_cc,beta,switching,72,7Networks_RH_DorsAttn_PrCv_1,-0.0592289248276863,-0.376036690510545,0.269976890578875,0.727678075252374,39,0.991184311291418,node
auc_cc,beta,detail,72,7Networks_RH_DorsAttn_PrCv_1,0.124527765662588,-0.207884921671391,0.431155154267521,0.462741444278691,39,0.902504314332979,node
auc_cc,beta,communication,72,7Networks_RH_DorsAttn_PrCv_1,-0.182663860847051,-0.478374553934942,0.150253817951381,0.279207493144311,39,0.837622479432932,node
auc_cc,beta,imagination,72,7Networks_RH_DorsAttn_PrCv_1,-0.303707419391767,-0.571492166697357,0.0225347116215479,0.0676385251171649,39,0.779723163418437,node
auc_cc,beta,total,73,7Networks_RH_DorsAttn_FEF_1,-0.254481153497559,-0.534436996607896,0.0757931267249759,0.128519178061471,39,0.779723163418437,node
auc_cc,beta,social,73,7Networks_RH_DorsAttn_FEF_1,-0.275166147655164,-0.55013987802333,0.0536410388746991,0.0992877610979899,39,0.779723163418437,node
auc_cc,beta,switching,73,7Networks_RH_DorsAttn_FEF_1,-0.261819186335588,-0.540029824954805,0.0679717766223341,0.117496330432419,39,0.779723163418437,node
auc_cc,beta,detail,73,7Networks_RH_DorsAttn_FEF_1,0.0510636512849561,-0.277553230245444,0.368983024680977,0.764068036403238,39,0.991184311291418,node
auc_cc,beta,communication,73,7Networks_RH_DorsAttn_FEF_1,0.0243802375735114,-0.302030259943513,0.345674004319506,0.88610827983363,39,0.991184311291418,node
auc_cc,beta,imagination,73,7Networks_RH_DorsAttn_FEF_1,-0.230657180675553,-0.516108484636008,0.100909146310027,0.169603156791465,39,0.779723163418437,node
auc_cc,beta,total,74,7Networks_RH_SalVentAttn_TempOccPar_1,0.265531135129425,-0.0639998420420653,0.542849633766454,0.112198270452488,39,0.839607435540372,node
auc_cc,beta,social,74,7Networks_RH_SalVentAttn_TempOccPar_1,0.144029687333048,-0.188806260890509,0.447184487679115,0.395060699197963,39,0.901500517128763,node
auc_cc,beta,switching,74,7Networks_RH_SalVentAttn_TempOccPar_1,0.341220088766998,0.0193331077808889,0.599015278285791,0.0387520196516061,39,0.731915340424842,node
auc_cc,beta,detail,74,7Networks_RH_SalVentAttn_TempOccPar_1,0.0873362128545368,-0.243581436813316,0.400039972323441,0.607254981102579,39,0.901500517128763,node
auc_cc,beta,communication,74,7Networks_RH_SalVentAttn_TempOccPar_1,0.0330604949599028,-0.294114703071586,0.353300317190576,0.845980247714573,39,0.937085812853066,node
auc_cc,beta,imagination,74,7Networks_RH_SalVentAttn_TempOccPar_1,0.104629978392817,-0.227093624197978,0.414598499181985,0.537702856218278,39,0.901500517128763,node
auc_cc,beta,total,75,7Networks_RH_SalVentAttn_TempOccPar_2,0.0632028731425307,-0.26627476290351,0.379456399482722,0.710172250689621,39,0.932046339195227,node
auc_cc,beta,social,75,7Networks_RH_SalVentAttn_TempOccPar_2,0.0636462612440791,-0.265861099162535,0.379837413965796,0.70822791041661,39,0.932046339195227,node
auc_cc,beta,switching,75,7Networks_RH_SalVentAttn_TempOccPar_2,0.314230602916593,-0.0109041620867567,0.579274326451804,0.0582146564873832,39,0.731915340424842,node
auc_cc,beta,detail,75,7Networks_RH_SalVentAttn_TempOccPar_2,-0.34780458862549,-0.603784299978266,-0.0268003984488883,0.0349138681275621,39,0.731915340424842,node
auc_cc,beta,communication,75,7Networks_RH_SalVentAttn_TempOccPar_2,0.16963856249796,-0.163365688547336,0.467941705984449,0.315497355640434,39,0.901500517128763,node
auc_cc,beta,imagination,75,7Networks_RH_SalVentAttn_TempOccPar_2,-0.060662291004336,-0.377271143535389,0.268642688870063,0.721347666675921,39,0.932046339195227,node
auc_cc,beta,total,76,7Networks_RH_SalVentAttn_FrOperIns_1,0.182351993201066,-0.150569132895552,0.478125729527673,0.280043266086837,39,0.901500517128763,node
auc_cc,beta,social,76,7Networks_RH_SalVentAttn_FrOperIns_1,0.240327135359629,-0.0907654627410396,0.523579530897721,0.151922138155858,39,0.839607435540372,node
auc_cc,beta,switching,76,7Networks_RH_SalVentAttn_FrOperIns_1,0.180382018056736,-0.152559319533598,0.476552881831089,0.285360131039188,39,0.901500517128763,node
auc_cc,beta,detail,76,7Networks_RH_SalVentAttn_FrOperIns_1,-0.184104154341809,-0.47952308013271,0.148796724649206,0.275368719390427,39,0.901500517128763,node
auc_cc,beta,communication,76,7Networks_RH_SalVentAttn_FrOperIns_1,0.258458236434671,-0.0715591328320952,0.537471255824211,0.122453415125549,39,0.839607435540372,node
auc_cc,beta,imagination,76,7Networks_RH_SalVentAttn_FrOperIns_1,-0.0453911839535124,-0.364061145274175,0.282792609644008,0.789650370707067,39,0.932046339195227,node
auc_cc,beta,total,77,7Networks_RH_SalVentAttn_Med_1,0.0117921605832048,-0.313429959807759,0.334538426700391,0.944775254303585,39,0.970165194292201,node
auc_cc,beta,social,77,7Networks_RH_SalVentAttn_Med_1,-0.0190927070726906,-0.341007582316992,0.306830018894727,0.910696231205493,39,0.970165194292201,node
auc_cc,beta,switching,77,7Networks_RH_SalVentAttn_Med_1,-0.0337622989147037,-0.353915054940354,0.293472758544387,0.8427511286511,39,0.937085812853066,node
auc_cc,beta,detail,77,7Networks_RH_SalVentAttn_Med_1,0.270598878778791,-0.0585602431309356,0.546689312928554,0.105258555221571,39,0.839607435540372,node
auc_cc,beta,communication,77,7Networks_RH_SalVentAttn_Med_1,-0.0896501210494187,-0.401997093263167,0.241386393509388,0.597729671908298,39,0.901500517128763,node
auc_cc,beta,imagination,77,7Networks_RH_SalVentAttn_Med_1,-0.137684166652661,-0.441990159736511,0.195041760854032,0.416426820549445,39,0.901500517128763,node
auc_cc,beta,total,78,7Networks_RH_SalVentAttn_Med_2,-0.216423456149442,-0.505031856761015,0.115715809792402,0.198240644502588,39,0.839607435540372,node
auc_cc,beta,social,78,7Networks_RH_SalVentAttn_Med_2,-0.22489188279718,-0.511633427504958,0.106924260296442,0.180821893528644,39,0.839607435540372,node
auc_cc,beta,switching,78,7Networks_RH_SalVentAttn_Med_2,-0.310996059317385,-0.576887431923821,0.0144884692264381,0.0609929450354035,39,0.731915340424842,node
auc_cc,beta,detail,78,7Networks_RH_SalVentAttn_Med_2,0.1145897763668,-0.217510901519551,0.422911631356443,0.499466960995236,39,0.901500517128763,node
auc_cc,beta,communication,78,7Networks_RH_SalVentAttn_Med_2,-0.0524529794982222,-0.370185802959958,0.276266988924645,0.757838529776129,39,0.932046339195227,node
auc_cc,beta,imagination,78,7Networks_RH_SalVentAttn_Med_2,-0.0856481480068453,-0.398610392931064,0.245180650385189,0.614244570105404,39,0.901500517128763,node
auc_cc,beta,total,79,7Networks_RH_Limbic_OFC_1,-0.0752180131676108,-0.389743517279741,0.255022026685611,0.65815828164363,39,0.962104208103374,node
auc_cc,beta,social,79,7Networks_RH_Limbic_OFC_1,-0.0674903378697385,-0.383136234240652,0.262269632420157,0.691448261363393,39,0.962104208103374,node
auc_cc,beta,switching,79,7Networks_RH_Limbic_OFC_1,-0.0141085719899193,-0.336594343558408,0.31133924304922,0.933948880762199,39,0.966154014581585,node
auc_cc,beta,detail,79,7Networks_RH_Limbic_OFC_1,-0.116605409333617,-0.424587726673097,0.215563759175367,0.491900706900485,39,0.962104208103374,node
auc_cc,beta,communication,79,7Networks_RH_Limbic_OFC_1,0.0424999745268065,-0.285455564157826,0.361545637749333,0.802775242355805,39,0.962104208103374,node
auc_cc,beta,imagination,79,7Networks_RH_Limbic_OFC_1,-0.0455447677567196,-0.364194641517243,0.28265100930771,0.788954724809619,39,0.962104208103374,node
auc_cc,beta,total,80,7Networks_RH_Limbic_TempPole_1,0.332370522789578,0.00935331928311619,0.592576776623264,0.0444432623733048,39,0.38010041830283,node
auc_cc,beta,social,80,7Networks_RH_Limbic_TempPole_1,0.308342139784696,-0.0174231330997509,0.574925605024773,0.0633500697171384,39,0.38010041830283,node
auc_cc,beta,switching,80,7Networks_RH_Limbic_TempPole_1,0.20582389132582,-0.126646967086876,0.496721094643784,0.221653216968911,39,0.716236752271658,node
auc_cc,beta,detail,80,7Networks_RH_Limbic_TempPole_1,-0.0631611334142306,-0.379420525965313,0.266313698186742,0.710355380441714,39,0.962104208103374,node
auc_cc,beta,communication,80,7Networks_RH_Limbic_TempPole_1,0.319666282758293,-0.00486182402755352,0.583275313103355,0.0537730321252503,39,0.38010041830283,node
auc_cc,beta,imagination,80,7Networks_RH_Limbic_TempPole_1,0.128694420026194,-0.203829834634079,0.434596214136296,0.44778416419203,39,0.962104208103374,node
auc_cc,beta,total,81,7Networks_RH_Cont_Par_1,-0.0366985083333044,-0.356484000327602,0.290783785071883,0.829269113258786,39,0.974924736797166,node
auc_cc,beta,social,81,7Networks_RH_Cont_Par_1,-0.0246464792352466,-0.345908551977925,0.301788140496646,0.884872784576182,39,0.974924736797166,node
auc_cc,beta,switching,81,7Networks_RH_Cont_Par_1,-0.0401503036404821,-0.359497870788181,0.287616009883802,0.813481266798034,39,0.974924736797166,node
auc_cc,beta,detail,81,7Networks_RH_Cont_Par_1,-0.0517318398999524,-0.369561626225804,0.276934767632119,0.761070144786865,39,0.974924736797166,node
auc_cc,beta,communication,81,7Networks_RH_Cont_Par_1,-0.0501045922149708,-0.368152120111993,0.27844044122035,0.768376853782789,39,0.974924736797166,node
auc_cc,beta,imagination,81,7Networks_RH_Cont_Par_1,0.0977795175994553,-0.233647652372024,0.40885044521031,0.564792225620429,39,0.974924736797166,node
auc_cc,beta,total,82,7Networks_RH_Cont_Par_2,0.107813826007772,-0.224037285388052,0.417261595003707,0.52532891431188,39,0.974924736797166,node
auc_cc,beta,social,82,7Networks_RH_Cont_Par_2,-0.0120955681361855,-0.334807889189499,0.313156293450362,0.943356600554791,39,0.974924736797166,node
auc_cc,beta,switching,82,7Networks_RH_Cont_Par_2,0.201174324632919,-0.131416644176408,0.493058615093534,0.232497930861118,39,0.974924736797166,node
auc_cc,beta,detail,82,7Networks_RH_Cont_Par_2,0.108442157527598,-0.223433345508877,0.417786529132055,0.522903495887512,39,0.974924736797166,node
auc_cc,beta,communication,82,7Networks_RH_Cont_Par_2,-0.0310594162222185,-0.351545973611899,0.295943483119088,0.855200973618059,39,0.974924736797166,node
auc_cc,beta,imagination,82,7Networks_RH_Cont_Par_2,0.0220118170054749,-0.304182243272967,0.343585757234634,0.89711027022955,39,0.974924736797166,node
auc_cc,beta,total,83,7Networks_RH_Cont_PFCl_1,0.203801031049055,-0.12872397414924,0.495128952873243,0.226327962452205,39,0.974924736797166,node
auc_cc,beta,social,83,7Networks_RH_Cont_PFCl_1,0.0701560939476965,-0.259773678305921,0.385419152631659,0.679896014090405,39,0.974924736797166,node
auc_cc,beta,switching,83,7Networks_RH_Cont_PFCl_1,0.235094771357191,-0.0962627019678003,0.5195423864975,0.161314553080917,39,0.974924736797166,node
auc_cc,beta,detail,83,7Networks_RH_Cont_PFCl_1,0.0136185043452698,-0.311781824904739,0.336159643268304,0.936238434787249,39,0.974924736797166,node
auc_cc,beta,communication,83,7Networks_RH_Cont_PFCl_1,0.276397466389925,-0.0523121027780891,0.551068533383331,0.097723170593396,39,0.974924736797166,node
auc_cc,beta,imagination,83,7Networks_RH_Cont_PFCl_1,-0.0622032243483275,-0.378596982550719,0.267206951044062,0.714562508079055,39,0.974924736797166,node
auc_cc,beta,total,84,7Networks_RH_Cont_PFCl_2,0.0672289293069458,-0.262514152598817,0.382912159585926,0.692584852833866,39,0.974924736797166,node
auc_cc,beta,social,84,7Networks_RH_Cont_PFCl_2,-0.22891825261221,-0.514760358106682,0.102725980482367,0.172933010578482,39,0.974924736797166,node
auc_cc,beta,switching,84,7Networks_RH_Cont_PFCl_2,0.203669425231378,-0.128859001718872,0.495025301453179,0.226634410807868,39,0.974924736797166,node
auc_cc,beta,detail,84,7Networks_RH_Cont_PFCl_2,-0.0301384480840844,-0.350737804758854,0.296784348461405,0.859451121260125,39,0.974924736797166,node
auc_cc,beta,communication,84,7Networks_RH_Cont_PFCl_2,0.17935710874091,-0.153593677393883,0.475733833592062,0.288151949485182,39,0.974924736797166,node
auc_cc,beta,imagination,84,7Networks_RH_Cont_PFCl_2,0.147135849588353,-0.185744138390835,0.449719702971217,0.384837510546759,39,0.974924736797166,node
auc_cc,beta,total,85,7Networks_RH_Cont_PFCl_3,-0.20541611646809,-0.496400302925197,0.127065891768393,0.222590200959783,39,0.974924736797166,node
auc_cc,beta,social,85,7Networks_RH_Cont_PFCl_3,-0.10386612590329,-0.413958792146973,0.227825914806369,0.540692223788843,39,0.974924736797166,node
auc_cc,beta,switching,85,7Networks_RH_Cont_PFCl_3,-0.265469055893164,-0.542802526179494,0.0640663552766094,0.112285368525827,39,0.974924736797166,node
auc_cc,beta,detail,85,7Networks_RH_Cont_PFCl_3,-0.0389541615754611,-0.358454235549506,0.288714543727979,0.818944320299113,39,0.974924736797166,node
auc_cc,beta,communication,85,7Networks_RH_Cont_PFCl_3,-0.0336787704981065,-0.35384190360704,0.293549177992033,0.843135325585687,39,0.974924736797166,node
auc_cc,beta,imagination,85,7Networks_RH_Cont_PFCl_3,-0.121094565363471,-0.428313103932387,0.211217629737882,0.475263187173478,39,0.974924736797166,node
auc_cc,beta,total,86,7Networks_RH_Cont_PFCl_4,-0.265073716217983,-0.542502489626201,0.0644898633376808,0.112841232469584,39,0.974924736797166,node
auc_cc,beta,social,86,7Networks_RH_Cont_PFCl_4,-0.276124039352889,-0.550862374622818,0.0526073073529179,0.0980689660783729,39,0.974924736797166,node
auc_cc,beta,switching,86,7Networks_RH_Cont_PFCl_4,-0.179048786150993,-0.475487339407963,0.153904699679057,0.288995244299322,39,0.974924736797166,node
auc_cc,beta,detail,86,7Networks_RH_Cont_PFCl_4,0.145640426165282,-0.187219166950012,0.448499763226015,0.38973988192344,39,0.974924736797166,node
auc_cc,beta,communication,86,7Networks_RH_Cont_PFCl_4,-0.197928012740635,-0.490495336119511,0.134737712767554,0.240279699993951,39,0.974924736797166,node
auc_cc,beta,imagination,86,7Networks_RH_Cont_PFCl_4,-0.237989142825464,-0.52177717252707,0.0932243064169163,0.156068500614166,39,0.974924736797166,node
auc_cc,beta,total,87,7Networks_RH_Cont_Cing_1,-0.00535108057619367,-0.328805491321368,0.319226941497416,0.974924736797166,39,0.974924736797166,node
auc_cc,beta,social,87,7Networks_RH_Cont_Cing_1,-0.100406495848183,-0.41105759982943,0.231137903676698,0.554330251514185,39,0.974924736797166,node
auc_cc,beta,switching,87,7Networks_RH_Cont_Cing_1,-0.0187586906513273,-0.340712267981388,0.30713266683087,0.912252458444608,39,0.974924736797166,node
auc_cc,beta,detail,87,7Networks_RH_Cont_Cing_1,0.171174071592219,-0.161826066316427,0.469175937967753,0.311071887356042,39,0.974924736797166,node
auc_cc,beta,communication,87,7Networks_RH_Cont_Cing_1,0.0300989152257917,-0.296820431536856,0.350703103154307,0.859633648322885,39,0.974924736797166,node
auc_cc,beta,imagination,87,7Networks_RH_Cont_Cing_1,-0.105075817680357,-0.414971736713018,0.226666033255901,0.535961723004164,39,0.974924736797166,node
auc_cc,beta,total,88,7Networks_RH_Cont_PFCmp_1,-0.313282263415331,-0.578574980780915,0.0119559155920623,0.0590185980918469,39,0.974924736797166,node
auc_cc,beta,social,88,7Networks_RH_Cont_PFCmp_1,-0.360388140508336,-0.612847627787078,-0.0411713927545162,0.0284419462838519,39,0.974924736797166,node
auc_cc,beta,switching,88,7Networks_RH_Cont_PFCmp_1,-0.28118411657022,-0.554672152909123,0.0471348895116851,0.0918193845609181,39,0.974924736797166,node
auc_cc,beta,detail,88,7Networks_RH_Cont_PFCmp_1,0.0118117924491855,-0.313412253968565,0.334555863761493,0.944683455757203,39,0.974924736797166,node
auc_cc,beta,communication,88,7Networks_RH_Cont_PFCmp_1,-0.120551352678196,-0.427862867404787,0.211744235162135,0.47726057590489,39,0.974924736797166,node
auc_cc,beta,imagination,88,7Networks_RH_Cont_PFCmp_1,-0.0422625196922215,-0.36133883267383,0.285674047634909,0.803855607866471,39,0.974924736797166,node
auc_cc,beta,total,89,7Networks_RH_Cont_pCun_1,0.126974566941925,-0.205505020494084,0.433176943348753,0.453925933393445,39,0.974924736797166,node
auc_cc,beta,social,89,7Networks_RH_Cont_pCun_1,0.08487975413949,-0.245908004049464,0.397959155524835,0.617437360109378,39,0.974924736797166,node
auc_cc,beta,switching,89,7Networks_RH_Cont_pCun_1,0.00818621945145995,-0.316678301534265,0.331331870237057,0.961647318521982,39,0.974924736797166,node
auc_cc,beta,detail,89,7Networks_RH_Cont_pCun_1,0.09123248431811,-0.239883363029766,0.403333826840981,0.591253440365679,39,0.974924736797166,node
auc_cc,beta,communication,89,7Networks_RH_Cont_pCun_1,0.0398408358897052,-0.287900307006532,0.359227936429264,0.814893855515346,39,0.974924736797166,node
auc_cc,beta,imagination,89,7Networks_RH_Cont_pCun_1,0.152774751315841,-0.18016861377142,0.454309685899951,0.36667874652294,39,0.974924736797166,node
auc_cc,beta,total,90,7Networks_RH_Default_Par_1,-0.164945786419979,-0.464162457658203,0.168061002946193,0.329266038953875,39,0.918146681423358,node
auc_cc,beta,social,90,7Networks_RH_Default_Par_1,-0.175840995660781,-0.472920047822496,0.157136668415132,0.297863143429972,39,0.918146681423358,node
auc_cc,beta,switching,90,7Networks_RH_Default_Par_1,0.0810210688098584,-0.249554971628976,0.394684023406023,0.633574541734752,39,0.935431942943058,node
auc_cc,beta,detail,90,7Networks_RH_Default_Par_1,0.0356800268195657,-0.291717094339436,0.355593458893401,0.833940372237343,39,0.941207919248871,node
auc_cc,beta,communication,90,7Networks_RH_Default_Par_1,-0.198244320017512,-0.490745314282562,0.13441444980981,0.239513853679454,39,0.918146681423358,node
auc_cc,beta,imagination,90,7Networks_RH_Default_Par_1,-0.252674390663335,-0.533056164586548,0.0777126762763412,0.131347425326124,39,0.918146681423358,node
auc_cc,beta,total,91,7Networks_RH_Default_Temp_1,-0.106660752439678,-0.416297732200045,0.225144934347253,0.529794158438469,39,0.926981727860637,node
auc_cc,beta,social,91,7Networks_RH_Default_Temp_1,-0.0268846132444012,-0.347878667328213,0.299751121323109,0.874497576251463,39,0.941207919248871,node
auc_cc,beta,switching,91,7Networks_RH_Default_Temp_1,0.0341629280472012,-0.293106168167019,0.354265857806682,0.840908895725563,39,0.941207919248871,node
auc_cc,beta,detail,91,7Networks_RH_Default_Temp_1,-0.0739274345953082,-0.388642300188164,0.256235016704227,0.66367517784871,39,0.935431942943058,node
auc_cc,beta,communication,91,7Networks_RH_Default_Temp_1,-0.133587717252496,-0.438626005745075,0.199052948616887,0.43055925227971,39,0.918146681423358,node
auc_cc,beta,imagination,91,7Networks_RH_Default_Temp_1,-0.137594986586446,-0.441917012843426,0.195129203444015,0.416731668367342,39,0.918146681423358,node
auc_cc,beta,total,92,7Networks_RH_Default_Temp_2,0.206232693067039,-0.126226868363466,0.497042614437391,0.220716589672518,39,0.918146681423358,node
auc_cc,beta,social,92,7Networks_RH_Default_Temp_2,0.0742270815751932,-0.255953476918406,0.388898061321346,0.662392694443347,39,0.935431942943058,node
auc_cc,beta,switching,92,7Networks_RH_Default_Temp_2,0.202658057178705,-0.129896254036788,0.494228481310627,0.228998859688603,39,0.918146681423358,node
auc_cc,beta,detail,92,7Networks_RH_Default_Temp_2,0.182308072692646,-0.150613533448353,0.478090683622066,0.280161098950159,39,0.918146681423358,node
auc_cc,beta,communication,92,7Networks_RH_Default_Temp_2,0.0889467129246819,-0.242054026277934,0.401402447156491,0.600618411969348,39,0.928407862938819,node
auc_cc,beta,imagination,92,7Networks_RH_Default_Temp_2,-0.00635461383608821,-0.329700264718637,0.318325354652191,0.970224084854074,39,0.990867150489267,node
auc_cc,beta,total,93,7Networks_RH_Default_Temp_3,-0.0311939441220233,-0.351663984694666,0.295820613579304,0.85458047816874,39,0.941207919248871,node
auc_cc,beta,social,93,7Networks_RH_Default_Temp_3,0.132724954811973,-0.199896335383492,0.437916382091878,0.433569266227697,39,0.918146681423358,node
auc_cc,beta,switching,93,7Networks_RH_Default_Temp_3,-0.0901075401682443,-0.402383644229685,0.24095207052651,0.595854399907454,39,0.928407862938819,node
auc_cc,beta,detail,93,7Networks_RH_Default_Temp_3,-0.144191296960908,-0.447316511903756,0.188647102051308,0.394524960280789,39,0.918146681423358,node
auc_cc,beta,communication,93,7Networks_RH_Default_Temp_3,0.151820735090161,-0.181113413579907,0.453534254300554,0.369714460514279,39,0.918146681423358,node
auc_cc,beta,imagination,93,7Networks_RH_Default_Temp_3,-0.200531987467755,-0.492551829258745,0.132074366190405,0.23402394183219,39,0.918146681423358,node
auc_cc,beta,total,94,7Networks_RH_Default_PFCv_1,-0.11803951668613,-0.425778971696059,0.21417677221434,0.486553421889525,39,0.926981727860637,node
auc_cc,beta,social,94,7Networks_RH_Default_PFCv_1,-0.302937193658307,-0.570920667277261,0.0233825348706191,0.0683728239992172,39,0.918146681423358,node
auc_cc,beta,switching,94,7Networks_RH_Default_PFCv_1,-0.0845190395750267,-0.3976533299833,0.246249324275007,0.618938575292546,39,0.928407862938819,node
auc_cc,beta,detail,94,7Networks_RH_Default_PFCv_1,0.326799747896501,0.00310390328390379,0.588506634828087,0.0483591680986129,39,0.918146681423358,node
auc_cc,beta,communication,94,7Networks_RH_Default_PFCv_1,-0.142685037571159,-0.446085486585423,0.190129841561966,0.399534523301906,39,0.918146681423358,node
auc_cc,beta,imagination,94,7Networks_RH_Default_PFCv_1,-0.0968378058833538,-0.408058343598142,0.234546265921305,0.568564587626064,39,0.926981727860637,node
auc_cc,beta,total,95,7Networks_RH_Default_PFCv_2,-0.0338655078631169,-0.354005436401281,0.293378327766467,0.842276458676724,39,0.941207919248871,node
auc_cc,beta,social,95,7Networks_RH_Default_PFCv_2,-0.289436468150426,-0.560860920428056,0.0381675802074396,0.082289263466202,39,0.918146681423358,node
auc_cc,beta,switching,95,7Networks_RH_Default_PFCv_2,0.0262606929756079,-0.300319276763062,0.347329746935425,0.877387854312161,39,0.941207919248871,node
auc_cc,beta,detail,95,7Networks_RH_Default_PFCv_2,0.283856404711069,-0.0442368648778573,0.556679526628935,0.0886448323630497,39,0.918146681423358,node
auc_cc,beta,communication,95,7Networks_RH_Default_PFCv_2,-0.115990060033531,-0.424076258026913,0.21615847933064,0.494204339279361,39,0.926981727860637,node
auc_cc,beta,imagination,95,7Networks_RH_Default_PFCv_2,0.064494789605799,-0.265069116953996,0.380566276617381,0.704512029705271,39,0.935431942943058,node
auc_cc,beta,total,96,7Networks_RH_Default_PFCdPFCm_1,0.105653817981204,-0.226111500271667,0.415455458564271,0.533708511759593,39,0.926981727860637,node
auc_cc,beta,social,96,7Networks_RH_Default_PFCdPFCm_1,0.0592560349476791,-0.269951667739853,0.376060048904333,0.727558177844601,39,0.935431942943058,node
auc_cc,beta,switching,96,7Networks_RH_Default_PFCdPFCm_1,0.0286087842862235,-0.298179847723869,0.349394436607742,0.866518877953338,39,0.941207919248871,node
auc_cc,beta,detail,96,7Networks_RH_Default_PFCdPFCm_1,-0.195985317204751,-0.488958963927189,0.136721576877176,0.245019554232365,39,0.918146681423358,node
auc_cc,beta,communication,96,7Networks_RH_Default_PFCdPFCm_1,0.320046399849535,-0.00443839493717748,0.583554624388477,0.0534728458950437,39,0.918146681423358,node
auc_cc,beta,imagination,96,7Networks_RH_Default_PFCdPFCm_1,0.12513476503559,-0.207294885628638,0.431657004501891,0.460546027938734,39,0.926981727860637,node
auc_cc,beta,total,97,7Networks_RH_Default_PFCdPFCm_2,-0.185808425890277,-0.480880802958042,0.147070704902906,0.270871079507423,39,0.918146681423358,node
auc_cc,beta,social,97,7Networks_RH_Default_PFCdPFCm_2,-0.172090036221713,-0.469911630296867,0.160906875495037,0.30845074370827,39,0.918146681423358,node
auc_cc,beta,switching,97,7Networks_RH_Default_PFCdPFCm_2,-0.178187279815044,-0.47479834544887,0.154773399826727,0.291359976352808,39,0.918146681423358,node
auc_cc,beta,detail,97,7Networks_RH_Default_PFCdPFCm_2,-0.0679629448260788,-0.38354125003343,0.26182745087797,0.689395078086871,39,0.935431942943058,node
auc_cc,beta,communication,97,7Networks_RH_Default_PFCdPFCm_2,0.105103623714795,-0.2266393610943,0.414995011277665,0.535853222302002,39,0.926981727860637,node
auc_cc,beta,imagination,97,7Networks_RH_Default_PFCdPFCm_2,-0.200594160995988,-0.492600891070586,0.132010716321319,0.23387593918474,39,0.918146681423358,node
auc_cc,beta,total,98,7Networks_RH_Default_PFCdPFCm_3,-0.0847319452887062,-0.397833846787225,0.246047875665134,0.618052323868059,39,0.928407862938819,node
auc_cc,beta,social,98,7Networks_RH_Default_PFCdPFCm_3,-0.149597442674471,-0.451725370967809,0.18331284524248,0.376846791198307,39,0.918146681423358,node
auc_cc,beta,switching,98,7Networks_RH_Default_PFCdPFCm_3,-0.156712497055391,-0.457505487400602,0.176262397321213,0.354306764841306,39,0.918146681423358,node
auc_cc,beta,detail,98,7Networks_RH_Default_PFCdPFCm_3,0.198473151866307,-0.134180541739441,0.490926130456229,0.238960831052035,39,0.918146681423358,node
auc_cc,beta,communication,98,7Networks_RH_Default_PFCdPFCm_3,0.0379181551883166,-0.289665312643389,0.35754967302057,0.82368281061188,39,0.941207919248871,node
auc_cc,beta,imagination,98,7Networks_RH_Default_PFCdPFCm_3,-0.170823326633808,-0.468894114059263,0.162177893727982,0.312079295925822,39,0.918146681423358,node
auc_cc,beta,total,99,7Networks_RH_Default_pCunPCC_1,-0.142759737873063,-0.446146564201463,0.190056343451149,0.399285223829462,39,0.918146681423358,node
auc_cc,beta,social,99,7Networks_RH_Default_pCunPCC_1,-0.114400462813589,-0.422754099621,0.21769364656301,0.500180626562315,39,0.926981727860637,node
auc_cc,beta,switching,99,7Networks_RH_Default_pCunPCC_1,-0.213470052513961,-0.502721558344811,0.118769713345761,0.20458266824775,39,0.918146681423358,node
auc_cc,beta,detail,99,7Networks_RH_Default_pCunPCC_1,0.0941576192467666,-0.237100695812616,0.405801391867374,0.579363579912898,39,0.926981727860637,node
auc_cc,beta,communication,99,7Networks_RH_Default_pCunPCC_1,-0.120475883037868,-0.427800303062035,0.211817382259465,0.477538424331383,39,0.926981727860637,node
auc_cc,beta,imagination,99,7Networks_RH_Default_pCunPCC_1,-0.0157434680702733,-0.338043537262882,0.309861740679726,0.926314666625356,39,0.966589217348197,node
auc_cc,beta,total,100,7Networks_RH_Default_pCunPCC_2,-0.0314803099852447,-0.351915157747268,0.295559028510768,0.85325993331249,39,0.941207919248871,node
auc_cc,beta,social,100,7Networks_RH_Default_pCunPCC_2,-0.100379039993712,-0.411034550578604,0.231164157143957,0.554439124052279,39,0.926981727860637,node
auc_cc,beta,switching,100,7Networks_RH_Default_pCunPCC_2,-0.086446584516171,-0.399286758205708,0.244424463900919,0.610934341335328,39,0.928407862938819,node
auc_cc,beta,detail,100,7Networks_RH_Default_pCunPCC_2,0.163355646882503,-0.169648582577233,0.462879389516882,0.334014697677841,39,0.918146681423358,node
auc_cc,beta,communication,100,7Networks_RH_Default_pCunPCC_2,-0.0409697429015722,-0.360212371602784,0.286862940826052,0.809743687498447,39,0.941207919248871,node
auc_cc,beta,imagination,100,7Networks_RH_Default_pCunPCC_2,-0.00173226428809237,-0.325574041290438,0.32247325913999,0.991881432863113,39,0.994193743299535,node
auc_cc,gamma,total,1,7Networks_LH_Vis_1,-0.121288635125993,-0.428473919784959,0.211029446350287,0.47455065933408,39,0.971912992756237,node
auc_cc,gamma,social,1,7Networks_LH_Vis_1,-0.0532153401475774,-0.370845346442613,0.275560694030042,0.754426589200786,39,0.977777252955005,node
auc_cc,gamma,switching,1,7Networks_LH_Vis_1,-0.185585180015162,-0.48070303268767,0.147296915059449,0.271457477348508,39,0.971912992756237,node
auc_cc,gamma,detail,1,7Networks_LH_Vis_1,-0.0219390661158124,-0.343521562067122,0.304248293187997,0.897448529209352,39,0.977777252955005,node
auc_cc,gamma,communication,1,7Networks_LH_Vis_1,-0.0959897109256794,-0.407344584587589,0.235355062753758,0.571971759154543,39,0.971912992756237,node
auc_cc,gamma,imagination,1,7Networks_LH_Vis_1,0.054783822870269,-0.274106443819607,0.372201285907729,0.747421317951569,39,0.977777252955005,node
auc_cc,gamma,total,2,7Networks_LH_Vis_2,0.0233280354202311,-0.302986717838969,0.344746665637725,0.890993591347419,39,0.977777252955005,node
auc_cc,gamma,social,2,7Networks_LH_Vis_2,-0.00629970290437212,-0.329651319884075,0.318374702515484,0.970481269085087,39,0.989890894466789,node
auc_cc,gamma,switching,2,7Networks_LH_Vis_2,-0.0375037733605029,-0.357187698112506,0.290045420268352,0.825579844389524,39,0.977777252955005,node
auc_cc,gamma,detail,2,7Networks_LH_Vis_2,0.148137634661718,-0.184755175989865,0.450536310372391,0.381573677128783,39,0.971912992756237,node
auc_cc,gamma,communication,2,7Networks_LH_Vis_2,-0.207574250150795,-0.498097179263092,0.124847399897909,0.217661959401676,39,0.971912992756237,node
auc_cc,gamma,imagination,2,7Networks_LH_Vis_2,0.215683745833085,-0.116481281213321,0.504453606701078,0.199816002280725,39,0.971912992756237,node
auc_cc,gamma,total,3,7Networks_LH_Vis_3,-0.172049082263508,-0.469878745379109,0.160947986040751,0.308567639183694,39,0.971912992756237,node
auc_cc,gamma,social,3,7Networks_LH_Vis_3,-0.116027223702188,-0.424107153460369,0.216122568539304,0.494065056315123,39,0.971912992756237,node
auc_cc,gamma,switching,3,7Networks_LH_Vis_3,-0.148149836742396,-0.450546253808138,0.18474312593634,0.381534022955693,39,0.971912992756237,node
auc_cc,gamma,detail,3,7Networks_LH_Vis_3,0.0665396927345812,-0.263158657854076,0.382321180415481,0.695584788933385,39,0.971912992756237,node
auc_cc,gamma,communication,3,7Networks_LH_Vis_3,-0.268288512208476,-0.544940255561697,0.061042563844816,0.108380792768297,39,0.971912992756237,node
auc_cc,gamma,imagination,3,7Networks_LH_Vis_3,0.0079069722680649,-0.316929538417771,0.331083239937614,0.962954684469222,39,0.989890894466789,node
auc_cc,gamma,total,4,7Networks_LH_Vis_4,-0.0119047397782085,-0.334638416757862,0.313328422369049,0.944248843882766,39,0.982789613020838,node
auc_cc,gamma,social,4,7Networks_LH_Vis_4,-0.0636969639938703,-0.379880977272156,0.265813787749089,0.708005684890727,39,0.975899727822354,node
auc_cc,gamma,switching,4,7Networks_LH_Vis_4,-0.0745657378299368,-0.389187060115445,0.255635217686914,0.660944391217646,39,0.971912992756237,node
auc_cc,gamma,detail,4,7Networks_LH_Vis_4,0.0689545238455169,-0.260899257361889,0.38439062134914,0.685094401528167,39,0.971912992756237,node
auc_cc,gamma,communication,4,7Networks_LH_Vis_4,-0.120683872719444,-0.427972719412961,0.211615784354933,0.476772895983487,39,0.971912992756237,node
auc_cc,gamma,imagination,4,7Networks_LH_Vis_4,0.230462973041854,-0.10111216444118,0.515957992773584,0.169972744981067,39,0.971912992756237,node
auc_cc,gamma,total,5,7Networks_LH_Vis_5,-0.101141080803052,-0.411674138091002,0.230435309431112,0.551421073314182,39,0.971912992756237,node
auc_cc,gamma,social,5,7Networks_LH_Vis_5,-0.170436291167704,-0.468583060240668,0.162566025410432,0.313193321531116,39,0.971912992756237,node
auc_cc,gamma,switching,5,7Networks_LH_Vis_5,0.0190972875401779,-0.306825868134517,0.341011631609576,0.910674892458093,39,0.977777252955005,node
auc_cc,gamma,detail,5,7Networks_LH_Vis_5,0.041106391460503,-0.28673732064094,0.360331484344637,0.809120815100107,39,0.977777252955005,node
auc_cc,gamma,communication,5,7Networks_LH_Vis_5,-0.0256425669964702,-0.346785707255628,0.30088192736556,0.880252833264452,39,0.977777252955005,node
auc_cc,gamma,imagination,5,7Networks_LH_Vis_5,-0.156289098625259,-0.457162237511651,0.176682909416757,0.355624799204264,39,0.971912992756237,node
auc_cc,gamma,total,6,7Networks_LH_Vis_6,-0.124654893966523,-0.431260276129247,0.207761366144916,0.462281180678765,39,0.971912992756237,node
auc_cc,gamma,social,6,7Networks_LH_Vis_6,-0.0723367080861435,-0.387283736481817,0.257728680663875,0.670499171874532,39,0.971912992756237,node
auc_cc,gamma,switching,6,7Networks_LH_Vis_6,-0.146175221131385,-0.448936169074159,0.186691837974971,0.38798253412541,39,0.971912992756237,node
auc_cc,gamma,detail,6,7Networks_LH_Vis_6,0.118138352752848,-0.214081134229376,0.425861030857609,0.486186007059761,39,0.971912992756237,node
auc_cc,gamma,communication,6,7Networks_LH_Vis_6,-0.0677198485611566,-0.383332935999258,0.262054914424886,0.690450908053694,39,0.971912992756237,node
auc_cc,gamma,imagination,6,7Networks_LH_Vis_6,-0.21848082942474,-0.506638795648689,0.113584709973233,0.193904804905161,39,0.971912992756237,node
auc_cc,gamma,total,7,7Networks_LH_Vis_7,-0.109267225876487,-0.418475511825823,0.2226399188852,0.519727029489495,39,0.971912992756237,node
auc_cc,gamma,social,7,7Networks_LH_Vis_7,0.126348054893267,-0.20611477730464,0.432659550495806,0.456174506685944,39,0.971912992756237,node
auc_cc,gamma,switching,7,7Networks_LH_Vis_7,-0.164141748703508,-0.463513844344735,0.168863962229979,0.33166189558544,39,0.971912992756237,node
auc_cc,gamma,detail,7,7Networks_LH_Vis_7,-0.157439825849761,-0.458094925010477,0.175539742949451,0.352049498673739,39,0.971912992756237,node
auc_cc,gamma,communication,7,7Networks_LH_Vis_7,-0.138503560321081,-0.442662049950119,0.1942380836142,0.413631750211282,39,0.971912992756237,node
auc_cc,gamma,imagination,7,7Networks_LH_Vis_7,0.0152901551306649,-0.310271570183268,0.337641867707576,0.92843080885516,39,0.97947703089134,node
auc_cc,gamma,total,8,7Networks_LH_Vis_8,-0.193644965516564,-0.487105690135153,0.139107985211886,0.250812420672546,39,0.971912992756237,node
auc_cc,gamma,social,8,7Networks_LH_Vis_8,-0.18900807575685,-0.483426015350709,0.143824739311929,0.262557818083958,39,0.971912992756237,node
auc_cc,gamma,switching,8,7Networks_LH_Vis_8,-0.0939982084074465,-0.405667034126807,0.237252482770091,0.580008766558187,39,0.971912992756237,node
auc_cc,gamma,detail,8,7Networks_LH_Vis_8,0.102232431778223,-0.229390847364723,0.41258958605505,0.547112294300562,39,0.971912992756237,node
auc_cc,gamma,communication,8,7Networks_LH_Vis_8,-0.388749960604497,-0.633034583832518,-0.0740535614504266,0.017411945525347,39,0.845849646808431,node
auc_cc,gamma,imagination,8,7Networks_LH_Vis_8,0.0721013091254566,-0.257949582192648,0.387082577203979,0.671511228850818,39,0.971912992756237,node
auc_cc,gamma,total,9,7Networks_LH_Vis_9,-0.0877760736163776,-0.400412229528645,0.243164432386369,0.6054392904678,39,0.971912992756237,node
auc_cc,gamma,social,9,7Networks_LH_Vis_9,-0.066559166563025,-0.382337881606784,0.263140451912274,0.69549996529261,39,0.971912992756237,node
auc_cc,gamma,switching,9,7Networks_LH_Vis_9,0.0306414032633922,-0.296325201500303,0.351179217667293,0.85712955827842,39,0.977777252955005,node
auc_cc,gamma,detail,9,7Networks_LH_Vis_9,-0.186842446265933,-0.481703875150268,0.146022500355041,0.268165862065859,39,0.971912992756237,node
auc_cc,gamma,communication,9,7Networks_LH_Vis_9,0.0669203459603615,-0.262802745326968,0.382647599750254,0.693927410185824,39,0.971912992756237,node
auc_cc,gamma,imagination,9,7Networks_LH_Vis_9,-0.0944094271051041,-0.406013598018914,0.236860897801815,0.578345089900798,39,0.971912992756237,node
auc_cc,gamma,total,10,7Networks_LH_SomMot_1,-0.0366264072471218,-0.356420975574532,0.290849877086491,0.829599616588676,39,0.927981712609336,node
auc_cc,gamma,social,10,7Networks_LH_SomMot_1,0.0830541549508471,-0.247634604642182,0.396410637722876,0.625050692684076,39,0.927981712609336,node
auc_cc,gamma,switching,10,7Networks_LH_SomMot_1,-0.109335470163197,-0.418532484061262,0.222574272102367,0.519464719856781,39,0.927981712609336,node
auc_cc,gamma,detail,10,7Networks_LH_SomMot_1,0.122631362684272,-0.209726770199855,0.42958603770642,0.46963623831165,39,0.927981712609336,node
auc_cc,gamma,communication,10,7Networks_LH_SomMot_1,-0.153510461438488,-0.45490736475506,0.179439591286393,0.364347873919655,39,0.927981712609336,node
auc_cc,gamma,imagination,10,7Networks_LH_SomMot_1,-0.090383231020434,-0.402616568404434,0.240690235876565,0.594725396183676,39,0.927981712609336,node
auc_cc,gamma,total,11,7Networks_LH_SomMot_2,-0.170356802671554,-0.468519167537037,0.162645726291152,0.313422427181029,39,0.927981712609336,node
auc_cc,gamma,social,11,7Networks_LH_SomMot_2,0.0576914296333968,-0.271406613463183,0.374711307548718,0.734488167181327,39,0.927981712609336,node
auc_cc,gamma,switching,11,7Networks_LH_SomMot_2,-0.244251268495038,-0.526598956972741,0.0866293969777033,0.145144048125541,39,0.927981712609336,node
auc_cc,gamma,detail,11,7Networks_LH_SomMot_2,0.0563215899194113,-0.272679210545537,0.373529357896576,0.740572542970008,39,0.927981712609336,node
auc_cc,gamma,communication,11,7Networks_LH_SomMot_2,-0.209899792806151,-0.499923196976644,0.122453090457755,0.212435986340559,39,0.927981712609336,node
auc_cc,gamma,imagination,11,7Networks_LH_SomMot_2,-0.193748594886931,-0.487187807949496,0.139002398194451,0.25055399828482,39,0.927981712609336,node
auc_cc,gamma,total,12,7Networks_LH_SomMot_3,-0.235793766266809,-0.52008244723747,0.0955294901893432,0.160036114886233,39,0.927981712609336,node
auc_cc,gamma,social,12,7Networks_LH_SomMot_3,-0.149344421108601,-0.451519353630394,0.183562940282326,0.37766359541604,39,0.927981712609336,node
auc_cc,gamma,switching,12,7Networks_LH_SomMot_3,-0.230350807425472,-0.515871067396242,0.101229406026626,0.170186465353295,39,0.927981712609336,node
auc_cc,gamma,detail,12,7Networks_LH_SomMot_3,0.193350982597379,-0.139407480548329,0.486872704432508,0.251546499108185,39,0.927981712609336,node
auc_cc,gamma,communication,12,7Networks_LH_SomMot_3,-0.349889732542339,-0.605290717565204,-0.0291725920869853,0.0337652599334943,39,0.927981712609336,node
auc_cc,gamma,imagination,12,7Networks_LH_SomMot_3,-0.131545586797226,-0.436945734156506,0.201048420659824,0.437702617318821,39,0.927981712609336,node
auc_cc,gamma,total,13,7Networks_LH_SomMot_4,-0.0402181921266452,-0.35955707961711,0.287553635396257,0.813171462149404,39,0.927981712609336,node
auc_cc,gamma,social,13,7Networks_LH_SomMot_4,-0.0823811087329932,-0.395839293297592,0.248270623410709,0.627867247977024,39,0.927981712609336,node
auc_cc,gamma,switching,13,7Networks_LH_SomMot_4,0.155894796125737,-0.177074414650092,0.456842495123921,0.356854914385476,39,0.927981712609336,node
auc_cc,gamma,detail,13,7Networks_LH_SomMot_4,-0.131772330965968,-0.437132405246583,0.200826993264603,0.436906264057642,39,0.927981712609336,node
auc_cc,gamma,communication,13,7Networks_LH_SomMot_4,0.0114157509025349,-0.313769397274013,0.334204056153229,0.9465354791265,39,0.967571890590594,node
auc_cc,gamma,imagination,13,7Networks_LH_SomMot_4,-0.0775236622151749,-0.391708631266281,0.252852401180501,0.64834654858559,39,0.927981712609336,node
auc_cc,gamma,total,14,7Networks_LH_SomMot_5,-0.0967773456181498,-0.408007472666689,0.234603939834459,0.568807175704779,39,0.927981712609336,node
auc_cc,gamma,social,14,7Networks_LH_SomMot_5,0.0489706825139649,-0.27948868100926,0.36716907354535,0.773480066756087,39,0.927981712609336,node
auc_cc,gamma,switching,14,7Networks_LH_SomMot_5,-0.0743088806984249,-0.388967871841244,0.255876611053467,0.662042760012911,39,0.927981712609336,node
auc_cc,gamma,detail,14,7Networks_LH_SomMot_5,-0.148995951817976,-0.451235567295278,0.18390730853319,0.378790230346423,39,0.927981712609336,node
auc_cc,gamma,communication,14,7Networks_LH_SomMot_5,-0.0626218058816786,-0.378956911401123,0.266816692229497,0.712723072686456,39,0.927981712609336,node
auc_cc,gamma,imagination,14,7Networks_LH_SomMot_5,-0.0513177324288071,-0.36920306905554,0.277318089683328,0.762927676034747,39,0.927981712609336,node
auc_cc,gamma,total,15,7Networks_LH_SomMot_6,-0.00837396735420459,-0.331499008083661,0.316509360331856,0.960768384718752,39,0.967571890590594,node
auc_cc,gamma,social,15,7Networks_LH_SomMot_6,0.143164412637957,-0.189658116474453,0.446477391524442,0.397936247935792,39,0.927981712609336,node
auc_cc,gamma,switching,15,7Networks_LH_SomMot_6,-0.0450944957456776,-0.363803224480082,0.283066108078392,0.790994650604709,39,0.927981712609336,node
auc_cc,gamma,detail,15,7Networks_LH_SomMot_6,-0.0907583443471822,-0.402933427171528,0.240333898315259,0.593190742506954,39,0.927981712609336,node
auc_cc,gamma,communication,15,7Networks_LH_SomMot_6,-0.0305651607752182,-0.351112313473384,0.296394812862898,0.857481406250077,39,0.935434261363721,node
auc_cc,gamma,imagination,15,7Networks_LH_SomMot_6,-0.0365530866897659,-0.356356881876906,0.29091708373382,0.829935739415987,39,0.927981712609336,node
auc_cc,gamma,total,16,7Networks_LH_DorsAttn_Post_1,-0.0312987703102368,-0.351755933667318,0.295724864261274,0.854097038265818,39,0.930227975651266,node
auc_cc,gamma,social,16,7Networks_LH_DorsAttn_Post_1,-0.0592388703537482,-0.376045259737903,0.269967637466737,0.727634089358122,39,0.930227975651266,node
auc_cc,gamma,switching,16,7Networks_LH_DorsAttn_Post_1,-0.0249617361948669,-0.346186228133848,0.301501392211217,0.883410180027745,39,0.930227975651266,node
auc_cc,gamma,detail,16,7Networks_LH_DorsAttn_Post_1,0.128309058092221,-0.204205357473589,0.434278334729952,0.449156390275424,39,0.930227975651266,node
auc_cc,gamma,communication,16,7Networks_LH_DorsAttn_Post_1,-0.151392279794573,-0.453185853891496,0.181537529839244,0.371082666952553,39,0.928110512349396,node
auc_cc,gamma,imagination,16,7Networks_LH_DorsAttn_Post_1,0.0312707670687537,-0.295750443353175,0.351731371047259,0.85422617915816,39,0.930227975651266,node
auc_cc,gamma,total,17,7Networks_LH_DorsAttn_Post_2,-0.262944892629359,-0.540885636260532,0.0667683290231847,0.115870158989168,39,0.910331217475074,node
auc_cc,gamma,social,17,7Networks_LH_DorsAttn_Post_2,-0.103817515361279,-0.413918071685752,0.227872504097432,0.540882731646709,39,0.930227975651266,node
auc_cc,gamma,switching,17,7Networks_LH_DorsAttn_Post_2,-0.234775887349967,-0.519295933318552,0.0965970764288453,0.161900224697212,39,0.910331217475074,node
auc_cc,gamma,detail,17,7Networks_LH_DorsAttn_Post_2,-0.1771383435891,-0.473958962395849,0.155830400340695,0.294255927340614,39,0.910331217475074,node
auc_cc,gamma,communication,17,7Networks_LH_DorsAttn_Post_2,-0.021261634523073,-0.342923654146501,0.304863177041151,0.900599130063439,39,0.930227975651266,node
auc_cc,gamma,imagination,17,7Networks_LH_DorsAttn_Post_2,-0.208728450212477,-0.499003780138031,0.123659553638012,0.215057293773561,39,0.910331217475074,node
auc_cc,gamma,total,18,7Networks_LH_DorsAttn_Post_3,0.100793304795149,-0.230767983112262,0.411382284589596,0.552797476333925,39,0.930227975651266,node
auc_cc,gamma,social,18,7Networks_LH_DorsAttn_Post_3,0.0656613959896664,-0.263979527094139,0.381567718907037,0.699414226706476,39,0.930227975651266,node
auc_cc,gamma,switching,18,7Networks_LH_DorsAttn_Post_3,0.228097373291257,-0.103582868055834,0.514123469243574,0.174521038108044,39,0.910331217475074,node
auc_cc,gamma,detail,18,7Networks_LH_DorsAttn_Post_3,-0.111855135257168,-0.420634268635555,0.220148401256337,0.509825885890476,39,0.930227975651266,node
auc_cc,gamma,communication,18,7Networks_LH_DorsAttn_Post_3,-0.0653645103764914,-0.381312935662372,0.264256892872219,0.700710330648886,39,0.930227975651266,node
auc_cc,gamma,imagination,18,7Networks_LH_DorsAttn_Post_3,0.179916735819778,-0.153028981584627,0.476181118891959,0.286625368774459,39,0.910331217475074,node
auc_cc,gamma,total,19,7Networks_LH_DorsAttn_Post_4,-0.199862621732223,-0.492023507839633,0.132759452663571,0.235621372009355,39,0.910331217475074,node
auc_cc,gamma,social,19,7Networks_LH_DorsAttn_Post_4,0.038000717866052,-0.289589566513738,0.357621782514671,0.823304957241312,39,0.930227975651266,node
auc_cc,gamma,switching,19,7Networks_LH_DorsAttn_Post_4,-0.235102256610995,-0.519548170993668,0.0962548522037505,0.161300823852013,39,0.910331217475074,node
auc_cc,gamma,detail,19,7Networks_LH_DorsAttn_Post_4,-0.232294846746385,-0.517376814637182,0.0991960863723766,0.166509480519965,39,0.910331217475074,node
auc_cc,gamma,communication,19,7Networks_LH_DorsAttn_Post_4,-0.0869276486805211,-0.399694109185065,0.243968661337986,0.608943562624199,39,0.930227975651266,node
auc_cc,gamma,imagination,19,7Networks_LH_DorsAttn_Post_4,-0.0404624335442239,-0.359770073093286,0.287329208613967,0.812057114025465,39,0.930227975651266,node
auc_cc,gamma,total,20,7Networks_LH_DorsAttn_Post_5,0.0784579678397292,-0.251972268568919,0.392504128457342,0.644387042438691,39,0.930227975651266,node
auc_cc,gamma,social,20,7Networks_LH_DorsAttn_Post_5,0.210688089091562,-0.121640605207776,0.500541583162405,0.210684359934934,39,0.910331217475074,node
auc_cc,gamma,switching,20,7Networks_LH_DorsAttn_Post_5,-0.0144036776617491,-0.336856042197606,0.311072663931331,0.932570423231402,39,0.932570423231402,node
auc_cc,gamma,detail,20,7Networks_LH_DorsAttn_Post_5,-0.183070174853281,-0.478698661400077,0.149842911036919,0.278121049661267,39,0.910331217475074,node
auc_cc,gamma,communication,20,7Networks_LH_DorsAttn_Post_5,0.161470922219024,-0.171528037449721,0.461356996340614,0.339697475315355,39,0.926447659950969,node
auc_cc,gamma,imagination,20,7Networks_LH_DorsAttn_Post_5,0.0193374298000517,-0.306608236969478,0.341223908991071,0.909556242859016,39,0.930227975651266,node
auc_cc,gamma,total,21,7Networks_LH_DorsAttn_Post_6,-0.14814290665705,-0.450540606513397,0.184749969691221,0.381556543965863,39,0.928110512349396,node
auc_cc,gamma,social,21,7Networks_LH_DorsAttn_Post_6,0.030280269063347,-0.296654895621249,0.350862286755949,0.858796379136081,39,0.930227975651266,node
auc_cc,gamma,switching,21,7Networks_LH_DorsAttn_Post_6,-0.0355778124860374,-0.355504052482181,0.291810726415673,0.834409490061725,39,0.930227975651266,node
auc_cc,gamma,detail,21,7Networks_LH_DorsAttn_Post_6,-0.245329232668115,-0.527427151648392,0.0854912140960614,0.143321497547957,39,0.910331217475074,node
auc_cc,gamma,communication,21,7Networks_LH_DorsAttn_Post_6,-0.0361542680421824,-0.356008198942615,0.29128258989018,0.831764560319644,39,0.930227975651266,node
auc_cc,gamma,imagination,21,7Networks_LH_DorsAttn_Post_6,-0.173113368773369,-0.470733070263523,0.159879254927707,0.305538927059315,39,0.910331217475074,node
auc_cc,gamma,total,22,7Networks_LH_DorsAttn_PrCv_1,0.0227445264919197,-0.303516847647083,0.344232130389204,0.893704506905046,39,0.930227975651266,node
auc_cc,gamma,social,22,7Networks_LH_DorsAttn_PrCv_1,0.134482977010949,-0.198177273109635,0.439361956557788,0.42744816109768,39,0.930227975651266,node
auc_cc,gamma,switching,22,7Networks_LH_DorsAttn_PrCv_1,0.0323765748193118,-0.29474000528897,0.352700978382526,0.849129462965012,39,0.930227975651266,node
auc_cc,gamma,detail,22,7Networks_LH_DorsAttn_PrCv_1,-0.136081301553888,-0.440674846981707,0.196612591274034,0.421925128725989,39,0.930227975651266,node
auc_cc,gamma,communication,22,7Networks_LH_DorsAttn_PrCv_1,0.0429976680294527,-0.284997523052238,0.361978989051584,0.800512021585927,39,0.930227975651266,node
auc_cc,gamma,imagination,22,7Networks_LH_DorsAttn_PrCv_1,-0.0493168188761875,-0.367469232942683,0.279168779180475,0.771921259913126,39,0.930227975651266,node
auc_cc,gamma,total,23,7Networks_LH_DorsAttn_FEF_1,0.030719146268243,-0.296254216549965,0.351247435222005,0.856770813597928,39,0.930227975651266,node
auc_cc,gamma,social,23,7Networks_LH_DorsAttn_FEF_1,0.175769573001284,-0.15720854833274,0.472862828647436,0.298062547845219,39,0.910331217475074,node
auc_cc,gamma,switching,23,7Networks_LH_DorsAttn_FEF_1,-0.0899369166969922,-0.40223946855037,0.241114094336181,0.596553601553609,39,0.930227975651266,node
auc_cc,gamma,detail,23,7Networks_LH_DorsAttn_FEF_1,-0.0518154574194794,-0.369634015418999,0.276857353678332,0.760695227274465,39,0.930227975651266,node
auc_cc,gamma,communication,23,7Networks_LH_DorsAttn_FEF_1,-0.0956063124349773,-0.40702179049353,0.235720545167259,0.573515079824915,39,0.930227975651266,node
auc_cc,gamma,imagination,23,7Networks_LH_DorsAttn_FEF_1,0.154788369484149,-0.178172429647945,0.455944871319608,0.360320326693783,39,0.928110512349396,node
auc_cc,gamma,total,24,7Networks_LH_SalVentAttn_ParOper_1,-0.182857608046999,-0.478529111730329,0.150057895009742,0.278689088516685,39,0.896399322005698,node
auc_cc,gamma,social,24,7Networks_LH_SalVentAttn_ParOper_1,-0.141612670447413,-0.445208369602615,0.191184539499017,0.403123224238193,39,0.896399322005698,node
auc_cc,gamma,switching,24,7Networks_LH_SalVentAttn_ParOper_1,-0.190075573399932,-0.484274067354014,0.142740193750819,0.259822172805346,39,0.896399322005698,node
auc_cc,gamma,detail,24,7Networks_LH_SalVentAttn_ParOper_1,0.0830601731147316,-0.247628916279942,0.396415745407237,0.625025531475913,39,0.896399322005698,node
auc_cc,gamma,communication,24,7Networks_LH_SalVentAttn_ParOper_1,-0.162692764543862,-0.462344145276908,0.170309887731235,0.336006682680329,39,0.896399322005698,node
auc_cc,gamma,imagination,24,7Networks_LH_SalVentAttn_ParOper_1,-0.0884703381183118,-0.4009995804765,0.242505994701799,0.602578197051426,39,0.896399322005698,node
auc_cc,gamma,total,25,7Networks_LH_SalVentAttn_FrOperIns_1,-0.0699442031709923,-0.385237833245596,0.25997223357602,0.6808116753472,39,0.925725920145153,node
auc_cc,gamma,social,25,7Networks_LH_SalVentAttn_FrOperIns_1,-0.135137028445751,-0.439899362794319,0.197537193506621,0.425183225612198,39,0.896399322005698,node
auc_cc,gamma,switching,25,7Networks_LH_SalVentAttn_FrOperIns_1,-0.169544690490522,-0.467866214528095,0.163459759425741,0.315769179149115,39,0.896399322005698,node
auc_cc,gamma,detail,25,7Networks_LH_SalVentAttn_FrOperIns_1,0.291259759974588,-0.036179181746738,0.562224200547191,0.0802910366879809,39,0.896399322005698,node
auc_cc,gamma,communication,25,7Networks_LH_SalVentAttn_FrOperIns_1,-0.136469506316354,-0.440993528280377,0.196232301791075,0.420589748448825,39,0.896399322005698,node
auc_cc,gamma,imagination,25,7Networks_LH_SalVentAttn_FrOperIns_1,-0.0241549344213382,-0.34547549039152,0.302235117129744,0.887154006805772,39,0.925725920145153,node
auc_cc,gamma,total,26,7Networks_LH_SalVentAttn_FrOperIns_2,-0.0809308877152572,-0.394607385060948,0.249640092686097,0.633953722112166,39,0.896399322005698,node
auc_cc,gamma,social,26,7Networks_LH_SalVentAttn_FrOperIns_2,-0.0564963632867009,-0.373680216330666,0.272516908093204,0.739795384261635,39,0.925725920145153,node
auc_cc,gamma,switching,26,7Networks_LH_SalVentAttn_FrOperIns_2,-0.168005727191851,-0.466627966001651,0.165001120135278,0.320246486718204,39,0.896399322005698,node
auc_cc,gamma,detail,26,7Networks_LH_SalVentAttn_FrOperIns_2,0.0971538310932311,-0.234244766975398,0.408324214007554,0.567297352533238,39,0.896399322005698,node
auc_cc,gamma,communication,26,7Networks_LH_SalVentAttn_FrOperIns_2,-0.00535009661977434,-0.32880461371807,0.319227825207951,0.974929346183527,39,0.974929346183527,node
auc_cc,gamma,imagination,26,7Networks_LH_SalVentAttn_FrOperIns_2,-0.0961485550184481,-0.407478297159823,0.235203613929589,0.571332906550051,39,0.896399322005698,node
auc_cc,gamma,total,27,7Networks_LH_SalVentAttn_PFCl_1,-0.122211139762349,-0.429238086949831,0.210134585435032,0.471171366802166,39,0.896399322005698,node
auc_cc,gamma,social,27,7Networks_LH_SalVentAttn_PFCl_1,-0.0912168974490597,-0.403320666008907,0.239898176186466,0.591317082962188,39,0.896399322005698,node
auc_cc,gamma,switching,27,7Networks_LH_SalVentAttn_PFCl_1,-0.0644017255597991,-0.380486356315895,0.265156000903577,0.704919249038549,39,0.925725920145153,node
auc_cc,gamma,detail,27,7Networks_LH_SalVentAttn_PFCl_1,0.126908947651152,-0.205568896988174,0.433122762386872,0.454161162625161,39,0.896399322005698,node
auc_cc,gamma,communication,27,7Networks_LH_SalVentAttn_PFCl_1,-0.229634753316342,-0.515316005848392,0.101977647610275,0.171555375398916,39,0.896399322005698,node
auc_cc,gamma,imagination,27,7Networks_LH_SalVentAttn_PFCl_1,-0.101892656367256,-0.412304642542482,0.229716106525942,0.548452056581211,39,0.896399322005698,node
auc_cc,gamma,total,28,7Networks_LH_SalVentAttn_Med_1,0.174471823267405,-0.158513992300198,0.471822719662451,0.301700574572688,39,0.896399322005698,node
auc_cc,gamma,social,28,7Networks_LH_SalVentAttn_Med_1,0.238733537307623,-0.0924418722263533,0.522351301251687,0.154739528446358,39,0.896399322005698,node
auc_cc,gamma,switching,28,7Networks_LH_SalVentAttn_Med_1,0.0996978126843512,-0.231815396570289,0.4104625315246,0.557143638660748,39,0.896399322005698,node
auc_cc,gamma,detail,28,7Networks_LH_SalVentAttn_Med_1,0.0345868575170266,-0.292718152309168,0.354636965067724,0.838960426806872,39,0.925725920145153,node
auc_cc,gamma,communication,28,7Networks_LH_SalVentAttn_Med_1,0.024901633133889,-0.301556064711305,0.346133294113934,0.883688993263802,39,0.925725920145153,node
auc_cc,gamma,imagination,28,7Networks_LH_SalVentAttn_Med_1,0.0413384951642475,-0.286523923283788,0.36053377882245,0.808063103632406,39,0.925725920145153,node
auc_cc,gamma,total,29,7Networks_LH_SalVentAttn_Med_2,0.08153543482182,-0.249069368873093,0.395121062199053,0.631413571851285,39,0.896399322005698,node
auc_cc,gamma,social,29,7Networks_LH_SalVentAttn_Med_2,0.244000842059246,-0.086893689493737,0.526406478802099,0.145569871664503,39,0.896399322005698,node
auc_cc,gamma,switching,29,7Networks_LH_SalVentAttn_Med_2,-0.063299562763043,-0.379539496437848,0.266184565618801,0.709748094136462,39,0.925725920145153,node
auc_cc,gamma,detail,29,7Networks_LH_SalVentAttn_Med_2,-0.153487813361218,-0.454888969877647,0.179462038948279,0.364419495012711,39,0.896399322005698,node
auc_cc,gamma,communication,29,7Networks_LH_SalVentAttn_Med_2,0.141236378303313,-0.191554449496773,0.444900452313979,0.404386857992628,39,0.896399322005698,node
auc_cc,gamma,imagination,29,7Networks_LH_SalVentAttn_Med_2,0.0327392772047393,-0.294408424547964,0.353018857606374,0.847459054179435,39,0.925725920145153,node
auc_cc,gamma,total,30,7Networks_LH_SalVentAttn_Med_3,0.0927433766347055,-0.238446737264703,0.40460894191885,0.585098682305254,39,0.896399322005698,node
auc_cc,gamma,social,30,7Networks_LH_SalVentAttn_Med_3,0.169649905110076,-0.163354321495466,0.467950827368553,0.315464520995999,39,0.896399322005698,node
auc_cc,gamma,switching,30,7Networks_LH_SalVentAttn_Med_3,-0.0968371268043806,-0.408057772235596,0.23454691371742,0.568567312069667,39,0.896399322005698,node
auc_cc,gamma,detail,30,7Networks_LH_SalVentAttn_Med_3,0.118343397055924,-0.213882704318965,0.426031253819629,0.485424229862079,39,0.896399322005698,node
auc_cc,gamma,communication,30,7Networks_LH_SalVentAttn_Med_3,-0.0369291555709352,-0.356685593352488,0.290572339517943,0.828212046409981,39,0.925725920145153,node
auc_cc,gamma,imagination,30,7Networks_LH_SalVentAttn_Med_3,0.0974340658806277,-0.233977359989087,0.408559929960203,0.566174717757618,39,0.896399322005698,node
auc_cc,gamma,total,31,7Networks_LH_Limbic_OFC_1,0.206509964922174,-0.125941866388212,0.497260641430649,0.220082864318622,39,0.876937390951621,node
auc_cc,gamma,social,31,7Networks_LH_Limbic_OFC_1,0.338382972637996,0.0161266485871463,0.596954758444148,0.0405081764303635,39,0.876937390951621,node
auc_cc,gamma,switching,31,7Networks_LH_Limbic_OFC_1,0.10908951626278,-0.222810850419321,0.418327143460253,0.520410396029622,39,0.876937390951621,node
auc_cc,gamma,detail,31,7Networks_LH_Limbic_OFC_1,-0.127670167147934,-0.43375115500396,0.204827720658806,0.451436420120299,39,0.876937390951621,node
auc_cc,gamma,communication,31,7Networks_LH_Limbic_OFC_1,0.0933243587794663,-0.237893926654573,0.405098938249094,0.582739603738404,39,0.876937390951621,node
auc_cc,gamma,imagination,31,7Networks_LH_Limbic_OFC_1,0.123781769610889,-0.208609738771643,0.430538125470153,0.465447215832228,39,0.876937390951621,node
auc_cc,gamma,total,32,7Networks_LH_Limbic_TempPole_1,0.0873487597996171,-0.24356954353582,0.400050592319629,0.607203156669913,39,0.876937390951621,node
auc_cc,gamma,social,32,7Networks_LH_Limbic_TempPole_1,0.110456825374219,-0.221495166527571,0.419468274316804,0.515163961497902,39,0.876937390951621,node
auc_cc,gamma,switching,32,7Networks_LH_Limbic_TempPole_1,-0.0687932586272398,-0.384252520401353,0.261050255433483,0.685793181031817,39,0.876937390951621,node
auc_cc,gamma,detail,32,7Networks_LH_Limbic_TempPole_1,0.206012257638588,-0.126453410203157,0.496869253389311,0.221221303197796,39,0.876937390951621,node
auc_cc,gamma,communication,32,7Networks_LH_Limbic_TempPole_1,0.0722280859831959,-0.257830617383682,0.387190917606735,0.670966102832112,39,0.876937390951621,node
auc_cc,gamma,imagination,32,7Networks_LH_Limbic_TempPole_1,-0.130813084208923,-0.436342508813431,0.201763515102384,0.440280706243411,39,0.876937390951621,node
auc_cc,gamma,total,33,7Networks_LH_Limbic_TempPole_2,0.135682142432055,-0.197003507416341,0.44034709305899,0.423300666161192,39,0.876937390951621,node
auc_cc,gamma,social,33,7Networks_LH_Limbic_TempPole_2,0.0519760364805987,-0.276708675978345,0.369773020787804,0.759975386568454,39,0.876937390951621,node
auc_cc,gamma,switching,33,7Networks_LH_Limbic_TempPole_2,0.0850596401500159,-0.245737759208681,0.398111642737275,0.616689284171257,39,0.876937390951621,node
auc_cc,gamma,detail,33,7Networks_LH_Limbic_TempPole_2,0.217147016588436,-0.114966668800443,0.505597231503908,0.196708105488584,39,0.876937390951621,node
auc_cc,gamma,communication,33,7Networks_LH_Limbic_TempPole_2,-0.0519071532047495,-0.369713393677586,0.27677245587869,0.760284150871357,39,0.876937390951621,node
auc_cc,gamma,imagination,33,7Networks_LH_Limbic_TempPole_2,0.0683517007570921,-0.26146361839642,0.383874316012088,0.687707812832089,39,0.876937390951621,node
auc_cc,gamma,total,34,7Networks_LH_Cont_Par_1,-0.176242055147773,-0.473241303984944,0.15673297575161,0.296745011905909,39,0.899444464469928,node
auc_cc,gamma,social,34,7Networks_LH_Cont_Par_1,0.0307165291628001,-0.296256606214063,0.351245138832369,0.856782889757122,39,0.999572144459644,node
auc_cc,gamma,switching,34,7Networks_LH_Cont_Par_1,-0.107009399946833,-0.416589242672528,0.224810112021512,0.528442087829748,39,0.899444464469928,node
auc_cc,gamma,detail,34,7Networks_LH_Cont_Par_1,-0.149906206166323,-0.451976731319125,0.183007594614045,0.37585145386382,39,0.899444464469928,node
auc_cc,gamma,communication,34,7Networks_LH_Cont_Par_1,-0.15967208440379,-0.459902329619922,0.173319587776868,0.345176227261976,39,0.899444464469928,node
auc_cc,gamma,imagination,34,7Networks_LH_Cont_Par_1,-0.149870769520091,-0.451947885241985,0.183042631351623,0.375965609353537,39,0.899444464469928,node
auc_cc,gamma,total,35,7Networks_LH_Cont_PFCl_1,0.305516697111391,-0.0205413080995469,0.572833610809403,0.0659380382258099,39,0.667043776546304,node
auc_cc,gamma,social,35,7Networks_LH_Cont_PFCl_1,0.23550200879936,-0.095835573350189,0.519857055844796,0.160568835800089,39,0.799877225949375,node
auc_cc,gamma,switching,35,7Networks_LH_Cont_PFCl_1,-0.0124047724957973,-0.33508244564946,0.312877342927581,0.941911019272251,39,0.999572144459644,node
auc_cc,gamma,detail,35,7Networks_LH_Cont_PFCl_1,0.236786827792298,-0.0944871982088118,0.520849320421079,0.1582324586502,39,0.799877225949375,node
auc_cc,gamma,communication,35,7Networks_LH_Cont_PFCl_1,0.131218850160026,-0.201367436102025,0.436676696249611,0.438851559753256,39,0.899444464469928,node
auc_cc,gamma,imagination,35,7Networks_LH_Cont_PFCl_1,0.293064390401622,-0.0342085782984165,0.563572078869372,0.0783505833603372,39,0.679038389122922,node
auc_cc,gamma,total,36,7Networks_LH_Cont_pCun_1,0.133244667993705,-0.199388352793062,0.438343892663964,0.431754694443726,39,0.899444464469928,node
auc_cc,gamma,social,36,7Networks_LH_Cont_pCun_1,0.121573174090463,-0.210753493260244,0.428709667735899,0.473506988788211,39,0.899444464469928,node
auc_cc,gamma,switching,36,7Networks_LH_Cont_pCun_1,0.2164985677519,-0.115638060288037,0.505090558893483,0.198081166891049,39,0.899444464469928,node
auc_cc,gamma,detail,36,7Networks_LH_Cont_pCun_1,-0.155942991104909,-0.456881580909072,0.177026567228597,0.35670442196203,39,0.899444464469928,node
auc_cc,gamma,communication,36,7Networks_LH_Cont_pCun_1,0.0591027896250962,-0.270094238891931,0.375928005662071,0.728236005488002,39,0.948200321463476,node
auc_cc,gamma,imagination,36,7Networks_LH_Cont_pCun_1,0.129210747948715,-0.203326536213754,0.435022006027617,0.445949161672044,39,0.899444464469928,node
auc_cc,gamma,total,37,7Networks_LH_Cont_Cing_1,0.0126353665050955,-0.312669274656458,0.335287164776012,0.94083307318893,39,0.999572144459644,node
auc_cc,gamma,social,37,7Networks_LH_Cont_Cing_1,0.246897068779166,-0.083834250771556,0.528630756391537,0.140700752344244,39,0.799877225949375,node
auc_cc,gamma,switching,37,7Networks_LH_Cont_Cing_1,-0.137304027568771,-0.441678335537063,0.195414456992482,0.417727140261175,39,0.899444464469928,node
auc_cc,gamma,detail,37,7Networks_LH_Cont_Cing_1,-0.102609630536383,-0.412905842527884,0.229029676925797,0.545626785587912,39,0.899444464469928,node
auc_cc,gamma,communication,37,7Networks_LH_Cont_Cing_1,0.0722456150559885,-0.257814167672918,0.387205896839315,0.670890742842808,39,0.918269545347996,node
auc_cc,gamma,imagination,37,7Networks_LH_Cont_Cing_1,-0.108470151996753,-0.417809912064052,0.223406431845793,0.522795562736293,39,0.899444464469928,node
auc_cc,gamma,total,38,7Networks_LH_Default_Temp_1,0.132827917117235,-0.199795711270321,0.438001088761465,0.433209440085007,39,0.89436041615675,node
auc_cc,gamma,social,38,7Networks_LH_Default_Temp_1,0.10898612000714,-0.222910293614822,0.418240811140987,0.520808200847545,39,0.926598837636039,node
auc_cc,gamma,switching,38,7Networks_LH_Default_Temp_1,0.144719105269772,-0.188127176054579,0.447747603877911,0.392778196471907,39,0.89436041615675,node
auc_cc,gamma,detail,38,7Networks_LH_Default_Temp_1,0.091122575557896,-0.239987812769463,0.403241022206991,0.591702272007549,39,0.936320078781176,node
auc_cc,gamma,communication,38,7Networks_LH_Default_Temp_1,-0.0163546457146713,-0.338584901081076,0.309308997829669,0.92346237664184,39,0.991066588030992,node
auc_cc,gamma,imagination,38,7Networks_LH_Default_Temp_1,0.00511922233234037,-0.31943516232445,0.328598678547753,0.976010908578967,39,0.991066588030992,node
auc_cc,gamma,total,39,7Networks_LH_Default_Temp_2,0.0482669449576193,-0.280138855779233,0.366558608376867,0.776652001366162,39,0.982676280887419,node
auc_cc,gamma,social,39,7Networks_LH_Default_Temp_2,0.127129922696457,-0.205353779572579,0.433305209675134,0.453369282765312,39,0.919509531242323,node
auc_cc,gamma,switching,39,7Networks_LH_Default_Temp_2,-0.0639849946040241,-0.380128423742832,0.26554499241372,0.706743724734045,39,0.96950794662337,node
auc_cc,gamma,detail,39,7Networks_LH_Default_Temp_2,0.0132019038826664,-0.31215794727775,0.335790001811085,0.938185153792224,39,0.991066588030992,node
auc_cc,gamma,communication,39,7Networks_LH_Default_Temp_2,-0.0570368236978783,-0.374146617246991,0.272014893608904,0.737393747894126,39,0.982676280887419,node
auc_cc,gamma,imagination,39,7Networks_LH_Default_Temp_2,0.123162872129158,-0.209210788654849,0.430026004828984,0.467698359406014,39,0.92358397071311,node
auc_cc,gamma,total,40,7Networks_LH_Default_Par_1,-0.0316758918415504,-0.352086677137824,0.295380343226643,0.852358254733072,39,0.982676280887419,node
auc_cc,gamma,social,40,7Networks_LH_Default_Par_1,0.0953867466508002,-0.235929808521899,0.40683689678089,0.574399762584341,39,0.936320078781176,node
auc_cc,gamma,switching,40,7Networks_LH_Default_Par_1,-0.0621456780942206,-0.378547492337148,0.267260595066014,0.714815516507175,39,0.971070135632389,node
auc_cc,gamma,detail,40,7Networks_LH_Default_Par_1,-0.18395232838287,-0.479402058003512,0.148950389720189,0.275771744454032,39,0.89436041615675,node
auc_cc,gamma,communication,40,7Networks_LH_Default_Par_1,-0.0271021922441945,-0.348070039966639,0.299552934625501,0.873490027455484,39,0.982676280887419,node
auc_cc,gamma,imagination,40,7Networks_LH_Default_Par_1,0.105851709387246,-0.225921594002618,0.415621031366426,0.532938127531561,39,0.926598837636039,node
auc_cc,gamma,total,41,7Networks_LH_Default_Par_2,-0.336256112586876,-0.595407837730428,-0.0137272474907898,0.0418665516424452,39,0.844060789572135,node
auc_cc,gamma,social,41,7Networks_LH_Default_Par_2,-0.14362427041068,-0.446853231104977,0.189205452780394,0.396406513590869,39,0.89436041615675,node
auc_cc,gamma,switching,41,7Networks_LH_Default_Par_2,-0.252328784558868,-0.532791862245851,0.078079577874667,0.131893642216233,39,0.89436041615675,node
auc_cc,gamma,detail,41,7Networks_LH_Default_Par_2,-0.204769839273676,-0.49589172136341,0.127729597297725,0.224080762806799,39,0.89436041615675,node
auc_cc,gamma,communication,41,7Networks_LH_Default_Par_2,-0.227596380034463,-0.513734612687103,0.104105595782208,0.175495333146409,39,0.89436041615675,node
auc_cc,gamma,imagination,41,7Networks_LH_Default_Par_2,-0.0912381045966099,-0.403338572312802,0.23987802169692,0.591230492998789,39,0.936320078781176,node
auc_cc,gamma,total,42,7Networks_LH_Default_PFC_1,0.0639418110085621,-0.265585295385004,0.380091327693455,0.706932877746207,39,0.96950794662337,node
auc_cc,gamma,social,42,7Networks_LH_Default_PFC_1,0.0549016770493481,-0.273997112165462,0.372303115107176,0.746895746272823,39,0.982676280887419,node
auc_cc,gamma,switching,42,7Networks_LH_Default_PFC_1,-0.0271142199854354,-0.348080618243131,0.299541978066108,0.873434335986154,39,0.982676280887419,node
auc_cc,gamma,detail,42,7Networks_LH_Default_PFC_1,0.0787908880252939,-0.251658519650038,0.39278747367901,0.642978476840943,39,0.948457161927306,node
auc_cc,gamma,communication,42,7Networks_LH_Default_PFC_1,0.20535280112693,-0.127130927709708,0.496350486356897,0.222735929614572,39,0.89436041615675,node
auc_cc,gamma,imagination,42,7Networks_LH_Default_PFC_1,-0.182954030439533,-0.478606023859338,0.14996038006797,0.278431327033815,39,0.89436041615675,node
auc_cc,gamma,total,43,7Networks_LH_Default_PFC_2,0.169878474626332,-0.163125240639985,0.468134622486861,0.314803314455886,39,0.89436041615675,node
auc_cc,gamma,social,43,7Networks_LH_Default_PFC_2,0.163346699221258,-0.169657510946581,0.462872166183132,0.334041537125357,39,0.89436041615675,node
auc_cc,gamma,switching,43,7Networks_LH_Default_PFC_2,0.198743133508078,-0.133904523367529,0.491139429587704,0.238309469516727,39,0.89436041615675,node
auc_cc,gamma,detail,43,7Networks_LH_Default_PFC_2,-0.0382931135003897,-0.357877127563633,0.289321278675821,0.821967105536046,39,0.982676280887419,node
auc_cc,gamma,communication,43,7Networks_LH_Default_PFC_2,0.257388057187186,-0.0726996141121533,0.536655487538989,0.124064169101213,39,0.89436041615675,node
auc_cc,gamma,imagination,43,7Networks_LH_Default_PFC_2,-0.195909108571535,-0.488898657592658,0.136799346122322,0.245206760345101,39,0.89436041615675,node
auc_cc,gamma,total,44,7Networks_LH_Default_PFC_3,0.140788406993061,-0.191994699700317,0.444533786820637,0.405894149811036,39,0.89436041615675,node
auc_cc,gamma,social,44,7Networks_LH_Default_PFC_3,0.367487226958654,0.0493375715567849,0.617931618701361,0.0252499781306303,39,0.844060789572135,node
auc_cc,gamma,switching,44,7Networks_LH_Default_PFC_3,0.1655335872968,-0.167473710728681,0.464636430802999,0.327521325489963,39,0.89436041615675,node
auc_cc,gamma,detail,44,7Networks_LH_Default_PFC_3,-0.136797772353363,-0.441262945355452,0.19591065079918,0.419462405131754,39,0.89436041615675,node
auc_cc,gamma,communication,44,7Networks_LH_Default_PFC_3,-0.0376668825401695,-0.357330190315235,0.289895814449534,0.824833016146561,39,0.982676280887419,node
auc_cc,gamma,imagination,44,7Networks_LH_Default_PFC_3,-0.0779892411138368,-0.392105098504439,0.25241388586806,0.646372268220702,39,0.948457161927306,node
auc_cc,gamma,total,45,7Networks_LH_Default_PFC_4,0.176048838773364,-0.156927474588174,0.473086543910049,0.297283352792181,39,0.89436041615675,node
auc_cc,gamma,social,45,7Networks_LH_Default_PFC_4,0.2141967863658,-0.118018832439524,0.50329042905351,0.203009180064191,39,0.89436041615675,node
auc_cc,gamma,switching,45,7Networks_LH_Default_PFC_4,0.0300321398092593,-0.296881377764474,0.350644486265757,0.859941973222063,39,0.982676280887419,node
auc_cc,gamma,detail,45,7Networks_LH_Default_PFC_4,0.0996657552756406,-0.231846035480397,0.41043560724551,0.557271059788245,39,0.936320078781176,node
auc_cc,gamma,communication,45,7Networks_LH_Default_PFC_4,0.076648443500938,-0.253676377141096,0.390963016190668,0.652064298825023,39,0.948457161927306,node
auc_cc,gamma,imagination,45,7Networks_LH_Default_PFC_4,0.0331954546575825,-0.293991277500913,0.353418555191946,0.845359081385235,39,0.982676280887419,node
auc_cc,gamma,total,46,7Networks_LH_Default_PFC_5,-0.00190613492583261,-0.32572947362352,0.322317459886606,0.991066588030992,39,0.991066588030992,node
auc_cc,gamma,social,46,7Networks_LH_Default_PFC_5,0.0921888737652874,-0.238974152466219,0.404141110952165,0.587354191800419,39,0.936320078781176,node
auc_cc,gamma,switching,46,7Networks_LH_Default_PFC_5,-0.0138035499894399,-0.336323798790255,0.311614726107789,0.935373857155306,39,0.991066588030992,node
auc_cc,gamma,detail,46,7Networks_LH_Default_PFC_5,-0.240473723820402,-0.523692451537471,0.0906111625019965,0.151664866819265,39,0.89436041615675,node
auc_cc,gamma,communication,46,7Networks_LH_Default_PFC_5,0.158875710771627,-0.174112031958132,0.459257810877033,0.347618864155628,39,0.89436041615675,node
auc_cc,gamma,imagination,46,7Networks_LH_Default_PFC_5,-0.00767362396274074,-0.330875441704006,0.317139445420837,0.9640472364794,39,0.991066588030992,node
auc_cc,gamma,total,47,7Networks_LH_Default_PFC_6,0.0026603862185742,-0.321641398878766,0.326403536901011,0.987531902617706,39,0.991066588030992,node
auc_cc,gamma,social,47,7Networks_LH_Default_PFC_6,0.0790289075806627,-0.251434163903928,0.392990013331167,0.64197218177066,39,0.948457161927306,node
auc_cc,gamma,switching,47,7Networks_LH_Default_PFC_6,-0.156278448283018,-0.457153602103721,0.176693485587892,0.355657991684502,39,0.89436041615675,node
auc_cc,gamma,detail,47,7Networks_LH_Default_PFC_6,-0.14206907365569,-0.445581744894133,0.190735750273237,0.401593608576106,39,0.89436041615675,node
auc_cc,gamma,communication,47,7Networks_LH_Default_PFC_6,0.265193789104209,-0.0643612476777693,0.542593624455863,0.112672186187219,39,0.89436041615675,node
auc_cc,gamma,imagination,47,7Networks_LH_Default_PFC_6,-0.0327313716022494,-0.35301192977515,0.294415652650742,0.84749545610128,39,0.982676280887419,node
auc_cc,gamma,total,48,7Networks_LH_Default_PFC_7,0.32884251072608,0.00539258678025021,0.590000668232274,0.0468922660873408,39,0.844060789572135,node
auc_cc,gamma,social,48,7Networks_LH_Default_PFC_7,0.310461788049226,-0.0150797094214532,0.576492735082041,0.0614617941829655,39,0.880406824017667,node
auc_cc,gamma,switching,48,7Networks_LH_Default_PFC_7,0.161077490310359,-0.171920063742687,0.46103897733717,0.340891177036091,39,0.89436041615675,node
auc_cc,gamma,detail,48,7Networks_LH_Default_PFC_7,0.109607776184837,-0.222312300583237,0.418759788504362,0.518418711902655,39,0.926598837636039,node
auc_cc,gamma,communication,48,7Networks_LH_Default_PFC_7,0.0277187553730947,-0.298991171142411,0.348612195713306,0.870635963161567,39,0.982676280887419,node
auc_cc,gamma,imagination,48,7Networks_LH_Default_PFC_7,0.312727435814093,-0.0125709122298413,0.578165646486161,0.0594930158824516,39,0.880406824017667,node
auc_cc,gamma,total,49,7Networks_LH_Default_pCunPCC_1,-0.0154521430658507,-0.33778541475327,0.310125134617493,0.927674565167839,39,0.991066588030992,node
auc_cc,gamma,social,49,7Networks_LH_Default_pCunPCC_1,0.0918957250178536,-0.239252901856845,0.403893717028258,0.588548163900494,39,0.936320078781176,node
auc_cc,gamma,switching,49,7Networks_LH_Default_pCunPCC_1,-0.00485228583065653,-0.32836053826929,0.319674846455839,0.977261461844451,39,0.991066588030992,node
auc_cc,gamma,detail,49,7Networks_LH_Default_pCunPCC_1,-0.203192132906068,-0.494649321227048,0.129348600220447,0.227748175382447,39,0.89436041615675,node
auc_cc,gamma,communication,49,7Networks_LH_Default_pCunPCC_1,0.0729421588819246,-0.257160359003847,0.387800984424193,0.667898770404753,39,0.952251712260242,node
auc_cc,gamma,imagination,49,7Networks_LH_Default_pCunPCC_1,-0.0136405048899775,-0.336179161160091,0.311761959160328,0.936135639179812,39,0.991066588030992,node
auc_cc,gamma,total,50,7Networks_LH_Default_pCunPCC_2,0.150942217398416,-0.181982901041156,0.452819784248541,0.372523103805243,39,0.89436041615675,node
auc_cc,gamma,social,50,7Networks_LH_Default_pCunPCC_2,0.246244369687027,-0.0845242763104677,0.52812982649079,0.141787468301847,39,0.89436041615675,node
auc_cc,gamma,switching,50,7Networks_LH_Default_pCunPCC_2,0.112017105234542,-0.219992319990423,0.420769262988484,0.509209356694497,39,0.926598837636039,node
auc_cc,gamma,detail,50,7Networks_LH_Default_pCunPCC_2,-0.173710704335456,-0.471212319518929,0.159279082597844,0.303847339730582,39,0.89436041615675,node
auc_cc,gamma,communication,50,7Networks_LH_Default_pCunPCC_2,0.197344705882084,-0.135333661056479,0.490034221445803,0.241696331997574,39,0.89436041615675,node
auc_cc,gamma,imagination,50,7Networks_LH_Default_pCunPCC_2,-0.00960653909716926,-0.33259577065085,0.31539974322953,0.954999332067491,39,0.991066588030992,node
auc_cc,gamma,total,51,7Networks_RH_Vis_1,0.179368086675622,-0.153582602119134,0.475742609246395,0.288121952963846,39,0.971912992756237,node
auc_cc,gamma,social,51,7Networks_RH_Vis_1,0.230894330764487,-0.10066120012753,0.516292228790708,0.1691526285568,39,0.971912992756237,node
auc_cc,gamma,switching,51,7Networks_RH_Vis_1,0.204964048057751,-0.127530182525345,0.49604457307261,0.223632127859098,39,0.971912992756237,node
auc_cc,gamma,detail,51,7Networks_RH_Vis_1,0.0826214114863953,-0.248043573563327,0.396043312552834,0.626861034204202,39,0.971912992756237,node
auc_cc,gamma,communication,51,7Networks_RH_Vis_1,0.0274265167054145,-0.299257464099641,0.348355251432786,0.871988534291175,39,0.977777252955005,node
auc_cc,gamma,imagination,51,7Networks_RH_Vis_1,-0.154027687488781,-0.455327388249,0.178926847837782,0.362714516499883,39,0.971912992756237,node
auc_cc,gamma,total,52,7Networks_RH_Vis_2,0.094188597546924,-0.237071197184063,0.40582750003712,0.579238238221307,39,0.971912992756237,node
auc_cc,gamma,social,52,7Networks_RH_Vis_2,0.264737623701649,-0.0648498094781741,0.542247362054495,0.113315421325818,39,0.971912992756237,node
auc_cc,gamma,switching,52,7Networks_RH_Vis_2,0.0524868653226153,-0.27623560268019,0.370215125514599,0.757686777583124,39,0.977777252955005,node
auc_cc,gamma,detail,52,7Networks_RH_Vis_2,-0.113283124672515,-0.421823959660924,0.218771742974401,0.504403230367454,39,0.971912992756237,node
auc_cc,gamma,communication,52,7Networks_RH_Vis_2,0.0398113441028844,-0.287927397057788,0.359202209322763,0.815028503100859,39,0.977777252955005,node
auc_cc,gamma,imagination,52,7Networks_RH_Vis_2,-0.0506496660723482,-0.368624420666719,0.277936270444037,0.765927121849833,39,0.977777252955005,node
auc_cc,gamma,total,53,7Networks_RH_Vis_3,0.219747003420944,-0.112271641580664,0.507626763535946,0.191269724343862,39,0.971912992756237,node
auc_cc,gamma,social,53,7Networks_RH_Vis_3,0.517375993876091,0.232293786457805,0.720597707205223,0.00104103780328862,39,0.106185855935439,node
auc_cc,gamma,switching,53,7Networks_RH_Vis_3,0.0430858627165625,-0.284916339413369,0.362055767483646,0.800111129867349,39,0.977777252955005,node
auc_cc,gamma,detail,53,7Networks_RH_Vis_3,-0.146143097399899,-0.448909959395627,0.1867235186596,0.388087962854012,39,0.971912992756237,node
auc_cc,gamma,communication,53,7Networks_RH_Vis_3,0.0681929524450456,-0.261612200551826,0.383738318584629,0.68839662777322,39,0.971912992756237,node
auc_cc,gamma,imagination,53,7Networks_RH_Vis_3,0.0325577331771176,-0.294574401053266,0.352859758232429,0.848295065210197,39,0.977777252955005,node
auc_cc,gamma,total,54,7Networks_RH_Vis_4,0.0233122780746479,-0.303001036363717,0.344732773426353,0.891066782299159,39,0.977777252955005,node
auc_cc,gamma,social,54,7Networks_RH_Vis_4,0.0890074654374959,-0.241996376003593,0.401453816419734,0.600368677014026,39,0.971912992756237,node
auc_cc,gamma,switching,54,7Networks_RH_Vis_4,-0.0269496504156418,-0.347935873882756,0.299691883715175,0.874196386446542,39,0.977777252955005,node
auc_cc,gamma,detail,54,7Networks_RH_Vis_4,0.175434041719666,-0.157546180522591,0.47259398933618,0.299000456345226,39,0.971912992756237,node
auc_cc,gamma,communication,54,7Networks_RH_Vis_4,-0.0931524902602957,-0.40495400417882,0.238057483708242,0.583437033791947,39,0.971912992756237,node
auc_cc,gamma,imagination,54,7Networks_RH_Vis_4,-0.145457608456284,-0.44835054635075,0.18739938844782,0.390341684944885,39,0.971912992756237,node
auc_cc,gamma,total,55,7Networks_RH_Vis_5,-0.0212194012708161,-0.34288637002144,0.304901501866348,0.90079559870923,39,0.977777252955005,node
auc_cc,gamma,social,55,7Networks_RH_Vis_5,-0.00274146947440293,-0.326475980217124,0.32156870151823,0.987151930874034,39,0.996210967793737,node
auc_cc,gamma,switching,55,7Networks_RH_Vis_5,-0.133405394801583,-0.438476076895717,0.199231217592875,0.431194372240417,39,0.971912992756237,node
auc_cc,gamma,detail,55,7Networks_RH_Vis_5,0.0844176995467526,-0.246345200850159,0.397567398089714,0.619360604418131,39,0.971912992756237,node
auc_cc,gamma,communication,55,7Networks_RH_Vis_5,0.0771632845810073,-0.253191737290495,0.391401668834308,0.649876350432333,39,0.971912992756237,node
auc_cc,gamma,imagination,55,7Networks_RH_Vis_5,-0.0972694007221621,-0.408421428969743,0.234134493643878,0.566834251188236,39,0.971912992756237,node
auc_cc,gamma,total,56,7Networks_RH_Vis_6,0.278395106862906,-0.0501536125317639,0.552573699461209,0.0952250111517657,39,0.971912992756237,node
auc_cc,gamma,social,56,7Networks_RH_Vis_6,0.368362235468223,0.0503470593011371,0.618556807144974,0.0248779307884833,39,0.845849646808431,node
auc_cc,gamma,switching,56,7Networks_RH_Vis_6,0.145460124295899,-0.187396908487937,0.448352599908214,0.390333399589919,39,0.971912992756237,node
auc_cc,gamma,detail,56,7Networks_RH_Vis_6,-0.141328387549908,-0.444975749483028,0.191464009515124,0.404077670870088,39,0.971912992756237,node
auc_cc,gamma,communication,56,7Networks_RH_Vis_6,0.223994981349183,-0.107857847238733,0.51093584632104,0.182613443199523,39,0.971912992756237,node
auc_cc,gamma,imagination,56,7Networks_RH_Vis_6,0.145294442367932,-0.187560218476248,0.448217354983499,0.390879254224275,39,0.971912992756237,node
auc_cc,gamma,total,57,7Networks_RH_Vis_7,-0.0201845461735818,-0.341972468223175,0.305840257604495,0.905611522113453,39,0.977777252955005,node
auc_cc,gamma,social,57,7Networks_RH_Vis_7,0.14655344998001,-0.186318773545722,0.449244725948511,0.38674245865663,39,0.971912992756237,node
auc_cc,gamma,switching,57,7Networks_RH_Vis_7,-0.109925236303634,-0.419024735932445,0.222006828126591,0.517200569665873,39,0.971912992756237,node
auc_cc,gamma,detail,57,7Networks_RH_Vis_7,-0.0442418539703091,-0.363061722866795,0.283851808610406,0.794861227647358,39,0.977777252955005,node
auc_cc,gamma,communication,57,7Networks_RH_Vis_7,-0.074961289886307,-0.389524533630554,0.255263398810914,0.65925430272188,39,0.971912992756237,node
auc_cc,gamma,imagination,57,7Networks_RH_Vis_7,0.000808457987306001,-0.323300754390422,0.324747907400441,0.996210967793737,39,0.996210967793737,node
auc_cc,gamma,total,58,7Networks_RH_Vis_8,-0.117961804687262,-0.425714447347286,0.214251965179443,0.486842410521923,39,0.971912992756237,node
auc_cc,gamma,social,58,7Networks_RH_Vis_8,0.142912105013016,-0.189906416869761,0.446271136218285,0.398777002182936,39,0.971912992756237,node
auc_cc,gamma,switching,58,7Networks_RH_Vis_8,-0.273541533469003,-0.548913559358828,0.0553926699815064,0.101381254694924,39,0.971912992756237,node
auc_cc,gamma,detail,58,7Networks_RH_Vis_8,-0.0146406926302875,-0.337066190143019,0.310858523054818,0.931463450945686,39,0.97947703089134,node
auc_cc,gamma,communication,58,7Networks_RH_Vis_8,-0.0387502542284064,-0.358276246461978,0.288901725684832,0.819876458397262,39,0.977777252955005,node
auc_cc,gamma,imagination,58,7Networks_RH_Vis_8,-0.213238024331655,-0.502539879190036,0.119009371081134,0.205086825829709,39,0.971912992756237,node
auc_cc,gamma,total,59,7Networks_RH_SomMot_1,-0.0619221430153241,-0.378355233314948,0.267468952783948,0.715798597194404,39,0.927981712609336,node
auc_cc,gamma,social,59,7Networks_RH_SomMot_1,-0.102487460779173,-0.412803419374322,0.229146665318121,0.546107712889756,39,0.927981712609336,node
auc_cc,gamma,switching,59,7Networks_RH_SomMot_1,0.0628174699329113,-0.266634230443018,0.379125125701724,0.711863783959054,39,0.927981712609336,node
auc_cc,gamma,detail,59,7Networks_RH_SomMot_1,0.195997567945665,-0.136709074881101,0.488968658069926,0.244989469301114,39,0.927981712609336,node
auc_cc,gamma,communication,59,7Networks_RH_SomMot_1,-0.153045073780609,-0.454529322994553,0.179900791050747,0.365821281167747,39,0.927981712609336,node
auc_cc,gamma,imagination,59,7Networks_RH_SomMot_1,-0.237408502075415,-0.52132916351478,0.0938343349355811,0.157110856384467,39,0.927981712609336,node
auc_cc,gamma,total,60,7Networks_RH_SomMot_2,-0.0449521570377399,-0.363679467420871,0.28319730235227,0.791639791770985,39,0.927981712609336,node
auc_cc,gamma,social,60,7Networks_RH_SomMot_2,0.210178207326016,-0.122166183629647,0.50014163556007,0.211816192700422,39,0.927981712609336,node
auc_cc,gamma,switching,60,7Networks_RH_SomMot_2,-0.0162074846708437,-0.338454569499694,0.30944210889831,0.924149074227651,39,0.963183348392166,node
auc_cc,gamma,detail,60,7Networks_RH_SomMot_2,-0.124553363750546,-0.431176321888514,0.207860043837656,0.462648747644472,39,0.927981712609336,node
auc_cc,gamma,communication,60,7Networks_RH_SomMot_2,-0.0787737502636901,-0.392772889347463,0.25167467222653,0.643050955791399,39,0.927981712609336,node
auc_cc,gamma,imagination,60,7Networks_RH_SomMot_2,-0.221376611729125,-0.508897198026886,0.110579970381041,0.187915511040162,39,0.927981712609336,node
auc_cc,gamma,total,61,7Networks_RH_SomMot_3,-0.0957747674195001,-0.407163627116756,0.235559973567495,0.572836753727576,39,0.927981712609336,node
auc_cc,gamma,social,61,7Networks_RH_SomMot_3,-0.0849362538521051,-0.398007051516735,0.245854534693474,0.617202358847611,39,0.927981712609336,node
auc_cc,gamma,switching,61,7Networks_RH_SomMot_3,0.10403708743122,-0.227662049881039,0.414101994687725,0.540022469423822,39,0.927981712609336,node
auc_cc,gamma,detail,61,7Networks_RH_SomMot_3,0.15936198617937,-0.173628207187676,0.459651399447983,0.346126113241858,39,0.927981712609336,node
auc_cc,gamma,communication,61,7Networks_RH_SomMot_3,-0.182195577873174,-0.478000915273697,0.1507272516934,0.280463054446727,39,0.927981712609336,node
auc_cc,gamma,imagination,61,7Networks_RH_SomMot_3,-0.368290054745063,-0.618505246427599,-0.050263760592544,0.0249084487372788,39,0.927981712609336,node
auc_cc,gamma,total,62,7Networks_RH_SomMot_4,-0.156911118461084,-0.457666479257023,0.176065088041597,0.353689476993541,39,0.927981712609336,node
auc_cc,gamma,social,62,7Networks_RH_SomMot_4,-0.0465309184968423,-0.365051499601485,0.281741462649815,0.784491886741672,39,0.927981712609336,node
auc_cc,gamma,switching,62,7Networks_RH_SomMot_4,-0.298064144082652,-0.567298886268955,0.0287356699939959,0.0731648667682162,39,0.927981712609336,node
auc_cc,gamma,detail,62,7Networks_RH_SomMot_4,0.0404789218160852,-0.28731405669333,0.35978445067724,0.811981899601735,39,0.927981712609336,node
auc_cc,gamma,communication,62,7Networks_RH_SomMot_4,0.0152145180702641,-0.310339940081851,0.337574836120083,0.928783943092445,39,0.963183348392166,node
auc_cc,gamma,imagination,62,7Networks_RH_SomMot_4,-0.157543760864713,-0.458179133840758,0.175436446596512,0.351727648846182,39,0.927981712609336,node
auc_cc,gamma,total,63,7Networks_RH_SomMot_5,-0.0890767071321847,-0.401512361310456,0.241930667185193,0.600084100404548,39,0.927981712609336,node
auc_cc,gamma,social,63,7Networks_RH_SomMot_5,-0.0205079775573258,-0.342258162531474,0.30554692899338,0.904105998985686,39,0.961327897655666,node
auc_cc,gamma,switching,63,7Networks_RH_SomMot_5,-0.0619376010195565,-0.378368529381166,0.267454545323152,0.715730600202372,39,0.927981712609336,node
auc_cc,gamma,detail,63,7Networks_RH_SomMot_5,0.183313049183113,-0.149597236365157,0.478892358275252,0.277472943733711,39,0.927981712609336,node
auc_cc,gamma,communication,63,7Networks_RH_SomMot_5,-0.201441028942731,-0.493268979059405,0.131143465878715,0.231866305541549,39,0.927981712609336,node
auc_cc,gamma,imagination,63,7Networks_RH_SomMot_5,-0.212392204861693,-0.501877382171181,0.119882675130505,0.206931958174472,39,0.927981712609336,node
auc_cc,gamma,total,64,7Networks_RH_SomMot_6,0.0609872439217844,-0.268340041342732,0.377550845263279,0.71991504196764,39,0.927981712609336,node
auc_cc,gamma,social,64,7Networks_RH_SomMot_6,0.0854387682122762,-0.245378884049218,0.39843296840084,0.615113884484896,39,0.927981712609336,node
auc_cc,gamma,switching,64,7Networks_RH_SomMot_6,-0.15521412063053,-0.456290348011568,0.177750013410991,0.358984457898733,39,0.927981712609336,node
auc_cc,gamma,detail,64,7Networks_RH_SomMot_6,0.284612399052864,-0.043416006085812,0.557246838105547,0.0877622787912247,39,0.927981712609336,node
auc_cc,gamma,communication,64,7Networks_RH_SomMot_6,0.00692091682649054,-0.31781632157807,0.330204937259398,0.967571890590594,39,0.967571890590594,node
auc_cc,gamma,imagination,64,7Networks_RH_SomMot_6,-0.087859087488073,-0.400482473169002,0.243085718411762,0.605096880584743,39,0.927981712609336,node
auc_cc,gamma,total,65,7Networks_RH_SomMot_7,-0.107913742476041,-0.417345083161634,0.223941264686372,0.524942859646491,39,0.927981712609336,node
auc_cc,gamma,social,65,7Networks_RH_SomMot_7,0.11172045336646,-0.220278173599474,0.420522007205635,0.510338828927775,39,0.927981712609336,node
auc_cc,gamma,switching,65,7Networks_RH_SomMot_7,-0.228093416264745,-0.514120398374008,0.103586997467072,0.17452871828074,39,0.927981712609336,node
auc_cc,gamma,detail,65,7Networks_RH_SomMot_7,-0.280067449682426,-0.553832389123146,0.0483442495821849,0.0931715183970159,39,0.927981712609336,node
auc_cc,gamma,communication,65,7Networks_RH_SomMot_7,0.202064806974306,-0.130504348973119,0.493760852944725,0.23039358882686,39,0.927981712609336,node
auc_cc,gamma,imagination,65,7Networks_RH_SomMot_7,-0.12828295318487,-0.434256798418425,0.204230792329497,0.449249429051459,39,0.927981712609336,node
auc_cc,gamma,total,66,7Networks_RH_SomMot_8,-0.125545106293994,-0.431996155802517,0.206895874790364,0.459065053665106,39,0.927981712609336,node
auc_cc,gamma,social,66,7Networks_RH_SomMot_8,0.0781737829123078,-0.252240033713654,0.392262214184731,0.645590379120338,39,0.927981712609336,node
auc_cc,gamma,switching,66,7Networks_RH_SomMot_8,-0.034447138319503,-0.354514666218247,0.292846046963958,0.839602501884638,39,0.927981712609336,node
auc_cc,gamma,detail,66,7Networks_RH_SomMot_8,-0.339251045768078,-0.597585578620203,-0.0171070264537348,0.0399641274504541,39,0.927981712609336,node
auc_cc,gamma,communication,66,7Networks_RH_SomMot_8,-0.0229961657314688,-0.344454048294131,0.303288253014799,0.892535272392462,39,0.961191831807267,node
auc_cc,gamma,imagination,66,7Networks_RH_SomMot_8,-0.0529255601744663,-0.370594685918481,0.275829204745087,0.755722961679632,39,0.927981712609336,node
auc_cc,gamma,total,67,7Networks_RH_DorsAttn_Post_1,0.143910254902859,-0.188923870908654,0.447086910906426,0.395456890071346,39,0.930227975651266,node
auc_cc,gamma,social,67,7Networks_RH_DorsAttn_Post_1,0.340048146566292,0.018007795992947,0.598164542385889,0.0394697935121338,39,0.910331217475074,node
auc_cc,gamma,switching,67,7Networks_RH_DorsAttn_Post_1,-0.0145120672035255,-0.336952149141973,0.310974739063186,0.932064177075414,39,0.932570423231402,node
auc_cc,gamma,detail,67,7Networks_RH_DorsAttn_Post_1,-0.104022963750301,-0.414090164847504,0.227675588000783,0.540077784933779,39,0.930227975651266,node
auc_cc,gamma,communication,67,7Networks_RH_DorsAttn_Post_1,0.053275260310126,-0.275505165483216,0.370897171785045,0.75415861013071,39,0.930227975651266,node
auc_cc,gamma,imagination,67,7Networks_RH_DorsAttn_Post_1,0.0832879509821937,-0.247413604114492,0.396609048822428,0.624073527499307,39,0.930227975651266,node
auc_cc,gamma,total,68,7Networks_RH_DorsAttn_Post_2,-0.258445249969285,-0.537461359726879,0.0715729775762786,0.122472867253459,39,0.910331217475074,node
auc_cc,gamma,social,68,7Networks_RH_DorsAttn_Post_2,-0.189399525869898,-0.483737059192308,0.143427130562632,0.261552460127577,39,0.910331217475074,node
auc_cc,gamma,switching,68,7Networks_RH_DorsAttn_Post_2,-0.168446443932277,-0.466982685962897,0.16455988298796,0.318960272916032,39,0.910331217475074,node
auc_cc,gamma,detail,68,7Networks_RH_DorsAttn_Post_2,0.104303937168118,-0.227406239506911,0.414325485416748,0.538977860142204,39,0.930227975651266,node
auc_cc,gamma,communication,68,7Networks_RH_DorsAttn_Post_2,-0.167019034871546,-0.465833457877071,0.165988494520319,0.323137846759896,39,0.910331217475074,node
auc_cc,gamma,imagination,68,7Networks_RH_DorsAttn_Post_2,-0.354774000661579,-0.608812222607652,-0.0347434274369889,0.0311953495516362,39,0.910331217475074,node
auc_cc,gamma,total,69,7Networks_RH_DorsAttn_Post_3,-0.177440588857659,-0.474200881393762,0.155525909575923,0.293419588763925,39,0.910331217475074,node
auc_cc,gamma,social,69,7Networks_RH_DorsAttn_Post_3,-0.0618774090189044,-0.37831675502615,0.267510645777596,0.715995386179313,39,0.930227975651266,node
auc_cc,gamma,switching,69,7Networks_RH_DorsAttn_Post_3,-0.233792481747989,-0.518535598838268,0.0976277822088447,0.163716039130876,39,0.910331217475074,node
auc_cc,gamma,detail,69,7Networks_RH_DorsAttn_Post_3,-0.0493089465657557,-0.367462407040257,0.279176055639374,0.771956702689888,39,0.930227975651266,node
auc_cc,gamma,communication,69,7Networks_RH_DorsAttn_Post_3,0.025501252787222,-0.301010527034411,0.346661300090661,0.880908028564061,39,0.930227975651266,node
auc_cc,gamma,imagination,69,7Networks_RH_DorsAttn_Post_3,-0.192987786099599,-0.486584808285057,0.139777403228214,0.252455381805916,39,0.910331217475074,node
auc_cc,gamma,total,70,7Networks_RH_DorsAttn_Post_4,0.166836906393265,-0.166170675928191,0.465686751001192,0.323673321768915,39,0.910331217475074,node
auc_cc,gamma,social,70,7Networks_RH_DorsAttn_Post_4,0.324119633608033,0.000106274388508659,0.586543741466144,0.0503394028044454,39,0.910331217475074,node
auc_cc,gamma,switching,70,7Networks_RH_DorsAttn_Post_4,0.0213697199682924,-0.304765089426741,0.343019068922976,0.900096344261919,39,0.930227975651266,node
auc_cc,gamma,detail,70,7Networks_RH_DorsAttn_Post_4,-0.148246870730389,-0.45062532381797,0.184647297343287,0.381218769179447,39,0.928110512349396,node
auc_cc,gamma,communication,70,7Networks_RH_DorsAttn_Post_4,0.179936600160797,-0.153008933328878,0.47619699276876,0.286571277935643,39,0.910331217475074,node
auc_cc,gamma,imagination,70,7Networks_RH_DorsAttn_Post_4,0.0427298183487198,-0.285244051143486,0.361745784316444,0.801729848446556,39,0.930227975651266,node
auc_cc,gamma,total,71,7Networks_RH_DorsAttn_Post_5,0.0449762274350453,-0.28317511741371,0.363700396331525,0.791530684620185,39,0.930227975651266,node
auc_cc,gamma,social,71,7Networks_RH_DorsAttn_Post_5,0.0981873492785058,-0.23325830965693,0.409193339132354,0.563162091784866,39,0.930227975651266,node
auc_cc,gamma,switching,71,7Networks_RH_DorsAttn_Post_5,-0.0313721215414316,-0.351820270499501,0.295657860584699,0.853758786462944,39,0.930227975651266,node
auc_cc,gamma,detail,71,7Networks_RH_DorsAttn_Post_5,-0.198709316702046,-0.491112714523935,0.133939099137606,0.238390990690615,39,0.910331217475074,node
auc_cc,gamma,communication,71,7Networks_RH_DorsAttn_Post_5,0.277218915811406,-0.0514248820059784,0.551687688931582,0.0966899096007413,39,0.910331217475074,node
auc_cc,gamma,imagination,71,7Networks_RH_DorsAttn_Post_5,-0.0239050110389297,-0.345255250005,0.302462325027359,0.888314226436274,39,0.930227975651266,node
auc_cc,gamma,total,72,7Networks_RH_DorsAttn_PrCv_1,0.168208860021892,-0.164797764000801,0.466791473586714,0.319653249511378,39,0.910331217475074,node
auc_cc,gamma,social,72,7Networks_RH_DorsAttn_PrCv_1,0.0468680814547283,-0.281430355077092,0.365344333922726,0.782967597049931,39,0.930227975651266,node
auc_cc,gamma,switching,72,7Networks_RH_DorsAttn_PrCv_1,0.0262496330688181,-0.300329346066074,0.34732001452689,0.877439102970239,39,0.930227975651266,node
auc_cc,gamma,detail,72,7Networks_RH_DorsAttn_PrCv_1,0.269395413892707,-0.0598537866721235,0.545778533314035,0.106876291275465,39,0.910331217475074,node
auc_cc,gamma,communication,72,7Networks_RH_DorsAttn_PrCv_1,0.20538713554026,-0.127095660610363,0.49637750094254,0.222656896305733,39,0.910331217475074,node
auc_cc,gamma,imagination,72,7Networks_RH_DorsAttn_PrCv_1,-0.117672739063871,-0.425474408400565,0.214531626185112,0.487918140736499,39,0.930227975651266,node
auc_cc,gamma,total,73,7Networks_RH_DorsAttn_FEF_1,0.0311282858244168,-0.295880583196637,0.351606388942246,0.854883309272802,39,0.930227975651266,node
auc_cc,gamma,social,73,7Networks_RH_DorsAttn_FEF_1,0.202686332333466,-0.129867265113748,0.494250764936656,0.228932528716614,39,0.910331217475074,node
auc_cc,gamma,switching,73,7Networks_RH_DorsAttn_FEF_1,-0.0902412727638628,-0.402496636540943,0.240825065339684,0.595306624112631,39,0.930227975651266,node
auc_cc,gamma,detail,73,7Networks_RH_DorsAttn_FEF_1,-0.0514758753569653,-0.369340009126694,0.277171715703564,0.762218151268876,39,0.930227975651266,node
auc_cc,gamma,communication,73,7Networks_RH_DorsAttn_FEF_1,0.0969662311833945,-0.234423751446659,0.408166393520577,0.568049456664509,39,0.930227975651266,node
auc_cc,gamma,imagination,73,7Networks_RH_DorsAttn_FEF_1,-0.137749531163769,-0.44204377016666,0.194977666466389,0.416203462349285,39,0.930227975651266,node
auc_cc,gamma,total,74,7Networks_RH_SalVentAttn_TempOccPar_1,-0.178353592520382,-0.474931383183443,0.154605738458594,0.290902501668103,39,0.896399322005698,node
auc_cc,gamma,social,74,7Networks_RH_SalVentAttn_TempOccPar_1,-0.20966953792233,-0.499742515619778,0.122690326706683,0.212949514764255,39,0.896399322005698,node
auc_cc,gamma,switching,74,7Networks_RH_SalVentAttn_TempOccPar_1,-0.15797016150217,-0.458524549955927,0.175012589362624,0.350409103902692,39,0.896399322005698,node
auc_cc,gamma,detail,74,7Networks_RH_SalVentAttn_TempOccPar_1,0.0422125134331906,-0.285720054319095,0.361295277029015,0.804083170735952,39,0.925725920145153,node
auc_cc,gamma,communication,74,7Networks_RH_SalVentAttn_TempOccPar_1,-0.146156412661682,-0.448920823350264,0.186710387124403,0.388044260702327,39,0.896399322005698,node
auc_cc,gamma,imagination,74,7Networks_RH_SalVentAttn_TempOccPar_1,0.0306823246660369,-0.296287837769192,0.351215125605347,0.856940723161352,39,0.925725920145153,node
auc_cc,gamma,total,75,7Networks_RH_SalVentAttn_TempOccPar_2,-0.100306186405428,-0.410973387904068,0.231233817880314,0.554728063745499,39,0.896399322005698,node
auc_cc,gamma,social,75,7Networks_RH_SalVentAttn_TempOccPar_2,-0.175982931209746,-0.473033749887189,0.156993813701966,0.297467127656275,39,0.896399322005698,node
auc_cc,gamma,switching,75,7Networks_RH_SalVentAttn_TempOccPar_2,0.0384407715125589,-0.289185775391788,0.358006057095924,0.821291686445663,39,0.925725920145153,node
auc_cc,gamma,detail,75,7Networks_RH_SalVentAttn_TempOccPar_2,0.00925937337361455,-0.31571236752608,0.332286945252144,0.956624025850385,39,0.970097603679263,node
auc_cc,gamma,communication,75,7Networks_RH_SalVentAttn_TempOccPar_2,-0.0915850586166219,-0.403631489799046,0.239548248876485,0.589814652847486,39,0.896399322005698,node
auc_cc,gamma,imagination,75,7Networks_RH_SalVentAttn_TempOccPar_2,-0.0424135517926162,-0.361470373763641,0.28553508612848,0.803168404534623,39,0.925725920145153,node
auc_cc,gamma,total,76,7Networks_RH_SalVentAttn_FrOperIns_1,-0.0108602755558713,-0.333710470329842,0.314270160192104,0.949133532021021,39,0.970097603679263,node
auc_cc,gamma,social,76,7Networks_RH_SalVentAttn_FrOperIns_1,0.0567247420064467,-0.272304797063105,0.373877319797786,0.738780243397006,39,0.925725920145153,node
auc_cc,gamma,switching,76,7Networks_RH_SalVentAttn_FrOperIns_1,0.0249158097398904,-0.301543169213932,0.346145779930963,0.88362322789281,39,0.925725920145153,node
auc_cc,gamma,detail,76,7Networks_RH_SalVentAttn_FrOperIns_1,0.112712409536294,-0.219322101560871,0.421348611097707,0.50656697137663,39,0.896399322005698,node
auc_cc,gamma,communication,76,7Networks_RH_SalVentAttn_FrOperIns_1,-0.0806941595052065,-0.394406186227282,0.249863513834289,0.634949519754036,39,0.896399322005698,node
auc_cc,gamma,imagination,76,7Networks_RH_SalVentAttn_FrOperIns_1,-0.227405515825945,-0.513586438446636,0.104304692011415,0.17586753066274,39,0.896399322005698,node
auc_cc,gamma,total,77,7Networks_RH_SalVentAttn_Med_1,-0.0535012137777279,-0.371092582630229,0.275295752659668,0.753148340390172,39,0.925725920145153,node
auc_cc,gamma,social,77,7Networks_RH_SalVentAttn_Med_1,0.150339778295772,-0.182578846938161,0.452329615805624,0.374456403903288,39,0.896399322005698,node
auc_cc,gamma,switching,77,7Networks_RH_SalVentAttn_Med_1,-0.119634850298977,-0.42710288747479,0.21263228077094,0.480640482233405,39,0.896399322005698,node
auc_cc,gamma,detail,77,7Networks_RH_SalVentAttn_Med_1,-0.158697966992563,-0.459113916625398,0.17428883986523,0.34816547144406,39,0.896399322005698,node
auc_cc,gamma,communication,77,7Networks_RH_SalVentAttn_Med_1,0.208017286319182,-0.124391561399623,0.498445250366453,0.216659613660133,39,0.896399322005698,node
auc_cc,gamma,imagination,77,7Networks_RH_SalVentAttn_Med_1,-0.323815956677268,-0.586321136401961,0.000233012435445829,0.0505678173068451,39,0.896399322005698,node
auc_cc,gamma,total,78,7Networks_RH_SalVentAttn_Med_2,0.0872204466466407,-0.243691167167372,0.399941981426884,0.607733235814157,39,0.896399322005698,node
auc_cc,gamma,social,78,7Networks_RH_SalVentAttn_Med_2,0.216801112662755,-0.115324848852528,0.505326980434355,0.197439709682104,39,0.896399322005698,node
auc_cc,gamma,switching,78,7Networks_RH_SalVentAttn_Med_2,-0.0413111468329874,-0.360509944415252,0.286549069173192,0.80818771433426,39,0.925725920145153,node
auc_cc,gamma,detail,78,7Networks_RH_SalVentAttn_Med_2,0.186756084838265,-0.146110075059244,0.481635152028334,0.268391120068286,39,0.896399322005698,node
auc_cc,gamma,communication,78,7Networks_RH_SalVentAttn_Med_2,-0.108681360715699,-0.417986315099971,0.223203361127186,0.521981596814383,39,0.896399322005698,node
auc_cc,gamma,imagination,78,7Networks_RH_SalVentAttn_Med_2,-0.0882410167895646,-0.40080560199752,0.242723515864873,0.603522595852943,39,0.896399322005698,node
auc_cc,gamma,total,79,7Networks_RH_Limbic_OFC_1,0.0326856165699138,-0.294457485801951,0.352971833072109,0.847706144586567,39,0.876937390951621,node
auc_cc,gamma,social,79,7Networks_RH_Limbic_OFC_1,0.0451123946690705,-0.283049609685066,0.363818785986858,0.79091353455227,39,0.876937390951621,node
auc_cc,gamma,switching,79,7Networks_RH_Limbic_OFC_1,0.0371764678069221,-0.29034558080764,0.356901719038046,0.827078933661633,39,0.876937390951621,node
auc_cc,gamma,detail,79,7Networks_RH_Limbic_OFC_1,0.267589373005518,-0.0617929359771146,0.544410498986269,0.109339287316025,39,0.876937390951621,node
auc_cc,gamma,communication,79,7Networks_RH_Limbic_OFC_1,-0.251255494152561,-0.531970714224496,0.0792184318059876,0.133600665659479,39,0.876937390951621,node
auc_cc,gamma,imagination,79,7Networks_RH_Limbic_OFC_1,-0.0566931755150284,-0.373850077875741,0.272334116940198,0.738920530210681,39,0.876937390951621,node
auc_cc,gamma,total,80,7Networks_RH_Limbic_TempPole_1,0.164612717263631,-0.168393678986429,0.463893811317003,0.330257207849209,39,0.876937390951621,node
auc_cc,gamma,social,80,7Networks_RH_Limbic_TempPole_1,0.237786165243946,-0.0934375855067323,0.521620577500178,0.156432310311429,39,0.876937390951621,node
auc_cc,gamma,switching,80,7Networks_RH_Limbic_TempPole_1,0.186895388561706,-0.145968811702767,0.48174600281184,0.268027833194876,39,0.876937390951621,node
auc_cc,gamma,detail,80,7Networks_RH_Limbic_TempPole_1,0.043097806222502,-0.284905344996224,0.362066164644121,0.800056844155873,39,0.876937390951621,node
auc_cc,gamma,communication,80,7Networks_RH_Limbic_TempPole_1,0.0108424743412538,-0.314286205056259,0.33369464954924,0.949216800032146,39,0.949216800032146,node
auc_cc,gamma,imagination,80,7Networks_RH_Limbic_TempPole_1,-0.118127220650944,-0.425851788624727,0.214091906443301,0.486227382547312,39,0.876937390951621,node
auc_cc,gamma,total,81,7Networks_RH_Cont_Par_1,0.152183917841488,-0.180753811839392,0.453829505844204,0.368557043468953,39,0.899444464469928,node
auc_cc,gamma,social,81,7Networks_RH_Cont_Par_1,-0.0143819162925833,-0.336836745995668,0.311092323474888,0.932672065427043,39,0.999572144459644,node
auc_cc,gamma,switching,81,7Networks_RH_Cont_Par_1,0.0825428590532379,-0.24811779775828,0.395976624216506,0.627189881934019,39,0.918269545347996,node
auc_cc,gamma,detail,81,7Networks_RH_Cont_Par_1,0.39101782905024,0.0767127675012981,0.634634554696847,0.016712170467189,39,0.434516432146915,node
auc_cc,gamma,communication,81,7Networks_RH_Cont_Par_1,-0.0193628927906247,-0.341246415461527,0.306585158898016,0.909437639167999,39,0.999572144459644,node
auc_cc,gamma,imagination,81,7Networks_RH_Cont_Par_1,-0.0408636729983564,-0.360119906246699,0.286960442468143,0.810227255547867,39,0.999572144459644,node
auc_cc,gamma,total,82,7Networks_RH_Cont_Par_2,0.0502091105832865,-0.278343780080747,0.368242696859748,0.767906943355543,39,0.981913796421842,node
auc_cc,gamma,social,82,7Networks_RH_Cont_Par_2,0.0977186697212572,-0.23370573261426,0.408799278417812,0.565035625115724,39,0.899444464469928,node
auc_cc,gamma,switching,82,7Networks_RH_Cont_Par_2,-0.108526764603799,-0.417857197607327,0.223352003382913,0.522577325314044,39,0.899444464469928,node
auc_cc,gamma,detail,82,7Networks_RH_Cont_Par_2,0.189569249012184,-0.143254703788664,0.483871897049504,0.261117353569632,39,0.899444464469928,node
auc_cc,gamma,communication,82,7Networks_RH_Cont_Par_2,-0.058843607803052,-0.375704653357145,0.270335334778208,0.729382869088714,39,0.948200321463476,node
auc_cc,gamma,imagination,82,7Networks_RH_Cont_Par_2,-9.12903302430641e-05,-0.324106223612827,0.323942812440793,0.999572144459644,39,0.999572144459644,node
auc_cc,gamma,total,83,7Networks_RH_Cont_PFCl_1,0.0774094970849618,-0.252959909298898,0.391611395269092,0.64883102595312,39,0.918269545347996,node
auc_cc,gamma,social,83,7Networks_RH_Cont_PFCl_1,0.187763779258408,-0.145087898897187,0.48243681105564,0.26577046542022,39,0.899444464469928,node
auc_cc,gamma,switching,83,7Networks_RH_Cont_PFCl_1,-0.0286005602634866,-0.349387210611419,0.29818734665614,0.866556904860362,39,0.999572144459644,node
auc_cc,gamma,detail,83,7Networks_RH_Cont_PFCl_1,0.240161944757587,-0.0909393247009783,0.523452268651065,0.152212437990166,39,0.799877225949375,node
auc_cc,gamma,communication,83,7Networks_RH_Cont_PFCl_1,-0.101240046216409,-0.411757178190166,0.230340627466104,0.551029689767114,39,0.899444464469928,node
auc_cc,gamma,imagination,83,7Networks_RH_Cont_PFCl_1,-0.181074885923089,-0.477106290640512,0.151859650716239,0.283482725012377,39,0.899444464469928,node
auc_cc,gamma,total,84,7Networks_RH_Cont_PFCl_2,0.272455228770286,-0.0565627766075697,0.548092914688333,0.102799719232957,39,0.799877225949375,node
auc_cc,gamma,social,84,7Networks_RH_Cont_PFCl_2,0.183423166624525,-0.149485835723958,0.478980169537831,0.27717942165858,39,0.899444464469928,node
auc_cc,gamma,switching,84,7Networks_RH_Cont_PFCl_2,0.13046486455702,-0.202103334912574,0.436055649086165,0.441509201824098,39,0.899444464469928,node
auc_cc,gamma,detail,84,7Networks_RH_Cont_PFCl_2,0.361173109562931,0.0420722614302719,0.613410810810377,0.0280734320589178,39,0.547431925148896,node
auc_cc,gamma,communication,84,7Networks_RH_Cont_PFCl_2,-0.0296168061667183,-0.350279841099968,0.29726039488541,0.861860167319534,39,0.999572144459644,node
auc_cc,gamma,imagination,84,7Networks_RH_Cont_PFCl_2,0.0741496629324813,-0.256026222641518,0.3888319859434,0.662723954245822,39,0.918269545347996,node
auc_cc,gamma,total,85,7Networks_RH_Cont_PFCl_3,0.0995102997681585,-0.231994602955929,0.410305036060823,0.557889153540272,39,0.899444464469928,node
auc_cc,gamma,social,85,7Networks_RH_Cont_PFCl_3,0.0722101700424544,-0.257847429943071,0.387175607609557,0.671043129292766,39,0.918269545347996,node
auc_cc,gamma,switching,85,7Networks_RH_Cont_PFCl_3,0.110387356093954,-0.221562042023763,0.419410320081872,0.515429883678498,39,0.899444464469928,node
auc_cc,gamma,detail,85,7Networks_RH_Cont_PFCl_3,0.108593197949943,-0.223288130430841,0.417912683762095,0.522321286762519,39,0.899444464469928,node
auc_cc,gamma,communication,85,7Networks_RH_Cont_PFCl_3,0.00222709629475093,-0.322029811748563,0.326016352316355,0.989562426424243,39,0.999572144459644,node
auc_cc,gamma,imagination,85,7Networks_RH_Cont_PFCl_3,-0.0588431573853598,-0.375704265173537,0.270335753729424,0.729384862664212,39,0.948200321463476,node
auc_cc,gamma,total,86,7Networks_RH_Cont_PFCl_4,0.000365556175472452,-0.323697305943638,0.324351657436346,0.998286728432394,39,0.999572144459644,node
auc_cc,gamma,social,86,7Networks_RH_Cont_PFCl_4,-0.0767419134202336,-0.391042664631699,0.253588402605177,0.651666861044703,39,0.918269545347996,node
auc_cc,gamma,switching,86,7Networks_RH_Cont_PFCl_4,-0.182591654110464,-0.478316947827447,0.150326828866923,0.279400855242425,39,0.899444464469928,node
auc_cc,gamma,detail,86,7Networks_RH_Cont_PFCl_4,0.412259715840727,0.1018390909948,0.649519901989766,0.0112287779502384,39,0.434516432146915,node
auc_cc,gamma,communication,86,7Networks_RH_Cont_PFCl_4,0.00439026005305047,-0.320089604468303,0.327948257077803,0.979426100672053,39,0.999572144459644,node
auc_cc,gamma,imagination,86,7Networks_RH_Cont_PFCl_4,-0.185378954813825,-0.480538794390438,0.14750584760246,0.271999905457002,39,0.899444464469928,node
auc_cc,gamma,total,87,7Networks_RH_Cont_Cing_1,-0.0150246217365589,-0.337406530496714,0.31051157645267,0.929670589885991,39,0.999572144459644,node
auc_cc,gamma,social,87,7Networks_RH_Cont_Cing_1,0.253890023610934,-0.0764214273000818,0.533985385592213,0.129439485848196,39,0.799877225949375,node
auc_cc,gamma,switching,87,7Networks_RH_Cont_Cing_1,-0.13177706527162,-0.437136302565884,0.200822369608306,0.436889645106869,39,0.899444464469928,node
auc_cc,gamma,detail,87,7Networks_RH_Cont_Cing_1,-0.138110360721893,-0.442339674940279,0.194623797178623,0.41497168308,39,0.899444464469928,node
auc_cc,gamma,communication,87,7Networks_RH_Cont_Cing_1,0.0787536891987377,-0.251693579822843,0.392755817067664,0.643135802092047,39,0.918269545347996,node
auc_cc,gamma,imagination,87,7Networks_RH_Cont_Cing_1,-0.192758521345895,-0.486403043411617,0.140010866014283,0.253030231957457,39,0.899444464469928,node
auc_cc,gamma,total,88,7Networks_RH_Cont_PFCmp_1,0.321486142384005,-0.00283354692301493,0.584611986940218,0.0523479643736917,39,0.667043776546304,node
auc_cc,gamma,social,88,7Networks_RH_Cont_PFCmp_1,0.397045125431358,0.0838019193841326,0.638876658352996,0.0149661906364242,39,0.434516432146915,node
auc_cc,gamma,switching,88,7Networks_RH_Cont_PFCmp_1,0.302893416835698,-0.0234307079602749,0.570888177532148,0.0684147463124414,39,0.667043776546304,node
auc_cc,gamma,detail,88,7Networks_RH_Cont_PFCmp_1,-0.00297148218643439,-0.326681462907591,0.321362456664562,0.986074062475589,39,0.999572144459644,node
auc_cc,gamma,communication,88,7Networks_RH_Cont_PFCmp_1,0.105152794566987,-0.226592194110301,0.415036167904165,0.53566138078472,39,0.899444464469928,node
auc_cc,gamma,imagination,88,7Networks_RH_Cont_PFCmp_1,-0.0121894883915246,-0.334891291003663,0.313071568676323,0.942917488821354,39,0.999572144459644,node
auc_cc,gamma,total,89,7Networks_RH_Cont_pCun_1,0.233597726801257,-0.0978318202399281,0.518384967753049,0.164077379681923,39,0.799877225949375,node
auc_cc,gamma,social,89,7Networks_RH_Cont_pCun_1,0.314520713416617,-0.0105822720122184,0.579488188297254,0.0579704649442499,39,0.667043776546304,node
auc_cc,gamma,switching,89,7Networks_RH_Cont_pCun_1,0.0403773741149191,-0.28740737149021,0.359695899837509,0.812445155309304,39,0.999572144459644,node
auc_cc,gamma,detail,89,7Networks_RH_Cont_pCun_1,0.00123064384207575,-0.322922644841749,0.325125517630756,0.994232319864352,39,0.999572144459644,node
auc_cc,gamma,communication,89,7Networks_RH_Cont_pCun_1,0.169443152170257,-0.163561506041232,0.467784552955394,0.316063367395392,39,0.899444464469928,node
auc_cc,gamma,imagination,89,7Networks_RH_Cont_pCun_1,0.089464946939103,-0.241562180053616,0.401840576597307,0.598489555002472,39,0.918269545347996,node
auc_cc,gamma,total,90,7Networks_RH_Default_Par_1,0.275516299615499,-0.0532632457965712,0.550404030365878,0.0988409043396881,39,0.880406824017667,node
auc_cc,gamma,social,90,7Networks_RH_Default_Par_1,0.100690765226862,-0.230866055059645,0.41129622126128,0.553203607502478,39,0.936320078781176,node
auc_cc,gamma,switching,90,7Networks_RH_Default_Par_1,0.029803073244107,-0.297090427627689,0.350443387645399,0.860999806697744,39,0.982676280887419,node
auc_cc,gamma,detail,90,7Networks_RH_Default_Par_1,0.386536775341396,0.0714627820669812,0.631471176950749,0.0181183661766072,39,0.844060789572135,node
auc_cc,gamma,communication,90,7Networks_RH_Default_Par_1,0.136219193869041,-0.196477521968563,0.440788053000311,0.421450522818749,39,0.89436041615675,node
auc_cc,gamma,imagination,90,7Networks_RH_Default_Par_1,0.123023592130176,-0.209346017525264,0.429910727233257,0.468205762930952,39,0.92358397071311,node
auc_cc,gamma,total,91,7Networks_RH_Default_Temp_1,-0.0329762918880745,-0.353226541814405,0.294191704327249,0.846367847697771,39,0.982676280887419,node
auc_cc,gamma,social,91,7Networks_RH_Default_Temp_1,-0.108976864086639,-0.418233082493057,0.222919195324835,0.520843819206236,39,0.926598837636039,node
auc_cc,gamma,switching,91,7Networks_RH_Default_Temp_1,0.108308832726473,-0.2235615159833,0.417675161341039,0.523417682040243,39,0.926598837636039,node
auc_cc,gamma,detail,91,7Networks_RH_Default_Temp_1,0.201591557233286,-0.130989261359048,0.493387693712675,0.231510330156615,39,0.89436041615675,node
auc_cc,gamma,communication,91,7Networks_RH_Default_Temp_1,-0.161287079314771,-0.461208401977524,0.171711236664255,0.340254948980796,39,0.89436041615675,node
auc_cc,gamma,imagination,91,7Networks_RH_Default_Temp_1,-0.180462622506743,-0.476617274445535,0.152477941049056,0.285141311674772,39,0.89436041615675,node
auc_cc,gamma,total,92,7Networks_RH_Default_Temp_2,0.0418876537321617,-0.286018894456067,0.361012289065329,0.805561891689581,39,0.982676280887419,node
auc_cc,gamma,social,92,7Networks_RH_Default_Temp_2,0.132384987471437,-0.200228532514783,0.437636653854119,0.434758535631753,39,0.89436041615675,node
auc_cc,gamma,switching,92,7Networks_RH_Default_Temp_2,0.0812415559705269,-0.249346834428672,0.394871381009169,0.632647857014149,39,0.948457161927306,node
auc_cc,gamma,detail,92,7Networks_RH_Default_Temp_2,0.143960766882286,-0.188874130853556,0.447128180275982,0.395289299652369,39,0.89436041615675,node
auc_cc,gamma,communication,92,7Networks_RH_Default_Temp_2,-0.0834635784833368,-0.39675807592224,0.247247565955105,0.62333989702315,39,0.948457161927306,node
auc_cc,gamma,imagination,92,7Networks_RH_Default_Temp_2,-0.275538422481698,-0.55042071786289,0.0532393733820823,0.0988127232388763,39,0.880406824017667,node
auc_cc,gamma,total,93,7Networks_RH_Default_Temp_3,0.00198119069598019,-0.322250199670062,0.325796564612855,0.990714841832326,39,0.991066588030992,node
auc_cc,gamma,social,93,7Networks_RH_Default_Temp_3,0.017158577431547,-0.308581594909128,0.339296676274283,0.91971196584087,39,0.991066588030992,node
auc_cc,gamma,switching,93,7Networks_RH_Default_Temp_3,0.0567449025260936,-0.272286071065232,0.373894718065408,0.738690650997645,39,0.982676280887419,node
auc_cc,gamma,detail,93,7Networks_RH_Default_Temp_3,0.0866638661761526,-0.244218610222082,0.399470761218263,0.610034826959886,39,0.944570054647565,node
auc_cc,gamma,communication,93,7Networks_RH_Default_Temp_3,-0.150137753971526,-0.452165199911619,0.18277863904791,0.375106050482989,39,0.89436041615675,node
auc_cc,gamma,imagination,93,7Networks_RH_Default_Temp_3,-0.0329783111187815,-0.353228311030501,0.294189857849308,0.84635855244478,39,0.982676280887419,node
auc_cc,gamma,total,94,7Networks_RH_Default_PFCv_1,0.153653647069705,-0.179297664695492,0.455023654861494,0.36389526596948,39,0.89436041615675,node
auc_cc,gamma,social,94,7Networks_RH_Default_PFCv_1,0.066309836692813,-0.263373530868205,0.382124035136535,0.696586265480809,39,0.96950794662337,node
auc_cc,gamma,switching,94,7Networks_RH_Default_PFCv_1,0.147219083737512,-0.185661995305315,0.449787570753399,0.384565712096597,39,0.89436041615675,node
auc_cc,gamma,detail,94,7Networks_RH_Default_PFCv_1,0.296990220494794,-0.0299128795798803,0.566499314457665,0.0742554432159779,39,0.880406824017667,node
auc_cc,gamma,communication,94,7Networks_RH_Default_PFCv_1,-0.180387104655849,-0.476556945465139,0.152554184221969,0.28534631908422,39,0.89436041615675,node
auc_cc,gamma,imagination,94,7Networks_RH_Default_PFCv_1,0.0748736322896447,-0.255345805364021,0.389449754001857,0.659628697152115,39,0.949865323899046,node
auc_cc,gamma,total,95,7Networks_RH_Default_PFCv_2,0.2495839495331,-0.0809903689163309,0.530690804351625,0.13629165967917,39,0.89436041615675,node
auc_cc,gamma,social,95,7Networks_RH_Default_PFCv_2,0.293550802572233,-0.0336769947406501,0.563935133807677,0.0778338585908693,39,0.880406824017667,node
auc_cc,gamma,switching,95,7Networks_RH_Default_PFCv_2,0.0357497014904311,-0.29165326619051,0.355654399654651,0.833620629220638,39,0.982676280887419,node
auc_cc,gamma,detail,95,7Networks_RH_Default_PFCv_2,0.166577893675679,-0.166429724772053,0.465478084567465,0.324435795464251,39,0.89436041615675,node
auc_cc,gamma,communication,95,7Networks_RH_Default_PFCv_2,-0.024674794041317,-0.345933493764233,0.301762388611189,0.884741405328214,39,0.987618312924518,node
auc_cc,gamma,imagination,95,7Networks_RH_Default_PFCv_2,0.211029678611935,-0.121288395614861,0.500809454341076,0.209928446016022,39,0.89436041615675,node
auc_cc,gamma,total,96,7Networks_RH_Default_PFCdPFCm_1,0.151244490757271,-0.181683793470067,0.453065657160432,0.371555304780924,39,0.89436041615675,node
auc_cc,gamma,social,96,7Networks_RH_Default_PFCdPFCm_1,0.238962165436668,-0.0922014787215513,0.522527583543815,0.154333012101739,39,0.89436041615675,node
auc_cc,gamma,switching,96,7Networks_RH_Default_PFCdPFCm_1,0.087427663391824,-0.243494748362191,0.400117376042412,0.606877293228694,39,0.944570054647565,node
auc_cc,gamma,detail,96,7Networks_RH_Default_PFCdPFCm_1,0.190790707011741,-0.142013192144705,0.484841881797709,0.258000114814323,39,0.89436041615675,node
auc_cc,gamma,communication,96,7Networks_RH_Default_PFCdPFCm_1,-0.0648713359813246,-0.38088959390483,0.264717521221641,0.702865207639366,39,0.96950794662337,node
auc_cc,gamma,imagination,96,7Networks_RH_Default_PFCdPFCm_1,-0.133476413834896,-0.438534479851509,0.199161780104297,0.430946915801327,39,0.89436041615675,node
auc_cc,gamma,total,97,7Networks_RH_Default_PFCdPFCm_2,0.0495147111504493,-0.27898585288661,0.367640809600869,0.771030457507153,39,0.982676280887419,node
auc_cc,gamma,social,97,7Networks_RH_Default_PFCdPFCm_2,0.169514710386045,-0.163489801768309,0.467842103742486,0.315856022983815,39,0.89436041615675,node
auc_cc,gamma,switching,97,7Networks_RH_Default_PFCdPFCm_2,0.113531478094195,-0.218532181956286,0.422030760243072,0.50346311082386,39,0.926598837636039,node
auc_cc,gamma,detail,97,7Networks_RH_Default_PFCdPFCm_2,-0.203069791102815,-0.494552930646465,0.12947407029956,0.228034260264581,39,0.89436041615675,node
auc_cc,gamma,communication,97,7Networks_RH_Default_PFCdPFCm_2,0.00560221454996525,-0.319001374696815,0.329029462654924,0.973748315442571,39,0.991066588030992,node
auc_cc,gamma,imagination,97,7Networks_RH_Default_PFCdPFCm_2,0.0169754449463059,-0.308747327950864,0.339134569119551,0.920566147368308,39,0.991066588030992,node
auc_cc,gamma,total,98,7Networks_RH_Default_PFCdPFCm_3,0.179115964278394,-0.153836938956323,0.475541050167854,0.288811369674372,39,0.89436041615675,node
auc_cc,gamma,social,98,7Networks_RH_Default_PFCdPFCm_3,0.148011458456523,-0.184879774282489,0.450433485395019,0.381983864819372,39,0.89436041615675,node
auc_cc,gamma,switching,98,7Networks_RH_Default_PFCdPFCm_3,0.280127538350989,-0.0482791975286935,0.553877591614801,0.0930983723136166,39,0.880406824017667,node
auc_cc,gamma,detail,98,7Networks_RH_Default_PFCdPFCm_3,0.0958069164916163,-0.235529326957341,0.407190694456844,0.572707338847543,39,0.936320078781176,node
auc_cc,gamma,communication,98,7Networks_RH_Default_PFCdPFCm_3,-0.0520062417053025,-0.369799166370634,0.276680707663658,0.759840005366289,39,0.982676280887419,node
auc_cc,gamma,imagination,98,7Networks_RH_Default_PFCdPFCm_3,-0.0441749396240438,-0.363003513578485,0.283913450845661,0.795164877522747,39,0.982676280887419,node
auc_cc,gamma,total,99,7Networks_RH_Default_pCunPCC_1,0.271592531904145,-0.0574913819203993,0.547440815400146,0.103936916724308,39,0.880406824017667,node
auc_cc,gamma,social,99,7Networks_RH_Default_pCunPCC_1,0.358175623204497,0.0386349902744187,0.611258856147072,0.0295021368643607,39,0.844060789572135,node
auc_cc,gamma,switching,99,7Networks_RH_Default_pCunPCC_1,0.116486205223354,-0.215678986300841,0.424488661443336,0.492346530668584,39,0.926598837636039,node
auc_cc,gamma,detail,99,7Networks_RH_Default_pCunPCC_1,-0.148121728773876,-0.450523348603621,0.184770883554113,0.381625371520379,39,0.89436041615675,node
auc_cc,gamma,communication,99,7Networks_RH_Default_pCunPCC_1,0.329945379588032,0.00662963615358194,0.590806540380151,0.0461153076501804,39,0.844060789572135,node
auc_cc,gamma,imagination,99,7Networks_RH_Default_pCunPCC_1,0.0517053252138093,-0.276959314308496,0.369538671178656,0.761189040415627,39,0.982676280887419,node
auc_cc,gamma,total,100,7Networks_RH_Default_pCunPCC_2,0.28001105368743,-0.0484053014091564,0.553789963025702,0.0932402094909937,39,0.880406824017667,node
auc_cc,gamma,social,100,7Networks_RH_Default_pCunPCC_2,0.424600402902729,0.116620663142821,0.658084972903832,0.00881003670362048,39,0.844060789572135,node
auc_cc,gamma,switching,100,7Networks_RH_Default_pCunPCC_2,0.10665797017562,-0.225147605968955,0.416295405642806,0.529804954941725,39,0.926598837636039,node
auc_cc,gamma,detail,100,7Networks_RH_Default_pCunPCC_2,-0.237624498742242,-0.521495839845189,0.0936074351536118,0.156722515271709,39,0.89436041615675,node
auc_cc,gamma,communication,100,7Networks_RH_Default_pCunPCC_2,0.336279661549419,0.0137537937550615,0.595424976030315,0.0418513121973063,39,0.844060789572135,node
auc_cc,gamma,imagination,100,7Networks_RH_Default_pCunPCC_2,0.105558114627752,-0.226203332842523,0.415375377623331,0.534081274470772,39,0.926598837636039,node
